form_name,item_index,text_id,side,reason,pool,persona,text
form_redo_01,1,31292,a,mask_fix,Unambiguous,the narrator who got the free meal,I felt ... when I went to a restaurant for dinner with a friend. On the evening we went to the restaurant they were running a random competition for diners to win a free meal. We heard an announcement being made and a waitress then appeared at our table and told us that our meal would be free. I felt joy and ... when this happened because it was so unexpected.
form_redo_01,2,5575,a,replacement,Author-Relevant Ambiguous,a neighbour,I saw someone shouting at their wife very aggressively outside my window
form_redo_01,3,52184,a,mask_fix,Unambiguous,someone who has faced repeated rejection in competitive activities before,I felt ... when I was rejected from a dance team after spending a year working on my dance skills.
form_redo_01,4,51263,a,mask_fix,Author-Independent Ambiguous,someone who had been quietly attracted to this coworker for a long time,"I felt ... when I asked someone I used to work with for a date. We always got on at work and when I left I was nervous about asking her to go on a date, but when I did I felt instant ... just from the relief of worrying about it and her saying yes."
form_redo_01,5,41581,a,replacement,Author-Relevant Ambiguous,someone who terminated for medical necessity,aborted my baby
form_redo_01,6,4594,a,mask_fix,Author-Independent Ambiguous,an ex-partner who has been obsessively checking her former boyfriend's social media,"I felt ... when a man I had feelings for was not responding to my text messages. I have an iPhone and so I use iMessage with others who also have iPhones. When you use iMessage, the chat bubbles are blue, but I noticed one day that the chat bubbles with him were green. That indicates that the recipient does not have an iPhone, or that they are in an area without internet and therefore are getting the messages sent as text messages rather than iMessage. The problem was that he had not been responding and I started wondering if he was seeing my texts at all - then I had a suspicion he had blocked me this entire time. I messaged a mutual friend to ask if he had told them he was angry with me, and I then checked to see if I could still see his profile on social media platforms. I could not. I started getting anxious at the indication that he had blocked me on everything, and that anxiety skyrocketed with each profile I wasn't seeing. My friend told me she could still access his profiles, and it was then I realized he had blocked me on everything."
form_redo_01,7,51710,b,mask_fix,Unambiguous,a full-time student with no outside responsibilities during their studies,I felt ... when I graduated from school because it took many years and a lot of work to get to the point where I completed the program.
form_redo_01,8,41260,a,mask_fix,Author-Independent Ambiguous,"a survivor of a controlling, abusive relationship who thought they'd never trust anyone again","I felt ... when I realized that despite my past, I had the ability to love again. After a horrible toxic relationship, I felt as if I would be better off alone forever. I moved to a different city, met new people and was able to fall in love again."
form_redo_01,9,41660,a,replacement,Author-Relevant Ambiguous,the bride's closest lifelong friend,my friends asked me to be maid of honour
form_redo_01,10,3290,b,replacement,Author-Relevant Ambiguous,someone who dislikes bugs but has dealt with many before,I felt ... when I found a bug that was over six inches long in my bathroom when I was home alone and knew I had to handle it myself.
form_redo_01,11,7179,b,mask_fix,Author-Independent Ambiguous,"someone who rarely experiences distress, for whom this was an unusually sharp trigger",I regularly feel ... due to mental illness but the last night I a specific event triggered ... was when my brother was angry at me.
form_redo_01,12,5688,b,mask_fix,Author-Independent Ambiguous,a bystander who is simply embarrassed on the man's behalf,I felt ... when I watched a grown man try to flirt with new college age girls and I.
form_redo_01,13,7200,a,mask_fix,Author-Relevant Ambiguous,the narrator smelling smoke in their basement,Last night I was ... I could smell smoke in my basement
form_redo_01,14,61021,b,replacement,Author-Relevant Ambiguous,someone who applied without much expectation,found out I didn't get a promotion
form_redo_01,15,3283,b,mask_fix,Author-Independent Ambiguous,a political commentator who disagrees with the law on policy grounds,I felt ... when I listened to a man’s pro life views after the passing of the new Texas heartbeat law
form_redo_01,16,4490,b,mask_fix,Unambiguous,an experienced emergency responder who happened to be home during the storm,I felt ... when my family was experiencing a hurricane being stuck in our house. It was ... because two houses behind us caught on fire and our first floor flooded. We were stuck and unable to leave.
form_redo_01,17,3936,a,mask_fix,Author-Independent Ambiguous,a first-generation applicant who feared rejection,I felt ... when I got into university
form_redo_01,18,52501,a,mask_fix,Unambiguous,the narrator's partner announcing the pregnancy,"My partner announced she was pregnant, after many years of miscarriages this ... me because we both thought it would never happen for us."
form_redo_01,19,31089,b,mask_fix,Unambiguous,an adult child who was extremely close to and emotionally dependent on their mother,I felt ... because my mother died.
form_redo_01,20,4592,a,replacement,Author-Relevant Ambiguous,someone who hates horror and was dragged there by friends,I felt ... when I went to a haunted house amusement park.
form_redo_01,21,41795,a,mask_fix,Author-Independent Ambiguous,the narrator elected class president,I felt ... when I was voted class president
form_redo_01,22,41857,b,mask_fix,Author-Independent Ambiguous,the line manager giving advice and support,I felt ... when I was applying for a promotion in work. I looked to my line manager who I ... and gave me great advice and support through the process
form_redo_01,23,41791,b,mask_fix,Author-Independent Ambiguous,the colleague who stood up for them,"I felt complete ... when I learnt that a colleague of mine defended my reputation in my absence. While some people were trying to defame me, my colleague in a question, took it upon himself to defend my honor and reputation. I was elated when I got wind of it and knew then that this was someone I could really ...."
form_redo_01,24,41228,a,mask_fix,Unambiguous,someone who has never lost a loved one and was terrified of this being a first,My grandad recovered from a temporary ailment. I have not lost anyone close to me as yet and I did not feel ready to. This was the closest I have come and I felt a sense of hopelessness and upset and so the ... when it was not life threatening was huge.
form_redo_01,25,51835,a,mask_fix,Author-Independent Ambiguous,a domestic violence survivor who feared for her safety for months,When my ex partner finally stopped harassing me. He would make me feel so scared that once it stopped I was so ....
form_redo_01,26,31387,b,replacement,Author-Relevant Ambiguous,the waiter who caught and corrected the cooking mistake,"I felt ... when we went to a restaurant in London, and asked for steak done to a particular level, the waiter came out and advised that the steak had not been cooked to his satisfaction, so asked for the steak to be redone, it was at this point that we realised we could fully ... that we were going to get exactly what we had asked for."
form_redo_01,27,6789,a,mask_fix,Unambiguous,a family who had already sold their home and had nowhere to go if this deal fell through,I felt ... when we had an our offer accepted for the house we now call our home. We had sold our then current property and we due to exchange in a couple of weeks despite the fact we had nowhere else to go yet. Thankfully everything fell in to place at the last minute and it was a huge ... for us all!
form_redo_01,28,2228,a,mask_fix,Author-Independent Ambiguous,an experienced rider approaching a familiar jump,"Approaching a large jump on a horse, I ... the horse to safely get us over it."
form_redo_01,29,52833,b,mask_fix,Unambiguous,a teammate being relied upon during the game,I was playing in a team game and had to ... my team mates.
form_redo_02,1,4594,a,mask_fix,Author-Independent Ambiguous,an ex-partner who has been obsessively checking her former boyfriend's social media,"I felt ... when a man I had feelings for was not responding to my text messages. I have an iPhone and so I use iMessage with others who also have iPhones. When you use iMessage, the chat bubbles are blue, but I noticed one day that the chat bubbles with him were green. That indicates that the recipient does not have an iPhone, or that they are in an area without internet and therefore are getting the messages sent as text messages rather than iMessage. The problem was that he had not been responding and I started wondering if he was seeing my texts at all - then I had a suspicion he had blocked me this entire time. I messaged a mutual friend to ask if he had told them he was angry with me, and I then checked to see if I could still see his profile on social media platforms. I could not. I started getting anxious at the indication that he had blocked me on everything, and that anxiety skyrocketed with each profile I wasn't seeing. My friend told me she could still access his profiles, and it was then I realized he had blocked me on everything."
form_redo_02,2,41581,a,replacement,Author-Relevant Ambiguous,someone who terminated for medical necessity,aborted my baby
form_redo_02,3,3936,a,mask_fix,Author-Independent Ambiguous,a first-generation applicant who feared rejection,I felt ... when I got into university
form_redo_02,4,41660,a,replacement,Author-Relevant Ambiguous,the bride's closest lifelong friend,my friends asked me to be maid of honour
form_redo_02,5,41857,b,mask_fix,Author-Independent Ambiguous,the line manager giving advice and support,I felt ... when I was applying for a promotion in work. I looked to my line manager who I ... and gave me great advice and support through the process
form_redo_02,6,41795,a,mask_fix,Author-Independent Ambiguous,the narrator elected class president,I felt ... when I was voted class president
form_redo_02,7,51710,b,mask_fix,Unambiguous,a full-time student with no outside responsibilities during their studies,I felt ... when I graduated from school because it took many years and a lot of work to get to the point where I completed the program.
form_redo_02,8,7179,b,mask_fix,Author-Independent Ambiguous,"someone who rarely experiences distress, for whom this was an unusually sharp trigger",I regularly feel ... due to mental illness but the last night I a specific event triggered ... was when my brother was angry at me.
form_redo_02,9,5575,a,replacement,Author-Relevant Ambiguous,a neighbour,I saw someone shouting at their wife very aggressively outside my window
form_redo_02,10,6789,a,mask_fix,Unambiguous,a family who had already sold their home and had nowhere to go if this deal fell through,I felt ... when we had an our offer accepted for the house we now call our home. We had sold our then current property and we due to exchange in a couple of weeks despite the fact we had nowhere else to go yet. Thankfully everything fell in to place at the last minute and it was a huge ... for us all!
form_redo_02,11,41228,a,mask_fix,Unambiguous,someone who has never lost a loved one and was terrified of this being a first,My grandad recovered from a temporary ailment. I have not lost anyone close to me as yet and I did not feel ready to. This was the closest I have come and I felt a sense of hopelessness and upset and so the ... when it was not life threatening was huge.
form_redo_02,12,52184,a,mask_fix,Unambiguous,someone who has faced repeated rejection in competitive activities before,I felt ... when I was rejected from a dance team after spending a year working on my dance skills.
form_redo_02,13,41260,a,mask_fix,Author-Independent Ambiguous,"a survivor of a controlling, abusive relationship who thought they'd never trust anyone again","I felt ... when I realized that despite my past, I had the ability to love again. After a horrible toxic relationship, I felt as if I would be better off alone forever. I moved to a different city, met new people and was able to fall in love again."
form_redo_02,14,3283,b,mask_fix,Author-Independent Ambiguous,a political commentator who disagrees with the law on policy grounds,I felt ... when I listened to a man’s pro life views after the passing of the new Texas heartbeat law
form_redo_02,15,4490,b,mask_fix,Unambiguous,an experienced emergency responder who happened to be home during the storm,I felt ... when my family was experiencing a hurricane being stuck in our house. It was ... because two houses behind us caught on fire and our first floor flooded. We were stuck and unable to leave.
form_redo_02,16,52501,a,mask_fix,Unambiguous,the narrator's partner announcing the pregnancy,"My partner announced she was pregnant, after many years of miscarriages this ... me because we both thought it would never happen for us."
form_redo_02,17,41791,b,mask_fix,Author-Independent Ambiguous,the colleague who stood up for them,"I felt complete ... when I learnt that a colleague of mine defended my reputation in my absence. While some people were trying to defame me, my colleague in a question, took it upon himself to defend my honor and reputation. I was elated when I got wind of it and knew then that this was someone I could really ...."
form_redo_02,18,31089,b,mask_fix,Unambiguous,an adult child who was extremely close to and emotionally dependent on their mother,I felt ... because my mother died.
form_redo_02,19,2228,a,mask_fix,Author-Independent Ambiguous,an experienced rider approaching a familiar jump,"Approaching a large jump on a horse, I ... the horse to safely get us over it."
form_redo_02,20,3290,b,replacement,Author-Relevant Ambiguous,someone who dislikes bugs but has dealt with many before,I felt ... when I found a bug that was over six inches long in my bathroom when I was home alone and knew I had to handle it myself.
form_redo_02,21,7200,a,mask_fix,Author-Relevant Ambiguous,the narrator smelling smoke in their basement,Last night I was ... I could smell smoke in my basement
form_redo_02,22,52833,b,mask_fix,Unambiguous,a teammate being relied upon during the game,I was playing in a team game and had to ... my team mates.
form_redo_02,23,4592,a,replacement,Author-Relevant Ambiguous,someone who hates horror and was dragged there by friends,I felt ... when I went to a haunted house amusement park.
form_redo_02,24,31292,a,mask_fix,Unambiguous,the narrator who got the free meal,I felt ... when I went to a restaurant for dinner with a friend. On the evening we went to the restaurant they were running a random competition for diners to win a free meal. We heard an announcement being made and a waitress then appeared at our table and told us that our meal would be free. I felt joy and ... when this happened because it was so unexpected.
form_redo_02,25,61021,b,replacement,Author-Relevant Ambiguous,someone who applied without much expectation,found out I didn't get a promotion
form_redo_02,26,51835,a,mask_fix,Author-Independent Ambiguous,a domestic violence survivor who feared for her safety for months,When my ex partner finally stopped harassing me. He would make me feel so scared that once it stopped I was so ....
form_redo_02,27,31387,b,replacement,Author-Relevant Ambiguous,the waiter who caught and corrected the cooking mistake,"I felt ... when we went to a restaurant in London, and asked for steak done to a particular level, the waiter came out and advised that the steak had not been cooked to his satisfaction, so asked for the steak to be redone, it was at this point that we realised we could fully ... that we were going to get exactly what we had asked for."
form_redo_02,28,51263,a,mask_fix,Author-Independent Ambiguous,someone who had been quietly attracted to this coworker for a long time,"I felt ... when I asked someone I used to work with for a date. We always got on at work and when I left I was nervous about asking her to go on a date, but when I did I felt instant ... just from the relief of worrying about it and her saying yes."
form_redo_02,29,5688,b,mask_fix,Author-Independent Ambiguous,a bystander who is simply embarrassed on the man's behalf,I felt ... when I watched a grown man try to flirt with new college age girls and I.
form_redo_03,1,4592,a,replacement,Author-Relevant Ambiguous,someone who hates horror and was dragged there by friends,I felt ... when I went to a haunted house amusement park.
form_redo_03,2,3290,b,replacement,Author-Relevant Ambiguous,someone who dislikes bugs but has dealt with many before,I felt ... when I found a bug that was over six inches long in my bathroom when I was home alone and knew I had to handle it myself.
form_redo_03,3,5688,b,mask_fix,Author-Independent Ambiguous,a bystander who is simply embarrassed on the man's behalf,I felt ... when I watched a grown man try to flirt with new college age girls and I.
form_redo_03,4,52184,a,mask_fix,Unambiguous,someone who has faced repeated rejection in competitive activities before,I felt ... when I was rejected from a dance team after spending a year working on my dance skills.
form_redo_03,5,61021,b,replacement,Author-Relevant Ambiguous,someone who applied without much expectation,found out I didn't get a promotion
form_redo_03,6,2228,a,mask_fix,Author-Independent Ambiguous,an experienced rider approaching a familiar jump,"Approaching a large jump on a horse, I ... the horse to safely get us over it."
form_redo_03,7,51835,a,mask_fix,Author-Independent Ambiguous,a domestic violence survivor who feared for her safety for months,When my ex partner finally stopped harassing me. He would make me feel so scared that once it stopped I was so ....
form_redo_03,8,5575,a,replacement,Author-Relevant Ambiguous,a neighbour,I saw someone shouting at their wife very aggressively outside my window
form_redo_03,9,41581,a,replacement,Author-Relevant Ambiguous,someone who terminated for medical necessity,aborted my baby
form_redo_03,10,3283,b,mask_fix,Author-Independent Ambiguous,a political commentator who disagrees with the law on policy grounds,I felt ... when I listened to a man’s pro life views after the passing of the new Texas heartbeat law
form_redo_03,11,41660,a,replacement,Author-Relevant Ambiguous,the bride's closest lifelong friend,my friends asked me to be maid of honour
form_redo_03,12,3936,a,mask_fix,Author-Independent Ambiguous,a first-generation applicant who feared rejection,I felt ... when I got into university
form_redo_03,13,52833,b,mask_fix,Unambiguous,a teammate being relied upon during the game,I was playing in a team game and had to ... my team mates.
form_redo_03,14,41857,b,mask_fix,Author-Independent Ambiguous,the line manager giving advice and support,I felt ... when I was applying for a promotion in work. I looked to my line manager who I ... and gave me great advice and support through the process
form_redo_03,15,52501,a,mask_fix,Unambiguous,the narrator's partner announcing the pregnancy,"My partner announced she was pregnant, after many years of miscarriages this ... me because we both thought it would never happen for us."
form_redo_03,16,51263,a,mask_fix,Author-Independent Ambiguous,someone who had been quietly attracted to this coworker for a long time,"I felt ... when I asked someone I used to work with for a date. We always got on at work and when I left I was nervous about asking her to go on a date, but when I did I felt instant ... just from the relief of worrying about it and her saying yes."
form_redo_03,17,6789,a,mask_fix,Unambiguous,a family who had already sold their home and had nowhere to go if this deal fell through,I felt ... when we had an our offer accepted for the house we now call our home. We had sold our then current property and we due to exchange in a couple of weeks despite the fact we had nowhere else to go yet. Thankfully everything fell in to place at the last minute and it was a huge ... for us all!
form_redo_03,18,4490,b,mask_fix,Unambiguous,an experienced emergency responder who happened to be home during the storm,I felt ... when my family was experiencing a hurricane being stuck in our house. It was ... because two houses behind us caught on fire and our first floor flooded. We were stuck and unable to leave.
form_redo_03,19,41791,b,mask_fix,Author-Independent Ambiguous,the colleague who stood up for them,"I felt complete ... when I learnt that a colleague of mine defended my reputation in my absence. While some people were trying to defame me, my colleague in a question, took it upon himself to defend my honor and reputation. I was elated when I got wind of it and knew then that this was someone I could really ...."
form_redo_03,20,51710,b,mask_fix,Unambiguous,a full-time student with no outside responsibilities during their studies,I felt ... when I graduated from school because it took many years and a lot of work to get to the point where I completed the program.
form_redo_03,21,41228,a,mask_fix,Unambiguous,someone who has never lost a loved one and was terrified of this being a first,My grandad recovered from a temporary ailment. I have not lost anyone close to me as yet and I did not feel ready to. This was the closest I have come and I felt a sense of hopelessness and upset and so the ... when it was not life threatening was huge.
form_redo_03,22,31387,b,replacement,Author-Relevant Ambiguous,the waiter who caught and corrected the cooking mistake,"I felt ... when we went to a restaurant in London, and asked for steak done to a particular level, the waiter came out and advised that the steak had not been cooked to his satisfaction, so asked for the steak to be redone, it was at this point that we realised we could fully ... that we were going to get exactly what we had asked for."
form_redo_03,23,31089,b,mask_fix,Unambiguous,an adult child who was extremely close to and emotionally dependent on their mother,I felt ... because my mother died.
form_redo_03,24,31292,a,mask_fix,Unambiguous,the narrator who got the free meal,I felt ... when I went to a restaurant for dinner with a friend. On the evening we went to the restaurant they were running a random competition for diners to win a free meal. We heard an announcement being made and a waitress then appeared at our table and told us that our meal would be free. I felt joy and ... when this happened because it was so unexpected.
form_redo_03,25,7200,a,mask_fix,Author-Relevant Ambiguous,the narrator smelling smoke in their basement,Last night I was ... I could smell smoke in my basement
form_redo_03,26,7179,b,mask_fix,Author-Independent Ambiguous,"someone who rarely experiences distress, for whom this was an unusually sharp trigger",I regularly feel ... due to mental illness but the last night I a specific event triggered ... was when my brother was angry at me.
form_redo_03,27,41795,a,mask_fix,Author-Independent Ambiguous,the narrator elected class president,I felt ... when I was voted class president
form_redo_03,28,41260,a,mask_fix,Author-Independent Ambiguous,"a survivor of a controlling, abusive relationship who thought they'd never trust anyone again","I felt ... when I realized that despite my past, I had the ability to love again. After a horrible toxic relationship, I felt as if I would be better off alone forever. I moved to a different city, met new people and was able to fall in love again."
form_redo_03,29,4594,a,mask_fix,Author-Independent Ambiguous,an ex-partner who has been obsessively checking her former boyfriend's social media,"I felt ... when a man I had feelings for was not responding to my text messages. I have an iPhone and so I use iMessage with others who also have iPhones. When you use iMessage, the chat bubbles are blue, but I noticed one day that the chat bubbles with him were green. That indicates that the recipient does not have an iPhone, or that they are in an area without internet and therefore are getting the messages sent as text messages rather than iMessage. The problem was that he had not been responding and I started wondering if he was seeing my texts at all - then I had a suspicion he had blocked me this entire time. I messaged a mutual friend to ask if he had told them he was angry with me, and I then checked to see if I could still see his profile on social media platforms. I could not. I started getting anxious at the indication that he had blocked me on everything, and that anxiety skyrocketed with each profile I wasn't seeing. My friend told me she could still access his profiles, and it was then I realized he had blocked me on everything."
form_redo_04,1,52895,b,mask_fix,Author-Relevant Ambiguous,the client who chose to pay upfront,"a client of mine paid me upfront for a project which i never ask clients to do that, but he did it and i had a big massive ... that made my day."
form_redo_04,2,4490,a,mask_fix,Unambiguous,a parent trying to keep young children calm during the disaster,I felt ... when my family was experiencing a hurricane being stuck in our house. It was ... because two houses behind us caught on fire and our first floor flooded. We were stuck and unable to leave.
form_redo_04,3,4594,b,mask_fix,Author-Independent Ambiguous,someone who recently escaped a controlling relationship and stays alert to warning signs,"I felt ... when a man I had feelings for was not responding to my text messages. I have an iPhone and so I use iMessage with others who also have iPhones. When you use iMessage, the chat bubbles are blue, but I noticed one day that the chat bubbles with him were green. That indicates that the recipient does not have an iPhone, or that they are in an area without internet and therefore are getting the messages sent as text messages rather than iMessage. The problem was that he had not been responding and I started wondering if he was seeing my texts at all - then I had a suspicion he had blocked me this entire time. I messaged a mutual friend to ask if he had told them he was angry with me, and I then checked to see if I could still see his profile on social media platforms. I could not. I started getting anxious at the indication that he had blocked me on everything, and that anxiety skyrocketed with each profile I wasn't seeing. My friend told me she could still access his profiles, and it was then I realized he had blocked me on everything."
form_redo_04,4,287,a,mask_fix,Unambiguous,a die-hard fan who waited years to see this band live,"I felt ... the last time I was at a concert of my favourite band, watching the band walk out on stage felt magical and hearing all my favourite songs live was bliss"
form_redo_04,5,41641,a,mask_fix,Unambiguous,the birthday teenager,A time o felt ... is when my mom and friends planned a ... bday party for my 17th bday.
form_redo_04,6,3645,b,mask_fix,Author-Independent Ambiguous,someone who applied to grad school as a backup option with little personal stake,I felt ... when I found out I was accepted into graduate school because I was scared that I was not going to make it in and that I was going to have to wait another year to re-apply.
form_redo_04,7,41260,b,mask_fix,Author-Independent Ambiguous,someone who took a short break after a breakup and started dating again quickly,"I felt ... when I realized that despite my past, I had the ability to love again. After a horrible toxic relationship, I felt as if I would be better off alone forever. I moved to a different city, met new people and was able to fall in love again."
form_redo_04,8,52458,b,mask_fix,Author-Relevant Ambiguous,a recruiter who extended the job offer,"I felt ... when I received a job offer immediately after graduating college, especially because I had gone through nearly forty interviews and a hundred applications without positive results."
form_redo_04,9,52709,b,replacement,Author-Relevant Ambiguous,someone who is everyone's confidant,Someone told me a secret
form_redo_04,10,2187,b,mask_fix,Author-Relevant Ambiguous,someone raised in a household where yelling and door-slamming were normal ways to express frustration,"One day as my sister and I were sharing a car, she decided she was not going to let me have it. She had done this many times before and was doing a horrible job of sharing and helping me get to work. I lost my temper in front of her and my mother. I was slamming doors and yelling. I have not thrown a fit like that ever since. I still feel ... I let my emotions get the best of me."
form_redo_04,11,41857,a,mask_fix,Author-Independent Ambiguous,the narrator seeking a promotion,I felt ... when I was applying for a promotion in work. I looked to my line manager who I ... and gave me great advice and support through the process
form_redo_04,12,2168,a,mask_fix,Author-Relevant Ambiguous,"someone whose closest, oldest friendship is now falling apart",I felt ... when arguing with a friend
form_redo_04,13,3338,a,mask_fix,Author-Independent Ambiguous,a close friend who feels protective of the group's trust and friendship bonds,I felt ... when my best friends boyfriend at the time starting texting our other best friend flirty text messages. I was even more ... when I found out that she was responding to these suggestive messages and didn't see an issue with it.
form_redo_04,14,52184,b,mask_fix,Unambiguous,someone who had never failed at anything they seriously tried before,I felt ... when I was rejected from a dance team after spending a year working on my dance skills.
form_redo_04,15,51249,a,mask_fix,Unambiguous,two romantic partners who formalized their relationship after years together,I felt ... when I became partners with my partner
form_redo_04,16,41791,a,mask_fix,Author-Independent Ambiguous,the narrator whose reputation was defended,"I felt complete ... when I learnt that a colleague of mine defended my reputation in my absence. While some people were trying to defame me, my colleague in a question, took it upon himself to defend my honor and reputation. I was elated when I got wind of it and knew then that this was someone I could really ...."
form_redo_04,17,2228,b,mask_fix,Author-Independent Ambiguous,a first-time spectator watching the jump from the sidelines,"Approaching a large jump on a horse, I ... the horse to safely get us over it."
form_redo_04,18,3528,b,replacement,Author-Relevant Ambiguous,someone comfortably well-off who just enjoys fantasizing about a lavish lifestyle,"I felt ... whenever I think about how my life could be with another man. I love my boyfriend of two years very much but I still think about my ex a lot because it just felt unresolved (though I'm not entirely sure resolving it would change much). It's mostly because my ex was extremely wealthy and although my current bf and I are well off for our age, it's tough when I consider that I could be flown around in a private jet instead. I feel extremely ... thinking about this and typing it out because I don't want to sound greedy. I just grew up in the lowest income bracket and I can't help but be enticed by money as it was such a barrier growing up. I'm trying really hard to develop a healthier relationship with it as I grow older."
form_redo_04,19,52157,a,mask_fix,Unambiguous,a young person witnessing their strong parent break down emotionally for the very first time,"I felt ... when it was during Ramadan 2020 during the pandemic. I remember hearing little conversations about my uncle (mothers brother) being ill and I'd always ask of him just to check if he was okay. My family and I had woken up at around 04:00 to pray fajr together. We'd finished praying and we were making dua as we usually do for the deceased and in general and I'm guessing my mum and dad had found out about his death earlier that morning and my mums voice just completely cracked and she broke down completely and just kept saying the words ""he's gone, (uncles name) gone"". It took me and my sister a while to process what we'd just been told and me, my mum and dad were in my parents room just crying for hours. I, personally had never really experienced death or grief in my life before, so this was the first time. Seeing my parents, especially my mum cry was ...."
form_redo_04,20,51081,b,mask_fix,Author-Relevant Ambiguous,someone who was defending themselves against friends' unfair accusations,I felt ... when I fought with my friends.
form_redo_04,21,52679,a,mask_fix,Author-Independent Ambiguous,a parent teaching their toddler responsibility,"I gave my son some rubbish to put in the bin. I was able to ... him to do this by himself, he is 3 years old ."
form_redo_04,22,7200,b,mask_fix,Author-Relevant Ambiguous,a firefighter responding to a routine smoke-smell call,Last night I was ... I could smell smoke in my basement
form_redo_04,23,41840,a,mask_fix,Author-Independent Ambiguous,the narrator working through a habit of bottling up feelings,"I felt ... when I could open up about my feelings to my significant other. Growing up, I would bottle up my feelings. As an adult, I am working toward not doing that so often."
form_redo_04,24,51835,b,mask_fix,Author-Independent Ambiguous,someone mildly annoyed by an ex's occasional unwanted messages,When my ex partner finally stopped harassing me. He would make me feel so scared that once it stopped I was so ....
form_redo_04,25,3443,b,mask_fix,Unambiguous,someone fully vaccinated and boosted with only mild symptoms,I felt ... when I thought I had COVID-19 a few days ago
form_redo_04,26,5704,b,mask_fix,Unambiguous,a parent whose own toddler did this affectionately,Someone flicked a wet bogey on to my cheek. It was ...
form_redo_04,27,315,b,mask_fix,Unambiguous,someone recounting a chaotic storm night as a colorful anecdote for friends,"I felt ... the other day because our fire alarm in the building went off as Tropical Storm Ida came through - we had to stand outside in a torrential downpour. I had my cat with me and she was freaking out as well. My boyfriend told us to go to his car to sit since we were drenched and the rain was not going to stop anytime soon. We got in the car and my cat was still freaking out - my roommate wanted my boyfriend to turn on some music and make it loud. We both told him no because my cat was having trouble with everything going on. Also, she is 17, so she is quite old, so I worry about her stress levels. After we told him no, he then proceeded to sing VERY loudly and when we scowled at him for it, he said ""well she is meowing and stressed either way"", and he did not care that she was having trouble and that I was trying to calm her down. That made me ...."
form_redo_04,28,41378,a,mask_fix,Unambiguous,a longtime pet owner who has never had to euthanize an animal before,I knew I needed to put my dog Holly to sleep. It was awful but I knew it was the right thing to do to stop her suffering she looked so ... most of the time.
form_redo_04,29,51258,a,mask_fix,Unambiguous,someone unable to have children who treats pets as substitute family,I adopted my cat Sandy because she is like my child and she brings me a ton of ....
form_redo_05,1,52157,a,mask_fix,Unambiguous,a young person witnessing their strong parent break down emotionally for the very first time,"I felt ... when it was during Ramadan 2020 during the pandemic. I remember hearing little conversations about my uncle (mothers brother) being ill and I'd always ask of him just to check if he was okay. My family and I had woken up at around 04:00 to pray fajr together. We'd finished praying and we were making dua as we usually do for the deceased and in general and I'm guessing my mum and dad had found out about his death earlier that morning and my mums voice just completely cracked and she broke down completely and just kept saying the words ""he's gone, (uncles name) gone"". It took me and my sister a while to process what we'd just been told and me, my mum and dad were in my parents room just crying for hours. I, personally had never really experienced death or grief in my life before, so this was the first time. Seeing my parents, especially my mum cry was ...."
form_redo_05,2,52679,a,mask_fix,Author-Independent Ambiguous,a parent teaching their toddler responsibility,"I gave my son some rubbish to put in the bin. I was able to ... him to do this by himself, he is 3 years old ."
form_redo_05,3,52895,b,mask_fix,Author-Relevant Ambiguous,the client who chose to pay upfront,"a client of mine paid me upfront for a project which i never ask clients to do that, but he did it and i had a big massive ... that made my day."
form_redo_05,4,3528,b,replacement,Author-Relevant Ambiguous,someone comfortably well-off who just enjoys fantasizing about a lavish lifestyle,"I felt ... whenever I think about how my life could be with another man. I love my boyfriend of two years very much but I still think about my ex a lot because it just felt unresolved (though I'm not entirely sure resolving it would change much). It's mostly because my ex was extremely wealthy and although my current bf and I are well off for our age, it's tough when I consider that I could be flown around in a private jet instead. I feel extremely ... thinking about this and typing it out because I don't want to sound greedy. I just grew up in the lowest income bracket and I can't help but be enticed by money as it was such a barrier growing up. I'm trying really hard to develop a healthier relationship with it as I grow older."
form_redo_05,5,51249,a,mask_fix,Unambiguous,two romantic partners who formalized their relationship after years together,I felt ... when I became partners with my partner
form_redo_05,6,41791,a,mask_fix,Author-Independent Ambiguous,the narrator whose reputation was defended,"I felt complete ... when I learnt that a colleague of mine defended my reputation in my absence. While some people were trying to defame me, my colleague in a question, took it upon himself to defend my honor and reputation. I was elated when I got wind of it and knew then that this was someone I could really ...."
form_redo_05,7,287,a,mask_fix,Unambiguous,a die-hard fan who waited years to see this band live,"I felt ... the last time I was at a concert of my favourite band, watching the band walk out on stage felt magical and hearing all my favourite songs live was bliss"
form_redo_05,8,41378,a,mask_fix,Unambiguous,a longtime pet owner who has never had to euthanize an animal before,I knew I needed to put my dog Holly to sleep. It was awful but I knew it was the right thing to do to stop her suffering she looked so ... most of the time.
form_redo_05,9,41840,a,mask_fix,Author-Independent Ambiguous,the narrator working through a habit of bottling up feelings,"I felt ... when I could open up about my feelings to my significant other. Growing up, I would bottle up my feelings. As an adult, I am working toward not doing that so often."
form_redo_05,10,3443,b,mask_fix,Unambiguous,someone fully vaccinated and boosted with only mild symptoms,I felt ... when I thought I had COVID-19 a few days ago
form_redo_05,11,2228,b,mask_fix,Author-Independent Ambiguous,a first-time spectator watching the jump from the sidelines,"Approaching a large jump on a horse, I ... the horse to safely get us over it."
form_redo_05,12,7200,b,mask_fix,Author-Relevant Ambiguous,a firefighter responding to a routine smoke-smell call,Last night I was ... I could smell smoke in my basement
form_redo_05,13,2187,b,mask_fix,Author-Relevant Ambiguous,someone raised in a household where yelling and door-slamming were normal ways to express frustration,"One day as my sister and I were sharing a car, she decided she was not going to let me have it. She had done this many times before and was doing a horrible job of sharing and helping me get to work. I lost my temper in front of her and my mother. I was slamming doors and yelling. I have not thrown a fit like that ever since. I still feel ... I let my emotions get the best of me."
form_redo_05,14,52184,b,mask_fix,Unambiguous,someone who had never failed at anything they seriously tried before,I felt ... when I was rejected from a dance team after spending a year working on my dance skills.
form_redo_05,15,52458,b,mask_fix,Author-Relevant Ambiguous,a recruiter who extended the job offer,"I felt ... when I received a job offer immediately after graduating college, especially because I had gone through nearly forty interviews and a hundred applications without positive results."
form_redo_05,16,41641,a,mask_fix,Unambiguous,the birthday teenager,A time o felt ... is when my mom and friends planned a ... bday party for my 17th bday.
form_redo_05,17,51835,b,mask_fix,Author-Independent Ambiguous,someone mildly annoyed by an ex's occasional unwanted messages,When my ex partner finally stopped harassing me. He would make me feel so scared that once it stopped I was so ....
form_redo_05,18,2168,a,mask_fix,Author-Relevant Ambiguous,"someone whose closest, oldest friendship is now falling apart",I felt ... when arguing with a friend
form_redo_05,19,3645,b,mask_fix,Author-Independent Ambiguous,someone who applied to grad school as a backup option with little personal stake,I felt ... when I found out I was accepted into graduate school because I was scared that I was not going to make it in and that I was going to have to wait another year to re-apply.
form_redo_05,20,51081,b,mask_fix,Author-Relevant Ambiguous,someone who was defending themselves against friends' unfair accusations,I felt ... when I fought with my friends.
form_redo_05,21,51258,a,mask_fix,Unambiguous,someone unable to have children who treats pets as substitute family,I adopted my cat Sandy because she is like my child and she brings me a ton of ....
form_redo_05,22,3338,a,mask_fix,Author-Independent Ambiguous,a close friend who feels protective of the group's trust and friendship bonds,I felt ... when my best friends boyfriend at the time starting texting our other best friend flirty text messages. I was even more ... when I found out that she was responding to these suggestive messages and didn't see an issue with it.
form_redo_05,23,315,b,mask_fix,Unambiguous,someone recounting a chaotic storm night as a colorful anecdote for friends,"I felt ... the other day because our fire alarm in the building went off as Tropical Storm Ida came through - we had to stand outside in a torrential downpour. I had my cat with me and she was freaking out as well. My boyfriend told us to go to his car to sit since we were drenched and the rain was not going to stop anytime soon. We got in the car and my cat was still freaking out - my roommate wanted my boyfriend to turn on some music and make it loud. We both told him no because my cat was having trouble with everything going on. Also, she is 17, so she is quite old, so I worry about her stress levels. After we told him no, he then proceeded to sing VERY loudly and when we scowled at him for it, he said ""well she is meowing and stressed either way"", and he did not care that she was having trouble and that I was trying to calm her down. That made me ...."
form_redo_05,24,52709,b,replacement,Author-Relevant Ambiguous,someone who is everyone's confidant,Someone told me a secret
form_redo_05,25,4594,b,mask_fix,Author-Independent Ambiguous,someone who recently escaped a controlling relationship and stays alert to warning signs,"I felt ... when a man I had feelings for was not responding to my text messages. I have an iPhone and so I use iMessage with others who also have iPhones. When you use iMessage, the chat bubbles are blue, but I noticed one day that the chat bubbles with him were green. That indicates that the recipient does not have an iPhone, or that they are in an area without internet and therefore are getting the messages sent as text messages rather than iMessage. The problem was that he had not been responding and I started wondering if he was seeing my texts at all - then I had a suspicion he had blocked me this entire time. I messaged a mutual friend to ask if he had told them he was angry with me, and I then checked to see if I could still see his profile on social media platforms. I could not. I started getting anxious at the indication that he had blocked me on everything, and that anxiety skyrocketed with each profile I wasn't seeing. My friend told me she could still access his profiles, and it was then I realized he had blocked me on everything."
form_redo_05,26,4490,a,mask_fix,Unambiguous,a parent trying to keep young children calm during the disaster,I felt ... when my family was experiencing a hurricane being stuck in our house. It was ... because two houses behind us caught on fire and our first floor flooded. We were stuck and unable to leave.
form_redo_05,27,5704,b,mask_fix,Unambiguous,a parent whose own toddler did this affectionately,Someone flicked a wet bogey on to my cheek. It was ...
form_redo_05,28,41260,b,mask_fix,Author-Independent Ambiguous,someone who took a short break after a breakup and started dating again quickly,"I felt ... when I realized that despite my past, I had the ability to love again. After a horrible toxic relationship, I felt as if I would be better off alone forever. I moved to a different city, met new people and was able to fall in love again."
form_redo_05,29,41857,a,mask_fix,Author-Independent Ambiguous,the narrator seeking a promotion,I felt ... when I was applying for a promotion in work. I looked to my line manager who I ... and gave me great advice and support through the process
form_redo_06,1,31015,b,mask_fix,Unambiguous,"someone in a secure, low-conflict relationship who was only mildly disappointed",I felt ... when my boyfriend didn't text me back in a timely manner. He has moved to another city for college. We used to hang a lot before he left so when we couldn't see each other like how I wanted to it made me feel very .... I want him to myself which I know is selfish now but then it made me ... and brokenhearted. I cried for a few days. I do have relationship anxiety so I think that was a big part of it. I'm okay now I haven't cried about it. We talked it through and I feel better about the situation.
form_redo_06,2,5609,a,mask_fix,Author-Relevant Ambiguous,someone with a diagnosed needle phobia,"I felt ... when I had to have a blood test and the nurse had trouble finding a suitable vein to draw the sample from. I usually do not feel nervous or ... before having a test done but this particular time I did because she had the tourniquet on my arm for a very long time and was pushing and pulling around to try and get a vein. She did get a vein but she did not give me anything to rest my arm on while having my blood drawn so it was a bit of an awkward and uncomfortable angle and I could feel the needle moving around in my arm. Due to this, I felt quite sick and ... and I actually ended up feeling quite hot and I was really anxious that I might faint! Each time I thought about it afterwards, I felt queasy and my arm bruised quite badly afterwards."
form_redo_06,3,287,b,mask_fix,Unambiguous,someone who tagged along with a friend without being a big fan,"I felt ... the last time I was at a concert of my favourite band, watching the band walk out on stage felt magical and hearing all my favourite songs live was bliss"
form_redo_06,4,31292,b,mask_fix,Unambiguous,the waitress who delivered the news,I felt ... when I went to a restaurant for dinner with a friend. On the evening we went to the restaurant they were running a random competition for diners to win a free meal. We heard an announcement being made and a waitress then appeared at our table and told us that our meal would be free. I felt joy and ... when this happened because it was so unexpected.
form_redo_06,5,641,b,mask_fix,Unambiguous,a student who has previously filed grievances about inconsistent grading in this course,I felt ... when I got a bad mark on an assignment because of unfair marking.
form_redo_06,6,52828,b,mask_fix,Author-Relevant Ambiguous,gym staff enforcing routine vaccine and ID checks,I felt ... when the gym staff were actively checking for covid vax documents and proper ID.
form_redo_06,7,52822,b,mask_fix,Unambiguous,the specialist treating a rare case,"I was diagnosed with a rare blood disease and had to see a specialist. His knowledge and expertise in a field that most doctors I had encountered before knew nothing about, made me ... him greatly."
form_redo_06,8,6789,b,mask_fix,Unambiguous,an investor buying an additional property with other housing options available,I felt ... when we had an our offer accepted for the house we now call our home. We had sold our then current property and we due to exchange in a couple of weeks despite the fact we had nowhere else to go yet. Thankfully everything fell in to place at the last minute and it was a huge ... for us all!
form_redo_06,9,7179,a,mask_fix,Author-Independent Ambiguous,"someone who has lived with chronic depression for years, for whom this is one more low point",I regularly feel ... due to mental illness but the last night I a specific event triggered ... was when my brother was angry at me.
form_redo_06,10,61031,a,mask_fix,Unambiguous,a wife relying on her husband's steady support,my husband is always there for me and i can ... that no matter what he will be there for our child and do what ittakes to provide for us as a family
form_redo_06,11,6218,b,replacement,Author-Relevant Ambiguous,someone who lied purely for personal gain and got away with it,I felt ... because I lied about something
form_redo_06,12,41660,b,replacement,Author-Relevant Ambiguous,a newer friend surprised to be chosen over older ones,my friends asked me to be maid of honour
form_redo_06,13,41082,b,mask_fix,Unambiguous,a professional illustrator taking a casual weekend class for fun,I felt ... when I completed a drawing and my art instructor complimented my skill and attention to detail
form_redo_06,14,2198,b,replacement,Author-Relevant Ambiguous,a neutral fan watching for the spectacle,England scored in the 2n minute of the Euros final
form_redo_06,15,3936,b,mask_fix,Author-Independent Ambiguous,a legacy applicant whose family has attended for generations,I felt ... when I got into university
form_redo_06,16,51249,a,mask_fix,Unambiguous,two romantic partners who formalized their relationship after years together,I felt ... when I became partners with my partner
form_redo_06,17,3319,a,mask_fix,Author-Independent Ambiguous,someone casually cleaning up after cooking a big home meal,I felt ... when I looked down at my shoe while washing dishes and saw I had ravioli stuck to it from the pan I had just finished scraping out.
form_redo_06,18,2182,a,mask_fix,Author-Relevant Ambiguous,"a child targeted by classmates for something out of their control, like appearance or family background",I was bullied badly and everyone made fun of me in a situation that made me feel ...
form_redo_06,19,41722,b,mask_fix,Author-Relevant Ambiguous,a passerby who witnesses a couple holding hands in public,"I felt ... when I was able to hold hands with and kiss my girlfriend in public and not feel any shame, despite growing up in an extremely homophobic environment."
form_redo_06,20,4146,b,mask_fix,Unambiguous,a well-off student with plenty of other food options in the shared freezer,I felt ... when I was at uni and someone stole my fishcake from the freezer. Had nothing to eat in the evening that day.
form_redo_06,21,3328,b,mask_fix,Unambiguous,a diner at an expensive restaurant who paid a premium for the meal,I felt ... when I ate a meal which had sausages and when i bit into a sausage it had gristle in it
form_redo_06,22,4571,b,replacement,Author-Relevant Ambiguous,a child who blamed herself for what was happening and thought she'd caused it,"In elementary school one of my male classmates starting to sexually harass me everyday, touching me inappropriately in all different places multiple times a day, I was too ... to tell anyone or tell him off."
form_redo_06,23,5642,a,replacement,Author-Relevant Ambiguous,a wife,My husband had an affair
form_redo_06,24,3283,a,mask_fix,Author-Independent Ambiguous,a woman who has had to make a difficult reproductive health decision herself,I felt ... when I listened to a man’s pro life views after the passing of the new Texas heartbeat law
form_redo_06,25,3426,a,mask_fix,Unambiguous,a teenage girl walking home with a friend late in the evening,"I felt ... when my friend and I were chased through a forest by an older man on our way home. He stood about 20 metres away from us whilst we were sat on a bench for about 15 minutes and then ran after us when we moved, we hid in a bush and he was searching for us until he was deterred by a dog walker."
form_redo_06,26,3975,b,replacement,Author-Relevant Ambiguous,someone converting into a role they were always guaranteed to get,I felt ... when I got a job at my current position permanently.
form_redo_06,27,52822,a,mask_fix,Unambiguous,a patient with a rare disease seeing a specialist,"I was diagnosed with a rare blood disease and had to see a specialist. His knowledge and expertise in a field that most doctors I had encountered before knew nothing about, made me ... him greatly."
form_redo_06,28,3528,a,replacement,Author-Relevant Ambiguous,someone raised in real poverty who still carries anxiety about financial security,"I felt ... whenever I think about how my life could be with another man. I love my boyfriend of two years very much but I still think about my ex a lot because it just felt unresolved (though I'm not entirely sure resolving it would change much). It's mostly because my ex was extremely wealthy and although my current bf and I are well off for our age, it's tough when I consider that I could be flown around in a private jet instead. I feel extremely ... thinking about this and typing it out because I don't want to sound greedy. I just grew up in the lowest income bracket and I can't help but be enticed by money as it was such a barrier growing up. I'm trying really hard to develop a healthier relationship with it as I grow older."
form_redo_06,29,2212,b,mask_fix,Author-Relevant Ambiguous,a veterinarian discussing normal cat sleeping behavior,I felt ... when my cat sleeps by me
form_redo_06,30,2224,b,replacement,Author-Relevant Ambiguous,someone who has always had good experiences traveling with friends,I knew I could rely on a friend on holiday as I have had previous bad experiences with holidays with friends
form_redo_07,1,3338,a,mask_fix,Author-Independent Ambiguous,a close friend who feels protective of the group's trust and friendship bonds,I felt ... when my best friends boyfriend at the time starting texting our other best friend flirty text messages. I was even more ... when I found out that she was responding to these suggestive messages and didn't see an issue with it.
form_redo_07,2,4497,b,mask_fix,Unambiguous,someone who finds thunderstorms cozy and romantic when safely indoors with a partner,"I felt ... when there was a power outage in my home. That day, my wife and I were cuddling in the sitting room when a thunderstorm started. Then ... filled me when thunder hit our roof and all the lights went off."
form_redo_07,3,4490,a,mask_fix,Unambiguous,a parent trying to keep young children calm during the disaster,I felt ... when my family was experiencing a hurricane being stuck in our house. It was ... because two houses behind us caught on fire and our first floor flooded. We were stuck and unable to leave.
form_redo_07,4,41641,a,mask_fix,Unambiguous,the birthday teenager,A time o felt ... is when my mom and friends planned a ... bday party for my 17th bday.
form_redo_07,5,3645,b,mask_fix,Author-Independent Ambiguous,someone who applied to grad school as a backup option with little personal stake,I felt ... when I found out I was accepted into graduate school because I was scared that I was not going to make it in and that I was going to have to wait another year to re-apply.
form_redo_07,6,41791,a,mask_fix,Author-Independent Ambiguous,the narrator whose reputation was defended,"I felt complete ... when I learnt that a colleague of mine defended my reputation in my absence. While some people were trying to defame me, my colleague in a question, took it upon himself to defend my honor and reputation. I was elated when I got wind of it and knew then that this was someone I could really ...."
form_redo_07,7,52157,a,mask_fix,Unambiguous,a young person witnessing their strong parent break down emotionally for the very first time,"I felt ... when it was during Ramadan 2020 during the pandemic. I remember hearing little conversations about my uncle (mothers brother) being ill and I'd always ask of him just to check if he was okay. My family and I had woken up at around 04:00 to pray fajr together. We'd finished praying and we were making dua as we usually do for the deceased and in general and I'm guessing my mum and dad had found out about his death earlier that morning and my mums voice just completely cracked and she broke down completely and just kept saying the words ""he's gone, (uncles name) gone"". It took me and my sister a while to process what we'd just been told and me, my mum and dad were in my parents room just crying for hours. I, personally had never really experienced death or grief in my life before, so this was the first time. Seeing my parents, especially my mum cry was ...."
form_redo_07,8,287,a,mask_fix,Unambiguous,a die-hard fan who waited years to see this band live,"I felt ... the last time I was at a concert of my favourite band, watching the band walk out on stage felt magical and hearing all my favourite songs live was bliss"
form_redo_07,9,315,b,mask_fix,Unambiguous,someone recounting a chaotic storm night as a colorful anecdote for friends,"I felt ... the other day because our fire alarm in the building went off as Tropical Storm Ida came through - we had to stand outside in a torrential downpour. I had my cat with me and she was freaking out as well. My boyfriend told us to go to his car to sit since we were drenched and the rain was not going to stop anytime soon. We got in the car and my cat was still freaking out - my roommate wanted my boyfriend to turn on some music and make it loud. We both told him no because my cat was having trouble with everything going on. Also, she is 17, so she is quite old, so I worry about her stress levels. After we told him no, he then proceeded to sing VERY loudly and when we scowled at him for it, he said ""well she is meowing and stressed either way"", and he did not care that she was having trouble and that I was trying to calm her down. That made me ...."
form_redo_07,10,2187,b,mask_fix,Author-Relevant Ambiguous,someone raised in a household where yelling and door-slamming were normal ways to express frustration,"One day as my sister and I were sharing a car, she decided she was not going to let me have it. She had done this many times before and was doing a horrible job of sharing and helping me get to work. I lost my temper in front of her and my mother. I was slamming doors and yelling. I have not thrown a fit like that ever since. I still feel ... I let my emotions get the best of me."
form_redo_07,11,3443,b,mask_fix,Unambiguous,someone fully vaccinated and boosted with only mild symptoms,I felt ... when I thought I had COVID-19 a few days ago
form_redo_07,12,52679,a,mask_fix,Author-Independent Ambiguous,a parent teaching their toddler responsibility,"I gave my son some rubbish to put in the bin. I was able to ... him to do this by himself, he is 3 years old ."
form_redo_07,13,41840,a,mask_fix,Author-Independent Ambiguous,the narrator working through a habit of bottling up feelings,"I felt ... when I could open up about my feelings to my significant other. Growing up, I would bottle up my feelings. As an adult, I am working toward not doing that so often."
form_redo_07,14,41378,a,mask_fix,Unambiguous,a longtime pet owner who has never had to euthanize an animal before,I knew I needed to put my dog Holly to sleep. It was awful but I knew it was the right thing to do to stop her suffering she looked so ... most of the time.
form_redo_07,15,5704,b,mask_fix,Unambiguous,a parent whose own toddler did this affectionately,Someone flicked a wet bogey on to my cheek. It was ...
form_redo_07,16,7200,b,mask_fix,Author-Relevant Ambiguous,a firefighter responding to a routine smoke-smell call,Last night I was ... I could smell smoke in my basement
form_redo_07,17,51258,a,mask_fix,Unambiguous,someone unable to have children who treats pets as substitute family,I adopted my cat Sandy because she is like my child and she brings me a ton of ....
form_redo_07,18,52184,b,mask_fix,Unambiguous,someone who had never failed at anything they seriously tried before,I felt ... when I was rejected from a dance team after spending a year working on my dance skills.
form_redo_07,19,4594,b,mask_fix,Author-Independent Ambiguous,someone who recently escaped a controlling relationship and stays alert to warning signs,"I felt ... when a man I had feelings for was not responding to my text messages. I have an iPhone and so I use iMessage with others who also have iPhones. When you use iMessage, the chat bubbles are blue, but I noticed one day that the chat bubbles with him were green. That indicates that the recipient does not have an iPhone, or that they are in an area without internet and therefore are getting the messages sent as text messages rather than iMessage. The problem was that he had not been responding and I started wondering if he was seeing my texts at all - then I had a suspicion he had blocked me this entire time. I messaged a mutual friend to ask if he had told them he was angry with me, and I then checked to see if I could still see his profile on social media platforms. I could not. I started getting anxious at the indication that he had blocked me on everything, and that anxiety skyrocketed with each profile I wasn't seeing. My friend told me she could still access his profiles, and it was then I realized he had blocked me on everything."
form_redo_07,20,2228,b,mask_fix,Author-Independent Ambiguous,a first-time spectator watching the jump from the sidelines,"Approaching a large jump on a horse, I ... the horse to safely get us over it."
form_redo_07,21,41857,a,mask_fix,Author-Independent Ambiguous,the narrator seeking a promotion,I felt ... when I was applying for a promotion in work. I looked to my line manager who I ... and gave me great advice and support through the process
form_redo_07,22,3528,b,replacement,Author-Relevant Ambiguous,someone comfortably well-off who just enjoys fantasizing about a lavish lifestyle,"I felt ... whenever I think about how my life could be with another man. I love my boyfriend of two years very much but I still think about my ex a lot because it just felt unresolved (though I'm not entirely sure resolving it would change much). It's mostly because my ex was extremely wealthy and although my current bf and I are well off for our age, it's tough when I consider that I could be flown around in a private jet instead. I feel extremely ... thinking about this and typing it out because I don't want to sound greedy. I just grew up in the lowest income bracket and I can't help but be enticed by money as it was such a barrier growing up. I'm trying really hard to develop a healthier relationship with it as I grow older."
form_redo_07,23,52895,b,mask_fix,Author-Relevant Ambiguous,the client who chose to pay upfront,"a client of mine paid me upfront for a project which i never ask clients to do that, but he did it and i had a big massive ... that made my day."
form_redo_07,24,41260,b,mask_fix,Author-Independent Ambiguous,someone who took a short break after a breakup and started dating again quickly,"I felt ... when I realized that despite my past, I had the ability to love again. After a horrible toxic relationship, I felt as if I would be better off alone forever. I moved to a different city, met new people and was able to fall in love again."
form_redo_07,25,52709,b,replacement,Author-Relevant Ambiguous,someone who is everyone's confidant,Someone told me a secret
form_redo_07,26,51835,b,mask_fix,Author-Independent Ambiguous,someone mildly annoyed by an ex's occasional unwanted messages,When my ex partner finally stopped harassing me. He would make me feel so scared that once it stopped I was so ....
form_redo_07,27,2168,a,mask_fix,Author-Relevant Ambiguous,"someone whose closest, oldest friendship is now falling apart",I felt ... when arguing with a friend
form_redo_07,28,52458,b,mask_fix,Author-Relevant Ambiguous,a recruiter who extended the job offer,"I felt ... when I received a job offer immediately after graduating college, especially because I had gone through nearly forty interviews and a hundred applications without positive results."
form_redo_07,29,51081,b,mask_fix,Author-Relevant Ambiguous,someone who was defending themselves against friends' unfair accusations,I felt ... when I fought with my friends.
form_redo_08,1,61021,a,replacement,Author-Relevant Ambiguous,someone who felt they clearly deserved it,found out I didn't get a promotion
form_redo_08,2,3975,a,replacement,Author-Relevant Ambiguous,someone who had worked years of insecure temp and contract jobs,I felt ... when I got a job at my current position permanently.
form_redo_08,3,3493,b,mask_fix,Author-Independent Ambiguous,someone who broke a personal promise to a friend not to pursue their sibling,I felt ... when I slept with someone I shouldn’t of
form_redo_08,4,52369,a,replacement,Author-Relevant Ambiguous,a new employee still on probation,I DIDNT DO WELL AT WORK WHICH CAUSED A TEAM MEMBER TO BE ANNOYED
form_redo_08,5,4146,a,mask_fix,Unambiguous,a broke student living paycheck to paycheck who carefully budgets meals,I felt ... when I was at uni and someone stole my fishcake from the freezer. Had nothing to eat in the evening that day.
form_redo_08,6,7198,a,replacement,Author-Relevant Ambiguous,someone who worked hard and expected it,I got promoted.
form_redo_08,7,441,b,mask_fix,Author-Relevant Ambiguous,a woman who had long suspected her boyfriend was unfaithful and just got confirmation,I felt ... because my boyfriend cheated on me
form_redo_08,8,41671,b,mask_fix,Author-Relevant Ambiguous,a sports journalist reporting on the tournament afterward,I felt ... when I had won the first woman's greco roman style wrestling match in my countries province. I was not told before hand that the tournament I was wrestling at was going to be the first to offer this style of wrestling to women. I was just the first match that was up and I won.
form_redo_08,9,3426,b,mask_fix,Unambiguous,a martial arts practitioner confident in handling a physical confrontation,"I felt ... when my friend and I were chased through a forest by an older man on our way home. He stood about 20 metres away from us whilst we were sat on a bench for about 15 minutes and then ran after us when we moved, we hid in a bush and he was searching for us until he was deterred by a dog walker."
form_redo_08,10,6957,b,mask_fix,Author-Independent Ambiguous,the sister's friend who was present when the story was told,"I felt ... when my I told an ... story about my sister in front of her friends. It was an ... story about when she was learning to potty train as a child. I thought the story was funny but my sister felt really upset and ... that I told it. After I told that story, I felt ... because I ... my sister and made her feel bad when I know that if she would do the same thing to me, that I would be very upset."
form_redo_08,11,31089,a,mask_fix,Unambiguous,"an adult child who had a difficult, strained relationship with their mother",I felt ... because my mother died.
form_redo_08,12,2213,b,mask_fix,Author-Relevant Ambiguous,an HR representative processing a temporary pay reduction,My manager asked me to take voluntary pay reduction due to COVID. He promised that my pay would return to normal after 3 months and that I would be rewarded for my sacrifice. I ... him and it all worked out well.
form_redo_08,13,31015,a,mask_fix,Unambiguous,someone with anxious attachment and a history of being abandoned by people they loved,I felt ... when my boyfriend didn't text me back in a timely manner. He has moved to another city for college. We used to hang a lot before he left so when we couldn't see each other like how I wanted to it made me feel very .... I want him to myself which I know is selfish now but then it made me ... and brokenhearted. I cried for a few days. I do have relationship anxiety so I think that was a big part of it. I'm okay now I haven't cried about it. We talked it through and I feel better about the situation.
form_redo_08,14,3290,a,replacement,Author-Relevant Ambiguous,someone with a pronounced fear of insects living alone,I felt ... when I found a bug that was over six inches long in my bathroom when I was home alone and knew I had to handle it myself.
form_redo_08,15,52598,a,replacement,Author-Relevant Ambiguous,someone who had been trying to conceive,I got pregnant with my son
form_redo_08,16,51054,b,replacement,Author-Relevant Ambiguous,"an adult looking back with hindsight at how she hurt a loving, innocent sister","I felt ... when as a young adult I wore braces on my teeth and I hated them, even though it was my choice to get them. I was visiting my younger sister who was working overseas and we had a brilliant time together. She took lots of photos of us, had them developed (it was the 1990s!) and sent them to my family. In one picture in particular, all I could see were these awful braces. I couldn't see anything else - the fabulous place we were in, the gorgeous outfits we were wearing, how lovely our hair was as we'd treated ourselves to getting blowdries, and I wrote her the most horrible letter saying that the only reason she'd sent that photo was to prove how gorgeous she was compared to me, she knew how ugly I was and that I was sorry I'd ever visited her in the first place. To this day I still feel so awful for writing that letter. She could only see the fun time we were having - I was the one with the complex about my teeth."
form_redo_08,17,31387,a,replacement,Author-Relevant Ambiguous,the diner who ordered the steak,"I felt ... when we went to a restaurant in London, and asked for steak done to a particular level, the waiter came out and advised that the steak had not been cooked to his satisfaction, so asked for the steak to be redone, it was at this point that we realised we could fully ... that we were going to get exactly what we had asked for."
form_redo_08,18,2105,a,replacement,Author-Relevant Ambiguous,a student who barely scraped by after struggling academically all year,I felt ... when I passed my exams.
form_redo_08,19,61099,a,mask_fix,Unambiguous,the narrator dangling above shallow water after a zip-line malfunction,"I was on a zip-line and it malfunctioned just as I stepped off the platform, and I was hanging for a couple of moments 20ft above very shallow water. My sister reached across and pulled me back, and I had to ... that she'd be able to hold my weight and not drop me."
form_redo_08,20,52866,a,replacement,Author-Relevant Ambiguous,the narrator whose mother defended her,I heard my mom giving my aunt hell for treating me crappy. I knew i could ... my mom to stand up for me
form_redo_08,21,52458,a,mask_fix,Author-Relevant Ambiguous,the narrator after nearly forty failed interviews,"I felt ... when I received a job offer immediately after graduating college, especially because I had gone through nearly forty interviews and a hundred applications without positive results."
form_redo_08,22,2187,a,mask_fix,Author-Relevant Ambiguous,someone who prides themselves on staying calm and rarely losing their temper,"One day as my sister and I were sharing a car, she decided she was not going to let me have it. She had done this many times before and was doing a horrible job of sharing and helping me get to work. I lost my temper in front of her and my mother. I was slamming doors and yelling. I have not thrown a fit like that ever since. I still feel ... I let my emotions get the best of me."
form_redo_08,23,2172,b,replacement,Author-Relevant Ambiguous,an elderly person,I was diagnosed with fibromyalgia
form_redo_08,24,3431,a,mask_fix,Unambiguous,a young child having their very first night terror,I felt ... when i had a night terror.
form_redo_08,25,52895,a,mask_fix,Author-Relevant Ambiguous,a freelancer who received unusual upfront payment,"a client of mine paid me upfront for a project which i never ask clients to do that, but he did it and i had a big massive ... that made my day."
form_redo_08,26,4497,b,mask_fix,Unambiguous,someone who finds thunderstorms cozy and romantic when safely indoors with a partner,"I felt ... when there was a power outage in my home. That day, my wife and I were cuddling in the sitting room when a thunderstorm started. Then ... filled me when thunder hit our roof and all the lights went off."
form_redo_08,27,41795,b,mask_fix,Author-Independent Ambiguous,a classmate who voted for them,I felt ... when I was voted class president
form_redo_08,28,41415,a,mask_fix,Author-Independent Ambiguous,someone who left a stable job specifically to take this new position,I felt ... when I was laid off from a job I had just started and was excited for.
form_redo_08,29,6869,b,mask_fix,Author-Independent Ambiguous,someone who had already been growing distant and suspicious of the relationship,I felt ... when my ex boyfriend of 7 years cheated on me.
form_redo_09,1,31387,a,replacement,Author-Relevant Ambiguous,the diner who ordered the steak,"I felt ... when we went to a restaurant in London, and asked for steak done to a particular level, the waiter came out and advised that the steak had not been cooked to his satisfaction, so asked for the steak to be redone, it was at this point that we realised we could fully ... that we were going to get exactly what we had asked for."
form_redo_09,2,7198,a,replacement,Author-Relevant Ambiguous,someone who worked hard and expected it,I got promoted.
form_redo_09,3,2105,a,replacement,Author-Relevant Ambiguous,a student who barely scraped by after struggling academically all year,I felt ... when I passed my exams.
form_redo_09,4,3426,b,mask_fix,Unambiguous,a martial arts practitioner confident in handling a physical confrontation,"I felt ... when my friend and I were chased through a forest by an older man on our way home. He stood about 20 metres away from us whilst we were sat on a bench for about 15 minutes and then ran after us when we moved, we hid in a bush and he was searching for us until he was deterred by a dog walker."
form_redo_09,5,52598,a,replacement,Author-Relevant Ambiguous,someone who had been trying to conceive,I got pregnant with my son
form_redo_09,6,61021,a,replacement,Author-Relevant Ambiguous,someone who felt they clearly deserved it,found out I didn't get a promotion
form_redo_09,7,41795,b,mask_fix,Author-Independent Ambiguous,a classmate who voted for them,I felt ... when I was voted class president
form_redo_09,8,3493,b,mask_fix,Author-Independent Ambiguous,someone who broke a personal promise to a friend not to pursue their sibling,I felt ... when I slept with someone I shouldn’t of
form_redo_09,9,3290,a,replacement,Author-Relevant Ambiguous,someone with a pronounced fear of insects living alone,I felt ... when I found a bug that was over six inches long in my bathroom when I was home alone and knew I had to handle it myself.
form_redo_09,10,31089,a,mask_fix,Unambiguous,"an adult child who had a difficult, strained relationship with their mother",I felt ... because my mother died.
form_redo_09,11,51054,b,replacement,Author-Relevant Ambiguous,"an adult looking back with hindsight at how she hurt a loving, innocent sister","I felt ... when as a young adult I wore braces on my teeth and I hated them, even though it was my choice to get them. I was visiting my younger sister who was working overseas and we had a brilliant time together. She took lots of photos of us, had them developed (it was the 1990s!) and sent them to my family. In one picture in particular, all I could see were these awful braces. I couldn't see anything else - the fabulous place we were in, the gorgeous outfits we were wearing, how lovely our hair was as we'd treated ourselves to getting blowdries, and I wrote her the most horrible letter saying that the only reason she'd sent that photo was to prove how gorgeous she was compared to me, she knew how ugly I was and that I was sorry I'd ever visited her in the first place. To this day I still feel so awful for writing that letter. She could only see the fun time we were having - I was the one with the complex about my teeth."
form_redo_09,12,52369,a,replacement,Author-Relevant Ambiguous,a new employee still on probation,I DIDNT DO WELL AT WORK WHICH CAUSED A TEAM MEMBER TO BE ANNOYED
form_redo_09,13,6869,b,mask_fix,Author-Independent Ambiguous,someone who had already been growing distant and suspicious of the relationship,I felt ... when my ex boyfriend of 7 years cheated on me.
form_redo_09,14,3975,a,replacement,Author-Relevant Ambiguous,someone who had worked years of insecure temp and contract jobs,I felt ... when I got a job at my current position permanently.
form_redo_09,15,41415,a,mask_fix,Author-Independent Ambiguous,someone who left a stable job specifically to take this new position,I felt ... when I was laid off from a job I had just started and was excited for.
form_redo_09,16,6957,b,mask_fix,Author-Independent Ambiguous,the sister's friend who was present when the story was told,"I felt ... when my I told an ... story about my sister in front of her friends. It was an ... story about when she was learning to potty train as a child. I thought the story was funny but my sister felt really upset and ... that I told it. After I told that story, I felt ... because I ... my sister and made her feel bad when I know that if she would do the same thing to me, that I would be very upset."
form_redo_09,17,52866,a,replacement,Author-Relevant Ambiguous,the narrator whose mother defended her,I heard my mom giving my aunt hell for treating me crappy. I knew i could ... my mom to stand up for me
form_redo_09,18,4146,a,mask_fix,Unambiguous,a broke student living paycheck to paycheck who carefully budgets meals,I felt ... when I was at uni and someone stole my fishcake from the freezer. Had nothing to eat in the evening that day.
form_redo_09,19,52458,a,mask_fix,Author-Relevant Ambiguous,the narrator after nearly forty failed interviews,"I felt ... when I received a job offer immediately after graduating college, especially because I had gone through nearly forty interviews and a hundred applications without positive results."
form_redo_09,20,3431,a,mask_fix,Unambiguous,a young child having their very first night terror,I felt ... when i had a night terror.
form_redo_09,21,41671,b,mask_fix,Author-Relevant Ambiguous,a sports journalist reporting on the tournament afterward,I felt ... when I had won the first woman's greco roman style wrestling match in my countries province. I was not told before hand that the tournament I was wrestling at was going to be the first to offer this style of wrestling to women. I was just the first match that was up and I won.
form_redo_09,22,52895,a,mask_fix,Author-Relevant Ambiguous,a freelancer who received unusual upfront payment,"a client of mine paid me upfront for a project which i never ask clients to do that, but he did it and i had a big massive ... that made my day."
form_redo_09,23,4497,b,mask_fix,Unambiguous,someone who finds thunderstorms cozy and romantic when safely indoors with a partner,"I felt ... when there was a power outage in my home. That day, my wife and I were cuddling in the sitting room when a thunderstorm started. Then ... filled me when thunder hit our roof and all the lights went off."
form_redo_09,24,441,b,mask_fix,Author-Relevant Ambiguous,a woman who had long suspected her boyfriend was unfaithful and just got confirmation,I felt ... because my boyfriend cheated on me
form_redo_09,25,2213,b,mask_fix,Author-Relevant Ambiguous,an HR representative processing a temporary pay reduction,My manager asked me to take voluntary pay reduction due to COVID. He promised that my pay would return to normal after 3 months and that I would be rewarded for my sacrifice. I ... him and it all worked out well.
form_redo_09,26,31015,a,mask_fix,Unambiguous,someone with anxious attachment and a history of being abandoned by people they loved,I felt ... when my boyfriend didn't text me back in a timely manner. He has moved to another city for college. We used to hang a lot before he left so when we couldn't see each other like how I wanted to it made me feel very .... I want him to myself which I know is selfish now but then it made me ... and brokenhearted. I cried for a few days. I do have relationship anxiety so I think that was a big part of it. I'm okay now I haven't cried about it. We talked it through and I feel better about the situation.
form_redo_09,27,2172,b,replacement,Author-Relevant Ambiguous,an elderly person,I was diagnosed with fibromyalgia
form_redo_09,28,2187,a,mask_fix,Author-Relevant Ambiguous,someone who prides themselves on staying calm and rarely losing their temper,"One day as my sister and I were sharing a car, she decided she was not going to let me have it. She had done this many times before and was doing a horrible job of sharing and helping me get to work. I lost my temper in front of her and my mother. I was slamming doors and yelling. I have not thrown a fit like that ever since. I still feel ... I let my emotions get the best of me."
form_redo_09,29,61099,a,mask_fix,Unambiguous,the narrator dangling above shallow water after a zip-line malfunction,"I was on a zip-line and it malfunctioned just as I stepped off the platform, and I was hanging for a couple of moments 20ft above very shallow water. My sister reached across and pulled me back, and I had to ... that she'd be able to hold my weight and not drop me."
form_redo_10,1,31015,a,mask_fix,Unambiguous,someone with anxious attachment and a history of being abandoned by people they loved,I felt ... when my boyfriend didn't text me back in a timely manner. He has moved to another city for college. We used to hang a lot before he left so when we couldn't see each other like how I wanted to it made me feel very .... I want him to myself which I know is selfish now but then it made me ... and brokenhearted. I cried for a few days. I do have relationship anxiety so I think that was a big part of it. I'm okay now I haven't cried about it. We talked it through and I feel better about the situation.
form_redo_10,2,2187,a,mask_fix,Author-Relevant Ambiguous,someone who prides themselves on staying calm and rarely losing their temper,"One day as my sister and I were sharing a car, she decided she was not going to let me have it. She had done this many times before and was doing a horrible job of sharing and helping me get to work. I lost my temper in front of her and my mother. I was slamming doors and yelling. I have not thrown a fit like that ever since. I still feel ... I let my emotions get the best of me."
form_redo_10,3,3975,a,replacement,Author-Relevant Ambiguous,someone who had worked years of insecure temp and contract jobs,I felt ... when I got a job at my current position permanently.
form_redo_10,4,41795,b,mask_fix,Author-Independent Ambiguous,a classmate who voted for them,I felt ... when I was voted class president
form_redo_10,5,441,b,mask_fix,Author-Relevant Ambiguous,a woman who had long suspected her boyfriend was unfaithful and just got confirmation,I felt ... because my boyfriend cheated on me
form_redo_10,6,2172,b,replacement,Author-Relevant Ambiguous,an elderly person,I was diagnosed with fibromyalgia
form_redo_10,7,4146,a,mask_fix,Unambiguous,a broke student living paycheck to paycheck who carefully budgets meals,I felt ... when I was at uni and someone stole my fishcake from the freezer. Had nothing to eat in the evening that day.
form_redo_10,8,2213,b,mask_fix,Author-Relevant Ambiguous,an HR representative processing a temporary pay reduction,My manager asked me to take voluntary pay reduction due to COVID. He promised that my pay would return to normal after 3 months and that I would be rewarded for my sacrifice. I ... him and it all worked out well.
form_redo_10,9,41415,a,mask_fix,Author-Independent Ambiguous,someone who left a stable job specifically to take this new position,I felt ... when I was laid off from a job I had just started and was excited for.
form_redo_10,10,3431,a,mask_fix,Unambiguous,a young child having their very first night terror,I felt ... when i had a night terror.
form_redo_10,11,6957,b,mask_fix,Author-Independent Ambiguous,the sister's friend who was present when the story was told,"I felt ... when my I told an ... story about my sister in front of her friends. It was an ... story about when she was learning to potty train as a child. I thought the story was funny but my sister felt really upset and ... that I told it. After I told that story, I felt ... because I ... my sister and made her feel bad when I know that if she would do the same thing to me, that I would be very upset."
form_redo_10,12,51054,b,replacement,Author-Relevant Ambiguous,"an adult looking back with hindsight at how she hurt a loving, innocent sister","I felt ... when as a young adult I wore braces on my teeth and I hated them, even though it was my choice to get them. I was visiting my younger sister who was working overseas and we had a brilliant time together. She took lots of photos of us, had them developed (it was the 1990s!) and sent them to my family. In one picture in particular, all I could see were these awful braces. I couldn't see anything else - the fabulous place we were in, the gorgeous outfits we were wearing, how lovely our hair was as we'd treated ourselves to getting blowdries, and I wrote her the most horrible letter saying that the only reason she'd sent that photo was to prove how gorgeous she was compared to me, she knew how ugly I was and that I was sorry I'd ever visited her in the first place. To this day I still feel so awful for writing that letter. She could only see the fun time we were having - I was the one with the complex about my teeth."
form_redo_10,13,61099,a,mask_fix,Unambiguous,the narrator dangling above shallow water after a zip-line malfunction,"I was on a zip-line and it malfunctioned just as I stepped off the platform, and I was hanging for a couple of moments 20ft above very shallow water. My sister reached across and pulled me back, and I had to ... that she'd be able to hold my weight and not drop me."
form_redo_10,14,52369,a,replacement,Author-Relevant Ambiguous,a new employee still on probation,I DIDNT DO WELL AT WORK WHICH CAUSED A TEAM MEMBER TO BE ANNOYED
form_redo_10,15,52458,a,mask_fix,Author-Relevant Ambiguous,the narrator after nearly forty failed interviews,"I felt ... when I received a job offer immediately after graduating college, especially because I had gone through nearly forty interviews and a hundred applications without positive results."
form_redo_10,16,52866,a,replacement,Author-Relevant Ambiguous,the narrator whose mother defended her,I heard my mom giving my aunt hell for treating me crappy. I knew i could ... my mom to stand up for me
form_redo_10,17,51249,b,mask_fix,Unambiguous,two co-founders who formalized a business partnership,I felt ... when I became partners with my partner
form_redo_10,18,3493,a,mask_fix,Author-Independent Ambiguous,someone who was in a committed relationship at the time,I felt ... when I slept with someone I shouldn’t of
form_redo_10,19,3290,a,replacement,Author-Relevant Ambiguous,someone with a pronounced fear of insects living alone,I felt ... when I found a bug that was over six inches long in my bathroom when I was home alone and knew I had to handle it myself.
form_redo_10,20,52598,a,replacement,Author-Relevant Ambiguous,someone who had been trying to conceive,I got pregnant with my son
form_redo_10,21,61021,a,replacement,Author-Relevant Ambiguous,someone who felt they clearly deserved it,found out I didn't get a promotion
form_redo_10,22,31089,a,mask_fix,Unambiguous,"an adult child who had a difficult, strained relationship with their mother",I felt ... because my mother died.
form_redo_10,23,41671,b,mask_fix,Author-Relevant Ambiguous,a sports journalist reporting on the tournament afterward,I felt ... when I had won the first woman's greco roman style wrestling match in my countries province. I was not told before hand that the tournament I was wrestling at was going to be the first to offer this style of wrestling to women. I was just the first match that was up and I won.
form_redo_10,24,4497,a,mask_fix,Unambiguous,someone whose home was previously damaged by a lightning strike,"I felt ... when there was a power outage in my home. That day, my wife and I were cuddling in the sitting room when a thunderstorm started. Then ... filled me when thunder hit our roof and all the lights went off."
form_redo_10,25,7198,a,replacement,Author-Relevant Ambiguous,someone who worked hard and expected it,I got promoted.
form_redo_10,26,2105,a,replacement,Author-Relevant Ambiguous,a student who barely scraped by after struggling academically all year,I felt ... when I passed my exams.
form_redo_10,27,3426,b,mask_fix,Unambiguous,a martial arts practitioner confident in handling a physical confrontation,"I felt ... when my friend and I were chased through a forest by an older man on our way home. He stood about 20 metres away from us whilst we were sat on a bench for about 15 minutes and then ran after us when we moved, we hid in a bush and he was searching for us until he was deterred by a dog walker."
form_redo_10,28,52895,a,mask_fix,Author-Relevant Ambiguous,a freelancer who received unusual upfront payment,"a client of mine paid me upfront for a project which i never ask clients to do that, but he did it and i had a big massive ... that made my day."
form_redo_10,29,6869,b,mask_fix,Author-Independent Ambiguous,someone who had already been growing distant and suspicious of the relationship,I felt ... when my ex boyfriend of 7 years cheated on me.
form_redo_11,1,2224,a,replacement,Author-Relevant Ambiguous,someone who has been let down by travel companions before,I knew I could rely on a friend on holiday as I have had previous bad experiences with holidays with friends
form_redo_11,2,51688,b,mask_fix,Unambiguous,a professional tabletop game designer testing content with friends,"I am ... of my D&D campaigns. Between myself and my friends, I am the dungeon master and designer of our tabletop games. I am ... my players enjoyed my work, they invest in the plots, feel emotion from the music and events and that they enjoy our shared story adventures"
form_redo_11,3,52823,a,mask_fix,Author-Independent Ambiguous,a new mother watching her husband hold their baby,My baby was born and I felt a ... for my husband I had never felt before when he first held her whilst I was still beingClosed up where I knew he would always keep her and the rest of our family safe
form_redo_11,4,2168,b,mask_fix,Author-Relevant Ambiguous,someone quick to anger who frequently bickers with casual acquaintances,I felt ... when arguing with a friend
form_redo_11,5,51054,a,replacement,Author-Relevant Ambiguous,a teenager insecure about her appearance after years of being bullied about her teeth,"I felt ... when as a young adult I wore braces on my teeth and I hated them, even though it was my choice to get them. I was visiting my younger sister who was working overseas and we had a brilliant time together. She took lots of photos of us, had them developed (it was the 1990s!) and sent them to my family. In one picture in particular, all I could see were these awful braces. I couldn't see anything else - the fabulous place we were in, the gorgeous outfits we were wearing, how lovely our hair was as we'd treated ourselves to getting blowdries, and I wrote her the most horrible letter saying that the only reason she'd sent that photo was to prove how gorgeous she was compared to me, she knew how ugly I was and that I was sorry I'd ever visited her in the first place. To this day I still feel so awful for writing that letter. She could only see the fun time we were having - I was the one with the complex about my teeth."
form_redo_11,6,3443,a,mask_fix,Unambiguous,someone with a pre-existing respiratory condition living alone,I felt ... when I thought I had COVID-19 a few days ago
form_redo_11,7,61094,b,mask_fix,Author-Independent Ambiguous,a friend back home hearing about the move,I felt ... when I moved to a new country with my partner.
form_redo_11,8,41789,b,mask_fix,Unambiguous,the surgeon performing the operation,"4 years ago i had open heart surgery done.  I was new to the hospital and knew none of the doctors or nurses, even though I did not know the surgeon I implicitly ... him and his decisions."
form_redo_11,9,6869,a,mask_fix,Author-Independent Ambiguous,"someone who had been planning a future, like marriage, with this partner",I felt ... when my ex boyfriend of 7 years cheated on me.
form_redo_11,10,6957,a,mask_fix,Author-Independent Ambiguous,"the narrator, the sister who told the story","I felt ... when my I told an ... story about my sister in front of her friends. It was an ... story about when she was learning to potty train as a child. I thought the story was funny but my sister felt really upset and ... that I told it. After I told that story, I felt ... because I ... my sister and made her feel bad when I know that if she would do the same thing to me, that I would be very upset."
form_redo_11,11,51249,b,mask_fix,Unambiguous,two co-founders who formalized a business partnership,I felt ... when I became partners with my partner
form_redo_11,12,5688,a,mask_fix,Author-Independent Ambiguous,one of the college-age women being flirted with,I felt ... when I watched a grown man try to flirt with new college age girls and I.
form_redo_11,13,3431,b,mask_fix,Unambiguous,an adult who has had recurring night terrors for years and recognizes what's happening,I felt ... when i had a night terror.
form_redo_11,14,52614,a,mask_fix,Author-Independent Ambiguous,the narrator receiving the note,my boyfriend ... me with a handwritten note
form_redo_11,15,6337,a,mask_fix,Author-Relevant Ambiguous,a horror fan who loves haunted house experiences,I felt ... when i went to an in person ... experience for halloween
form_redo_11,16,41722,a,mask_fix,Author-Relevant Ambiguous,"the narrator, raised in a homophobic environment","I felt ... when I was able to hold hands with and kiss my girlfriend in public and not feel any shame, despite growing up in an extremely homophobic environment."
form_redo_11,17,3328,a,mask_fix,Unambiguous,someone eating alone at home who cooked the meal themselves,I felt ... when I ate a meal which had sausages and when i bit into a sausage it had gristle in it
form_redo_11,18,4571,a,replacement,Author-Relevant Ambiguous,a child too intimidated by her harasser's social standing in class to speak up,"In elementary school one of my male classmates starting to sexually harass me everyday, touching me inappropriately in all different places multiple times a day, I was too ... to tell anyone or tell him off."
form_redo_11,19,4874,a,mask_fix,Unambiguous,someone in a long-distance relationship reunited after months apart,I felt ... because I was able to see my girlfriend.
form_redo_11,20,2105,b,replacement,Author-Relevant Ambiguous,a top student who expected to pass easily,I felt ... when I passed my exams.
form_redo_11,21,52833,a,mask_fix,Unambiguous,a team player relying on teammates during a game,I was playing in a team game and had to ... my team mates.
form_redo_11,22,41208,a,mask_fix,Author-Independent Ambiguous,a young athlete who has been mocked for her height her whole life,"I felt ... when I was at a track and field meet in 5th grade. I was running the 100m, and all of the girls I was competing against were much taller than me. They all said to me ""you're not going to win. You're too short. Short people are not fast."" Anyway, I ended up absolutely SMOKING all of them and getting first place. They all looked at me in such disbelief. It was awesome."
form_redo_11,23,51258,b,mask_fix,Unambiguous,someone who already has a full house of pets and this is just one more,I adopted my cat Sandy because she is like my child and she brings me a ton of ....
form_redo_11,24,52520,a,replacement,Author-Relevant Ambiguous,someone who rarely enters competitions,when i won a £500 john lewis voucher
form_redo_11,25,4497,a,mask_fix,Unambiguous,someone whose home was previously damaged by a lightning strike,"I felt ... when there was a power outage in my home. That day, my wife and I were cuddling in the sitting room when a thunderstorm started. Then ... filled me when thunder hit our roof and all the lights went off."
form_redo_11,26,2182,b,mask_fix,Author-Relevant Ambiguous,an adult recalling workplace mockery from colleagues they considered friends but who crossed a line,I was bullied badly and everyone made fun of me in a situation that made me feel ...
form_redo_11,27,52866,b,replacement,Author-Relevant Ambiguous,the aunt being confronted about her treatment of the narrator,I heard my mom giving my aunt hell for treating me crappy. I knew i could ... my mom to stand up for me
form_redo_11,28,52679,b,mask_fix,Author-Independent Ambiguous,the 3-year-old being asked to do the task,"I gave my son some rubbish to put in the bin. I was able to ... him to do this by himself, he is 3 years old ."
form_redo_11,29,5880,a,mask_fix,Unambiguous,"a patient going in for a minor, routine outpatient procedure",I felt ... going in to hospital
form_redo_12,1,6337,a,mask_fix,Author-Relevant Ambiguous,a horror fan who loves haunted house experiences,I felt ... when i went to an in person ... experience for halloween
form_redo_12,2,4571,a,replacement,Author-Relevant Ambiguous,a child too intimidated by her harasser's social standing in class to speak up,"In elementary school one of my male classmates starting to sexually harass me everyday, touching me inappropriately in all different places multiple times a day, I was too ... to tell anyone or tell him off."
form_redo_12,3,41789,b,mask_fix,Unambiguous,the surgeon performing the operation,"4 years ago i had open heart surgery done.  I was new to the hospital and knew none of the doctors or nurses, even though I did not know the surgeon I implicitly ... him and his decisions."
form_redo_12,4,2168,b,mask_fix,Author-Relevant Ambiguous,someone quick to anger who frequently bickers with casual acquaintances,I felt ... when arguing with a friend
form_redo_12,5,51688,b,mask_fix,Unambiguous,a professional tabletop game designer testing content with friends,"I am ... of my D&D campaigns. Between myself and my friends, I am the dungeon master and designer of our tabletop games. I am ... my players enjoyed my work, they invest in the plots, feel emotion from the music and events and that they enjoy our shared story adventures"
form_redo_12,6,3328,a,mask_fix,Unambiguous,someone eating alone at home who cooked the meal themselves,I felt ... when I ate a meal which had sausages and when i bit into a sausage it had gristle in it
form_redo_12,7,52823,a,mask_fix,Author-Independent Ambiguous,a new mother watching her husband hold their baby,My baby was born and I felt a ... for my husband I had never felt before when he first held her whilst I was still beingClosed up where I knew he would always keep her and the rest of our family safe
form_redo_12,8,51258,b,mask_fix,Unambiguous,someone who already has a full house of pets and this is just one more,I adopted my cat Sandy because she is like my child and she brings me a ton of ....
form_redo_12,9,41208,a,mask_fix,Author-Independent Ambiguous,a young athlete who has been mocked for her height her whole life,"I felt ... when I was at a track and field meet in 5th grade. I was running the 100m, and all of the girls I was competing against were much taller than me. They all said to me ""you're not going to win. You're too short. Short people are not fast."" Anyway, I ended up absolutely SMOKING all of them and getting first place. They all looked at me in such disbelief. It was awesome."
form_redo_12,10,51249,b,mask_fix,Unambiguous,two co-founders who formalized a business partnership,I felt ... when I became partners with my partner
form_redo_12,11,3431,b,mask_fix,Unambiguous,an adult who has had recurring night terrors for years and recognizes what's happening,I felt ... when i had a night terror.
form_redo_12,12,2105,b,replacement,Author-Relevant Ambiguous,a top student who expected to pass easily,I felt ... when I passed my exams.
form_redo_12,13,52520,a,replacement,Author-Relevant Ambiguous,someone who rarely enters competitions,when i won a £500 john lewis voucher
form_redo_12,14,5880,a,mask_fix,Unambiguous,"a patient going in for a minor, routine outpatient procedure",I felt ... going in to hospital
form_redo_12,15,5688,a,mask_fix,Author-Independent Ambiguous,one of the college-age women being flirted with,I felt ... when I watched a grown man try to flirt with new college age girls and I.
form_redo_12,16,61094,b,mask_fix,Author-Independent Ambiguous,a friend back home hearing about the move,I felt ... when I moved to a new country with my partner.
form_redo_12,17,52679,b,mask_fix,Author-Independent Ambiguous,the 3-year-old being asked to do the task,"I gave my son some rubbish to put in the bin. I was able to ... him to do this by himself, he is 3 years old ."
form_redo_12,18,52614,a,mask_fix,Author-Independent Ambiguous,the narrator receiving the note,my boyfriend ... me with a handwritten note
form_redo_12,19,2224,a,replacement,Author-Relevant Ambiguous,someone who has been let down by travel companions before,I knew I could rely on a friend on holiday as I have had previous bad experiences with holidays with friends
form_redo_12,20,51054,a,replacement,Author-Relevant Ambiguous,a teenager insecure about her appearance after years of being bullied about her teeth,"I felt ... when as a young adult I wore braces on my teeth and I hated them, even though it was my choice to get them. I was visiting my younger sister who was working overseas and we had a brilliant time together. She took lots of photos of us, had them developed (it was the 1990s!) and sent them to my family. In one picture in particular, all I could see were these awful braces. I couldn't see anything else - the fabulous place we were in, the gorgeous outfits we were wearing, how lovely our hair was as we'd treated ourselves to getting blowdries, and I wrote her the most horrible letter saying that the only reason she'd sent that photo was to prove how gorgeous she was compared to me, she knew how ugly I was and that I was sorry I'd ever visited her in the first place. To this day I still feel so awful for writing that letter. She could only see the fun time we were having - I was the one with the complex about my teeth."
form_redo_12,21,52833,a,mask_fix,Unambiguous,a team player relying on teammates during a game,I was playing in a team game and had to ... my team mates.
form_redo_12,22,2182,b,mask_fix,Author-Relevant Ambiguous,an adult recalling workplace mockery from colleagues they considered friends but who crossed a line,I was bullied badly and everyone made fun of me in a situation that made me feel ...
form_redo_12,23,6869,a,mask_fix,Author-Independent Ambiguous,"someone who had been planning a future, like marriage, with this partner",I felt ... when my ex boyfriend of 7 years cheated on me.
form_redo_12,24,4497,a,mask_fix,Unambiguous,someone whose home was previously damaged by a lightning strike,"I felt ... when there was a power outage in my home. That day, my wife and I were cuddling in the sitting room when a thunderstorm started. Then ... filled me when thunder hit our roof and all the lights went off."
form_redo_12,25,52866,b,replacement,Author-Relevant Ambiguous,the aunt being confronted about her treatment of the narrator,I heard my mom giving my aunt hell for treating me crappy. I knew i could ... my mom to stand up for me
form_redo_12,26,3443,a,mask_fix,Unambiguous,someone with a pre-existing respiratory condition living alone,I felt ... when I thought I had COVID-19 a few days ago
form_redo_12,27,4874,a,mask_fix,Unambiguous,someone in a long-distance relationship reunited after months apart,I felt ... because I was able to see my girlfriend.
form_redo_12,28,6957,a,mask_fix,Author-Independent Ambiguous,"the narrator, the sister who told the story","I felt ... when my I told an ... story about my sister in front of her friends. It was an ... story about when she was learning to potty train as a child. I thought the story was funny but my sister felt really upset and ... that I told it. After I told that story, I felt ... because I ... my sister and made her feel bad when I know that if she would do the same thing to me, that I would be very upset."
form_redo_12,29,41722,a,mask_fix,Author-Relevant Ambiguous,"the narrator, raised in a homophobic environment","I felt ... when I was able to hold hands with and kiss my girlfriend in public and not feel any shame, despite growing up in an extremely homophobic environment."
form_redo_13,1,51688,b,mask_fix,Unambiguous,a professional tabletop game designer testing content with friends,"I am ... of my D&D campaigns. Between myself and my friends, I am the dungeon master and designer of our tabletop games. I am ... my players enjoyed my work, they invest in the plots, feel emotion from the music and events and that they enjoy our shared story adventures"
form_redo_13,2,2168,b,mask_fix,Author-Relevant Ambiguous,someone quick to anger who frequently bickers with casual acquaintances,I felt ... when arguing with a friend
form_redo_13,3,52823,a,mask_fix,Author-Independent Ambiguous,a new mother watching her husband hold their baby,My baby was born and I felt a ... for my husband I had never felt before when he first held her whilst I was still beingClosed up where I knew he would always keep her and the rest of our family safe
form_redo_13,4,4874,a,mask_fix,Unambiguous,someone in a long-distance relationship reunited after months apart,I felt ... because I was able to see my girlfriend.
form_redo_13,5,6337,a,mask_fix,Author-Relevant Ambiguous,a horror fan who loves haunted house experiences,I felt ... when i went to an in person ... experience for halloween
form_redo_13,6,41722,a,mask_fix,Author-Relevant Ambiguous,"the narrator, raised in a homophobic environment","I felt ... when I was able to hold hands with and kiss my girlfriend in public and not feel any shame, despite growing up in an extremely homophobic environment."
form_redo_13,7,52614,a,mask_fix,Author-Independent Ambiguous,the narrator receiving the note,my boyfriend ... me with a handwritten note
form_redo_13,8,378,b,mask_fix,Author-Relevant Ambiguous,"someone estranged from their mother, cautiously trying to reconnect","I felt ... when my mom did something wrong and immature. When I tried to talk to her about how wrong her behaviour was, she gaslight me and played the vicitm."
form_redo_13,9,51054,a,replacement,Author-Relevant Ambiguous,a teenager insecure about her appearance after years of being bullied about her teeth,"I felt ... when as a young adult I wore braces on my teeth and I hated them, even though it was my choice to get them. I was visiting my younger sister who was working overseas and we had a brilliant time together. She took lots of photos of us, had them developed (it was the 1990s!) and sent them to my family. In one picture in particular, all I could see were these awful braces. I couldn't see anything else - the fabulous place we were in, the gorgeous outfits we were wearing, how lovely our hair was as we'd treated ourselves to getting blowdries, and I wrote her the most horrible letter saying that the only reason she'd sent that photo was to prove how gorgeous she was compared to me, she knew how ugly I was and that I was sorry I'd ever visited her in the first place. To this day I still feel so awful for writing that letter. She could only see the fun time we were having - I was the one with the complex about my teeth."
form_redo_13,10,6957,a,mask_fix,Author-Independent Ambiguous,"the narrator, the sister who told the story","I felt ... when my I told an ... story about my sister in front of her friends. It was an ... story about when she was learning to potty train as a child. I thought the story was funny but my sister felt really upset and ... that I told it. After I told that story, I felt ... because I ... my sister and made her feel bad when I know that if she would do the same thing to me, that I would be very upset."
form_redo_13,11,52520,a,replacement,Author-Relevant Ambiguous,someone who rarely enters competitions,when i won a £500 john lewis voucher
form_redo_13,12,52679,b,mask_fix,Author-Independent Ambiguous,the 3-year-old being asked to do the task,"I gave my son some rubbish to put in the bin. I was able to ... him to do this by himself, he is 3 years old ."
form_redo_13,13,5688,a,mask_fix,Author-Independent Ambiguous,one of the college-age women being flirted with,I felt ... when I watched a grown man try to flirt with new college age girls and I.
form_redo_13,14,3493,b,mask_fix,Author-Independent Ambiguous,someone who broke a personal promise to a friend not to pursue their sibling,I felt ... when I slept with someone I shouldn’t of
form_redo_13,15,5880,a,mask_fix,Unambiguous,"a patient going in for a minor, routine outpatient procedure",I felt ... going in to hospital
form_redo_13,16,3431,b,mask_fix,Unambiguous,an adult who has had recurring night terrors for years and recognizes what's happening,I felt ... when i had a night terror.
form_redo_13,17,61094,b,mask_fix,Author-Independent Ambiguous,a friend back home hearing about the move,I felt ... when I moved to a new country with my partner.
form_redo_13,18,41208,a,mask_fix,Author-Independent Ambiguous,a young athlete who has been mocked for her height her whole life,"I felt ... when I was at a track and field meet in 5th grade. I was running the 100m, and all of the girls I was competing against were much taller than me. They all said to me ""you're not going to win. You're too short. Short people are not fast."" Anyway, I ended up absolutely SMOKING all of them and getting first place. They all looked at me in such disbelief. It was awesome."
form_redo_13,19,6869,a,mask_fix,Author-Independent Ambiguous,"someone who had been planning a future, like marriage, with this partner",I felt ... when my ex boyfriend of 7 years cheated on me.
form_redo_13,20,4571,a,replacement,Author-Relevant Ambiguous,a child too intimidated by her harasser's social standing in class to speak up,"In elementary school one of my male classmates starting to sexually harass me everyday, touching me inappropriately in all different places multiple times a day, I was too ... to tell anyone or tell him off."
form_redo_13,21,41789,b,mask_fix,Unambiguous,the surgeon performing the operation,"4 years ago i had open heart surgery done.  I was new to the hospital and knew none of the doctors or nurses, even though I did not know the surgeon I implicitly ... him and his decisions."
form_redo_13,22,2224,a,replacement,Author-Relevant Ambiguous,someone who has been let down by travel companions before,I knew I could rely on a friend on holiday as I have had previous bad experiences with holidays with friends
form_redo_13,23,52866,b,replacement,Author-Relevant Ambiguous,the aunt being confronted about her treatment of the narrator,I heard my mom giving my aunt hell for treating me crappy. I knew i could ... my mom to stand up for me
form_redo_13,24,2182,b,mask_fix,Author-Relevant Ambiguous,an adult recalling workplace mockery from colleagues they considered friends but who crossed a line,I was bullied badly and everyone made fun of me in a situation that made me feel ...
form_redo_13,25,51258,b,mask_fix,Unambiguous,someone who already has a full house of pets and this is just one more,I adopted my cat Sandy because she is like my child and she brings me a ton of ....
form_redo_13,26,52833,a,mask_fix,Unambiguous,a team player relying on teammates during a game,I was playing in a team game and had to ... my team mates.
form_redo_13,27,3328,a,mask_fix,Unambiguous,someone eating alone at home who cooked the meal themselves,I felt ... when I ate a meal which had sausages and when i bit into a sausage it had gristle in it
form_redo_13,28,3443,a,mask_fix,Unambiguous,someone with a pre-existing respiratory condition living alone,I felt ... when I thought I had COVID-19 a few days ago
form_redo_13,29,2105,b,replacement,Author-Relevant Ambiguous,a top student who expected to pass easily,I felt ... when I passed my exams.
form_redo_14,1,61094,a,mask_fix,Author-Independent Ambiguous,the narrator moving to a new country with their partner,I felt ... when I moved to a new country with my partner.
form_redo_14,2,41082,a,mask_fix,Unambiguous,a hobbyist art student who has long doubted their own talent,I felt ... when I completed a drawing and my art instructor complimented my skill and attention to detail
form_redo_14,3,41581,b,replacement,Author-Relevant Ambiguous,someone who terminated under social and family pressure,aborted my baby
form_redo_14,4,3645,a,mask_fix,Author-Independent Ambiguous,a first-generation student whose family sacrificed for her education,I felt ... when I found out I was accepted into graduate school because I was scared that I was not going to make it in and that I was going to have to wait another year to re-apply.
form_redo_14,5,51263,b,mask_fix,Author-Independent Ambiguous,someone who asked on a casual whim without much invested emotionally,"I felt ... when I asked someone I used to work with for a date. We always got on at work and when I left I was nervous about asking her to go on a date, but when I did I felt instant ... just from the relief of worrying about it and her saying yes."
form_redo_14,6,378,b,mask_fix,Author-Relevant Ambiguous,"someone estranged from their mother, cautiously trying to reconnect","I felt ... when my mom did something wrong and immature. When I tried to talk to her about how wrong her behaviour was, she gaslight me and played the vicitm."
form_redo_14,7,52777,a,mask_fix,Author-Independent Ambiguous,a student who took a risk skipping tutoring,"An example of ... for me was in related to my education. Prior to undergrad, I had been severely behind and informed my teacher that I would need a tutor. I wanted to get one as I had an opportunity to secure one before school began, and it would be very hard for me to find one after school begun. I also knew this would be a financial investment. My teacher told me that she assured me that I would not need a tutor and she would provide all the extra help I needed. I was hesitant at first, considering she had hundreds of other students to help, but in the end, I took her advice and did not get a tutor. That class was amazing. She managed to catch me up completely wherever I needed it and dedicated lots of time for me after school. This was a time where I took a risk and ... my teacher, and this ... payed off."
form_redo_14,8,52520,b,replacement,Author-Relevant Ambiguous,someone who enters raffles regularly,when i won a £500 john lewis voucher
form_redo_14,9,52709,a,replacement,Author-Relevant Ambiguous,someone not usually trusted with secrets,Someone told me a secret
form_redo_14,10,922,a,mask_fix,Author-Independent Ambiguous,the narrator on her wedding day,"I got married to my husband. When we said our vows, I ... that they meant them and that I was safe."
form_redo_14,11,41548,b,mask_fix,Author-Relevant Ambiguous,someone who made the profile impulsively out of insecurity but never actually met anyone or cheated physically,I felt ... when my boyfriend found out that I had a secret Tinder (dating app) profile and had used it during our relationship.
form_redo_14,12,5575,b,replacement,Author-Relevant Ambiguous,a passerby,I saw someone shouting at their wife very aggressively outside my window
form_redo_14,13,5914,b,mask_fix,Unambiguous,a mother who previously lost a baby during childbirth,"I was in labour december last year, my pain was worse than I remembered with my previous pregnancies and my waters still hadn’t broken. The ambulance was called and I was ... that something was wrong with my baby or me. We were rushed to hospital and the pain kept intensifying, until my waters broke suddenly and my baby arrived, safe and well."
form_redo_14,14,4592,b,replacement,Author-Relevant Ambiguous,a horror enthusiast who seeks out haunted houses for the thrill,I felt ... when I went to a haunted house amusement park.
form_redo_14,15,7198,b,replacement,Author-Relevant Ambiguous,someone who didn't think they were in the running,I got promoted.
form_redo_14,16,51081,a,mask_fix,Author-Relevant Ambiguous,someone who started the fight with friends over something trivial,I felt ... when I fought with my friends.
form_redo_14,17,41789,a,mask_fix,Unambiguous,the patient before open heart surgery,"4 years ago i had open heart surgery done.  I was new to the hospital and knew none of the doctors or nurses, even though I did not know the surgeon I implicitly ... him and his decisions."
form_redo_14,18,2172,a,replacement,Author-Relevant Ambiguous,a young adult,I was diagnosed with fibromyalgia
form_redo_14,19,4874,b,mask_fix,Unambiguous,someone who sees their girlfriend every day as a matter of routine,I felt ... because I was able to see my girlfriend.
form_redo_14,20,41641,b,mask_fix,Unambiguous,a family friend who helped keep the party secret,A time o felt ... is when my mom and friends planned a ... bday party for my 17th bday.
form_redo_14,21,3493,a,mask_fix,Author-Independent Ambiguous,someone who was in a committed relationship at the time,I felt ... when I slept with someone I shouldn’t of
form_redo_14,22,41671,a,mask_fix,Author-Relevant Ambiguous,the wrestler who won the historic match,I felt ... when I had won the first woman's greco roman style wrestling match in my countries province. I was not told before hand that the tournament I was wrestling at was going to be the first to offer this style of wrestling to women. I was just the first match that was up and I won.
form_redo_14,23,41378,b,mask_fix,Unambiguous,a veterinarian who performs euthanasia procedures regularly but this is their own pet,I knew I needed to put my dog Holly to sleep. It was awful but I knew it was the right thing to do to stop her suffering she looked so ... most of the time.
form_redo_14,24,641,a,mask_fix,Unambiguous,a top student who has never questioned their grading before,I felt ... when I got a bad mark on an assignment because of unfair marking.
form_redo_14,25,51688,a,mask_fix,Unambiguous,a socially awkward hobbyist finally excelling at something creative,"I am ... of my D&D campaigns. Between myself and my friends, I am the dungeon master and designer of our tabletop games. I am ... my players enjoyed my work, they invest in the plots, feel emotion from the music and events and that they enjoy our shared story adventures"
form_redo_14,26,5609,b,mask_fix,Author-Relevant Ambiguous,a frequent blood donor used to needle sticks,"I felt ... when I had to have a blood test and the nurse had trouble finding a suitable vein to draw the sample from. I usually do not feel nervous or ... before having a test done but this particular time I did because she had the tourniquet on my arm for a very long time and was pushing and pulling around to try and get a vein. She did get a vein but she did not give me anything to rest my arm on while having my blood drawn so it was a bit of an awkward and uncomfortable angle and I could feel the needle moving around in my arm. Due to this, I felt quite sick and ... and I actually ended up feeling quite hot and I was really anxious that I might faint! Each time I thought about it afterwards, I felt queasy and my arm bruised quite badly afterwards."
form_redo_14,27,52614,b,mask_fix,Author-Independent Ambiguous,the boyfriend who wrote and left the note,my boyfriend ... me with a handwritten note
form_redo_14,28,41629,b,replacement,Author-Relevant Ambiguous,a fan of a team expected to win easily,My football team won
form_redo_14,29,441,a,mask_fix,Author-Relevant Ambiguous,"a woman recently discovering the infidelity, blindsided",I felt ... because my boyfriend cheated on me
form_redo_15,1,3426,a,mask_fix,Unambiguous,a teenage girl walking home with a friend late in the evening,"I felt ... when my friend and I were chased through a forest by an older man on our way home. He stood about 20 metres away from us whilst we were sat on a bench for about 15 minutes and then ran after us when we moved, we hid in a bush and he was searching for us until he was deterred by a dog walker."
form_redo_15,2,31292,b,mask_fix,Unambiguous,the waitress who delivered the news,I felt ... when I went to a restaurant for dinner with a friend. On the evening we went to the restaurant they were running a random competition for diners to win a free meal. We heard an announcement being made and a waitress then appeared at our table and told us that our meal would be free. I felt joy and ... when this happened because it was so unexpected.
form_redo_15,3,41660,b,replacement,Author-Relevant Ambiguous,a newer friend surprised to be chosen over older ones,my friends asked me to be maid of honour
form_redo_15,4,4571,b,replacement,Author-Relevant Ambiguous,a child who blamed herself for what was happening and thought she'd caused it,"In elementary school one of my male classmates starting to sexually harass me everyday, touching me inappropriately in all different places multiple times a day, I was too ... to tell anyone or tell him off."
form_redo_15,5,2212,b,mask_fix,Author-Relevant Ambiguous,a veterinarian discussing normal cat sleeping behavior,I felt ... when my cat sleeps by me
form_redo_15,6,3936,b,mask_fix,Author-Independent Ambiguous,a legacy applicant whose family has attended for generations,I felt ... when I got into university
form_redo_15,7,2224,b,replacement,Author-Relevant Ambiguous,someone who has always had good experiences traveling with friends,I knew I could rely on a friend on holiday as I have had previous bad experiences with holidays with friends
form_redo_15,8,5642,a,replacement,Author-Relevant Ambiguous,a wife,My husband had an affair
form_redo_15,9,41722,b,mask_fix,Author-Relevant Ambiguous,a passerby who witnesses a couple holding hands in public,"I felt ... when I was able to hold hands with and kiss my girlfriend in public and not feel any shame, despite growing up in an extremely homophobic environment."
form_redo_15,10,6218,b,replacement,Author-Relevant Ambiguous,someone who lied purely for personal gain and got away with it,I felt ... because I lied about something
form_redo_15,11,3975,b,replacement,Author-Relevant Ambiguous,someone converting into a role they were always guaranteed to get,I felt ... when I got a job at my current position permanently.
form_redo_15,12,3283,a,mask_fix,Author-Independent Ambiguous,a woman who has had to make a difficult reproductive health decision herself,I felt ... when I listened to a man’s pro life views after the passing of the new Texas heartbeat law
form_redo_15,13,52822,a,mask_fix,Unambiguous,a patient with a rare disease seeing a specialist,"I was diagnosed with a rare blood disease and had to see a specialist. His knowledge and expertise in a field that most doctors I had encountered before knew nothing about, made me ... him greatly."
form_redo_15,14,52828,b,mask_fix,Author-Relevant Ambiguous,gym staff enforcing routine vaccine and ID checks,I felt ... when the gym staff were actively checking for covid vax documents and proper ID.
form_redo_15,15,41082,b,mask_fix,Unambiguous,a professional illustrator taking a casual weekend class for fun,I felt ... when I completed a drawing and my art instructor complimented my skill and attention to detail
form_redo_15,16,52822,b,mask_fix,Unambiguous,the specialist treating a rare case,"I was diagnosed with a rare blood disease and had to see a specialist. His knowledge and expertise in a field that most doctors I had encountered before knew nothing about, made me ... him greatly."
form_redo_15,17,31015,b,mask_fix,Unambiguous,"someone in a secure, low-conflict relationship who was only mildly disappointed",I felt ... when my boyfriend didn't text me back in a timely manner. He has moved to another city for college. We used to hang a lot before he left so when we couldn't see each other like how I wanted to it made me feel very .... I want him to myself which I know is selfish now but then it made me ... and brokenhearted. I cried for a few days. I do have relationship anxiety so I think that was a big part of it. I'm okay now I haven't cried about it. We talked it through and I feel better about the situation.
form_redo_15,18,3319,a,mask_fix,Author-Independent Ambiguous,someone casually cleaning up after cooking a big home meal,I felt ... when I looked down at my shoe while washing dishes and saw I had ravioli stuck to it from the pan I had just finished scraping out.
form_redo_15,19,641,b,mask_fix,Unambiguous,a student who has previously filed grievances about inconsistent grading in this course,I felt ... when I got a bad mark on an assignment because of unfair marking.
form_redo_15,20,3328,b,mask_fix,Unambiguous,a diner at an expensive restaurant who paid a premium for the meal,I felt ... when I ate a meal which had sausages and when i bit into a sausage it had gristle in it
form_redo_15,21,4146,b,mask_fix,Unambiguous,a well-off student with plenty of other food options in the shared freezer,I felt ... when I was at uni and someone stole my fishcake from the freezer. Had nothing to eat in the evening that day.
form_redo_15,22,61031,a,mask_fix,Unambiguous,a wife relying on her husband's steady support,my husband is always there for me and i can ... that no matter what he will be there for our child and do what ittakes to provide for us as a family
form_redo_15,23,287,b,mask_fix,Unambiguous,someone who tagged along with a friend without being a big fan,"I felt ... the last time I was at a concert of my favourite band, watching the band walk out on stage felt magical and hearing all my favourite songs live was bliss"
form_redo_15,24,3528,a,replacement,Author-Relevant Ambiguous,someone raised in real poverty who still carries anxiety about financial security,"I felt ... whenever I think about how my life could be with another man. I love my boyfriend of two years very much but I still think about my ex a lot because it just felt unresolved (though I'm not entirely sure resolving it would change much). It's mostly because my ex was extremely wealthy and although my current bf and I are well off for our age, it's tough when I consider that I could be flown around in a private jet instead. I feel extremely ... thinking about this and typing it out because I don't want to sound greedy. I just grew up in the lowest income bracket and I can't help but be enticed by money as it was such a barrier growing up. I'm trying really hard to develop a healthier relationship with it as I grow older."
form_redo_15,25,5609,a,mask_fix,Author-Relevant Ambiguous,someone with a diagnosed needle phobia,"I felt ... when I had to have a blood test and the nurse had trouble finding a suitable vein to draw the sample from. I usually do not feel nervous or ... before having a test done but this particular time I did because she had the tourniquet on my arm for a very long time and was pushing and pulling around to try and get a vein. She did get a vein but she did not give me anything to rest my arm on while having my blood drawn so it was a bit of an awkward and uncomfortable angle and I could feel the needle moving around in my arm. Due to this, I felt quite sick and ... and I actually ended up feeling quite hot and I was really anxious that I might faint! Each time I thought about it afterwards, I felt queasy and my arm bruised quite badly afterwards."
form_redo_15,26,2198,b,replacement,Author-Relevant Ambiguous,a neutral fan watching for the spectacle,England scored in the 2n minute of the Euros final
form_redo_15,27,2182,a,mask_fix,Author-Relevant Ambiguous,"a child targeted by classmates for something out of their control, like appearance or family background",I was bullied badly and everyone made fun of me in a situation that made me feel ...
form_redo_15,28,378,b,mask_fix,Author-Relevant Ambiguous,"someone estranged from their mother, cautiously trying to reconnect","I felt ... when my mom did something wrong and immature. When I tried to talk to her about how wrong her behaviour was, she gaslight me and played the vicitm."
form_redo_15,29,7179,a,mask_fix,Author-Independent Ambiguous,"someone who has lived with chronic depression for years, for whom this is one more low point",I regularly feel ... due to mental illness but the last night I a specific event triggered ... was when my brother was angry at me.
form_redo_15,30,6789,b,mask_fix,Unambiguous,an investor buying an additional property with other housing options available,I felt ... when we had an our offer accepted for the house we now call our home. We had sold our then current property and we due to exchange in a couple of weeks despite the fact we had nowhere else to go yet. Thankfully everything fell in to place at the last minute and it was a huge ... for us all!
form_redo_16,1,2198,b,replacement,Author-Relevant Ambiguous,a neutral fan watching for the spectacle,England scored in the 2n minute of the Euros final
form_redo_16,2,6218,b,replacement,Author-Relevant Ambiguous,someone who lied purely for personal gain and got away with it,I felt ... because I lied about something
form_redo_16,3,2224,b,replacement,Author-Relevant Ambiguous,someone who has always had good experiences traveling with friends,I knew I could rely on a friend on holiday as I have had previous bad experiences with holidays with friends
form_redo_16,4,5609,a,mask_fix,Author-Relevant Ambiguous,someone with a diagnosed needle phobia,"I felt ... when I had to have a blood test and the nurse had trouble finding a suitable vein to draw the sample from. I usually do not feel nervous or ... before having a test done but this particular time I did because she had the tourniquet on my arm for a very long time and was pushing and pulling around to try and get a vein. She did get a vein but she did not give me anything to rest my arm on while having my blood drawn so it was a bit of an awkward and uncomfortable angle and I could feel the needle moving around in my arm. Due to this, I felt quite sick and ... and I actually ended up feeling quite hot and I was really anxious that I might faint! Each time I thought about it afterwards, I felt queasy and my arm bruised quite badly afterwards."
form_redo_16,5,4146,b,mask_fix,Unambiguous,a well-off student with plenty of other food options in the shared freezer,I felt ... when I was at uni and someone stole my fishcake from the freezer. Had nothing to eat in the evening that day.
form_redo_16,6,378,a,mask_fix,Author-Relevant Ambiguous,an adult child who has been repeatedly gaslit by this parent for years,"I felt ... when my mom did something wrong and immature. When I tried to talk to her about how wrong her behaviour was, she gaslight me and played the vicitm."
form_redo_16,7,41660,b,replacement,Author-Relevant Ambiguous,a newer friend surprised to be chosen over older ones,my friends asked me to be maid of honour
form_redo_16,8,3975,b,replacement,Author-Relevant Ambiguous,someone converting into a role they were always guaranteed to get,I felt ... when I got a job at my current position permanently.
form_redo_16,9,3936,b,mask_fix,Author-Independent Ambiguous,a legacy applicant whose family has attended for generations,I felt ... when I got into university
form_redo_16,10,6789,b,mask_fix,Unambiguous,an investor buying an additional property with other housing options available,I felt ... when we had an our offer accepted for the house we now call our home. We had sold our then current property and we due to exchange in a couple of weeks despite the fact we had nowhere else to go yet. Thankfully everything fell in to place at the last minute and it was a huge ... for us all!
form_redo_16,11,31015,b,mask_fix,Unambiguous,"someone in a secure, low-conflict relationship who was only mildly disappointed",I felt ... when my boyfriend didn't text me back in a timely manner. He has moved to another city for college. We used to hang a lot before he left so when we couldn't see each other like how I wanted to it made me feel very .... I want him to myself which I know is selfish now but then it made me ... and brokenhearted. I cried for a few days. I do have relationship anxiety so I think that was a big part of it. I'm okay now I haven't cried about it. We talked it through and I feel better about the situation.
form_redo_16,12,52822,b,mask_fix,Unambiguous,the specialist treating a rare case,"I was diagnosed with a rare blood disease and had to see a specialist. His knowledge and expertise in a field that most doctors I had encountered before knew nothing about, made me ... him greatly."
form_redo_16,13,52828,b,mask_fix,Author-Relevant Ambiguous,gym staff enforcing routine vaccine and ID checks,I felt ... when the gym staff were actively checking for covid vax documents and proper ID.
form_redo_16,14,41082,b,mask_fix,Unambiguous,a professional illustrator taking a casual weekend class for fun,I felt ... when I completed a drawing and my art instructor complimented my skill and attention to detail
form_redo_16,15,4571,b,replacement,Author-Relevant Ambiguous,a child who blamed herself for what was happening and thought she'd caused it,"In elementary school one of my male classmates starting to sexually harass me everyday, touching me inappropriately in all different places multiple times a day, I was too ... to tell anyone or tell him off."
form_redo_16,16,5642,a,replacement,Author-Relevant Ambiguous,a wife,My husband had an affair
form_redo_16,17,41722,b,mask_fix,Author-Relevant Ambiguous,a passerby who witnesses a couple holding hands in public,"I felt ... when I was able to hold hands with and kiss my girlfriend in public and not feel any shame, despite growing up in an extremely homophobic environment."
form_redo_16,18,61031,a,mask_fix,Unambiguous,a wife relying on her husband's steady support,my husband is always there for me and i can ... that no matter what he will be there for our child and do what ittakes to provide for us as a family
form_redo_16,19,3528,a,replacement,Author-Relevant Ambiguous,someone raised in real poverty who still carries anxiety about financial security,"I felt ... whenever I think about how my life could be with another man. I love my boyfriend of two years very much but I still think about my ex a lot because it just felt unresolved (though I'm not entirely sure resolving it would change much). It's mostly because my ex was extremely wealthy and although my current bf and I are well off for our age, it's tough when I consider that I could be flown around in a private jet instead. I feel extremely ... thinking about this and typing it out because I don't want to sound greedy. I just grew up in the lowest income bracket and I can't help but be enticed by money as it was such a barrier growing up. I'm trying really hard to develop a healthier relationship with it as I grow older."
form_redo_16,20,3426,a,mask_fix,Unambiguous,a teenage girl walking home with a friend late in the evening,"I felt ... when my friend and I were chased through a forest by an older man on our way home. He stood about 20 metres away from us whilst we were sat on a bench for about 15 minutes and then ran after us when we moved, we hid in a bush and he was searching for us until he was deterred by a dog walker."
form_redo_16,21,641,b,mask_fix,Unambiguous,a student who has previously filed grievances about inconsistent grading in this course,I felt ... when I got a bad mark on an assignment because of unfair marking.
form_redo_16,22,3319,a,mask_fix,Author-Independent Ambiguous,someone casually cleaning up after cooking a big home meal,I felt ... when I looked down at my shoe while washing dishes and saw I had ravioli stuck to it from the pan I had just finished scraping out.
form_redo_16,23,2212,b,mask_fix,Author-Relevant Ambiguous,a veterinarian discussing normal cat sleeping behavior,I felt ... when my cat sleeps by me
form_redo_16,24,3283,a,mask_fix,Author-Independent Ambiguous,a woman who has had to make a difficult reproductive health decision herself,I felt ... when I listened to a man’s pro life views after the passing of the new Texas heartbeat law
form_redo_16,25,7179,a,mask_fix,Author-Independent Ambiguous,"someone who has lived with chronic depression for years, for whom this is one more low point",I regularly feel ... due to mental illness but the last night I a specific event triggered ... was when my brother was angry at me.
form_redo_16,26,287,b,mask_fix,Unambiguous,someone who tagged along with a friend without being a big fan,"I felt ... the last time I was at a concert of my favourite band, watching the band walk out on stage felt magical and hearing all my favourite songs live was bliss"
form_redo_16,27,2182,a,mask_fix,Author-Relevant Ambiguous,"a child targeted by classmates for something out of their control, like appearance or family background",I was bullied badly and everyone made fun of me in a situation that made me feel ...
form_redo_16,28,52822,a,mask_fix,Unambiguous,a patient with a rare disease seeing a specialist,"I was diagnosed with a rare blood disease and had to see a specialist. His knowledge and expertise in a field that most doctors I had encountered before knew nothing about, made me ... him greatly."
form_redo_16,29,3328,b,mask_fix,Unambiguous,a diner at an expensive restaurant who paid a premium for the meal,I felt ... when I ate a meal which had sausages and when i bit into a sausage it had gristle in it
form_redo_16,30,31292,b,mask_fix,Unambiguous,the waitress who delivered the news,I felt ... when I went to a restaurant for dinner with a friend. On the evening we went to the restaurant they were running a random competition for diners to win a free meal. We heard an announcement being made and a waitress then appeared at our table and told us that our meal would be free. I felt joy and ... when this happened because it was so unexpected.
form_redo_17,1,51263,b,mask_fix,Author-Independent Ambiguous,someone who asked on a casual whim without much invested emotionally,"I felt ... when I asked someone I used to work with for a date. We always got on at work and when I left I was nervous about asking her to go on a date, but when I did I felt instant ... just from the relief of worrying about it and her saying yes."
form_redo_17,2,922,a,mask_fix,Author-Independent Ambiguous,the narrator on her wedding day,"I got married to my husband. When we said our vows, I ... that they meant them and that I was safe."
form_redo_17,3,3493,a,mask_fix,Author-Independent Ambiguous,someone who was in a committed relationship at the time,I felt ... when I slept with someone I shouldn’t of
form_redo_17,4,4874,b,mask_fix,Unambiguous,someone who sees their girlfriend every day as a matter of routine,I felt ... because I was able to see my girlfriend.
form_redo_17,5,41581,b,replacement,Author-Relevant Ambiguous,someone who terminated under social and family pressure,aborted my baby
form_redo_17,6,378,a,mask_fix,Author-Relevant Ambiguous,an adult child who has been repeatedly gaslit by this parent for years,"I felt ... when my mom did something wrong and immature. When I tried to talk to her about how wrong her behaviour was, she gaslight me and played the vicitm."
form_redo_17,7,41671,a,mask_fix,Author-Relevant Ambiguous,the wrestler who won the historic match,I felt ... when I had won the first woman's greco roman style wrestling match in my countries province. I was not told before hand that the tournament I was wrestling at was going to be the first to offer this style of wrestling to women. I was just the first match that was up and I won.
form_redo_17,8,7198,b,replacement,Author-Relevant Ambiguous,someone who didn't think they were in the running,I got promoted.
form_redo_17,9,52709,a,replacement,Author-Relevant Ambiguous,someone not usually trusted with secrets,Someone told me a secret
form_redo_17,10,51081,a,mask_fix,Author-Relevant Ambiguous,someone who started the fight with friends over something trivial,I felt ... when I fought with my friends.
form_redo_17,11,52777,a,mask_fix,Author-Independent Ambiguous,a student who took a risk skipping tutoring,"An example of ... for me was in related to my education. Prior to undergrad, I had been severely behind and informed my teacher that I would need a tutor. I wanted to get one as I had an opportunity to secure one before school began, and it would be very hard for me to find one after school begun. I also knew this would be a financial investment. My teacher told me that she assured me that I would not need a tutor and she would provide all the extra help I needed. I was hesitant at first, considering she had hundreds of other students to help, but in the end, I took her advice and did not get a tutor. That class was amazing. She managed to catch me up completely wherever I needed it and dedicated lots of time for me after school. This was a time where I took a risk and ... my teacher, and this ... payed off."
form_redo_17,12,41789,a,mask_fix,Unambiguous,the patient before open heart surgery,"4 years ago i had open heart surgery done.  I was new to the hospital and knew none of the doctors or nurses, even though I did not know the surgeon I implicitly ... him and his decisions."
form_redo_17,13,41629,b,replacement,Author-Relevant Ambiguous,a fan of a team expected to win easily,My football team won
form_redo_17,14,52614,b,mask_fix,Author-Independent Ambiguous,the boyfriend who wrote and left the note,my boyfriend ... me with a handwritten note
form_redo_17,15,41378,b,mask_fix,Unambiguous,a veterinarian who performs euthanasia procedures regularly but this is their own pet,I knew I needed to put my dog Holly to sleep. It was awful but I knew it was the right thing to do to stop her suffering she looked so ... most of the time.
form_redo_17,16,5575,b,replacement,Author-Relevant Ambiguous,a passerby,I saw someone shouting at their wife very aggressively outside my window
form_redo_17,17,52520,b,replacement,Author-Relevant Ambiguous,someone who enters raffles regularly,when i won a £500 john lewis voucher
form_redo_17,18,641,a,mask_fix,Unambiguous,a top student who has never questioned their grading before,I felt ... when I got a bad mark on an assignment because of unfair marking.
form_redo_17,19,41082,a,mask_fix,Unambiguous,a hobbyist art student who has long doubted their own talent,I felt ... when I completed a drawing and my art instructor complimented my skill and attention to detail
form_redo_17,20,51688,a,mask_fix,Unambiguous,a socially awkward hobbyist finally excelling at something creative,"I am ... of my D&D campaigns. Between myself and my friends, I am the dungeon master and designer of our tabletop games. I am ... my players enjoyed my work, they invest in the plots, feel emotion from the music and events and that they enjoy our shared story adventures"
form_redo_17,21,5914,b,mask_fix,Unambiguous,a mother who previously lost a baby during childbirth,"I was in labour december last year, my pain was worse than I remembered with my previous pregnancies and my waters still hadn’t broken. The ambulance was called and I was ... that something was wrong with my baby or me. We were rushed to hospital and the pain kept intensifying, until my waters broke suddenly and my baby arrived, safe and well."
form_redo_17,22,41641,b,mask_fix,Unambiguous,a family friend who helped keep the party secret,A time o felt ... is when my mom and friends planned a ... bday party for my 17th bday.
form_redo_17,23,41548,b,mask_fix,Author-Relevant Ambiguous,someone who made the profile impulsively out of insecurity but never actually met anyone or cheated physically,I felt ... when my boyfriend found out that I had a secret Tinder (dating app) profile and had used it during our relationship.
form_redo_17,24,2172,a,replacement,Author-Relevant Ambiguous,a young adult,I was diagnosed with fibromyalgia
form_redo_17,25,4592,b,replacement,Author-Relevant Ambiguous,a horror enthusiast who seeks out haunted houses for the thrill,I felt ... when I went to a haunted house amusement park.
form_redo_17,26,61094,a,mask_fix,Author-Independent Ambiguous,the narrator moving to a new country with their partner,I felt ... when I moved to a new country with my partner.
form_redo_17,27,5609,b,mask_fix,Author-Relevant Ambiguous,a frequent blood donor used to needle sticks,"I felt ... when I had to have a blood test and the nurse had trouble finding a suitable vein to draw the sample from. I usually do not feel nervous or ... before having a test done but this particular time I did because she had the tourniquet on my arm for a very long time and was pushing and pulling around to try and get a vein. She did get a vein but she did not give me anything to rest my arm on while having my blood drawn so it was a bit of an awkward and uncomfortable angle and I could feel the needle moving around in my arm. Due to this, I felt quite sick and ... and I actually ended up feeling quite hot and I was really anxious that I might faint! Each time I thought about it afterwards, I felt queasy and my arm bruised quite badly afterwards."
form_redo_17,28,3645,a,mask_fix,Author-Independent Ambiguous,a first-generation student whose family sacrificed for her education,I felt ... when I found out I was accepted into graduate school because I was scared that I was not going to make it in and that I was going to have to wait another year to re-apply.
form_redo_17,29,441,a,mask_fix,Author-Relevant Ambiguous,"a woman recently discovering the infidelity, blindsided",I felt ... because my boyfriend cheated on me
form_redo_18,1,378,a,mask_fix,Author-Relevant Ambiguous,an adult child who has been repeatedly gaslit by this parent for years,"I felt ... when my mom did something wrong and immature. When I tried to talk to her about how wrong her behaviour was, she gaslight me and played the vicitm."
form_redo_18,2,41789,a,mask_fix,Unambiguous,the patient before open heart surgery,"4 years ago i had open heart surgery done.  I was new to the hospital and knew none of the doctors or nurses, even though I did not know the surgeon I implicitly ... him and his decisions."
form_redo_18,3,641,a,mask_fix,Unambiguous,a top student who has never questioned their grading before,I felt ... when I got a bad mark on an assignment because of unfair marking.
form_redo_18,4,4592,b,replacement,Author-Relevant Ambiguous,a horror enthusiast who seeks out haunted houses for the thrill,I felt ... when I went to a haunted house amusement park.
form_redo_18,5,7198,b,replacement,Author-Relevant Ambiguous,someone who didn't think they were in the running,I got promoted.
form_redo_18,6,922,a,mask_fix,Author-Independent Ambiguous,the narrator on her wedding day,"I got married to my husband. When we said our vows, I ... that they meant them and that I was safe."
form_redo_18,7,52520,b,replacement,Author-Relevant Ambiguous,someone who enters raffles regularly,when i won a £500 john lewis voucher
form_redo_18,8,41581,b,replacement,Author-Relevant Ambiguous,someone who terminated under social and family pressure,aborted my baby
form_redo_18,9,41378,b,mask_fix,Unambiguous,a veterinarian who performs euthanasia procedures regularly but this is their own pet,I knew I needed to put my dog Holly to sleep. It was awful but I knew it was the right thing to do to stop her suffering she looked so ... most of the time.
form_redo_18,10,41548,b,mask_fix,Author-Relevant Ambiguous,someone who made the profile impulsively out of insecurity but never actually met anyone or cheated physically,I felt ... when my boyfriend found out that I had a secret Tinder (dating app) profile and had used it during our relationship.
form_redo_18,11,41671,a,mask_fix,Author-Relevant Ambiguous,the wrestler who won the historic match,I felt ... when I had won the first woman's greco roman style wrestling match in my countries province. I was not told before hand that the tournament I was wrestling at was going to be the first to offer this style of wrestling to women. I was just the first match that was up and I won.
form_redo_18,12,52614,b,mask_fix,Author-Independent Ambiguous,the boyfriend who wrote and left the note,my boyfriend ... me with a handwritten note
form_redo_18,13,3645,a,mask_fix,Author-Independent Ambiguous,a first-generation student whose family sacrificed for her education,I felt ... when I found out I was accepted into graduate school because I was scared that I was not going to make it in and that I was going to have to wait another year to re-apply.
form_redo_18,14,4874,b,mask_fix,Unambiguous,someone who sees their girlfriend every day as a matter of routine,I felt ... because I was able to see my girlfriend.
form_redo_18,15,31387,a,replacement,Author-Relevant Ambiguous,the diner who ordered the steak,"I felt ... when we went to a restaurant in London, and asked for steak done to a particular level, the waiter came out and advised that the steak had not been cooked to his satisfaction, so asked for the steak to be redone, it was at this point that we realised we could fully ... that we were going to get exactly what we had asked for."
form_redo_18,16,5575,b,replacement,Author-Relevant Ambiguous,a passerby,I saw someone shouting at their wife very aggressively outside my window
form_redo_18,17,5914,b,mask_fix,Unambiguous,a mother who previously lost a baby during childbirth,"I was in labour december last year, my pain was worse than I remembered with my previous pregnancies and my waters still hadn’t broken. The ambulance was called and I was ... that something was wrong with my baby or me. We were rushed to hospital and the pain kept intensifying, until my waters broke suddenly and my baby arrived, safe and well."
form_redo_18,18,441,a,mask_fix,Author-Relevant Ambiguous,"a woman recently discovering the infidelity, blindsided",I felt ... because my boyfriend cheated on me
form_redo_18,19,51263,b,mask_fix,Author-Independent Ambiguous,someone who asked on a casual whim without much invested emotionally,"I felt ... when I asked someone I used to work with for a date. We always got on at work and when I left I was nervous about asking her to go on a date, but when I did I felt instant ... just from the relief of worrying about it and her saying yes."
form_redo_18,20,61094,a,mask_fix,Author-Independent Ambiguous,the narrator moving to a new country with their partner,I felt ... when I moved to a new country with my partner.
form_redo_18,21,41082,a,mask_fix,Unambiguous,a hobbyist art student who has long doubted their own talent,I felt ... when I completed a drawing and my art instructor complimented my skill and attention to detail
form_redo_18,22,2172,a,replacement,Author-Relevant Ambiguous,a young adult,I was diagnosed with fibromyalgia
form_redo_18,23,51081,a,mask_fix,Author-Relevant Ambiguous,someone who started the fight with friends over something trivial,I felt ... when I fought with my friends.
form_redo_18,24,51688,a,mask_fix,Unambiguous,a socially awkward hobbyist finally excelling at something creative,"I am ... of my D&D campaigns. Between myself and my friends, I am the dungeon master and designer of our tabletop games. I am ... my players enjoyed my work, they invest in the plots, feel emotion from the music and events and that they enjoy our shared story adventures"
form_redo_18,25,5609,b,mask_fix,Author-Relevant Ambiguous,a frequent blood donor used to needle sticks,"I felt ... when I had to have a blood test and the nurse had trouble finding a suitable vein to draw the sample from. I usually do not feel nervous or ... before having a test done but this particular time I did because she had the tourniquet on my arm for a very long time and was pushing and pulling around to try and get a vein. She did get a vein but she did not give me anything to rest my arm on while having my blood drawn so it was a bit of an awkward and uncomfortable angle and I could feel the needle moving around in my arm. Due to this, I felt quite sick and ... and I actually ended up feeling quite hot and I was really anxious that I might faint! Each time I thought about it afterwards, I felt queasy and my arm bruised quite badly afterwards."
form_redo_18,26,41641,b,mask_fix,Unambiguous,a family friend who helped keep the party secret,A time o felt ... is when my mom and friends planned a ... bday party for my 17th bday.
form_redo_18,27,52777,a,mask_fix,Author-Independent Ambiguous,a student who took a risk skipping tutoring,"An example of ... for me was in related to my education. Prior to undergrad, I had been severely behind and informed my teacher that I would need a tutor. I wanted to get one as I had an opportunity to secure one before school began, and it would be very hard for me to find one after school begun. I also knew this would be a financial investment. My teacher told me that she assured me that I would not need a tutor and she would provide all the extra help I needed. I was hesitant at first, considering she had hundreds of other students to help, but in the end, I took her advice and did not get a tutor. That class was amazing. She managed to catch me up completely wherever I needed it and dedicated lots of time for me after school. This was a time where I took a risk and ... my teacher, and this ... payed off."
form_redo_18,28,52709,a,replacement,Author-Relevant Ambiguous,someone not usually trusted with secrets,Someone told me a secret
form_redo_18,29,41629,b,replacement,Author-Relevant Ambiguous,a fan of a team expected to win easily,My football team won
form_redo_19,1,52157,b,mask_fix,Unambiguous,an adult who has already witnessed their mother's grief many times due to prior family losses,"I felt ... when it was during Ramadan 2020 during the pandemic. I remember hearing little conversations about my uncle (mothers brother) being ill and I'd always ask of him just to check if he was okay. My family and I had woken up at around 04:00 to pray fajr together. We'd finished praying and we were making dua as we usually do for the deceased and in general and I'm guessing my mum and dad had found out about his death earlier that morning and my mums voice just completely cracked and she broke down completely and just kept saying the words ""he's gone, (uncles name) gone"". It took me and my sister a while to process what we'd just been told and me, my mum and dad were in my parents room just crying for hours. I, personally had never really experienced death or grief in my life before, so this was the first time. Seeing my parents, especially my mum cry was ...."
form_redo_19,2,52828,a,mask_fix,Author-Relevant Ambiguous,a gym member noticing strict covid protocols,I felt ... when the gym staff were actively checking for covid vax documents and proper ID.
form_redo_19,3,6218,a,replacement,Author-Relevant Ambiguous,someone who lied to protect a loved one from a painful truth,I felt ... because I lied about something
form_redo_19,4,52823,b,mask_fix,Author-Independent Ambiguous,the husband holding his newborn child for the first time,My baby was born and I felt a ... for my husband I had never felt before when he first held her whilst I was still beingClosed up where I knew he would always keep her and the rest of our family safe
form_redo_19,5,52369,b,replacement,Author-Relevant Ambiguous,a senior employee with a strong track record,I DIDNT DO WELL AT WORK WHICH CAUSED A TEAM MEMBER TO BE ANNOYED
form_redo_19,6,5914,a,mask_fix,Unambiguous,a first-time mother with no prior birth experience to compare to,"I was in labour december last year, my pain was worse than I remembered with my previous pregnancies and my waters still hadn’t broken. The ambulance was called and I was ... that something was wrong with my baby or me. We were rushed to hospital and the pain kept intensifying, until my waters broke suddenly and my baby arrived, safe and well."
form_redo_19,7,2198,a,replacement,Author-Relevant Ambiguous,a devoted England fan,England scored in the 2n minute of the Euros final
form_redo_19,8,315,a,mask_fix,Unambiguous,"the anxious owner of a frail, elderly cat riding out the storm","I felt ... the other day because our fire alarm in the building went off as Tropical Storm Ida came through - we had to stand outside in a torrential downpour. I had my cat with me and she was freaking out as well. My boyfriend told us to go to his car to sit since we were drenched and the rain was not going to stop anytime soon. We got in the car and my cat was still freaking out - my roommate wanted my boyfriend to turn on some music and make it loud. We both told him no because my cat was having trouble with everything going on. Also, she is 17, so she is quite old, so I worry about her stress levels. After we told him no, he then proceeded to sing VERY loudly and when we scowled at him for it, he said ""well she is meowing and stressed either way"", and he did not care that she was having trouble and that I was trying to calm her down. That made me ...."
form_redo_19,9,52501,b,mask_fix,Unambiguous,a doctor confirming a difficult pregnancy after prior miscarriages,"My partner announced she was pregnant, after many years of miscarriages this ... me because we both thought it would never happen for us."
form_redo_19,10,3319,b,mask_fix,Author-Independent Ambiguous,a professional chef held to strict hygiene standards in their own kitchen,I felt ... when I looked down at my shoe while washing dishes and saw I had ravioli stuck to it from the pan I had just finished scraping out.
form_redo_19,11,922,b,mask_fix,Author-Independent Ambiguous,a guest attending the wedding ceremony,"I got married to my husband. When we said our vows, I ... that they meant them and that I was safe."
form_redo_19,12,61099,b,mask_fix,Unambiguous,the sister reaching to catch her,"I was on a zip-line and it malfunctioned just as I stepped off the platform, and I was hanging for a couple of moments 20ft above very shallow water. My sister reached across and pulled me back, and I had to ... that she'd be able to hold my weight and not drop me."
form_redo_19,13,41548,a,mask_fix,Author-Relevant Ambiguous,someone who was unfaithful and is now facing consequences they know they deserve,I felt ... when my boyfriend found out that I had a secret Tinder (dating app) profile and had used it during our relationship.
form_redo_19,14,41208,b,mask_fix,Author-Independent Ambiguous,a naturally elite sprinter who expects to win every race,"I felt ... when I was at a track and field meet in 5th grade. I was running the 100m, and all of the girls I was competing against were much taller than me. They all said to me ""you're not going to win. You're too short. Short people are not fast."" Anyway, I ended up absolutely SMOKING all of them and getting first place. They all looked at me in such disbelief. It was awesome."
form_redo_19,15,61031,b,mask_fix,Unambiguous,the husband providing for his family,my husband is always there for me and i can ... that no matter what he will be there for our child and do what ittakes to provide for us as a family
form_redo_19,16,3338,b,mask_fix,Author-Independent Ambiguous,someone who has been cheated on before and finds this uncomfortably triggering,I felt ... when my best friends boyfriend at the time starting texting our other best friend flirty text messages. I was even more ... when I found out that she was responding to these suggestive messages and didn't see an issue with it.
form_redo_19,17,41415,b,mask_fix,Author-Independent Ambiguous,someone who had already turned down other offers and had backup options ready regardless,I felt ... when I was laid off from a job I had just started and was excited for.
form_redo_19,18,52777,b,mask_fix,Author-Independent Ambiguous,the teacher who assured the student she didn't need one,"An example of ... for me was in related to my education. Prior to undergrad, I had been severely behind and informed my teacher that I would need a tutor. I wanted to get one as I had an opportunity to secure one before school began, and it would be very hard for me to find one after school begun. I also knew this would be a financial investment. My teacher told me that she assured me that I would not need a tutor and she would provide all the extra help I needed. I was hesitant at first, considering she had hundreds of other students to help, but in the end, I took her advice and did not get a tutor. That class was amazing. She managed to catch me up completely wherever I needed it and dedicated lots of time for me after school. This was a time where I took a risk and ... my teacher, and this ... payed off."
form_redo_19,19,2212,a,mask_fix,Author-Relevant Ambiguous,a pet owner whose cat sleeps beside them,I felt ... when my cat sleeps by me
form_redo_19,20,41228,b,mask_fix,Unambiguous,someone who has already lost several family members and has grown numb to health scares,My grandad recovered from a temporary ailment. I have not lost anyone close to me as yet and I did not feel ready to. This was the closest I have come and I felt a sense of hopelessness and upset and so the ... when it was not life threatening was huge.
form_redo_19,21,41629,a,replacement,Author-Relevant Ambiguous,a fan of a struggling underdog team,My football team won
form_redo_19,22,41840,b,mask_fix,Author-Independent Ambiguous,a therapist helping a client learn to open up,"I felt ... when I could open up about my feelings to my significant other. Growing up, I would bottle up my feelings. As an adult, I am working toward not doing that so often."
form_redo_19,23,5880,b,mask_fix,Unambiguous,"a patient going in for a serious, uncertain diagnosis",I felt ... going in to hospital
form_redo_19,24,6337,b,mask_fix,Author-Relevant Ambiguous,someone dragged along by friends who hates being scared,I felt ... when i went to an in person ... experience for halloween
form_redo_19,25,2213,a,mask_fix,Author-Relevant Ambiguous,the narrator who took the pay cut,My manager asked me to take voluntary pay reduction due to COVID. He promised that my pay would return to normal after 3 months and that I would be rewarded for my sacrifice. I ... him and it all worked out well.
form_redo_19,26,51710,a,mask_fix,Unambiguous,a non-traditional student who juggled work and family while studying,I felt ... when I graduated from school because it took many years and a lot of work to get to the point where I completed the program.
form_redo_19,27,5704,a,mask_fix,Unambiguous,an adult stranger on public transport,Someone flicked a wet bogey on to my cheek. It was ...
form_redo_19,28,52598,b,replacement,Author-Relevant Ambiguous,someone for whom it was unplanned,I got pregnant with my son
form_redo_19,29,5642,b,replacement,Author-Relevant Ambiguous,a girlfriend,My husband had an affair
form_redo_20,1,3338,b,mask_fix,Author-Independent Ambiguous,someone who has been cheated on before and finds this uncomfortably triggering,I felt ... when my best friends boyfriend at the time starting texting our other best friend flirty text messages. I was even more ... when I found out that she was responding to these suggestive messages and didn't see an issue with it.
form_redo_20,2,41548,a,mask_fix,Author-Relevant Ambiguous,someone who was unfaithful and is now facing consequences they know they deserve,I felt ... when my boyfriend found out that I had a secret Tinder (dating app) profile and had used it during our relationship.
form_redo_20,3,6337,b,mask_fix,Author-Relevant Ambiguous,someone dragged along by friends who hates being scared,I felt ... when i went to an in person ... experience for halloween
form_redo_20,4,52777,b,mask_fix,Author-Independent Ambiguous,the teacher who assured the student she didn't need one,"An example of ... for me was in related to my education. Prior to undergrad, I had been severely behind and informed my teacher that I would need a tutor. I wanted to get one as I had an opportunity to secure one before school began, and it would be very hard for me to find one after school begun. I also knew this would be a financial investment. My teacher told me that she assured me that I would not need a tutor and she would provide all the extra help I needed. I was hesitant at first, considering she had hundreds of other students to help, but in the end, I took her advice and did not get a tutor. That class was amazing. She managed to catch me up completely wherever I needed it and dedicated lots of time for me after school. This was a time where I took a risk and ... my teacher, and this ... payed off."
form_redo_20,5,6218,a,replacement,Author-Relevant Ambiguous,someone who lied to protect a loved one from a painful truth,I felt ... because I lied about something
form_redo_20,6,52598,b,replacement,Author-Relevant Ambiguous,someone for whom it was unplanned,I got pregnant with my son
form_redo_20,7,41840,b,mask_fix,Author-Independent Ambiguous,a therapist helping a client learn to open up,"I felt ... when I could open up about my feelings to my significant other. Growing up, I would bottle up my feelings. As an adult, I am working toward not doing that so often."
form_redo_20,8,41415,b,mask_fix,Author-Independent Ambiguous,someone who had already turned down other offers and had backup options ready regardless,I felt ... when I was laid off from a job I had just started and was excited for.
form_redo_20,9,41208,b,mask_fix,Author-Independent Ambiguous,a naturally elite sprinter who expects to win every race,"I felt ... when I was at a track and field meet in 5th grade. I was running the 100m, and all of the girls I was competing against were much taller than me. They all said to me ""you're not going to win. You're too short. Short people are not fast."" Anyway, I ended up absolutely SMOKING all of them and getting first place. They all looked at me in such disbelief. It was awesome."
form_redo_20,10,41629,a,replacement,Author-Relevant Ambiguous,a fan of a struggling underdog team,My football team won
form_redo_20,11,52157,b,mask_fix,Unambiguous,an adult who has already witnessed their mother's grief many times due to prior family losses,"I felt ... when it was during Ramadan 2020 during the pandemic. I remember hearing little conversations about my uncle (mothers brother) being ill and I'd always ask of him just to check if he was okay. My family and I had woken up at around 04:00 to pray fajr together. We'd finished praying and we were making dua as we usually do for the deceased and in general and I'm guessing my mum and dad had found out about his death earlier that morning and my mums voice just completely cracked and she broke down completely and just kept saying the words ""he's gone, (uncles name) gone"". It took me and my sister a while to process what we'd just been told and me, my mum and dad were in my parents room just crying for hours. I, personally had never really experienced death or grief in my life before, so this was the first time. Seeing my parents, especially my mum cry was ...."
form_redo_20,12,5880,b,mask_fix,Unambiguous,"a patient going in for a serious, uncertain diagnosis",I felt ... going in to hospital
form_redo_20,13,61031,b,mask_fix,Unambiguous,the husband providing for his family,my husband is always there for me and i can ... that no matter what he will be there for our child and do what ittakes to provide for us as a family
form_redo_20,14,51710,a,mask_fix,Unambiguous,a non-traditional student who juggled work and family while studying,I felt ... when I graduated from school because it took many years and a lot of work to get to the point where I completed the program.
form_redo_20,15,52828,a,mask_fix,Author-Relevant Ambiguous,a gym member noticing strict covid protocols,I felt ... when the gym staff were actively checking for covid vax documents and proper ID.
form_redo_20,16,52823,b,mask_fix,Author-Independent Ambiguous,the husband holding his newborn child for the first time,My baby was born and I felt a ... for my husband I had never felt before when he first held her whilst I was still beingClosed up where I knew he would always keep her and the rest of our family safe
form_redo_20,17,52501,b,mask_fix,Unambiguous,a doctor confirming a difficult pregnancy after prior miscarriages,"My partner announced she was pregnant, after many years of miscarriages this ... me because we both thought it would never happen for us."
form_redo_20,18,61099,b,mask_fix,Unambiguous,the sister reaching to catch her,"I was on a zip-line and it malfunctioned just as I stepped off the platform, and I was hanging for a couple of moments 20ft above very shallow water. My sister reached across and pulled me back, and I had to ... that she'd be able to hold my weight and not drop me."
form_redo_20,19,5642,b,replacement,Author-Relevant Ambiguous,a girlfriend,My husband had an affair
form_redo_20,20,5914,a,mask_fix,Unambiguous,a first-time mother with no prior birth experience to compare to,"I was in labour december last year, my pain was worse than I remembered with my previous pregnancies and my waters still hadn’t broken. The ambulance was called and I was ... that something was wrong with my baby or me. We were rushed to hospital and the pain kept intensifying, until my waters broke suddenly and my baby arrived, safe and well."
form_redo_20,21,52369,b,replacement,Author-Relevant Ambiguous,a senior employee with a strong track record,I DIDNT DO WELL AT WORK WHICH CAUSED A TEAM MEMBER TO BE ANNOYED
form_redo_20,22,315,a,mask_fix,Unambiguous,"the anxious owner of a frail, elderly cat riding out the storm","I felt ... the other day because our fire alarm in the building went off as Tropical Storm Ida came through - we had to stand outside in a torrential downpour. I had my cat with me and she was freaking out as well. My boyfriend told us to go to his car to sit since we were drenched and the rain was not going to stop anytime soon. We got in the car and my cat was still freaking out - my roommate wanted my boyfriend to turn on some music and make it loud. We both told him no because my cat was having trouble with everything going on. Also, she is 17, so she is quite old, so I worry about her stress levels. After we told him no, he then proceeded to sing VERY loudly and when we scowled at him for it, he said ""well she is meowing and stressed either way"", and he did not care that she was having trouble and that I was trying to calm her down. That made me ...."
form_redo_20,23,2213,a,mask_fix,Author-Relevant Ambiguous,the narrator who took the pay cut,My manager asked me to take voluntary pay reduction due to COVID. He promised that my pay would return to normal after 3 months and that I would be rewarded for my sacrifice. I ... him and it all worked out well.
form_redo_20,24,2212,a,mask_fix,Author-Relevant Ambiguous,a pet owner whose cat sleeps beside them,I felt ... when my cat sleeps by me
form_redo_20,25,41228,b,mask_fix,Unambiguous,someone who has already lost several family members and has grown numb to health scares,My grandad recovered from a temporary ailment. I have not lost anyone close to me as yet and I did not feel ready to. This was the closest I have come and I felt a sense of hopelessness and upset and so the ... when it was not life threatening was huge.
form_redo_20,26,3319,b,mask_fix,Author-Independent Ambiguous,a professional chef held to strict hygiene standards in their own kitchen,I felt ... when I looked down at my shoe while washing dishes and saw I had ravioli stuck to it from the pan I had just finished scraping out.
form_redo_20,27,2198,a,replacement,Author-Relevant Ambiguous,a devoted England fan,England scored in the 2n minute of the Euros final
form_redo_20,28,922,b,mask_fix,Author-Independent Ambiguous,a guest attending the wedding ceremony,"I got married to my husband. When we said our vows, I ... that they meant them and that I was safe."
form_redo_20,29,5704,a,mask_fix,Unambiguous,an adult stranger on public transport,Someone flicked a wet bogey on to my cheek. It was ...
form_redo_21,1,6218,a,replacement,Author-Relevant Ambiguous,someone who lied to protect a loved one from a painful truth,I felt ... because I lied about something
form_redo_21,2,51710,a,mask_fix,Unambiguous,a non-traditional student who juggled work and family while studying,I felt ... when I graduated from school because it took many years and a lot of work to get to the point where I completed the program.
form_redo_21,3,41208,b,mask_fix,Author-Independent Ambiguous,a naturally elite sprinter who expects to win every race,"I felt ... when I was at a track and field meet in 5th grade. I was running the 100m, and all of the girls I was competing against were much taller than me. They all said to me ""you're not going to win. You're too short. Short people are not fast."" Anyway, I ended up absolutely SMOKING all of them and getting first place. They all looked at me in such disbelief. It was awesome."
form_redo_21,4,61031,b,mask_fix,Unambiguous,the husband providing for his family,my husband is always there for me and i can ... that no matter what he will be there for our child and do what ittakes to provide for us as a family
form_redo_21,5,5914,a,mask_fix,Unambiguous,a first-time mother with no prior birth experience to compare to,"I was in labour december last year, my pain was worse than I remembered with my previous pregnancies and my waters still hadn’t broken. The ambulance was called and I was ... that something was wrong with my baby or me. We were rushed to hospital and the pain kept intensifying, until my waters broke suddenly and my baby arrived, safe and well."
form_redo_21,6,41840,b,mask_fix,Author-Independent Ambiguous,a therapist helping a client learn to open up,"I felt ... when I could open up about my feelings to my significant other. Growing up, I would bottle up my feelings. As an adult, I am working toward not doing that so often."
form_redo_21,7,41629,a,replacement,Author-Relevant Ambiguous,a fan of a struggling underdog team,My football team won
form_redo_21,8,41415,b,mask_fix,Author-Independent Ambiguous,someone who had already turned down other offers and had backup options ready regardless,I felt ... when I was laid off from a job I had just started and was excited for.
form_redo_21,9,52369,b,replacement,Author-Relevant Ambiguous,a senior employee with a strong track record,I DIDNT DO WELL AT WORK WHICH CAUSED A TEAM MEMBER TO BE ANNOYED
form_redo_21,10,3319,b,mask_fix,Author-Independent Ambiguous,a professional chef held to strict hygiene standards in their own kitchen,I felt ... when I looked down at my shoe while washing dishes and saw I had ravioli stuck to it from the pan I had just finished scraping out.
form_redo_21,11,315,a,mask_fix,Unambiguous,"the anxious owner of a frail, elderly cat riding out the storm","I felt ... the other day because our fire alarm in the building went off as Tropical Storm Ida came through - we had to stand outside in a torrential downpour. I had my cat with me and she was freaking out as well. My boyfriend told us to go to his car to sit since we were drenched and the rain was not going to stop anytime soon. We got in the car and my cat was still freaking out - my roommate wanted my boyfriend to turn on some music and make it loud. We both told him no because my cat was having trouble with everything going on. Also, she is 17, so she is quite old, so I worry about her stress levels. After we told him no, he then proceeded to sing VERY loudly and when we scowled at him for it, he said ""well she is meowing and stressed either way"", and he did not care that she was having trouble and that I was trying to calm her down. That made me ...."
form_redo_21,12,5642,b,replacement,Author-Relevant Ambiguous,a girlfriend,My husband had an affair
form_redo_21,13,2213,a,mask_fix,Author-Relevant Ambiguous,the narrator who took the pay cut,My manager asked me to take voluntary pay reduction due to COVID. He promised that my pay would return to normal after 3 months and that I would be rewarded for my sacrifice. I ... him and it all worked out well.
form_redo_21,14,61099,b,mask_fix,Unambiguous,the sister reaching to catch her,"I was on a zip-line and it malfunctioned just as I stepped off the platform, and I was hanging for a couple of moments 20ft above very shallow water. My sister reached across and pulled me back, and I had to ... that she'd be able to hold my weight and not drop me."
form_redo_21,15,3338,b,mask_fix,Author-Independent Ambiguous,someone who has been cheated on before and finds this uncomfortably triggering,I felt ... when my best friends boyfriend at the time starting texting our other best friend flirty text messages. I was even more ... when I found out that she was responding to these suggestive messages and didn't see an issue with it.
form_redo_21,16,2212,a,mask_fix,Author-Relevant Ambiguous,a pet owner whose cat sleeps beside them,I felt ... when my cat sleeps by me
form_redo_21,17,41548,a,mask_fix,Author-Relevant Ambiguous,someone who was unfaithful and is now facing consequences they know they deserve,I felt ... when my boyfriend found out that I had a secret Tinder (dating app) profile and had used it during our relationship.
form_redo_21,18,2198,a,replacement,Author-Relevant Ambiguous,a devoted England fan,England scored in the 2n minute of the Euros final
form_redo_21,19,6337,b,mask_fix,Author-Relevant Ambiguous,someone dragged along by friends who hates being scared,I felt ... when i went to an in person ... experience for halloween
form_redo_21,20,52501,b,mask_fix,Unambiguous,a doctor confirming a difficult pregnancy after prior miscarriages,"My partner announced she was pregnant, after many years of miscarriages this ... me because we both thought it would never happen for us."
form_redo_21,21,52777,b,mask_fix,Author-Independent Ambiguous,the teacher who assured the student she didn't need one,"An example of ... for me was in related to my education. Prior to undergrad, I had been severely behind and informed my teacher that I would need a tutor. I wanted to get one as I had an opportunity to secure one before school began, and it would be very hard for me to find one after school begun. I also knew this would be a financial investment. My teacher told me that she assured me that I would not need a tutor and she would provide all the extra help I needed. I was hesitant at first, considering she had hundreds of other students to help, but in the end, I took her advice and did not get a tutor. That class was amazing. She managed to catch me up completely wherever I needed it and dedicated lots of time for me after school. This was a time where I took a risk and ... my teacher, and this ... payed off."
form_redo_21,22,41228,b,mask_fix,Unambiguous,someone who has already lost several family members and has grown numb to health scares,My grandad recovered from a temporary ailment. I have not lost anyone close to me as yet and I did not feel ready to. This was the closest I have come and I felt a sense of hopelessness and upset and so the ... when it was not life threatening was huge.
form_redo_21,23,52828,a,mask_fix,Author-Relevant Ambiguous,a gym member noticing strict covid protocols,I felt ... when the gym staff were actively checking for covid vax documents and proper ID.
form_redo_21,24,922,b,mask_fix,Author-Independent Ambiguous,a guest attending the wedding ceremony,"I got married to my husband. When we said our vows, I ... that they meant them and that I was safe."
form_redo_21,25,52157,b,mask_fix,Unambiguous,an adult who has already witnessed their mother's grief many times due to prior family losses,"I felt ... when it was during Ramadan 2020 during the pandemic. I remember hearing little conversations about my uncle (mothers brother) being ill and I'd always ask of him just to check if he was okay. My family and I had woken up at around 04:00 to pray fajr together. We'd finished praying and we were making dua as we usually do for the deceased and in general and I'm guessing my mum and dad had found out about his death earlier that morning and my mums voice just completely cracked and she broke down completely and just kept saying the words ""he's gone, (uncles name) gone"". It took me and my sister a while to process what we'd just been told and me, my mum and dad were in my parents room just crying for hours. I, personally had never really experienced death or grief in my life before, so this was the first time. Seeing my parents, especially my mum cry was ...."
form_redo_21,26,52823,b,mask_fix,Author-Independent Ambiguous,the husband holding his newborn child for the first time,My baby was born and I felt a ... for my husband I had never felt before when he first held her whilst I was still beingClosed up where I knew he would always keep her and the rest of our family safe
form_redo_21,27,5704,a,mask_fix,Unambiguous,an adult stranger on public transport,Someone flicked a wet bogey on to my cheek. It was ...
form_redo_21,28,52598,b,replacement,Author-Relevant Ambiguous,someone for whom it was unplanned,I got pregnant with my son
form_redo_21,29,5880,b,mask_fix,Unambiguous,"a patient going in for a serious, uncertain diagnosis",I felt ... going in to hospital
