text_id,side,persona,text,pool,n_raters,raters_raw,human_majority,human_agree
21,a,a hobbyist crafter,I went outside my house to find a dozen large boxes had been delivered by my father in law for a thousand canning jars that we didn't want.,author_relevant,3,guilt|disgust|joy,guilt,0.333
21,b,a minimalist homeowner,I went outside my house to find a dozen large boxes had been delivered by my father in law for a thousand canning jars that we didn't want.,author_relevant,3,disgust|surprise|guilt,disgust,0.333
23,a,a car owner,"the side of my car got sideswiped, leaving a lot of damage which cost a lot of money to repair which wasn't my fault.",unambiguous,4,anger|anger|sadness|guilt,anger,0.5
23,b,a rideshare driver,"the side of my car got sideswiped, leaving a lot of damage which cost a lot of money to repair which wasn't my fault.",unambiguous,5,sadness|anger|guilt|anger|disgust,anger,0.4
99,a,a new mother,i put on weight,author_relevant,3,shame|anger|joy,shame,0.333
99,b,a bodybuilder,i put on weight,author_relevant,3,anger|disgust|pride,anger,0.333
249,a,a coworker,someone at work did not do there job properly and didn't care that it impacted severely on other,author_independent,4,disgust|guilt|relief|anger,disgust,0.25
249,b,a manager,someone at work did not do there job properly and didn't care that it impacted severely on other,author_independent,3,anger|shame|anger,anger,0.667
253,a,an England fan,i saw the recent news on England fans,author_relevant,3,pride|anger|surprise,pride,0.333
253,b,a rival fan,i saw the recent news on England fans,author_relevant,4,anger|sadness|joy|disgust,anger,0.25
272,a,a new employee,when I worked my first shift on my own at my bar job.,author_independent,3,pride|guilt|pride,pride,0.667
272,b,a bar owner,when I worked my first shift on my own at my bar job.,author_independent,3,pride|pride|pride,pride,1.0
276,a,a new nurse,when I began working in the acute care unit of a hospital because I thought people would be dying and I wouldn't know how to handle it,author_independent,5,fear|fear|relief|sadness|fear,fear,0.6
276,b,a hospital volunteer,when I began working in the acute care unit of a hospital because I thought people would be dying and I wouldn't know how to handle it,author_independent,3,fear|fear|relief,fear,0.667
281,a,a close friend,"I went out on a night out and got quite drunk, The co-worker I was out with (alongside others) was the boyfriend of one of my friends. We both were having a great time and ended up kissing. The next morning was horrible and I ended up booking a hotel and staying away for the weekend because I felt so bad and didn't want to be around the local area.",author_independent,3,guilt|guilt|shame,guilt,0.667
281,b,a casual acquaintance,"I went out on a night out and got quite drunk, The co-worker I was out with (alongside others) was the boyfriend of one of my friends. We both were having a great time and ended up kissing. The next morning was horrible and I ended up booking a hotel and staying away for the weekend because I felt so bad and didn't want to be around the local area.",author_independent,3,shame|shame|guilt,shame,0.667
287,a,a teenage fan,"I felt joy the last time I was at a concert of my favourite band, watching the band walk out on stage felt magical and hearing all my favourite songs live was bliss",unambiguous,3,joy|joy|joy,joy,1.0
287,b,a longtime fan,"I felt joy the last time I was at a concert of my favourite band, watching the band walk out on stage felt magical and hearing all my favourite songs live was bliss",unambiguous,3,joy|joy|guilt,joy,0.667
315,a,an experienced pet owner,"I felt ANGER the other day because our fire alarm in the building went off as Tropical Storm Ida came through - we had to stand outside in a torrential downpour. I had my cat with me and she was freaking out as well. My boyfriend told us to go to his car to sit since we were drenched and the rain was not going to stop anytime soon. We got in the car and my cat was still freaking out - my roommate wanted my boyfriend to turn on some music and make it loud. We both told him no because my cat was having trouble with everything going on. Also, she is 17, so she is quite old, so I worry about her stress levels. After we told him no, he then proceeded to sing VERY loudly and when we scowled at him for it, he said ""well she is meowing and stressed either way"", and he did not care that she was having trouble and that I was trying to calm her down. That made me angry.",unambiguous,3,anger|anger|anger,anger,1.0
315,b,a first-time pet owner,"I felt ANGER the other day because our fire alarm in the building went off as Tropical Storm Ida came through - we had to stand outside in a torrential downpour. I had my cat with me and she was freaking out as well. My boyfriend told us to go to his car to sit since we were drenched and the rain was not going to stop anytime soon. We got in the car and my cat was still freaking out - my roommate wanted my boyfriend to turn on some music and make it loud. We both told him no because my cat was having trouble with everything going on. Also, she is 17, so she is quite old, so I worry about her stress levels. After we told him no, he then proceeded to sing VERY loudly and when we scowled at him for it, he said ""well she is meowing and stressed either way"", and he did not care that she was having trouble and that I was trying to calm her down. That made me angry.",unambiguous,3,anger|disgust|anger,anger,0.667
340,a,a remote worker,A next door neighbour has once again started running generators and power tools.,unambiguous,3,anger|anger|disgust,anger,0.667
340,b,a night-shift worker,A next door neighbour has once again started running generators and power tools.,unambiguous,6,sadness|fear|anger|anger|anger|anger,anger,0.667
378,a,an adult child,"I felt anger when my mom did something wrong and immature. When I tried to talk to her about how wrong her behaviour was, she gaslight me and played the vicitm.",author_independent,4,anger|disgust|anger|anger,anger,0.75
378,b,a teenager,"I felt anger when my mom did something wrong and immature. When I tried to talk to her about how wrong her behaviour was, she gaslight me and played the vicitm.",author_independent,3,sadness|guilt|shame,sadness,0.333
387,a,a commuter,I misplaced my car keys,author_relevant,4,anger|fear|sadness|shame,anger,0.25
387,b,a parent running late,I misplaced my car keys,author_relevant,3,anger|guilt|anger,anger,0.667
414,a,a first-time mother,My waters broke early during pregnancy,author_independent,3,fear|fear|fear,fear,1.0
414,b,an experienced mother,My waters broke early during pregnancy,author_independent,3,fear|fear|fear,fear,1.0
437,a,a new employee,.. when a person I served at work ignored what I asked causing me to make a computer error,unambiguous,3,anger|anger|anger,anger,1.0
437,b,an experienced employee,.. when a person I served at work ignored what I asked causing me to make a computer error,unambiguous,4,anger|guilt|relief|anger,anger,0.5
441,a,a teenage girl,I felt anger because my boyfriend cheated on me,author_independent,4,surprise|sadness|disgust|anger,surprise,0.25
441,b,a middle-aged wife,I felt anger because my boyfriend cheated on me,author_independent,3,sadness|fear|anger,sadness,0.333
458,a,a new driver,"An older man was in the wrong lane at a round about. He nearly hit me, I had to slam on and his answer was well move then I didn’t hit you, it’s no big deal!",unambiguous,3,anger|surprise|anger,anger,0.667
458,b,an experienced driver,"An older man was in the wrong lane at a round about. He nearly hit me, I had to slam on and his answer was well move then I didn’t hit you, it’s no big deal!",unambiguous,4,anger|disgust|shame|fear,anger,0.25
466,a,a roommate,someone moved my personal belongings,unambiguous,3,anger|anger|trust,anger,0.667
466,b,a coworker,someone moved my personal belongings,unambiguous,3,anger|anger|anger,anger,1.0
476,a,a spouse,My ex partner lied to me for 4 years and when I found out he showed no remorse and treated me like I was the one in the wrong,author_independent,3,sadness|sadness|fear,sadness,0.667
476,b,a girlfriend,My ex partner lied to me for 4 years and when I found out he showed no remorse and treated me like I was the one in the wrong,author_independent,3,anger|shame|shame,shame,0.667
481,a,a regular customer,i was in a restaurant and they forgot my order but they blamed me for it. i was still charged for the meal even though i never received it.,unambiguous,3,guilt|anger|anger,anger,0.667
481,b,a first-time visitor,i was in a restaurant and they forgot my order but they blamed me for it. i was still charged for the meal even though i never received it.,unambiguous,3,anger|anger|anger,anger,1.0
494,a,a stay-at-home spouse,my husband left the house in a mess,author_independent,3,anger|anger|anger,anger,1.0
494,b,a working spouse,my husband left the house in a mess,author_independent,3,disgust|shame|anger,disgust,0.333
521,a,a nanny,A child that I was looking after was refusing to get off the bathroom floor and she needed to go to bed. Whenever I intervened she pushed me away,author_independent,3,anger|anger|anger,anger,1.0
521,b,a grandparent,A child that I was looking after was refusing to get off the bathroom floor and she needed to go to bed. Whenever I intervened she pushed me away,author_independent,5,anger|anger|anger|anger|joy,anger,0.8
525,a,a young renter,my neighbour rudely woke us and the whole neighbourhood up when she came back from the pub drunk and then was trying to smash up her boyfriend van,author_independent,3,surprise|shame|anger,surprise,0.333
525,b,an older homeowner,my neighbour rudely woke us and the whole neighbourhood up when she came back from the pub drunk and then was trying to smash up her boyfriend van,author_independent,3,anger|disgust|anger,anger,0.667
553,a,a team manager,a colleague entered a new situation at work and was annoyed and moaning rather than coming to me first to ask questions about the situation they had assumed the worst.,author_independent,3,anger|fear|sadness,anger,0.333
553,b,a peer colleague,a colleague entered a new situation at work and was annoyed and moaning rather than coming to me first to ask questions about the situation they had assumed the worst.,author_independent,3,anger|disgust|anger,anger,0.667
588,a,a young dater,when i was cheated on,author_independent,5,anger|anger|sadness|anger|shame,anger,0.6
588,b,a married spouse,when i was cheated on,author_independent,3,sadness|sadness|anger,sadness,0.667
594,a,a young daughter,My dad died suddenly,author_independent,4,fear|guilt|sadness|disgust,fear,0.25
594,b,an estranged son,My dad died suddenly,author_independent,3,shame|sadness|sadness,sadness,0.667
612,a,a new care worker,I witnessed a resident being emotionally abused by a carer in the care home where I worked.,unambiguous,3,anger|anger|anger,anger,1.0
612,b,an experienced care worker,I witnessed a resident being emotionally abused by a carer in the care home where I worked.,unambiguous,3,sadness|sadness|shame,sadness,0.667
623,a,a close friend,A friend took over my own opinion and discredited how I felt,author_independent,3,joy|anger|disgust,joy,0.333
623,b,a coworker,A friend took over my own opinion and discredited how I felt,author_independent,4,surprise|surprise|anger|anger,surprise,0.5
641,a,a college student,I felt anger when I got a bad mark on an assignment because of unfair marking.,unambiguous,3,anger|anger|disgust,anger,0.667
641,b,a high school student,I felt anger when I got a bad mark on an assignment because of unfair marking.,unambiguous,3,anger|anger|anger,anger,1.0
657,a,a coworker,A colleague was always off work.,author_independent,3,anger|anger|shame,anger,0.667
657,b,a manager,A colleague was always off work.,author_independent,5,anger|anger|anger|relief|anger,anger,0.8
762,a,a high school student,I was facing my first exam of this year because the results will have a large impact on my life,unambiguous,3,fear|fear|joy,fear,0.667
762,b,an international student,I was facing my first exam of this year because the results will have a large impact on my life,unambiguous,3,fear|fear|fear,fear,1.0
783,a,a teenager,my boyfriend told me he loved me for the first time.,unambiguous,3,surprise|joy|joy,joy,0.667
783,b,an adult in a new relationship,my boyfriend told me he loved me for the first time.,unambiguous,3,relief|joy|surprise,relief,0.333
825,a,"someone moving out for the first time, nervous about being on their own",I left my parents house,author_relevant,3,fear|fear|sadness,fear,0.667
825,b,someone leaving after a painful family conflict,I left my parents house,author_relevant,5,anger|sadness|anger|anger|guilt,anger,0.6
922,a,someone who had been in a relationship with broken promises before,"I got married to my husband. When we said our vows, I trusted that they meant them and that I was safe.",author_relevant,3,guilt|relief|trust,guilt,0.333
922,b,someone whose relationship history has always been secure,"I got married to my husband. When we said our vows, I trusted that they meant them and that I was safe.",author_relevant,3,trust|trust|trust,trust,1.0
2142,a,a first-time mother,I gave birth to healthy twins,author_independent,3,joy|joy|guilt,joy,0.667
2142,b,an experienced mother,I gave birth to healthy twins,author_independent,3,joy|joy|joy,joy,1.0
2143,a,a home baker,I baked a delicious strawberry cobbler.,unambiguous,4,relief|relief|joy|pride,relief,0.5
2143,b,a professional chef,I baked a delicious strawberry cobbler.,unambiguous,3,joy|pride|joy,joy,0.667
2161,a,a native speaker,I passed my Irish language test,author_independent,5,joy|joy|pride|pride|disgust,joy,0.4
2161,b,a second-language learner,I passed my Irish language test,author_independent,4,pride|relief|joy|pride,pride,0.5
2163,a,a daughter,my dad was diagnosed with cancer and eventually passed away.,unambiguous,3,sadness|sadness|sadness,sadness,1.0
2163,b,a distant relative,my dad was diagnosed with cancer and eventually passed away.,unambiguous,4,sadness|sadness|sadness|sadness,sadness,1.0
2168,a,a teenager,I felt sad when arguing with a friend,author_independent,3,sadness|guilt|sadness,sadness,0.667
2168,b,a coworker,I felt sad when arguing with a friend,author_independent,3,sadness|sadness|sadness,sadness,1.0
2182,a,a schoolchild,I was bullied badly and everyone made fun of me in a situation that made me feel shameful,author_independent,3,sadness|sadness|sadness,sadness,1.0
2182,b,an adult employee,I was bullied badly and everyone made fun of me in a situation that made me feel shameful,author_independent,3,shame|shame|anger,shame,0.667
2187,a,a teenager,"One day as my sister and I were sharing a car, she decided she was not going to let me have it. She had done this many times before and was doing a horrible job of sharing and helping me get to work. I lost my temper in front of her and my mother. I was slamming doors and yelling. I have not thrown a fit like that ever since. I still feel ashamed I let my emotions get the best of me.",author_independent,3,anger|anger|guilt,anger,0.667
2187,b,an adult sibling,"One day as my sister and I were sharing a car, she decided she was not going to let me have it. She had done this many times before and was doing a horrible job of sharing and helping me get to work. I lost my temper in front of her and my mother. I was slamming doors and yelling. I have not thrown a fit like that ever since. I still feel ashamed I let my emotions get the best of me.",author_independent,4,shame|shame|shame|pride,shame,0.75
2211,a,someone whose partner often forgets tasks,I asked my partner to do a task for me,author_relevant,3,sadness|sadness|sadness,sadness,1.0
2211,b,someone whose partner reliably follows through,I asked my partner to do a task for me,author_relevant,3,relief|pride|trust,relief,0.333
2212,a,"an owner of a skittish, standoffish cat",I felt trust when my cat sleeps by me,author_relevant,4,relief|fear|relief|trust,relief,0.5
2212,b,an owner of a cat that's always affectionate,I felt trust when my cat sleeps by me,author_relevant,3,joy|relief|joy,joy,0.667
2213,a,an employee who has been treated fairly by this manager before,My manager asked me to take voluntary pay reduction due to COVID. He promised that my pay would return to normal after 3 months and that I would be rewarded for my sacrifice. I trusted him and it all worked out well.,author_relevant,3,trust|trust|disgust,trust,0.667
2213,b,an employee who has been burned by broken promises at work before,My manager asked me to take voluntary pay reduction due to COVID. He promised that my pay would return to normal after 3 months and that I would be rewarded for my sacrifice. I trusted him and it all worked out well.,author_relevant,3,relief|anger|trust,relief,0.333
2218,a,someone who has kept this secret for years out of fear,I told my husband a secret.,author_relevant,3,relief|fear|shame,relief,0.333
2218,b,someone who has always been fully open with their husband,I told my husband a secret.,author_relevant,3,trust|relief|fear,trust,0.333
2228,a,an experienced rider who has jumped this horse many times,"Approaching a large jump on a horse, I trust the horse to safely get us over it.",author_relevant,5,joy|trust|trust|trust|trust,trust,0.8
2228,b,a novice rider on an unfamiliar horse,"Approaching a large jump on a horse, I trust the horse to safely get us over it.",author_relevant,3,trust|trust|trust,trust,1.0
3107,a,an adult child,my mother made me feel like a child,author_independent,3,joy|anger|relief,joy,0.333
3107,b,a teenager,my mother made me feel like a child,author_independent,3,disgust|shame|joy,disgust,0.333
3117,a,a spouse,I was cheated on.,author_relevant,4,disgust|anger|anger|disgust,disgust,0.5
3117,b,a new partner,I was cheated on.,author_relevant,4,anger|anger|anger|anger,anger,1.0
3118,a,a pet owner,A man was walking late at night with his dog off a leash. It ran into my garden and killed my sleeping cat. He walked away without saying or doing anything until he saw me chasing after him down the street with a large kitchen knife.,unambiguous,3,sadness|fear|anger,sadness,0.333
3118,b,a bystander neighbor,A man was walking late at night with his dog off a leash. It ran into my garden and killed my sleeping cat. He walked away without saying or doing anything until he saw me chasing after him down the street with a large kitchen knife.,unambiguous,3,anger|anger|anger,anger,1.0
3267,a,a medical worker,"I learned how mysoginistic/disrespectful my coworker is. I've gathered as much from his conversations but this event was personal. I work in the position directly under him but am capable of, and do, a lot of his work, a lot of the time. This is only because I like to stay moving while on the clock while his preferences are the opposite. I work in medicine, and we have a bag for biohazardous waste set up at a certain part of the room. I had taken the bag out but not yet replaced it. One day, he had some biohazardous waste, and instead of replacing the bag (fully capable) or asking me, he simply put his needles and other contagious things on the floor, right next to where the bag would be. When I asked him about it, he said he left it on the floor for me to pick up later. I would be regretful to see how he treats janitors and service staff.",author_independent,4,disgust|disgust|disgust|disgust,disgust,1.0
3267,b,a janitor,"I learned how mysoginistic/disrespectful my coworker is. I've gathered as much from his conversations but this event was personal. I work in the position directly under him but am capable of, and do, a lot of his work, a lot of the time. This is only because I like to stay moving while on the clock while his preferences are the opposite. I work in medicine, and we have a bag for biohazardous waste set up at a certain part of the room. I had taken the bag out but not yet replaced it. One day, he had some biohazardous waste, and instead of replacing the bag (fully capable) or asking me, he simply put his needles and other contagious things on the floor, right next to where the bag would be. When I asked him about it, he said he left it on the floor for me to pick up later. I would be regretful to see how he treats janitors and service staff.",author_independent,3,guilt|shame|joy,guilt,0.333
3283,a,a woman of childbearing age,I felt disgust when I listened to a man’s pro life views after the passing of the new Texas heartbeat law,author_independent,3,sadness|guilt|disgust,sadness,0.333
3283,b,a male coworker,I felt disgust when I listened to a man’s pro life views after the passing of the new Texas heartbeat law,author_independent,3,disgust|shame|sadness,disgust,0.333
3292,a,a medical student,I was watching a show and it showed someone having surgery. They were cut open on the table and their organs were being pulled out.,unambiguous,3,disgust|disgust|surprise,disgust,0.667
3292,b,a casual viewer,I was watching a show and it showed someone having surgery. They were cut open on the table and their organs were being pulled out.,unambiguous,5,disgust|fear|sadness|disgust|disgust,disgust,0.6
3319,a,a home cook,I felt disgust when I looked down at my shoe while washing dishes and saw I had ravioli stuck to it from the pan I had just finished scraping out.,author_independent,4,sadness|shame|anger|surprise,sadness,0.25
3319,b,a dishwasher employee,I felt disgust when I looked down at my shoe while washing dishes and saw I had ravioli stuck to it from the pan I had just finished scraping out.,author_independent,3,disgust|disgust|disgust,disgust,1.0
3321,a,a boyfriend,"I was dating a girl during high school and after some date I took her home. Normally I would just drop her off and head home myself, but this time she and her guardian invited me inside to relax before the long drive home. Once inside I discovered that her family were hoarders and rarely, if ever, would clean the house using actual products. The house had a smell to it that would differ between rooms, but it always seemed to be a sweet-and-sour kind of stench. At the time I never said anything aside from offering to clean some stuff, but it was often physically revolting to be inside the house for any extended period of time.",unambiguous,3,disgust|guilt|disgust,disgust,0.667
3321,b,a health inspector,"I was dating a girl during high school and after some date I took her home. Normally I would just drop her off and head home myself, but this time she and her guardian invited me inside to relax before the long drive home. Once inside I discovered that her family were hoarders and rarely, if ever, would clean the house using actual products. The house had a smell to it that would differ between rooms, but it always seemed to be a sweet-and-sour kind of stench. At the time I never said anything aside from offering to clean some stuff, but it was often physically revolting to be inside the house for any extended period of time.",unambiguous,4,disgust|relief|disgust|relief,disgust,0.5
3328,a,a home cook,I felt disgust when I ate a meal which had sausages and when i bit into a sausage it had gristle in it,unambiguous,3,disgust|disgust|disgust,disgust,1.0
3328,b,a restaurant customer,I felt disgust when I ate a meal which had sausages and when i bit into a sausage it had gristle in it,unambiguous,3,disgust|disgust|disgust,disgust,1.0
3338,a,a close friend,I felt disgust when my best friends boyfriend at the time starting texting our other best friend flirty text messages. I was even more disgusted when I found out that she was responding to these suggestive messages and didn't see an issue with it.,author_independent,3,disgust|anger|disgust,disgust,0.667
3338,b,a mutual acquaintance,I felt disgust when my best friends boyfriend at the time starting texting our other best friend flirty text messages. I was even more disgusted when I found out that she was responding to these suggestive messages and didn't see an issue with it.,author_independent,3,disgust|anger|relief,disgust,0.333
3339,a,a grandchild,My grandad was treated poorly in hospital,author_independent,3,sadness|sadness|shame,sadness,0.667
3339,b,a hospital employee,My grandad was treated poorly in hospital,author_independent,3,disgust|sadness|anger,disgust,0.333
3344,a,a hospital worker,I was working in a hospital and a physio was walking a patient through the corridor in a few metres in front of me. The poor patient through no fault of her own was incontinent and had not been given a nappy. She defecated on the floor while walking with the physio and had I not been paying attention I would have walked right the the excrement.,unambiguous,3,disgust|disgust|disgust,disgust,1.0
3344,b,a visitor,I was working in a hospital and a physio was walking a patient through the corridor in a few metres in front of me. The poor patient through no fault of her own was incontinent and had not been given a nappy. She defecated on the floor while walking with the physio and had I not been paying attention I would have walked right the the excrement.,unambiguous,3,sadness|sadness|joy,sadness,0.667
3348,a,an office worker,I was told the wall next to my desk at work which is currently a neutral colour is to be painted bright orange.,author_relevant,3,disgust|pride|anger,disgust,0.333
3348,b,an interior designer,I was told the wall next to my desk at work which is currently a neutral colour is to be painted bright orange.,author_relevant,3,anger|anger|trust,anger,0.667
3366,a,a pet owner,i thought my dog may not survive his operation,author_independent,3,fear|relief|fear,fear,0.667
3366,b,a veterinary assistant,i thought my dog may not survive his operation,author_independent,3,fear|fear|relief,fear,0.667
3370,a,a pedestrian,when I was almost run over by a drunk driver,author_independent,5,anger|fear|relief|fear|guilt,fear,0.4
3370,b,a cyclist,when I was almost run over by a drunk driver,author_independent,3,fear|anger|fear,fear,0.667
3426,a,a teenage girl,"I felt fear when my friend and I were chased through a forest by an older man on our way home. He stood about 20 metres away from us whilst we were sat on a bench for about 15 minutes and then ran after us when we moved, we hid in a bush and he was searching for us until he was deterred by a dog walker.",unambiguous,3,fear|relief|fear,fear,0.667
3426,b,a young man,"I felt fear when my friend and I were chased through a forest by an older man on our way home. He stood about 20 metres away from us whilst we were sat on a bench for about 15 minutes and then ran after us when we moved, we hid in a bush and he was searching for us until he was deterred by a dog walker.",unambiguous,3,fear|fear|anger,fear,0.667
3431,a,a young child,I felt fear when i had a night terror.,unambiguous,3,fear|fear|fear,fear,1.0
3431,b,an adult,I felt fear when i had a night terror.,unambiguous,3,fear|fear|fear,fear,1.0
3436,a,a female traveler,I felt fear when followed by an unknown vehicle in a foreign country.,unambiguous,3,fear|sadness|disgust,fear,0.333
3436,b,a male traveler,I felt fear when followed by an unknown vehicle in a foreign country.,unambiguous,3,fear|fear|fear,fear,1.0
3443,a,a young adult,I felt fear when I thought I had COVID-19 a few days ago,unambiguous,3,fear|fear|fear,fear,1.0
3443,b,an elderly person,I felt fear when I thought I had COVID-19 a few days ago,unambiguous,5,fear|fear|fear|fear|fear,fear,1.0
3469,a,a young pedestrian,I was running away from a shooting and a car was trying to run me down,unambiguous,4,fear|fear|fear|fear,fear,1.0
3469,b,an older adult,I was running away from a shooting and a car was trying to run me down,unambiguous,3,fear|fear|fear,fear,1.0
3481,a,a casual dieter,eating badly when I was on a diet,author_independent,3,guilt|sadness|shame,guilt,0.333
3481,b,a medical patient,eating badly when I was on a diet,author_independent,3,guilt|disgust|guilt,guilt,0.667
3492,a,a coworker,"I felt guilt when I knew someone was about to lose their job before they was made aware, and couldn't make them aware beforehand.",unambiguous,4,guilt|guilt|guilt|guilt,guilt,1.0
3492,b,a manager,"I felt guilt when I knew someone was about to lose their job before they was made aware, and couldn't make them aware beforehand.",unambiguous,3,guilt|sadness|sadness,sadness,0.667
3493,a,a single person,I felt guilt when I slept with someone I shouldn’t of,author_independent,5,guilt|guilt|guilt|shame|sadness,guilt,0.6
3493,b,a married person,I felt guilt when I slept with someone I shouldn’t of,author_independent,3,guilt|disgust|guilt,guilt,0.667
3514,a,a long-term partner,I cheated on an ex after they cheated on me,author_independent,3,relief|guilt|guilt,guilt,0.667
3514,b,a casual dater,I cheated on an ex after they cheated on me,author_independent,3,fear|relief|disgust,fear,0.333
3538,a,a recent graduate,I got approved for my first apartment.,author_relevant,3,joy|joy|relief,joy,0.667
3538,b,a formerly homeless person,I got approved for my first apartment.,author_relevant,4,relief|relief|relief|joy,relief,0.75
3579,a,an experienced skydiver,I went skydiving.,author_relevant,3,joy|joy|joy,joy,1.0
3579,b,a first-time skydiver,I went skydiving.,author_relevant,3,fear|surprise|fear,fear,0.667
3612,a,a mother,"I gave birth each time to my 3 kids, nothing compares to that feeling.",unambiguous,3,joy|joy|joy,joy,1.0
3612,b,a surrogate mother,"I gave birth each time to my 3 kids, nothing compares to that feeling.",unambiguous,4,joy|pride|relief|joy,joy,0.5
3618,a,a recent graduate,I got my job offer.,author_relevant,6,joy|joy|pride|joy|joy|joy,joy,0.833
3618,b,a laid-off worker,I got my job offer.,author_relevant,4,relief|relief|surprise|joy,relief,0.5
3620,a,a casual hobbyist,When I won an online competition because I won just over 3k.,author_relevant,3,joy|joy|surprise,joy,0.667
3620,b,a person in debt,When I won an online competition because I won just over 3k.,author_relevant,4,joy|relief|relief|surprise,relief,0.5
3639,a,a first-time tourist,I went to Los Angeles,author_independent,6,joy|relief|pride|joy|joy|joy,joy,0.667
3639,b,a business traveler,I went to Los Angeles,author_independent,3,joy|joy|joy,joy,1.0
3641,a,a recent graduate,i recently got  a new job,author_relevant,5,joy|pride|joy|joy|joy,joy,0.8
3641,b,a laid-off worker,i recently got  a new job,author_relevant,3,relief|relief|joy,relief,0.667
3645,a,a first-generation student,I felt joy when I found out I was accepted into graduate school because I was scared that I was not going to make it in and that I was going to have to wait another year to re-apply.,author_independent,3,joy|relief|anger,joy,0.333
3645,b,an older returning student,I felt joy when I found out I was accepted into graduate school because I was scared that I was not going to make it in and that I was going to have to wait another year to re-apply.,author_independent,4,surprise|relief|relief|disgust,relief,0.5
3649,a,a beginner runner,when I completed my first 10k race,author_independent,5,pride|joy|pride|pride|joy,pride,0.6
3649,b,a competitive athlete,when I completed my first 10k race,author_independent,3,joy|joy|pride,joy,0.667
3833,a,a coworker,Whenever someone punches my ego,author_independent,3,trust|anger|anger,anger,0.667
3833,b,a close friend,Whenever someone punches my ego,author_independent,3,anger|anger|fear,anger,0.667
3857,a,a parent,my daughter handed her ice cream to her little brother who had dropped his ice cream on the ground outside and started to cry. She handed him her ice cream to stop him crying.,unambiguous,3,sadness|surprise|pride,sadness,0.333
3857,b,an older sibling,my daughter handed her ice cream to her little brother who had dropped his ice cream on the ground outside and started to cry. She handed him her ice cream to stop him crying.,unambiguous,3,relief|pride|joy,relief,0.333
3864,a,a close aunt,my niece came out to me and told me she had a girlfriend before she told anyone else.,author_independent,4,joy|trust|trust|trust,trust,0.75
3864,b,a distant relative,my niece came out to me and told me she had a girlfriend before she told anyone else.,author_independent,3,surprise|surprise|trust,surprise,0.667
3936,a,a first-generation student,I felt relief when I got into university,author_independent,3,relief|relief|relief,relief,1.0
3936,b,a legacy applicant,I felt relief when I got into university,author_independent,5,relief|joy|relief|joy|sadness,relief,0.4
3937,a,a dog owner,When I found my dog,unambiguous,3,relief|joy|surprise,relief,0.333
3937,b,a shelter volunteer,When I found my dog,unambiguous,4,relief|joy|joy|sadness,joy,0.5
3942,a,a parent,I found my child,unambiguous,3,relief|pride|relief,relief,0.667
3942,b,a babysitter,I found my child,unambiguous,4,surprise|guilt|relief|joy,surprise,0.25
3964,a,a new employee,I thought my boss was upset with me about a mistake I made at work but it turned out she was really understanding once I spoke with her.,author_independent,3,relief|relief|relief,relief,1.0
3964,b,a veteran employee,I thought my boss was upset with me about a mistake I made at work but it turned out she was really understanding once I spoke with her.,author_independent,5,relief|shame|pride|surprise|relief,relief,0.4
3966,a,a shy student,I'm supposed to speak publicly but the event gets cancelled.,unambiguous,3,guilt|relief|sadness,guilt,0.333
3966,b,a professional speaker,I'm supposed to speak publicly but the event gets cancelled.,unambiguous,5,anger|sadness|relief|sadness|anger,anger,0.4
4117,a,a high school student,I got a low score on my biology quiz.,author_independent,3,guilt|sadness|sadness,sadness,0.667
4117,b,a medical student,I got a low score on my biology quiz.,author_independent,3,sadness|sadness|sadness,sadness,1.0
4146,a,a university student,I felt ANGER when I was at uni and someone stole my fishcake from the freezer. Had nothing to eat in the evening that day.,unambiguous,3,anger|anger|anger,anger,1.0
4146,b,an office worker,I felt ANGER when I was at uni and someone stole my fishcake from the freezer. Had nothing to eat in the evening that day.,unambiguous,3,anger|anger|anger,anger,1.0
4150,a,a parent of young kids,My mother invited my unvaccinated sister and her son over to play with my kids without my knowledge.,unambiguous,3,anger|fear|anger,anger,0.667
4150,b,an immunocompromised parent,My mother invited my unvaccinated sister and her son over to play with my kids without my knowledge.,unambiguous,3,anger|anger|anger,anger,1.0
4387,a,a niece close to her,My uncles family made my aunt homeless after he left his house to them after his death.,author_independent,3,disgust|disgust|pride,disgust,0.667
4387,b,a distant relative,My uncles family made my aunt homeless after he left his house to them after his death.,author_independent,3,shame|sadness|anger,shame,0.333
4410,a,a spouse,when my partner invalidates my feelings.,author_independent,4,sadness|sadness|sadness|sadness,sadness,1.0
4410,b,a new partner,when my partner invalidates my feelings.,author_independent,3,disgust|disgust|guilt,disgust,0.667
4431,a,a pedestrian,I was walking to buy food and saw a dead rat on the street,unambiguous,4,disgust|relief|disgust|disgust,disgust,0.75
4431,b,a tourist,I was walking to buy food and saw a dead rat on the street,unambiguous,4,disgust|disgust|disgust|disgust,disgust,1.0
4454,a,a home cook,I saw mouldy food,unambiguous,3,trust|sadness|disgust,trust,0.333
4454,b,a food inspector,I saw mouldy food,unambiguous,5,anger|disgust|disgust|disgust|disgust,disgust,0.8
4490,a,a parent,I felt fear when my family was experiencing a hurricane being stuck in our house. It was scary because two houses behind us caught on fire and our first floor flooded. We were stuck and unable to leave.,unambiguous,3,joy|fear|fear,fear,0.667
4490,b,a teenager,I felt fear when my family was experiencing a hurricane being stuck in our house. It was scary because two houses behind us caught on fire and our first floor flooded. We were stuck and unable to leave.,unambiguous,5,fear|fear|fear|fear|joy,fear,0.8
4497,a,a husband,"I felt fear when there was a power outage in my home. That day, my wife and I were cuddling in the sitting room when a thunderstorm started. Then fear filled me when thunder hit our roof and all the lights went off.",unambiguous,3,fear|fear|surprise,fear,0.667
4497,b,a new homeowner,"I felt fear when there was a power outage in my home. That day, my wife and I were cuddling in the sitting room when a thunderstorm started. Then fear filled me when thunder hit our roof and all the lights went off.",unambiguous,3,fear|fear|fear,fear,1.0
4510,a,a new girlfriend,when I discovered my boyfriend had been drinking alcohol alone in his room,author_independent,4,anger|surprise|anger|shame,anger,0.5
4510,b,a longtime girlfriend,when I discovered my boyfriend had been drinking alcohol alone in his room,author_independent,3,surprise|anger|anger,anger,0.667
4519,a,a healthy patient,I went for a chest x-ray,unambiguous,4,relief|surprise|fear|relief,relief,0.5
4519,b,a cancer survivor,I went for a chest x-ray,unambiguous,4,fear|relief|fear|fear,fear,0.75
4573,a,a project manager,I felt a project was not meeting upmto standards.,author_relevant,3,anger|guilt|sadness,anger,0.333
4573,b,a new employee,I felt a project was not meeting upmto standards.,author_relevant,3,sadness|sadness|sadness,sadness,1.0
4594,a,a teenager,"I felt fear when a man I had feelings for was not responding to my text messages. I have an iPhone and so I use iMessage with others who also have iPhones. When you use iMessage, the chat bubbles are blue, but I noticed one day that the chat bubbles with him were green. That indicates that the recipient does not have an iPhone, or that they are in an area without internet and therefore are getting the messages sent as text messages rather than iMessage. The problem was that he had not been responding and I started wondering if he was seeing my texts at all - then I had a suspicion he had blocked me this entire time. I messaged a mutual friend to ask if he had told them he was angry with me, and I then checked to see if I could still see his profile on social media platforms. I could not. I started getting anxious at the indication that he had blocked me on everything, and that anxiety skyrocketed with each profile I wasn't seeing. My friend told me she could still access his profiles, and it was then I realized he had blocked me on everything.",author_relevant,5,sadness|surprise|fear|anger|joy,sadness,0.2
4594,b,an adult woman,"I felt fear when a man I had feelings for was not responding to my text messages. I have an iPhone and so I use iMessage with others who also have iPhones. When you use iMessage, the chat bubbles are blue, but I noticed one day that the chat bubbles with him were green. That indicates that the recipient does not have an iPhone, or that they are in an area without internet and therefore are getting the messages sent as text messages rather than iMessage. The problem was that he had not been responding and I started wondering if he was seeing my texts at all - then I had a suspicion he had blocked me this entire time. I messaged a mutual friend to ask if he had told them he was angry with me, and I then checked to see if I could still see his profile on social media platforms. I could not. I started getting anxious at the indication that he had blocked me on everything, and that anxiety skyrocketed with each profile I wasn't seeing. My friend told me she could still access his profiles, and it was then I realized he had blocked me on everything.",author_relevant,3,fear|anger|fear,fear,0.667
4609,a,a cyclist,I was nearly hit by a car while commuting to work,author_independent,3,relief|fear|surprise,relief,0.333
4609,b,a pedestrian,I was nearly hit by a car while commuting to work,author_independent,4,guilt|relief|fear|disgust,guilt,0.25
4636,a,a construction worker,the ladder I was on kicked out from under me.,author_independent,7,trust|pride|fear|fear|surprise|fear|anger,fear,0.429
4636,b,a homeowner,the ladder I was on kicked out from under me.,author_independent,3,fear|disgust|sadness,fear,0.333
4671,a,a younger sibling,I broke the vase and lied against my sister which was scolded afterwards.,author_independent,3,shame|fear|guilt,shame,0.333
4671,b,an older sibling,I broke the vase and lied against my sister which was scolded afterwards.,author_independent,5,guilt|guilt|shame|sadness|guilt,guilt,0.6
4817,a,a father,my son has finally committed to joining a baseball team. He is 10 years old and enjoys playing ball.,author_independent,3,pride|pride|pride,pride,1.0
4817,b,a grandparent,my son has finally committed to joining a baseball team. He is 10 years old and enjoys playing ball.,author_independent,4,pride|pride|relief|joy,pride,0.5
4868,a,a casual gamer,when I beat a video game on hard,author_independent,4,joy|pride|pride|disgust,pride,0.5
4868,b,a competitive gamer,when I beat a video game on hard,author_independent,3,joy|sadness|pride,joy,0.333
4874,a,a long-distance boyfriend,I felt joy because I was able to see my girlfriend.,unambiguous,3,joy|joy|joy,joy,1.0
4874,b,a local boyfriend,I felt joy because I was able to see my girlfriend.,unambiguous,4,joy|joy|joy|joy,joy,1.0
5105,a,a parent,My teenage son lies in bed all day,author_relevant,3,sadness|disgust|anger,sadness,0.333
5105,b,an older sibling,My teenage son lies in bed all day,author_relevant,3,anger|shame|sadness,anger,0.333
5130,a,a short-term employee,I was ignored by my last manager when I informed her of my leaving the company. They did not acknowledge my email I sent.,author_independent,3,sadness|anger|anger,anger,0.667
5130,b,a long-term employee,I was ignored by my last manager when I informed her of my leaving the company. They did not acknowledge my email I sent.,author_independent,3,anger|anger|guilt,anger,0.667
5158,a,a new homeowner,a neighbour chucked rubbish into our garden,unambiguous,3,anger|disgust|anger,anger,0.667
5158,b,a longtime resident,a neighbour chucked rubbish into our garden,unambiguous,3,anger|anger|anger,anger,1.0
5166,a,a recent graduate,my permanent work contract was not offered to me at the end of my 6 month term even though it was promised it would be,unambiguous,3,sadness|relief|anger,sadness,0.333
5166,b,a single parent,my permanent work contract was not offered to me at the end of my 6 month term even though it was promised it would be,unambiguous,3,anger|anger|disgust,anger,0.667
5189,a,a college roommate,my housemate couldn't find room in the freezer for his shopping and took one of my items out and just left it carelessly in the fridge and defrosted,unambiguous,4,anger|anger|anger|disgust,anger,0.75
5189,b,a longtime housemate,my housemate couldn't find room in the freezer for his shopping and took one of my items out and just left it carelessly in the fridge and defrosted,unambiguous,4,anger|anger|anger|disgust,anger,0.75
5206,a,a young child,unfair things happen,author_independent,3,sadness|anger|relief,sadness,0.333
5206,b,a jaded adult,unfair things happen,author_independent,3,sadness|sadness|sadness,sadness,1.0
5225,a,a stay-at-home parent,People make plans and then cancel last moment with no intention to tell me.,author_independent,3,anger|relief|shame,anger,0.333
5225,b,a busy professional,People make plans and then cancel last moment with no intention to tell me.,author_independent,3,anger|disgust|anger,anger,0.667
5502,a,a new teacher,a child threw up in my classroom,unambiguous,5,anger|surprise|disgust|disgust|disgust,disgust,0.6
5502,b,a veteran teacher,a child threw up in my classroom,unambiguous,4,anger|joy|pride|disgust,anger,0.25
5580,a,a parent,I took my child into a family toilet in a shopping centre. The room was absolutely filthy and there was even poo on the floor.,unambiguous,3,disgust|disgust|disgust,disgust,1.0
5580,b,a grandparent,I took my child into a family toilet in a shopping centre. The room was absolutely filthy and there was even poo on the floor.,unambiguous,3,disgust|disgust|pride,disgust,0.667
5600,a,a nutritionist,when i read a study about eating powdered bugs,author_independent,3,disgust|disgust|disgust,disgust,1.0
5600,b,a picky eater,when i read a study about eating powdered bugs,author_independent,4,disgust|disgust|disgust|guilt,disgust,0.75
5609,a,a patient,"I felt disgust when I had to have a blood test and the nurse had trouble finding a suitable vein to draw the sample from. I usually do not feel nervous or disgusted before having a test done but this particular time I did because she had the tourniquet on my arm for a very long time and was pushing and pulling around to try and get a vein. She did get a vein but she did not give me anything to rest my arm on while having my blood drawn so it was a bit of an awkward and uncomfortable angle and I could feel the needle moving around in my arm. Due to this, I felt quite sick and disgusted and I actually ended up feeling quite hot and I was really anxious that I might faint! Each time I thought about it afterwards, I felt queasy and my arm bruised quite badly afterwards.",author_independent,5,disgust|disgust|disgust|fear|sadness,disgust,0.6
5609,b,a nurse,"I felt disgust when I had to have a blood test and the nurse had trouble finding a suitable vein to draw the sample from. I usually do not feel nervous or disgusted before having a test done but this particular time I did because she had the tourniquet on my arm for a very long time and was pushing and pulling around to try and get a vein. She did get a vein but she did not give me anything to rest my arm on while having my blood drawn so it was a bit of an awkward and uncomfortable angle and I could feel the needle moving around in my arm. Due to this, I felt quite sick and disgusted and I actually ended up feeling quite hot and I was really anxious that I might faint! Each time I thought about it afterwards, I felt queasy and my arm bruised quite badly afterwards.",author_independent,3,disgust|disgust|disgust,disgust,1.0
5639,a,a bystander,When I witnessed a male making unwanted advances on a female at a club,author_relevant,3,disgust|joy|anger,disgust,0.333
5639,b,a bouncer,When I witnessed a male making unwanted advances on a female at a club,author_relevant,3,disgust|disgust|disgust,disgust,1.0
5641,a,a homeowner,"My neighbour came and harassed me because he thought our fence was 2 inches onto their land, before getting the proof that it actually wasn’t.",author_independent,4,anger|anger|anger|anger,anger,1.0
5641,b,a renter,"My neighbour came and harassed me because he thought our fence was 2 inches onto their land, before getting the proof that it actually wasn’t.",author_independent,3,anger|anger|anger,anger,1.0
5680,a,a dog owner,I saw someone let their dog poo on the road and they didn't pick it up,unambiguous,3,anger|surprise|anger,anger,0.667
5680,b,a pedestrian,I saw someone let their dog poo on the road and they didn't pick it up,unambiguous,3,disgust|relief|shame,disgust,0.333
5688,a,a college student,I felt disgust when I watched a grown man try to flirt with new college age girls and I.,author_independent,3,disgust|disgust|disgust,disgust,1.0
5688,b,a parent,I felt disgust when I watched a grown man try to flirt with new college age girls and I.,author_independent,3,sadness|anger|disgust,sadness,0.333
5691,a,a boyfriend,I found out my girlfriend was sleeping with a friend,author_independent,3,shame|disgust|disgust,disgust,0.667
5691,b,a close friend,I found out my girlfriend was sleeping with a friend,author_independent,3,disgust|shame|anger,disgust,0.333
5704,a,a teacher,Someone flicked a wet bogey on to my cheek. It was disgusting,unambiguous,3,disgust|disgust|disgust,disgust,1.0
5704,b,a commuter,Someone flicked a wet bogey on to my cheek. It was disgusting,unambiguous,3,anger|disgust|anger,anger,0.667
5720,a,a parent,"people snot, especially if it is green.",author_independent,3,disgust|disgust|trust,disgust,0.667
5720,b,a nurse,"people snot, especially if it is green.",author_independent,3,disgust|disgust|disgust,disgust,1.0
5725,a,a husband,I woke one night to find my wife trying to harm our child in the belief that it would make her life better if there weren't children to take care of.,author_independent,5,fear|disgust|fear|anger|pride,fear,0.4
5725,b,a live-in relative,I woke one night to find my wife trying to harm our child in the belief that it would make her life better if there weren't children to take care of.,author_independent,4,sadness|anger|anger|sadness,sadness,0.5
5730,a,a roommate,A housemate came at me with a knife.,unambiguous,3,disgust|fear|fear,fear,0.667
5730,b,a family member,A housemate came at me with a knife.,unambiguous,3,sadness|fear|fear,fear,0.667
5802,a,a university student,I didn't submit an essay on time at university.,author_independent,4,fear|guilt|guilt|guilt,guilt,0.75
5802,b,a scholarship student,I didn't submit an essay on time at university.,author_independent,5,guilt|fear|guilt|guilt|guilt,guilt,0.8
5830,a,a first-time parent,my toddler took a high fever and started to shake without other obvious symptoms,unambiguous,3,fear|fear|sadness,fear,0.667
5830,b,an experienced parent,my toddler took a high fever and started to shake without other obvious symptoms,unambiguous,3,fear|surprise|fear,fear,0.667
5856,a,a pedestrian,I was surrounded by four men; they hit me in the face before I offered to give them everything I had in my pockets.,unambiguous,3,disgust|sadness|anger,disgust,0.333
5856,b,a security guard,I was surrounded by four men; they hit me in the face before I offered to give them everything I had in my pockets.,unambiguous,4,fear|fear|guilt|fear,fear,0.75
5880,a,a patient,I felt fear going in to hospital,unambiguous,3,fear|sadness|fear,fear,0.667
5880,b,a hospital visitor,I felt fear going in to hospital,unambiguous,3,fear|fear|fear,fear,1.0
5914,a,a mother,"I was in labour december last year, my pain was worse than I remembered with my previous pregnancies and my waters still hadn’t broken. The ambulance was called and I was terrified that something was wrong with my baby or me. We were rushed to hospital and the pain kept intensifying, until my waters broke suddenly and my baby arrived, safe and well.",unambiguous,4,relief|joy|relief|relief,relief,0.75
5914,b,a midwife,"I was in labour december last year, my pain was worse than I remembered with my previous pregnancies and my waters still hadn’t broken. The ambulance was called and I was terrified that something was wrong with my baby or me. We were rushed to hospital and the pain kept intensifying, until my waters broke suddenly and my baby arrived, safe and well.",unambiguous,3,relief|surprise|relief,relief,0.667
5951,a,a professional performer,I have to perform for others,author_independent,4,shame|pride|fear|joy,shame,0.25
5951,b,an office worker,I have to perform for others,author_independent,3,joy|trust|anger,joy,0.333
5986,a,a teenager,I accidentally broke one of my mother's cats legs,unambiguous,3,guilt|sadness|guilt,guilt,0.667
5986,b,an adult child,I accidentally broke one of my mother's cats legs,unambiguous,4,shame|guilt|guilt|disgust,guilt,0.5
6221,a,a new student,one of my classmates purposely gave me incorrect information about an assignment so that I would perform poorly and look like a fool.,author_independent,3,surprise|anger|disgust,surprise,0.333
6221,b,a top student,one of my classmates purposely gave me incorrect information about an assignment so that I would perform poorly and look like a fool.,author_independent,3,anger|shame|anger,anger,0.667
6228,a,a dog owner,"My dog rolled on a decomposing rabbit, which caused her to smell very much and actually left her with maggots wriggling on her.",unambiguous,3,disgust|disgust|anger,disgust,0.667
6228,b,a veterinarian,"My dog rolled on a decomposing rabbit, which caused her to smell very much and actually left her with maggots wriggling on her.",unambiguous,3,disgust|anger|disgust,disgust,0.667
6283,a,a lab technician,at work when a stool sample popped the cap and erupted like a volcano,unambiguous,3,disgust|anger|surprise,disgust,0.333
6283,b,a new employee,at work when a stool sample popped the cap and erupted like a volcano,unambiguous,4,shame|anger|shame|guilt,shame,0.5
6288,a,a student,I was walking up the stairs in school and I put my hand in somebody’s spit on the hand rail,unambiguous,3,guilt|disgust|disgust,disgust,0.667
6288,b,a janitor,I was walking up the stairs in school and I put my hand in somebody’s spit on the hand rail,unambiguous,3,disgust|disgust|disgust,disgust,1.0
6304,a,a cat owner,"when I needed to stop at the side of the road to confirm whether or not the roadkill by my house was the body of one of my cats. I could give more details if you like, but think it is unnecessaryly graphic, suffice to say that maggots were involved.",author_independent,4,fear|anger|disgust|guilt,fear,0.25
6304,b,a neighbor,"when I needed to stop at the side of the road to confirm whether or not the roadkill by my house was the body of one of my cats. I could give more details if you like, but think it is unnecessaryly graphic, suffice to say that maggots were involved.",author_independent,3,fear|disgust|sadness,fear,0.333
6306,a,an employee,When I found out our CFO was stealing money from the company.,author_independent,3,disgust|surprise|surprise,surprise,0.667
6306,b,a business owner,When I found out our CFO was stealing money from the company.,author_independent,3,anger|anger|surprise,anger,0.667
6337,a,a thrill seeker,I felt fear when i went to an in person scare experience for halloween,author_independent,3,joy|guilt|joy,joy,0.667
6337,b,a first-time visitor,I felt fear when i went to an in person scare experience for halloween,author_independent,3,fear|fear|fear,fear,1.0
6403,a,a strict parent,My daughter was being naughty and i smacked her.,author_independent,3,anger|guilt|relief,anger,0.333
6403,b,a first-time parent,My daughter was being naughty and i smacked her.,author_independent,5,anger|anger|shame|sadness|disgust,anger,0.4
6407,a,a college student,"I accepted a pizza delivery to my address from Dominos, it was marked as paid and with my address on the label but I did not order it.",author_relevant,3,joy|surprise|joy,joy,0.667
6407,b,a cautious homeowner,"I accepted a pizza delivery to my address from Dominos, it was marked as paid and with my address on the label but I did not order it.",author_relevant,3,fear|trust|surprise,fear,0.333
6440,a,a teenager,I was dancing with my friends at a gig,unambiguous,4,joy|fear|relief|joy,joy,0.5
6440,b,a parent of young kids,I was dancing with my friends at a gig,unambiguous,3,joy|joy|joy,joy,1.0
6450,a,a close friend,When I received a invite to a wedding,author_independent,3,joy|joy|pride,joy,0.667
6450,b,a distant relative,When I received a invite to a wedding,author_independent,4,surprise|joy|surprise|disgust,surprise,0.5
6499,a,a hobby gardener,the seeds that I had sowed grew to became vegetables that I could eat and share with others,author_independent,3,pride|pride|pride,pride,1.0
6499,b,a farmer,the seeds that I had sowed grew to became vegetables that I could eat and share with others,author_independent,3,joy|joy|pride,joy,0.667
6524,a,a teenager,Got to see a BTS perform live at Wembley stadium with friends I was close with at the time.,unambiguous,3,joy|joy|disgust,joy,0.667
6524,b,an adult fan,Got to see a BTS perform live at Wembley stadium with friends I was close with at the time.,unambiguous,4,joy|joy|joy|joy,joy,1.0
6649,a,a recent graduate,I was offered a new job and they offered me the position above the one I interviewed for with great pay,author_independent,4,joy|surprise|surprise|surprise,surprise,0.75
6649,b,an experienced professional,I was offered a new job and they offered me the position above the one I interviewed for with great pay,author_independent,3,joy|surprise|pride,joy,0.333
6696,a,a working parent,I saw my daughter perform at her gymnastics show,author_independent,4,pride|joy|pride|pride,pride,0.75
6696,b,a stay-at-home parent,I saw my daughter perform at her gymnastics show,author_independent,3,shame|pride|pride,pride,0.667
6732,a,a university student,i took a moment to look back and saw how far i had come mentally over the last year,unambiguous,4,pride|pride|pride|pride,pride,1.0
6732,b,a therapy patient,i took a moment to look back and saw how far i had come mentally over the last year,unambiguous,3,pride|surprise|relief,pride,0.333
6736,a,a retail worker,I get home and don’t have to be social,unambiguous,3,relief|relief|relief,relief,1.0
6736,b,a party host,I get home and don’t have to be social,unambiguous,3,relief|relief|surprise,relief,0.667
6761,a,a new employee,when I had someone help me with a stressful event,unambiguous,3,joy|relief|relief,relief,0.667
6761,b,a crime victim,when I had someone help me with a stressful event,unambiguous,3,relief|guilt|relief,relief,0.667
6768,a,an adult child,my dad was told his cancer had not spread.,unambiguous,5,relief|joy|relief|pride|relief,relief,0.6
6768,b,a caregiver,my dad was told his cancer had not spread.,unambiguous,3,relief|relief|joy,relief,0.667
6789,a,a first-time buyer,I felt relief when we had an our offer accepted for the house we now call our home. We had sold our then current property and we due to exchange in a couple of weeks despite the fact we had nowhere else to go yet. Thankfully everything fell in to place at the last minute and it was a huge relief for us all!,unambiguous,3,relief|relief|relief,relief,1.0
6789,b,a family with children,I felt relief when we had an our offer accepted for the house we now call our home. We had sold our then current property and we due to exchange in a couple of weeks despite the fact we had nowhere else to go yet. Thankfully everything fell in to place at the last minute and it was a huge relief for us all!,unambiguous,4,relief|relief|joy|joy,relief,0.5
6804,a,a tourist,I got home from a flight that we were almost refused on as we didn't have the right documentation,author_independent,5,joy|anger|sadness|guilt|relief,joy,0.2
6804,b,an immigrant,I got home from a flight that we were almost refused on as we didn't have the right documentation,author_independent,3,relief|anger|relief,relief,0.667
6829,a,a mother,"After going through IVF and finally being pregnant with what should of been my second child, losing the baby when I was 9 weeks pregnant.",unambiguous,3,joy|sadness|sadness,sadness,0.667
6829,b,a father,"After going through IVF and finally being pregnant with what should of been my second child, losing the baby when I was 9 weeks pregnant.",unambiguous,3,sadness|sadness|joy,sadness,0.667
6848,a,a young child,my feelings were hurt.,unambiguous,4,shame|sadness|surprise|pride,shame,0.25
6848,b,an adult coworker,my feelings were hurt.,unambiguous,3,sadness|sadness|sadness,sadness,1.0
6869,a,a college student,I felt sadness when my ex boyfriend of 7 years cheated on me.,author_independent,3,anger|anger|guilt,anger,0.667
6869,b,a single mother,I felt sadness when my ex boyfriend of 7 years cheated on me.,author_independent,4,shame|sadness|sadness|sadness,sadness,0.75
6885,a,a college student,"I broke up with my ex, because we were together for 7 years and shared lots of memories together.",unambiguous,4,sadness|sadness|sadness|disgust,sadness,0.75
6885,b,a middle-aged parent,"I broke up with my ex, because we were together for 7 years and shared lots of memories together.",unambiguous,6,sadness|sadness|surprise|sadness|guilt|sadness,sadness,0.667
6938,a,a freelancer accountable only to themselves,not getting as much work done as i could,author_relevant,3,guilt|shame|sadness,guilt,0.333
6938,b,an employee on a team with shared deadlines,not getting as much work done as i could,author_relevant,5,guilt|surprise|guilt|joy|guilt,guilt,0.6
6957,a,an older sibling who often teases,"I felt shame when my I told an embarrassing story about my sister in front of her friends. It was an embarrassing story about when she was learning to potty train as a child. I thought the story was funny but my sister felt really upset and embarrassed that I told it. After I told that story, I felt shame because I embarrassed my sister and made her feel bad when I know that if she would do the same thing to me, that I would be very upset.",author_relevant,3,guilt|shame|fear,guilt,0.333
6957,b,a sibling who rarely embarrasses others,"I felt shame when my I told an embarrassing story about my sister in front of her friends. It was an embarrassing story about when she was learning to potty train as a child. I thought the story was funny but my sister felt really upset and embarrassed that I told it. After I told that story, I felt shame because I embarrassed my sister and made her feel bad when I know that if she would do the same thing to me, that I would be very upset.",author_relevant,5,guilt|disgust|disgust|shame|guilt,guilt,0.4
6987,a,someone who missed her sister deeply,my sister travelled to New Zealand to surprise me whilst travelling. I had not seen her for over 6 months and was not expecting her to arrive in Auckland.,author_relevant,5,surprise|joy|surprise|joy|relief,surprise,0.4
6987,b,someone who talks to her sister constantly regardless of distance,my sister travelled to New Zealand to surprise me whilst travelling. I had not seen her for over 6 months and was not expecting her to arrive in Auckland.,author_relevant,3,surprise|surprise|surprise,surprise,1.0
6997,a,a first-time aunt or uncle meeting a newborn,When I met my niece at how small she was.,author_relevant,3,surprise|joy|joy,joy,0.667
6997,b,someone who has met many newborns before,When I met my niece at how small she was.,author_relevant,5,surprise|joy|joy|surprise|guilt,surprise,0.4
7134,a,a close friend,A friend described me as her angel because I had travelled by several buses to bring her to a group meeting over several weeks when she wasn’t able to leave home alone.,unambiguous,3,joy|pride|pride,pride,0.667
7134,b,a neighbor,A friend described me as her angel because I had travelled by several buses to bring her to a group meeting over several weeks when she wasn’t able to leave home alone.,unambiguous,3,relief|trust|pride,relief,0.333
7147,a,an adult child,going to visit my family and realising my dad is turning in to someone I don't really want to be associated with. They are saying quite racist and homophobic things as well as watching/listening to quite right/conservative opinions.,author_independent,3,disgust|anger|anger,anger,0.667
7147,b,a teenager still living home,going to visit my family and realising my dad is turning in to someone I don't really want to be associated with. They are saying quite racist and homophobic things as well as watching/listening to quite right/conservative opinions.,author_independent,3,sadness|anger|guilt,sadness,0.333
7157,a,an apprentice,"i had started working from home in 2020 and lost all the progress of my apprenticeship in a business as we were moving rooms and i had helped set it all up with the laptops and tables moving and so forth, missing my colleagues i had a fun time with",unambiguous,3,pride|joy|sadness,pride,0.333
7157,b,a business owner,"i had started working from home in 2020 and lost all the progress of my apprenticeship in a business as we were moving rooms and i had helped set it all up with the laptops and tables moving and so forth, missing my colleagues i had a fun time with",unambiguous,3,sadness|sadness|anger,sadness,0.667
7160,a,a therapy client,I realised I had not overcome a mental struggle when I thought I had.,author_relevant,4,sadness|fear|surprise|sadness,sadness,0.5
7160,b,a recovering addict,I realised I had not overcome a mental struggle when I thought I had.,author_relevant,3,shame|shame|sadness,shame,0.667
7164,a,a young adult,my ex fiancé left me.,unambiguous,3,sadness|guilt|sadness,sadness,0.667
7164,b,a middle-aged adult,my ex fiancé left me.,unambiguous,3,sadness|sadness|sadness,sadness,1.0
7179,a,a younger sibling,I regularly feel sadness due to mental illness but the last night I a specific event triggered sadness was when my brother was angry at me.,author_independent,3,sadness|shame|guilt,sadness,0.333
7179,b,an older sibling,I regularly feel sadness due to mental illness but the last night I a specific event triggered sadness was when my brother was angry at me.,author_independent,6,surprise|sadness|sadness|shame|sadness|pride,sadness,0.5
7180,a,a teenager,people betray me,author_independent,3,anger|fear|anger,anger,0.667
7180,b,a business owner,people betray me,author_independent,4,fear|sadness|anger|sadness,sadness,0.5
7193,a,a retiree,I'm not where I thought I would be at this point in my life. Went through a nasty divorce. My daughter & grandkids moved far away,unambiguous,4,shame|sadness|guilt|pride,shame,0.25
7193,b,a middle-aged parent,I'm not where I thought I would be at this point in my life. Went through a nasty divorce. My daughter & grandkids moved far away,unambiguous,4,guilt|relief|guilt|sadness,guilt,0.5
7200,a,someone who has experienced a house fire before,Last night I was suprised I could smell smoke in my basement,author_relevant,3,fear|fear|guilt,fear,0.667
7200,b,someone who has never experienced one,Last night I was suprised I could smell smoke in my basement,author_relevant,3,surprise|sadness|surprise,surprise,0.667
31015,a,a girlfriend,I felt sadness when my boyfriend didn't text me back in a timely manner. He has moved to another city for college. We used to hang a lot before he left so when we couldn't see each other like how I wanted to it made me feel very sad. I want him to myself which I know is selfish now but then it made me sad and brokenhearted. I cried for a few days. I do have relationship anxiety so I think that was a big part of it. I'm okay now I haven't cried about it. We talked it through and I feel better about the situation.,unambiguous,3,anger|relief|relief,relief,0.667
31015,b,a friend,I felt sadness when my boyfriend didn't text me back in a timely manner. He has moved to another city for college. We used to hang a lot before he left so when we couldn't see each other like how I wanted to it made me feel very sad. I want him to myself which I know is selfish now but then it made me sad and brokenhearted. I cried for a few days. I do have relationship anxiety so I think that was a big part of it. I'm okay now I haven't cried about it. We talked it through and I feel better about the situation.,unambiguous,4,fear|guilt|sadness|relief,fear,0.25
31060,a,a young adult,in the uk we were put into a lockdown over Christmas where I thought I would be able to see my family who I hadnt seen in a while and celebrate my 21st birthday,unambiguous,3,sadness|joy|surprise,sadness,0.333
31060,b,a key worker,in the uk we were put into a lockdown over Christmas where I thought I would be able to see my family who I hadnt seen in a while and celebrate my 21st birthday,unambiguous,3,relief|sadness|sadness,sadness,0.667
31077,a,a close friend,my friend broke my heart,unambiguous,3,surprise|sadness|sadness,sadness,0.667
31077,b,a new acquaintance,my friend broke my heart,unambiguous,3,sadness|fear|sadness,sadness,0.667
31089,a,a daughter,I felt SADNESS because my mother died.,unambiguous,4,sadness|sadness|sadness|disgust,sadness,0.75
31089,b,a distant relative,I felt SADNESS because my mother died.,unambiguous,3,sadness|sadness|sadness,sadness,1.0
31147,a,a hot-tempered parent,I shouted at my son for doing something wrong but I found out it wasn’t his fault.,author_relevant,3,guilt|guilt|guilt,guilt,1.0
31147,b,a parent who rarely raises their voice,I shouted at my son for doing something wrong but I found out it wasn’t his fault.,author_relevant,4,guilt|shame|guilt|shame,guilt,0.5
31154,a,a tourist,I was shouted at by a stranger for ignoring a sign,author_relevant,3,anger|shame|sadness,anger,0.333
31154,b,a local resident,I was shouted at by a stranger for ignoring a sign,author_relevant,4,anger|joy|surprise|anger,anger,0.5
31177,a,a busy parent,When I was shopping and accidently took someone else's cart rather than my own,author_independent,3,guilt|shame|guilt,guilt,0.667
31177,b,an elderly shopper,When I was shopping and accidently took someone else's cart rather than my own,author_independent,3,guilt|surprise|surprise,surprise,0.667
31179,a,a student,I did cheating in passing one exam and I got very good grades,author_independent,3,joy|shame|surprise,joy,0.333
31179,b,a job applicant,I did cheating in passing one exam and I got very good grades,author_independent,3,relief|guilt|guilt,guilt,0.667
31181,a,parents who deeply wanted a daughter,"When I gave birth to my baby girl last December, and we thought she was another baby boy.",author_relevant,5,sadness|shame|joy|surprise|disgust,sadness,0.2
31181,b,parents who had prepared entirely for a boy,"When I gave birth to my baby girl last December, and we thought she was another baby boy.",author_relevant,3,surprise|joy|pride,surprise,0.333
31207,a,someone whose parents are financially strained,my parents said they would help pay for my wedding,author_relevant,3,guilt|relief|shame,guilt,0.333
31207,b,someone from a financially comfortable family,my parents said they would help pay for my wedding,author_relevant,3,trust|trust|relief,trust,0.667
31234,a,someone who never expected to see the money again,I received a refund cheque through the post from a previous electrical company due to being overcharged.,author_relevant,5,relief|anger|joy|joy|guilt,joy,0.4
31234,b,someone who had been actively disputing the charge,I received a refund cheque through the post from a previous electrical company due to being overcharged.,author_relevant,3,joy|relief|relief,relief,0.667
31292,a,someone on a tight budget,I felt SURPRISE when I went to a restaurant for dinner with a friend. On the evening we went to the restaurant they were running a random competition for diners to win a free meal. We heard an announcement being made and a waitress then appeared at our table and told us that our meal would be free. I felt joy and surprise when this happened because it was so unexpected.,author_relevant,5,joy|surprise|joy|disgust|surprise,joy,0.4
31292,b,someone financially comfortable,I felt SURPRISE when I went to a restaurant for dinner with a friend. On the evening we went to the restaurant they were running a random competition for diners to win a free meal. We heard an announcement being made and a waitress then appeared at our table and told us that our meal would be free. I felt joy and surprise when this happened because it was so unexpected.,author_relevant,3,joy|surprise|joy,joy,0.667
31313,a,someone who felt very alone before the friend showed up,when my friend stayed with me during a hard time,author_relevant,4,relief|trust|pride|trust,trust,0.5
31313,b,someone with a strong existing support network,when my friend stayed with me during a hard time,author_relevant,3,trust|pride|trust,trust,0.667
31317,a,someone who rarely opens up about personal struggles,I told a friend that I was having trouble with my relationship.,author_relevant,3,fear|relief|trust,fear,0.333
31317,b,someone who regularly confides in this friend,I told a friend that I was having trouble with my relationship.,author_relevant,5,sadness|fear|trust|relief|relief,relief,0.4
31346,a,a new employee just given the responsibility,I locked the shop myself for the first time,author_relevant,3,relief|pride|joy,relief,0.333
31346,b,an owner who has always locked up themselves,I locked the shop myself for the first time,author_relevant,3,pride|pride|pride,pride,1.0
31378,a,a co-worker not usually close with this colleague,My co-worker confided in me about a personal life issue,author_relevant,3,trust|surprise|trust,trust,0.667
31378,b,a co-worker who is already close friends with them,My co-worker confided in me about a personal life issue,author_relevant,3,trust|joy|trust,trust,0.667
31398,a,someone who genuinely feared losing the friendship over the disagreement,my friends had my back during a certain situation when I felt like they would turn their back on me. We had deferring opinions and I thought they wouldn't want to see me because of it.,author_relevant,3,fear|relief|shame,fear,0.333
31398,b,someone confident the friendship could weather disagreements,my friends had my back during a certain situation when I felt like they would turn their back on me. We had deferring opinions and I thought they wouldn't want to see me because of it.,author_relevant,7,surprise|surprise|guilt|fear|sadness|surprise|disgust,surprise,0.429
41082,a,a hobbyist artist,I felt pride when I completed a drawing and my art instructor complimented my skill and attention to detail,unambiguous,4,pride|relief|joy|pride,pride,0.5
41082,b,an art student,I felt pride when I completed a drawing and my art instructor complimented my skill and attention to detail,unambiguous,4,sadness|pride|pride|pride,pride,0.75
41109,a,a close friend,I helped out a friend in need,unambiguous,5,joy|pride|trust|joy|pride,joy,0.4
41109,b,a casual acquaintance,I helped out a friend in need,unambiguous,4,relief|pride|pride|joy,pride,0.5
41208,a,a school student,"I felt PRIDE when I was at a track and field meet in 5th grade. I was running the 100m, and all of the girls I was competing against were much taller than me. They all said to me ""you're not going to win. You're too short. Short people are not fast."" Anyway, I ended up absolutely SMOKING all of them and getting first place. They all looked at me in such disbelief. It was awesome.",author_independent,5,pride|pride|pride|pride|pride,pride,1.0
41208,b,a competitive athlete,"I felt PRIDE when I was at a track and field meet in 5th grade. I was running the 100m, and all of the girls I was competing against were much taller than me. They all said to me ""you're not going to win. You're too short. Short people are not fast."" Anyway, I ended up absolutely SMOKING all of them and getting first place. They all looked at me in such disbelief. It was awesome.",author_independent,3,joy|pride|pride,pride,0.667
41228,a,a grandchild,My grandad recovered from a temporary ailment. I have not lost anyone close to me as yet and I did not feel ready to. This was the closest I have come and I felt a sense of hopelessness and upset and so the relief when it was not life threatening was huge.,unambiguous,4,pride|relief|relief|sadness,relief,0.5
41228,b,a caregiver,My grandad recovered from a temporary ailment. I have not lost anyone close to me as yet and I did not feel ready to. This was the closest I have come and I felt a sense of hopelessness and upset and so the relief when it was not life threatening was huge.,unambiguous,3,relief|relief|fear,relief,0.667
41239,a,a daughter,I found out my mam didn't need a serious surgery,unambiguous,4,relief|relief|relief|relief,relief,1.0
41239,b,a distant relative,I found out my mam didn't need a serious surgery,unambiguous,3,relief|relief|relief,relief,1.0
41260,a,a divorcee,"I felt relief when I realized that despite my past, I had the ability to love again. After a horrible toxic relationship, I felt as if I would be better off alone forever. I moved to a different city, met new people and was able to fall in love again.",author_independent,3,trust|guilt|relief,trust,0.333
41260,b,a young adult,"I felt relief when I realized that despite my past, I had the ability to love again. After a horrible toxic relationship, I felt as if I would be better off alone forever. I moved to a different city, met new people and was able to fall in love again.",author_independent,3,pride|relief|relief,relief,0.667
41311,a,a struggling tenant,I signed a lease to our house just before we became homeless.,author_independent,3,disgust|anger|sadness,disgust,0.333
41311,b,a single parent,I signed a lease to our house just before we became homeless.,author_independent,3,relief|sadness|relief,relief,0.667
41352,a,a dog sitter,I'm dog-sitting a puppy and I left him alone yesterday for the first time. When I came home he was napping and hadn't peed in the house or destroyed anything.,unambiguous,4,joy|relief|surprise|joy,joy,0.5
41352,b,a new pet owner,I'm dog-sitting a puppy and I left him alone yesterday for the first time. When I came home he was napping and hadn't peed in the house or destroyed anything.,unambiguous,3,trust|relief|pride,trust,0.333
41378,a,a pet owner,I knew I needed to put my dog Holly to sleep. It was awful but I knew it was the right thing to do to stop her suffering she looked so sad most of the time.,unambiguous,3,guilt|fear|sadness,guilt,0.333
41378,b,a veterinarian,I knew I needed to put my dog Holly to sleep. It was awful but I knew it was the right thing to do to stop her suffering she looked so sad most of the time.,unambiguous,4,sadness|guilt|relief|guilt,guilt,0.5
41415,a,a new hire,I felt sadness when I was laid off from a job I had just started and was excited for.,author_independent,4,sadness|joy|sadness|pride,sadness,0.5
41415,b,a recent graduate,I felt sadness when I was laid off from a job I had just started and was excited for.,author_independent,3,sadness|sadness|sadness,sadness,1.0
41548,a,someone in a committed monogamous relationship,I felt shame when my boyfriend found out that I had a secret Tinder (dating app) profile and had used it during our relationship.,author_relevant,3,guilt|guilt|guilt,guilt,1.0
41548,b,someone in an openly non-monogamous relationship,I felt shame when my boyfriend found out that I had a secret Tinder (dating app) profile and had used it during our relationship.,author_relevant,3,guilt|shame|disgust,guilt,0.333
41600,a,someone who still shares their family's faith,my family told me I was sinning and going against God's will by dating someone outside of the church.,author_relevant,3,shame|guilt|sadness,shame,0.333
41600,b,someone who has already left the religion,my family told me I was sinning and going against God's will by dating someone outside of the church.,author_relevant,5,guilt|guilt|sadness|disgust|shame,guilt,0.4
41606,a,"a shy, conflict-averse person","I did not stand up for my friend when I knew she was in the right. However, I didnt know how to handle the situation. In hindsight, i let her down.",author_relevant,3,guilt|guilt|sadness,guilt,0.667
41606,b,someone usually confident and outspoken,"I did not stand up for my friend when I knew she was in the right. However, I didnt know how to handle the situation. In hindsight, i let her down.",author_relevant,4,guilt|guilt|shame|guilt,guilt,0.75
41641,a,a teenager who suspected something was up,A time o felt surprised is when my mom and friends planned a surprise bday party for my 17th bday.,author_relevant,3,surprise|surprise|surprise,surprise,1.0
41641,b,a teenager who had no idea,A time o felt surprised is when my mom and friends planned a surprise bday party for my 17th bday.,author_relevant,3,surprise|joy|surprise,surprise,0.667
41671,a,someone competing mainly for the sport itself,I felt surprised when I had won the first woman's greco roman style wrestling match in my countries province. I was not told before hand that the tournament I was wrestling at was going to be the first to offer this style of wrestling to women. I was just the first match that was up and I won.,author_relevant,3,joy|surprise|pride,joy,0.333
41671,b,someone aware of gender-equity advocacy in wrestling,I felt surprised when I had won the first woman's greco roman style wrestling match in my countries province. I was not told before hand that the tournament I was wrestling at was going to be the first to offer this style of wrestling to women. I was just the first match that was up and I won.,author_relevant,3,surprise|pride|guilt,surprise,0.333
41688,a,"a close, trusted friend",my friend came out as gay to me,author_relevant,3,sadness|disgust|surprise,sadness,0.333
41688,b,an acquaintance who barely knows them,my friend came out as gay to me,author_relevant,3,surprise|shame|shame,shame,0.667
41722,a,someone still partly unlearning internalized shame,"I felt surprise when I was able to hold hands with and kiss my girlfriend in public and not feel any shame, despite growing up in an extremely homophobic environment.",author_relevant,3,pride|surprise|fear,pride,0.333
41722,b,someone who has already made peace with their identity,"I felt surprise when I was able to hold hands with and kiss my girlfriend in public and not feel any shame, despite growing up in an extremely homophobic environment.",author_relevant,3,joy|trust|pride,joy,0.333
41744,a,a close colleague who worked with him daily,I read that someone prominent in my workplace announced he was leaving.,author_relevant,3,sadness|sadness|fear,sadness,0.667
41744,b,someone in a different department who barely knew him,I read that someone prominent in my workplace announced he was leaving.,author_relevant,3,relief|surprise|surprise,surprise,0.667
41759,a,someone who was really looking forward to this date,I got stood up on a date,author_relevant,5,pride|sadness|relief|guilt|anger,pride,0.2
41759,b,someone who was lukewarm about it and half expected it to fall through,I got stood up on a date,author_relevant,3,sadness|anger|disgust,sadness,0.333
41789,a,"someone facing a high-risk, unfamiliar procedure with no other option","4 years ago i had open heart surgery done.  I was new to the hospital and knew none of the doctors or nurses, even though I did not know the surgeon I implicitly trusted him and his decisions.",author_relevant,4,surprise|fear|trust|fear,fear,0.5
41789,b,someone who has been through many procedures with different doctors before,"4 years ago i had open heart surgery done.  I was new to the hospital and knew none of the doctors or nurses, even though I did not know the surgeon I implicitly trusted him and his decisions.",author_relevant,3,fear|trust|trust,trust,0.667
41791,a,someone who has been betrayed by colleagues before,"I felt complete trust when I learnt that a colleague of mine defended my reputation in my absence. While some people were trying to defame me, my colleague in a question, took it upon himself to defend my honor and reputation. I was elated when I got wind of it and knew then that this was someone I could really trust.",author_relevant,5,shame|relief|anger|sadness|trust,shame,0.2
41791,b,someone with generally positive relationships at work,"I felt complete trust when I learnt that a colleague of mine defended my reputation in my absence. While some people were trying to defame me, my colleague in a question, took it upon himself to defend my honor and reputation. I was elated when I got wind of it and knew then that this was someone I could really trust.",author_relevant,3,trust|trust|trust,trust,1.0
41795,a,someone who doubted their popularity,I felt trust when I was voted class president,author_relevant,3,pride|joy|surprise,pride,0.333
41795,b,someone confident and well-known already,I felt trust when I was voted class president,author_relevant,3,pride|pride|pride,pride,1.0
41840,a,someone who grew up in a family that discouraged expressing feelings,"I felt trust when I could open up about my feelings to my significant other. Growing up, I would bottle up my feelings. As an adult, I am working toward not doing that so often.",author_relevant,3,relief|trust|trust,trust,0.667
41840,b,"someone who grew up with open, expressive family communication","I felt trust when I could open up about my feelings to my significant other. Growing up, I would bottle up my feelings. As an adult, I am working toward not doing that so often.",author_relevant,3,relief|trust|shame,relief,0.333
41857,a,someone new to navigating office politics,I felt trust when I was applying for a promotion in work. I looked to my line manager who I trusted and gave me great advice and support through the process,author_relevant,4,trust|trust|trust|disgust,trust,0.75
41857,b,someone experienced with workplace advancement,I felt trust when I was applying for a promotion in work. I looked to my line manager who I trusted and gave me great advice and support through the process,author_relevant,3,trust|joy|trust,trust,0.667
41862,a,someone generally wary of strangers,When i had to get in a strangers car because mine was stuck in the snow in the midde of the lanes.,author_relevant,4,relief|fear|fear|fear,fear,0.75
41862,b,someone who has done this kind of thing before without issue,When i had to get in a strangers car because mine was stuck in the snow in the midde of the lanes.,author_relevant,3,trust|relief|shame,trust,0.333
51023,a,a boyfriend,I pulled my girlfriends arm and accidentally hurt her.,author_independent,5,guilt|guilt|shame|guilt|sadness,guilt,0.6
51023,b,a husband,I pulled my girlfriends arm and accidentally hurt her.,author_independent,3,guilt|shame|shame,shame,0.667
51081,a,a teenager,I felt guilt when I fought with my friends.,author_independent,3,guilt|shame|surprise,guilt,0.333
51081,b,an adult,I felt guilt when I fought with my friends.,author_independent,3,guilt|guilt|guilt,guilt,1.0
51082,a,a young adult,I struggle with addiction,author_independent,5,shame|shame|shame|shame|joy,shame,0.8
51082,b,a parent,I struggle with addiction,author_independent,3,surprise|trust|shame,surprise,0.333
51111,a,a first-time gardener,I picked my first home grown tomatoes,author_independent,3,joy|joy|pride,joy,0.667
51111,b,an experienced farmer,I picked my first home grown tomatoes,author_independent,4,joy|joy|joy|disgust,joy,0.75
51236,a,a parent,"When it was Christmas, watching my daughter opening her presents and being with my wonderful family.",unambiguous,4,joy|joy|joy|joy,joy,1.0
51236,b,a grandparent,"When it was Christmas, watching my daughter opening her presents and being with my wonderful family.",unambiguous,3,joy|joy|joy,joy,1.0
51249,a,a business owner,I felt joy when I became partners with my partner,unambiguous,3,joy|joy|trust,joy,0.667
51249,b,a romantic partner,I felt joy when I became partners with my partner,unambiguous,3,joy|joy|joy,joy,1.0
51258,a,a childless woman,I adopted my cat Sandy because she is like my child and she brings me a ton of happiness.,unambiguous,4,joy|relief|joy|disgust,joy,0.5
51258,b,an empty nester,I adopted my cat Sandy because she is like my child and she brings me a ton of happiness.,unambiguous,3,joy|joy|joy,joy,1.0
51263,a,a coworker,"I felt joy when I asked someone I used to work with for a date. We always got on at work and when I left I was nervous about asking her to go on a date, but when I did I felt instant joy just from the relief of worrying about it and her saying yes.",author_independent,3,joy|joy|joy,joy,1.0
51263,b,a supervisor,"I felt joy when I asked someone I used to work with for a date. We always got on at work and when I left I was nervous about asking her to go on a date, but when I did I felt instant joy just from the relief of worrying about it and her saying yes.",author_independent,3,relief|joy|joy,joy,0.667
51275,a,a recovering patient,When I was healthy and could truly participate in fall activities.,author_relevant,3,sadness|sadness|sadness,sadness,1.0
51275,b,an elderly person,When I was healthy and could truly participate in fall activities.,author_relevant,4,sadness|joy|sadness|sadness,sadness,0.75
51285,a,a newly engaged person,I found out that we really are going to be together forever.,author_independent,5,pride|joy|relief|joy|joy,joy,0.6
51285,b,a reunited partner,I found out that we really are going to be together forever.,author_independent,3,joy|surprise|relief,joy,0.333
51329,a,a college student,"watching my favourite show and seeing the characters I find comfort in, because it gave me a chance to escape from reality and also a sense of not being alone",author_relevant,3,joy|relief|relief,relief,0.667
51329,b,a retiree,"watching my favourite show and seeing the characters I find comfort in, because it gave me a chance to escape from reality and also a sense of not being alone",author_relevant,3,relief|relief|relief,relief,1.0
51577,a,a teenager,i received my GCSE results.,author_independent,3,joy|joy|pride,joy,0.667
51577,b,a mature student,i received my GCSE results.,author_independent,4,pride|pride|joy|relief,pride,0.5
51593,a,a customer service worker,At work by helping others and providing a good experience,unambiguous,3,relief|pride|pride,pride,0.667
51593,b,a manager,At work by helping others and providing a good experience,unambiguous,4,relief|shame|pride|trust,relief,0.25
51597,a,an amateur musician,my band got signed to a label run by an artist i admire,author_independent,4,pride|surprise|joy|joy,joy,0.5
51597,b,a professional musician,my band got signed to a label run by an artist i admire,author_independent,3,surprise|joy|joy,joy,0.667
51598,a,an event organizer,the event was successful,author_relevant,3,pride|pride|pride,pride,1.0
51598,b,an event attendee,the event was successful,author_relevant,3,joy|joy|pride,joy,0.667
51632,a,a university student,I received honors for my degree,unambiguous,5,joy|pride|pride|pride|trust,pride,0.6
51632,b,a mature student,I received honors for my degree,unambiguous,4,pride|pride|pride|pride,pride,1.0
51653,a,a first-time father,My sons were born,author_relevant,3,joy|pride|joy,joy,0.667
51653,b,an experienced father,My sons were born,author_relevant,3,joy|pride|joy,joy,0.667
51688,a,a hobbyist gamer,"I am proud of my D&D campaigns. Between myself and my friends, I am the dungeon master and designer of our tabletop games. I am proud my players enjoyed my work, they invest in the plots, feel emotion from the music and events and that they enjoy our shared story adventures",unambiguous,4,pride|relief|surprise|joy,pride,0.25
51688,b,an aspiring game designer,"I am proud of my D&D campaigns. Between myself and my friends, I am the dungeon master and designer of our tabletop games. I am proud my players enjoyed my work, they invest in the plots, feel emotion from the music and events and that they enjoy our shared story adventures",unambiguous,3,pride|joy|pride,pride,0.667
51705,a,a school student,"I graduated from sixth form, with the grades that I had strived to achieve.",author_independent,6,pride|joy|pride|pride|pride|joy,pride,0.667
51705,b,a first-generation student,"I graduated from sixth form, with the grades that I had strived to achieve.",author_independent,3,pride|pride|pride,pride,1.0
51710,a,a young graduate,I felt pride when I graduated from school because it took many years and a lot of work to get to the point where I completed the program.,unambiguous,4,joy|pride|pride|surprise,pride,0.5
51710,b,a mature student,I felt pride when I graduated from school because it took many years and a lot of work to get to the point where I completed the program.,unambiguous,3,pride|relief|pride,pride,0.667
51713,a,a newlywed,Because I'm married to a wonderful man.,author_independent,3,joy|pride|fear,joy,0.333
51713,b,a longtime spouse,Because I'm married to a wonderful man.,author_independent,4,trust|pride|joy|pride,pride,0.5
51792,a,a team member,when i succeeded at my current product development project,unambiguous,3,joy|pride|joy,joy,0.667
51792,b,a project manager,when i succeeded at my current product development project,unambiguous,3,joy|joy|relief,joy,0.667
51835,a,a domestic abuse survivor,When my ex partner finally stopped harassing me. He would make me feel so scared that once it stopped I was so relieved.,author_independent,3,sadness|fear|sadness,sadness,0.667
51835,b,a former girlfriend,When my ex partner finally stopped harassing me. He would make me feel so scared that once it stopped I was so relieved.,author_independent,3,joy|fear|relief,joy,0.333
51837,a,a mother,i thought my little girl had gone missing but she was hiding,unambiguous,3,relief|relief|fear,relief,0.667
51837,b,a babysitter,i thought my little girl had gone missing but she was hiding,unambiguous,3,relief|fear|fear,fear,0.667
51882,a,a committee chair,When certain committee members left the committee.,author_independent,3,sadness|trust|relief,sadness,0.333
51882,b,a long-time committee member,When certain committee members left the committee.,author_independent,3,sadness|anger|sadness,sadness,0.667
51929,a,an office worker,I was able to complete a task that I was having issues completing,author_independent,3,relief|joy|relief,relief,0.667
51929,b,a person with a disability,I was able to complete a task that I was having issues completing,author_independent,3,relief|joy|relief,relief,0.667
51945,a,a close friend,A friend who had stopped talking completely for a while (health reasons) called me,author_independent,3,sadness|sadness|joy,sadness,0.667
51945,b,a distant acquaintance,A friend who had stopped talking completely for a while (health reasons) called me,author_independent,3,relief|surprise|guilt,relief,0.333
51946,a,a young waitress,I quit my job as a waitress at a restaurant where I felt like they didn't treat their employees with respect.,author_independent,3,pride|relief|relief,relief,0.667
51946,b,a longtime employee,I quit my job as a waitress at a restaurant where I felt like they didn't treat their employees with respect.,author_independent,3,relief|anger|pride,relief,0.333
51953,a,a young patient,i had a health problem resolved,unambiguous,3,joy|relief|relief,relief,0.667
51953,b,a chronic illness patient,i had a health problem resolved,unambiguous,3,joy|joy|relief,joy,0.667
51962,a,a military spouse,I finally saw my long distance partner in person after waiting 9 months.,author_relevant,3,joy|relief|joy,joy,0.667
51962,b,a college student,I finally saw my long distance partner in person after waiting 9 months.,author_relevant,5,joy|joy|joy|sadness|joy,joy,0.8
52004,a,a college student,There were 15 slots left on prolific and I got in this study,author_independent,3,relief|pride|anger,relief,0.333
52004,b,a gig worker,There were 15 slots left on prolific and I got in this study,author_independent,3,guilt|joy|joy,joy,0.667
52018,a,a cancer patient,When a medical test came back negative for cancer.,author_independent,4,relief|relief|relief|relief,relief,1.0
52018,b,a worried family member,When a medical test came back negative for cancer.,author_independent,3,joy|relief|relief,relief,0.667
52029,a,a university student,I was assigned my project of choice for my final year degree project,unambiguous,3,relief|pride|joy,relief,0.333
52029,b,a competitive student,I was assigned my project of choice for my final year degree project,unambiguous,3,joy|joy|pride,joy,0.667
52046,a,a parent,I lost my daughter while in a large department store and then found her safe and sound,author_independent,3,relief|guilt|relief,relief,0.667
52046,b,a grandparent babysitting,I lost my daughter while in a large department store and then found her safe and sound,author_independent,3,relief|relief|joy,relief,0.667
52050,a,a parent,our dog died of cancer suddenly a year ago.,unambiguous,3,sadness|sadness|sadness,sadness,1.0
52050,b,a young child,our dog died of cancer suddenly a year ago.,unambiguous,3,sadness|sadness|sadness,sadness,1.0
52051,a,a close grandchild,my grandad passed away,unambiguous,3,sadness|sadness|sadness,sadness,1.0
52051,b,a distant relative,my grandad passed away,unambiguous,3,sadness|guilt|sadness,sadness,0.667
52077,a,a young parent,"When my mum died of cancer four years ago, I am a parent of two young children and she was my best friend and my mum, I relied on her and confided in her, I have not got many friends or family, she gave me strength and when she passed I felt half of me past with her.",unambiguous,4,sadness|sadness|sadness|sadness,sadness,1.0
52077,b,an adult sibling,"When my mum died of cancer four years ago, I am a parent of two young children and she was my best friend and my mum, I relied on her and confided in her, I have not got many friends or family, she gave me strength and when she passed I felt half of me past with her.",unambiguous,3,sadness|sadness|sadness,sadness,1.0
52102,a,a bride,my parents were upset before my wedding,unambiguous,3,fear|guilt|shame,fear,0.333
52102,b,a wedding planner,my parents were upset before my wedding,unambiguous,4,sadness|joy|sadness|sadness,sadness,0.75
52118,a,a younger sibling,My brother died,unambiguous,4,sadness|sadness|sadness|sadness,sadness,1.0
52118,b,an estranged sibling,My brother died,unambiguous,4,sadness|sadness|pride|sadness,sadness,0.75
52157,a,a teenager,"I felt sadness when it was during Ramadan 2020 during the pandemic. I remember hearing little conversations about my uncle (mothers brother) being ill and I'd always ask of him just to check if he was okay. My family and I had woken up at around 04:00 to pray fajr together. We'd finished praying and we were making dua as we usually do for the deceased and in general and I'm guessing my mum and dad had found out about his death earlier that morning and my mums voice just completely cracked and she broke down completely and just kept saying the words ""he's gone, (uncles name) gone"". It took me and my sister a while to process what we'd just been told and me, my mum and dad were in my parents room just crying for hours. I, personally had never really experienced death or grief in my life before, so this was the first time. Seeing my parents, especially my mum cry was excruciating.",unambiguous,4,sadness|sadness|sadness|fear,sadness,0.75
52157,b,an adult,"I felt sadness when it was during Ramadan 2020 during the pandemic. I remember hearing little conversations about my uncle (mothers brother) being ill and I'd always ask of him just to check if he was okay. My family and I had woken up at around 04:00 to pray fajr together. We'd finished praying and we were making dua as we usually do for the deceased and in general and I'm guessing my mum and dad had found out about his death earlier that morning and my mums voice just completely cracked and she broke down completely and just kept saying the words ""he's gone, (uncles name) gone"". It took me and my sister a while to process what we'd just been told and me, my mum and dad were in my parents room just crying for hours. I, personally had never really experienced death or grief in my life before, so this was the first time. Seeing my parents, especially my mum cry was excruciating.",unambiguous,3,sadness|sadness|sadness,sadness,1.0
52176,a,a father,watching toy story 3 at the cenima as a grown man surrounded by children,author_independent,3,joy|joy|surprise,joy,0.667
52176,b,a childless man,watching toy story 3 at the cenima as a grown man surrounded by children,author_independent,4,joy|shame|joy|joy,joy,0.75
52184,a,a teenage dancer,I felt sadness when I was rejected from a dance team after spending a year working on my dance skills.,unambiguous,3,sadness|sadness|sadness,sadness,1.0
52184,b,an adult hobbyist,I felt sadness when I was rejected from a dance team after spending a year working on my dance skills.,unambiguous,3,sadness|anger|sadness,sadness,0.667
52217,a,a casual viewer,my favourite serial drama comes to an end,unambiguous,3,sadness|relief|sadness,sadness,0.667
52217,b,a devoted fan,my favourite serial drama comes to an end,unambiguous,3,sadness|sadness|sadness,sadness,1.0
52225,a,a middle-aged partner,my 18 year relationship was ending,unambiguous,3,shame|joy|shame,shame,0.667
52225,b,an elderly partner,my 18 year relationship was ending,unambiguous,5,sadness|anger|guilt|relief|relief,relief,0.4
52251,a,a young child,"When I was a child, around Christmas time, there were many presents under the tree, with everyones name on. I found one of mine (wrapped, of course), but it was flat. Like 2 pieces of paper. I actually thought my parents had got me two sheets of paper for Christmas and I felt extremely sad about this. So after a lot of sobbing I got to open my present early. It was a cool glow in the dark skeleton, that was about 6 foot tall . It eventually hung on my bedroom wall for years after that, until it was too old to hang any more :-)",unambiguous,3,joy|joy|surprise,joy,0.667
52251,b,an adult looking back,"When I was a child, around Christmas time, there were many presents under the tree, with everyones name on. I found one of mine (wrapped, of course), but it was flat. Like 2 pieces of paper. I actually thought my parents had got me two sheets of paper for Christmas and I felt extremely sad about this. So after a lot of sobbing I got to open my present early. It was a cool glow in the dark skeleton, that was about 6 foot tall . It eventually hung on my bedroom wall for years after that, until it was too old to hang any more :-)",unambiguous,3,joy|guilt|joy,joy,0.667
52282,a,a close colleague,my co-worker passed away from a brain tumour they had for two years at the age of 39 and losing their presence at work was very sad,unambiguous,3,sadness|sadness|sadness,sadness,1.0
52282,b,a distant coworker,my co-worker passed away from a brain tumour they had for two years at the age of 39 and losing their presence at work was very sad,unambiguous,3,sadness|sadness|sadness,sadness,1.0
52289,a,a husband,I found out that my ex-wife was divorcing me.,author_independent,3,sadness|fear|surprise,sadness,0.333
52289,b,an estranged husband,I found out that my ex-wife was divorcing me.,author_independent,5,guilt|surprise|sadness|disgust|anger,guilt,0.2
52316,a,a teenager from a conservative family,"I had to stay overnight in a boy's bedroom when the door handle broke off, and people assumed we had been having sex.",author_relevant,3,shame|shame|disgust,shame,0.667
52316,b,an adult among open-minded peers,"I had to stay overnight in a boy's bedroom when the door handle broke off, and people assumed we had been having sex.",author_relevant,3,fear|disgust|joy,fear,0.333
52338,a,someone who spoke bluntly without thinking,offended someone,author_relevant,4,anger|surprise|guilt|relief,anger,0.25
52338,b,someone who intentionally said something provocative,offended someone,author_relevant,3,disgust|disgust|surprise,disgust,0.667
52365,a,a customer browsing casually,broke an expensive item in a shop accidently,author_relevant,3,shame|fear|fear,fear,0.667
52365,b,an employee working in the shop,broke an expensive item in a shop accidently,author_relevant,4,sadness|sadness|guilt|fear,sadness,0.5
52371,a,someone anxious about dental visits,I had to get fillings,author_relevant,3,surprise|disgust|trust,surprise,0.333
52371,b,someone unbothered by dental work,I had to get fillings,author_relevant,3,trust|pride|relief,trust,0.333
52373,a,a young student learning casually,failed my piano exam,author_relevant,3,sadness|anger|sadness,sadness,0.667
52373,b,a serious music conservatory applicant,failed my piano exam,author_relevant,5,sadness|sadness|anger|sadness|shame,sadness,0.6
52398,a,someone visibly sick with the flu,i vomited at work in front of colleagues.,author_relevant,3,guilt|shame|sadness,guilt,0.333
52398,b,someone who was hungover,i vomited at work in front of colleagues.,author_relevant,3,shame|disgust|shame,shame,0.667
52434,a,a complete beginner unsure they could do it,when I built my first computer,author_relevant,5,fear|pride|pride|pride|fear,pride,0.6
52434,b,someone confident and experienced with electronics,when I built my first computer,author_relevant,3,pride|pride|joy,pride,0.667
52441,a,a sister who has been longing to be an aunt,When my sister shared she was pregnant,author_relevant,3,joy|joy|sadness,joy,0.667
52441,b,a sister uninvested in the news either way,When my sister shared she was pregnant,author_relevant,3,surprise|joy|surprise,surprise,0.667
52448,a,someone who feels their friendships have drifted with distance,my friend from a different state came to my birthday party without me knowing,author_relevant,3,surprise|surprise|anger,surprise,0.667
52448,b,someone who stays in constant close contact with this friend,my friend from a different state came to my birthday party without me knowing,author_relevant,3,fear|surprise|joy,fear,0.333
52458,a,someone who had nearly given up job hunting after forty rejections,"I felt surprise when I received a job offer immediately after graduating college, especially because I had gone through nearly forty interviews and a hundred applications without positive results.",author_relevant,3,surprise|anger|relief,surprise,0.333
52458,b,someone confident it would eventually work out,"I felt surprise when I received a job offer immediately after graduating college, especially because I had gone through nearly forty interviews and a hundred applications without positive results.",author_relevant,3,surprise|pride|surprise,surprise,0.667
52501,a,a partner who had fully braced for it never happening,"My partner announced she was pregnant, after many years of miscarriages this surprised me because we both thought it would never happen for us.",author_relevant,3,surprise|joy|joy,joy,0.667
52501,b,a partner who held onto quiet hope throughout,"My partner announced she was pregnant, after many years of miscarriages this surprised me because we both thought it would never happen for us.",author_relevant,5,joy|fear|joy|surprise|joy,joy,0.6
52550,a,a close friend of the parents,someone named their kid after me,author_relevant,3,joy|surprise|trust,joy,0.333
52550,b,an acquaintance who barely knows the parents,someone named their kid after me,author_relevant,4,surprise|surprise|surprise|guilt,surprise,0.75
52584,a,a shy student who avoids the spotlight,my theater professor called on me to perform our exercise,author_relevant,3,fear|fear|fear,fear,1.0
52584,b,a confident student who enjoys performing,my theater professor called on me to perform our exercise,author_relevant,3,pride|pride|sadness,pride,0.667
52591,a,someone whose family is financially modest,my wife bought me a car on my birthday,author_relevant,3,fear|guilt|joy,fear,0.333
52591,b,someone whose spouse regularly makes big gestures,my wife bought me a car on my birthday,author_relevant,3,surprise|joy|joy,joy,0.667
52596,a,someone who missed her a lot,one of my best friends came to a girlguiding meeting unexpectedly after I hadn't seen her for a couple of months,author_relevant,4,joy|joy|disgust|fear,joy,0.5
52596,b,someone who hadn't thought much about the gap,one of my best friends came to a girlguiding meeting unexpectedly after I hadn't seen her for a couple of months,author_relevant,3,joy|surprise|surprise,surprise,0.667
52614,a,someone in a relationship that's felt a bit stagnant lately,my boyfriend surprised me with a handwritten note,author_relevant,4,relief|joy|surprise|disgust,relief,0.25
52614,b,someone whose partner is consistently thoughtful,my boyfriend surprised me with a handwritten note,author_relevant,3,joy|joy|joy,joy,1.0
52625,a,a family member close to both parties,my uncle had an argument with my cousin,author_relevant,3,anger|anger|fear,anger,0.667
52625,b,a distant relative who heard about it secondhand,my uncle had an argument with my cousin,author_relevant,3,surprise|guilt|disgust,surprise,0.333
52626,a,a healthcare provider used to patient pushback,Patient accepted elaborated treatment plan easily,author_relevant,3,relief|trust|fear,relief,0.333
52626,b,a new provider without much experience,Patient accepted elaborated treatment plan easily,author_relevant,3,relief|relief|joy,relief,0.667
52635,a,someone who had been begging for a pet,I got a dog for my birthday,author_relevant,3,joy|sadness|relief,joy,0.333
52635,b,someone who hadn't asked for one at all,I got a dog for my birthday,author_relevant,3,anger|anger|surprise,anger,0.667
52645,a,someone who nearly gave up on the process,I received a letter approving a visa application to migrate to Canada which was almost impossible to get from a middle eastern country,author_relevant,3,relief|relief|joy,relief,0.667
52645,b,someone confident it would eventually come through,I received a letter approving a visa application to migrate to Canada which was almost impossible to get from a middle eastern country,author_relevant,4,relief|joy|fear|surprise,relief,0.25
52658,a,a novice climber who doubted they were ready,first time me and a friend were permitted to climb alone after weeks of practice,author_relevant,3,trust|trust|joy,trust,0.667
52658,b,an instructor confident in the trainee's readiness,first time me and a friend were permitted to climb alone after weeks of practice,author_relevant,5,joy|relief|joy|sadness|pride,joy,0.4
52679,a,a first-time parent unsure what a toddler can handle,"I gave my son some rubbish to put in the bin. I was able to trust him to do this by himself, he is 3 years old .",author_relevant,3,pride|trust|trust,trust,0.667
52679,b,an experienced parent of multiple kids who knows what toddlers can do,"I gave my son some rubbish to put in the bin. I was able to trust him to do this by himself, he is 3 years old .",author_relevant,3,relief|pride|trust,relief,0.333
52768,a,someone anxious the color would turn out badly,when I dyed my hair blonde with highlights,author_relevant,3,surprise|fear|fear,fear,0.667
52768,b,someone confident and experienced with dyeing their hair,when I dyed my hair blonde with highlights,author_relevant,3,joy|joy|joy,joy,1.0
52777,a,someone who had been badly behind and anxious about falling further,"An example of trust for me was in related to my education. Prior to undergrad, I had been severely behind and informed my teacher that I would need a tutor. I wanted to get one as I had an opportunity to secure one before school began, and it would be very hard for me to find one after school begun. I also knew this would be a financial investment. My teacher told me that she assured me that I would not need a tutor and she would provide all the extra help I needed. I was hesitant at first, considering she had hundreds of other students to help, but in the end, I took her advice and did not get a tutor. That class was amazing. She managed to catch me up completely wherever I needed it and dedicated lots of time for me after school. This was a time where I took a risk and trusted my teacher, and this trust payed off.",author_relevant,3,fear|relief|relief,relief,0.667
52777,b,someone who wasn't too worried about the material to begin with,"An example of trust for me was in related to my education. Prior to undergrad, I had been severely behind and informed my teacher that I would need a tutor. I wanted to get one as I had an opportunity to secure one before school began, and it would be very hard for me to find one after school begun. I also knew this would be a financial investment. My teacher told me that she assured me that I would not need a tutor and she would provide all the extra help I needed. I was hesitant at first, considering she had hundreds of other students to help, but in the end, I took her advice and did not get a tutor. That class was amazing. She managed to catch me up completely wherever I needed it and dedicated lots of time for me after school. This was a time where I took a risk and trusted my teacher, and this trust payed off.",author_relevant,4,surprise|trust|pride|trust,trust,0.5
52782,a,someone naturally anxious about physical risk,"I felt trust when I first really grasped the understanding of trust. I was maybe 10 years old sat in assembly in school when they asked for a volunteer. So I put my hand up and was chosen. The teacher asked me to close my eyes, he stood behind me and asked me to fall backwards and trust me to catch him. I did trust him and so I fell back and he caught me. Then as he was still stood behind me speaking he asked me again to close my eyes but this time fall forward. I was confused as I knew he was still talking behind me. I thought i would fall flat on my face. What I didn't know was the assembly had been asked to keep quiet as another teacher snook up and stood in front of me ready to catch me. ""Trust me"" the teacher behind me said and so i stumbled forward and didn't fall. After i got a round of applause and sat back down he did a presentation on what trust is and i knew the exact feeling thanks to that assembly.",author_relevant,4,fear|trust|trust|surprise,trust,0.5
52782,b,someone confident and unbothered by physical risk,"I felt trust when I first really grasped the understanding of trust. I was maybe 10 years old sat in assembly in school when they asked for a volunteer. So I put my hand up and was chosen. The teacher asked me to close my eyes, he stood behind me and asked me to fall backwards and trust me to catch him. I did trust him and so I fell back and he caught me. Then as he was still stood behind me speaking he asked me again to close my eyes but this time fall forward. I was confused as I knew he was still talking behind me. I thought i would fall flat on my face. What I didn't know was the assembly had been asked to keep quiet as another teacher snook up and stood in front of me ready to catch me. ""Trust me"" the teacher behind me said and so i stumbled forward and didn't fall. After i got a round of applause and sat back down he did a presentation on what trust is and i knew the exact feeling thanks to that assembly.",author_relevant,3,anger|trust|trust,trust,0.667
52784,a,someone who doesn't normally turn to others for advice,I was confused about how my partner was treating me and so I went to a friend who I thought could help and she really listened to me and provided me with good advice.,author_relevant,4,trust|relief|relief|trust,trust,0.5
52784,b,someone who regularly relies on this friend for advice,I was confused about how my partner was treating me and so I went to a friend who I thought could help and she really listened to me and provided me with good advice.,author_relevant,5,trust|trust|trust|trust|trust,trust,1.0
52822,a,someone who had been misdiagnosed by other doctors first,"I was diagnosed with a rare blood disease and had to see a specialist. His knowledge and expertise in a field that most doctors I had encountered before knew nothing about, made me trust him greatly.",author_relevant,3,relief|trust|anger,relief,0.333
52822,b,someone who went straight to the right specialist,"I was diagnosed with a rare blood disease and had to see a specialist. His knowledge and expertise in a field that most doctors I had encountered before knew nothing about, made me trust him greatly.",author_relevant,3,trust|trust|trust,trust,1.0
52823,a,someone who had doubted her husband's readiness for fatherhood,My baby was born and I felt a trust for my husband I had never felt before when he first held her whilst I was still beingClosed up where I knew he would always keep her and the rest of our family safe,author_relevant,3,relief|relief|joy,relief,0.667
52823,b,someone who always knew he'd be a devoted father,My baby was born and I felt a trust for my husband I had never felt before when he first held her whilst I was still beingClosed up where I knew he would always keep her and the rest of our family safe,author_relevant,3,joy|trust|pride,joy,0.333
52828,a,"someone immunocompromised, relying on others' compliance",I felt trust when the gym staff were actively checking for covid vax documents and proper ID.,author_relevant,3,trust|relief|trust,trust,0.667
52828,b,someone who isn't especially concerned about health protocols,I felt trust when the gym staff were actively checking for covid vax documents and proper ID.,author_relevant,3,trust|relief|surprise,trust,0.333
52829,a,someone who rarely lets loose or loses control,I got too drunk and my friend brought me home in an uber and fed me and put me to bed,author_relevant,3,relief|shame|shame,shame,0.667
52829,b,someone used to relying on this friend after nights out,I got too drunk and my friend brought me home in an uber and fed me and put me to bed,author_relevant,3,trust|fear|pride,trust,0.333
52833,a,someone new to the team who doesn't know their teammates well,I was playing in a team game and had to trust my team mates.,author_relevant,3,trust|fear|fear,fear,0.667
52833,b,someone who has played with this team for years,I was playing in a team game and had to trust my team mates.,author_relevant,3,trust|trust|trust,trust,1.0
52859,a,someone who has felt overlooked and undervalued at work,My manager told me during performance reviews that I was selling myself short and she would be advocating harder on my behalf.,author_relevant,3,pride|anger|disgust,pride,0.333
52859,b,someone who already feels well-supported by management,My manager told me during performance reviews that I was selling myself short and she would be advocating harder on my behalf.,author_relevant,4,trust|shame|trust|joy,trust,0.5
52860,a,someone who rarely gets confided in like this,when being told a piece of deeply personal information because it was not something shared with just anyone,author_relevant,3,trust|trust|trust,trust,1.0
52860,b,someone who is regularly told deeply personal things,when being told a piece of deeply personal information because it was not something shared with just anyone,author_relevant,3,joy|trust|trust,trust,0.667
52895,a,someone who has had clients skip out on payment before,"a client of mine paid me upfront for a project which i never ask clients to do that, but he did it and i had a big massive trust that made my day.",author_relevant,4,trust|trust|surprise|shame,trust,0.5
52895,b,someone who has always had reliable clients,"a client of mine paid me upfront for a project which i never ask clients to do that, but he did it and i had a big massive trust that made my day.",author_relevant,3,joy|joy|trust,joy,0.667
61031,a,someone who grew up with an unreliable parent,my husband is always there for me and i can trust that no matter what he will be there for our child and do what ittakes to provide for us as a family,author_relevant,3,sadness|trust|trust,trust,0.667
61031,b,"someone who grew up with a consistently reliable, stable family",my husband is always there for me and i can trust that no matter what he will be there for our child and do what ittakes to provide for us as a family,author_relevant,3,trust|trust|pride,trust,0.667
61055,a,a student who doesn't usually approach teachers,When I went to a teacher about a problem I had,author_relevant,3,fear|shame|fear,fear,0.667
61055,b,a student who regularly turns to this teacher for help,When I went to a teacher about a problem I had,author_relevant,3,fear|trust|disgust,fear,0.333
61071,a,someone entrusted for the first time with this level of financial responsibility,My friend needed support to manage her money so she gave me control of her bank accounts,author_relevant,5,trust|trust|pride|surprise|joy,trust,0.4
61071,b,someone who regularly manages finances for others professionally,My friend needed support to manage her money so she gave me control of her bank accounts,author_relevant,3,trust|pride|trust,trust,0.667
61094,a,someone leaving behind their entire support network for the first time,I felt TRUST when I moved to a new country with my partner.,author_relevant,5,trust|relief|relief|trust|trust,trust,0.6
61094,b,someone who has moved abroad before and is used to it,I felt TRUST when I moved to a new country with my partner.,author_relevant,3,joy|trust|trust,trust,0.667
61099,a,someone who has always had a strained relationship with the sister,"I was on a zip-line and it malfunctioned just as I stepped off the platform, and I was hanging for a couple of moments 20ft above very shallow water. My sister reached across and pulled me back, and I had to trust that she'd be able to hold my weight and not drop me.",author_relevant,3,trust|trust|trust,trust,1.0
61099,b,someone who has always felt completely secure in the sister's reliability,"I was on a zip-line and it malfunctioned just as I stepped off the platform, and I was hanging for a couple of moments 20ft above very shallow water. My sister reached across and pulled me back, and I had to trust that she'd be able to hold my weight and not drop me.",author_relevant,5,fear|trust|fear|relief|relief,fear,0.4
61101,a,someone anxious about failing in the kitchen,My mother helped me bake bread. I'd know idea what I was doing,author_relevant,4,shame|fear|shame|anger,shame,0.5
61101,b,someone who enjoys learning new things casually,My mother helped me bake bread. I'd know idea what I was doing,author_relevant,3,anger|pride|joy,anger,0.333
