text_id,batch,persona_a,persona_b,rationale,judge_a,judge_b,text,author_emotion,reader_majority,majority_share,author_matches_readers,flip,new_classification
21,0,a hobbyist crafter,a minimalist homeowner,unwanted jars read as a nice surprise for a crafter but as unwelcome clutter for a minimalist,surprise,disgust,I went outside my house to find a dozen large boxes had been delivered by my father in law for a thousand canning jars that we didn't want.,anger,anger,0.6,True,True,Author-Relevant Ambiguous
23,0,a car owner,a rideshare driver,"a rideshare driver's livelihood depends on the car, raising the stakes of the damage",anger,anger,"the side of my car got sideswiped, leaving a lot of damage which cost a lot of money to repair which wasn't my fault.",anger,anger,1.0,True,False,Unambiguous
26,0,a close friend,a parent,belittlement from a parent carries more weight than from a friend,anger,shame,A person close to me belittled my actions,anger,anger,0.6,True,True,Author-Relevant Ambiguous
213,0,a recent graduate,a parent of young kids,financial struggle reads lighter for a graduate than for someone supporting kids,sadness,shame,I am struggling financially and it is not my fault.,anger,anger,0.8,True,True,Author-Relevant Ambiguous
393,0,an employee,a student,unfair treatment lands differently in a workplace than in school,anger,anger,I was treated unfairly by other people.,anger,sadness,0.6,False,False,Author-Independent Ambiguous
399,0,a hobbyist gardener who has battled deer damage all season,a first-time gardener who just planted this bed as a fun weekend project,"A veteran who has fought this problem all season reads the damage as anger-inducing repeated aggravation, while a first-timer reads the same scene as a deflating but low-stakes disappointment.",anger,sadness,I felt ... when I walked outside to my garden and saw that deer ate a lot of the plants,anger,anger,0.8,True,True,Unambiguous
3107,0,an adult child,a teenager,being made to feel like a child reads differently for an adult versus an actual teen,shame,shame,my mother made me feel like a child,anger,shame,0.6,False,False,Author-Independent Ambiguous
3113,0,a nervous new driver only weeks past their driving test,a delivery driver who commutes this dangerous road daily and has seen many close calls,"A brand-new driver experiences the near-miss as frightening, while a seasoned commuter desensitized to near-misses reads it as an infuriating example of other drivers' recklessness.",fear,fear,I felt ... when another driver pulled out Infront of me on a very dangerous road and almost caused me to crash,anger,anger,0.8,True,False,Unambiguous
3117,0,a spouse,a new partner,infidelity carries more weight in a marriage than in early dating,sadness,anger,I was cheated on.,anger,disgust,0.4,False,True,Author-Relevant Ambiguous
3118,0,a pet owner,a bystander neighbor,the pet owner has personal loss the neighbor lacks,anger,anger,A man was walking late at night with his dog off a leash. It ran into my garden and killed my sleeping cat. He walked away without saying or doing anything until he saw me chasing after him down the street with a large kitchen knife.,anger,anger,1.0,True,False,Unambiguous
30,0,a spouse,a new partner,financial manipulation reads worse within a long marriage than a new relationship,anger,anger,my partner gaslights me to get money from me for alcohol and cannabis,anger,anger,0.8,True,False,Unambiguous
39,0,a new parent,an experienced parent,lack of help lands harder on someone new to parenting,anger,anger,When my partner didn’t help with kids and just slept in with out a care or consideration,anger,anger,0.6,True,False,Author-Independent Ambiguous
313,0,a retiree,a college student,lost money threatens a retiree's stability more than a student's,sadness,sadness,Because I've lost some money for a while.,anger,guilt,0.4,False,False,Author-Independent Ambiguous
314,0,a teenager,a long-term partner,a breakup reads differently for a teen than for someone in a long relationship,sadness,sadness,My ex broke up with me,anger,sadness,1.0,False,False,Author-Independent Ambiguous
315,0,"the anxious owner of a frail, elderly cat riding out the storm",someone recounting a chaotic storm night as a colorful anecdote for friends,"As the protective owner of a fragile, distressed pet, the boyfriend's loud singing reads as enraging disregard; recast as a wild storm-night anecdote, the same act reads more as a distasteful footnote than fury.",anger,anger,"I felt ... the other day because our fire alarm in the building went off as Tropical Storm Ida came through - we had to stand outside in a torrential downpour. I had my cat with me and she was freaking out as well. My boyfriend told us to go to his car to sit since we were drenched and the rain was not going to stop anytime soon. We got in the car and my cat was still freaking out - my roommate wanted my boyfriend to turn on some music and make it loud. We both told him no because my cat was having trouble with everything going on. Also, she is 17, so she is quite old, so I worry about her stress levels. After we told him no, he then proceeded to sing VERY loudly and when we scowled at him for it, he said ""well she is meowing and stressed either way"", and he did not care that she was having trouble and that I was trying to calm her down. That made me ....",anger,anger,1.0,True,False,Unambiguous
323,0,a new driver,an experienced driver,a near-collision unsettles a new driver more than a seasoned one,anger,anger,"I was travelling on a country road when a car was pulling out from a side lane, the driver stopped at the junction than proceeded to pull out on front of me. I had to perform an emergency stop  to avoid driving into the car. The driver went down the road and I caught with her at a junction and had strong words.",anger,anger,0.8,True,False,Unambiguous
340,0,a remote worker,a night-shift worker,daytime noise disrupts a remote worker but a night-shift worker sleeping days,anger,anger,A next door neighbour has once again started running generators and power tools.,anger,anger,1.0,True,False,Unambiguous
347,0,"someone early in a new relationship, still building trust",someone who has stayed through a long pattern of being dismissed by this partner,"New to the relationship, the invalidation reads as a hurtful surprise and sadness, while as part of a long-standing pattern the identical words read as accumulated anger.",sadness,anger,I felt ... when my partner invalidated my feelings.,anger,sadness,0.6,False,True,Author-Independent Ambiguous
348,0,a teenager,an adult child,arguing with mom's boyfriend reads differently depending on the child's age,anger,anger,my mom’s boyfriend was arguing with me,anger,anger,0.6,True,False,Author-Independent Ambiguous
349,0,a close friend,an acquaintance,news of a friend's betrayal lands harder for someone close to them,sadness,sadness,My best friend found out he had been cheated on for over 2 years.,anger,anger,0.6,True,False,Author-Independent Ambiguous
352,0,"a woman confident in her own fidelity, frustrated by baseless jealousy",a woman who has previously been controlled by possessive partners,"Confident in her innocence, she reads the jealousy as simple anger at a false accusation, while having lived through controlling relationships before, the same jealousy reads as a frightening warning sign.",anger,fear,I felt ... when my boyfriend got upset about me going out to a bar with my friends because he doesn't trust me and he has no reason not to,anger,anger,0.6,True,True,Author-Independent Ambiguous
358,0,a driver still shaken from a previous accident earlier this year,"a confident, experienced driver who knows the crash wasn't her fault","A driver still shaken from a prior crash reads the false blame as frightening as well as infuriating, while a self-assured experienced driver reads it as straightforward, indignant anger.",anger,anger,"I remember couple of weeks ago while driving, a man hit my car from behind and he didn't bother apologizing or wasn't remorseful towards the situation. I got quite ... because he was trying to put the blame on me and was ... that I almost hit him due to the ... in me.",anger,anger,0.8,True,False,Unambiguous
363,0,a teenager,an adult daughter,comments about eating land differently depending on the daughter's age,anger,shame,"when my mom makes comments about what I eat ( happens often) i know its from her insecurities but she knows i work out everyday and still feels the need to make comments like ""you're going to eeat all that.. didnt you just eat etc)",anger,anger,0.4,True,True,Author-Relevant Ambiguous
367,0,a teenager,an adult daughter,body-shaming reads differently coming at a vulnerable age versus adulthood,shame,shame,My mom body-shamed me,anger,shame,0.6,False,False,Author-Independent Ambiguous
378,0,an adult child who has been repeatedly gaslit by this parent for years,"someone estranged from their mother, cautiously trying to reconnect","Someone used to a lifelong pattern of gaslighting reads this as familiar, infuriating anger, while someone hopefully trying to reconnect after estrangement reads it as a sad confirmation that nothing has changed.",anger,sadness,"I felt ... when my mom did something wrong and immature. When I tried to talk to her about how wrong her behaviour was, she gaslight me and played the vicitm.",anger,disgust,0.4,False,True,Author-Independent Ambiguous
381,0,a tourist,a local resident,being robbed feels different for a vulnerable visitor than a local,fear,fear,I got jumped at the store and lost all my money,anger,anger,0.6,True,False,Author-Independent Ambiguous
382,0,a team leader,a coworker,a missed task matters more to someone responsible for the outcome,anger,anger,a work colleague did not fulfil a task that she was supposed to.,anger,no-emotion,0.6,False,False,Author-Independent Ambiguous
387,0,a commuter,a parent running late,misplaced keys matter more when a parent has somewhere urgent to be,anger,guilt,I misplaced my car keys,anger,anger,0.8,True,True,Author-Relevant Ambiguous
466,0,a roommate,a coworker,moved belongings read as more personal a violation at home than at work,anger,anger,someone moved my personal belongings,anger,anger,0.8,True,False,Unambiguous
468,0,a spouse,a new partner,discovering infidelity is heavier within a marriage than a new relationship,sadness,anger,I found out my ex partner had been unfaithful.,anger,anger,0.4,True,True,Author-Relevant Ambiguous
476,0,a spouse,a girlfriend,years of lies and blame weigh more within a marriage than dating,anger,anger,My ex partner lied to me for 4 years and when I found out he showed no remorse and treated me like I was the one in the wrong,anger,anger,0.6,True,False,Author-Independent Ambiguous
47,0,a sober friend,a fellow partygoer,watching a drunk friend hit someone reads differently sober versus also drinking,anger,anger,one of my friends hit another one of my friends while drunk.,anger,surprise,0.4,False,False,Author-Independent Ambiguous
410,0,a teenager,a long-term partner,an ex moving on quickly stings differently for a teen than a long-term partner,sadness,sadness,My ex boyfriend started dating a new girl only a few months after he broke up with me.,anger,sadness,0.4,False,False,Author-Independent Ambiguous
414,0,a first-time mother,an experienced mother,early water breaking is more alarming without prior pregnancy experience,fear,fear,My waters broke early during pregnancy,anger,fear,1.0,False,False,Author-Independent Ambiguous
417,0,a homeowner,a landlord,a botched insurance claim threatens a landlord's rental income more directly,anger,anger,My home insurance company messed up my insurance claim,anger,anger,1.0,True,False,Unambiguous
428,0,an office worker,a manager,an after-hours complaint call lands differently depending on seniority,anger,anger,Someone I interact with at work called me at 5pm the evening before a bank holiday to complain about an email update I had sent,anger,anger,0.8,True,False,Unambiguous
429,0,a parent,a nanny,a threat in front of children hits a parent harder than a caregiver,fear,fear,When someone threatened me in front of my children,anger,anger,0.4,True,False,Author-Independent Ambiguous
437,0,a new employee,an experienced employee,a caused error is more distressing for someone new and still proving themselves,anger,anger,.. when a person I served at work ignored what I asked causing me to make a computer error,anger,anger,0.8,True,False,Unambiguous
438,0,a teenager,an adult woman,controlling behavior reads differently depending on the person's age and independence,anger,anger,My ex boyfriend would control whatI did and who I could see,anger,anger,0.8,True,False,Unambiguous
439,0,a sports parent,a former coach,a benched son reads as unfair to a parent but as routine to a former coach,anger,anger,"My son was moved down to a lower level team so that the son of his position coach could move to the varsity level team. In the game right after this happened, his son was responsible for multiple penalty plays and committed multiple errors.",anger,anger,0.8,True,False,Unambiguous
441,1,"a woman recently discovering the infidelity, blindsided",a woman who had long suspected her boyfriend was unfaithful and just got confirmation,"Blindsided by the news, a first-time discoverer feels raw sadness and shock, while someone who had long suspected it feels more pointed anger at being proven right.",sadness,anger,I felt ... because my boyfriend cheated on me,anger,anger,0.6,True,True,Author-Independent Ambiguous
449,1,a close friend,a casual acquaintance,closeness to the offender changes how invalidating the hurt feels,anger,anger,"my friend said something offensive to me, I voiced that I was hurt, and he invalidated my feelings.",anger,sadness,0.8,False,False,Author-Independent Ambiguous
454,1,a working wife,a working husband,traditional vs reversed gender expectation changes the reading of unequal housework,anger,anger,Although I work full time I still have to do all the housework,anger,boredom,0.4,False,False,Author-Independent Ambiguous
458,1,a new driver,an experienced driver,driving experience changes how threatening the near-miss and dismissive reply read,anger,anger,"An older man was in the wrong lane at a round about. He nearly hit me, I had to slam on and his answer was well move then I didn’t hit you, it’s no big deal!",anger,anger,1.0,True,False,Unambiguous
4146,1,a broke student living paycheck to paycheck who carefully budgets meals,a well-off student with plenty of other food options in the shared freezer,"For a student surviving on a tight food budget, having a meal stolen is a real hardship that provokes anger, while a student with other options reads the same theft as merely a distasteful, petty act.",anger,anger,I felt ... when I was at uni and someone stole my fishcake from the freezer. Had nothing to eat in the evening that day.,anger,anger,0.8,True,False,Unambiguous
4150,1,a parent of young kids,an immunocompromised parent,health risk stakes change severity of the unvaccinated-visitor decision,anger,anger,My mother invited my unvaccinated sister and her son over to play with my kids without my knowledge.,anger,anger,0.8,True,False,Unambiguous
4151,1,an elderly resident,a young tourist,vulnerability to robbery reads very differently by who was targeted,fear,fear,robbed and vunrable,anger,fear,1.0,False,False,Author-Independent Ambiguous
4155,1,a live-in girlfriend,a longtime wife,relationship stage changes whether a partner moving out reads as breakup or abandonment,sadness,sadness,My partner moved out while I was at work,anger,sadness,0.6,False,False,Author-Independent Ambiguous
4117,1,a high school student,a medical student,stakes of a low quiz score differ by how much the subject matters to their path,shame,shame,I got a low score on my biology quiz.,anger,shame,0.4,False,False,Author-Independent Ambiguous
479,1,a sibling who has repeatedly been relied on for free childcare,an aunt who genuinely loves the kids but dislikes never being asked first,"Someone repeatedly leaned on for free childcare reads the assumption as anger at being exploited, while someone who loves the kids but wants to be asked reads it as hurtful, more like sadness at being taken for granted.",anger,sadness,I felt ... when my sister assumed I would watch her children because I felt she was taking advantage,anger,anger,0.6,True,True,Author-Independent Ambiguous
481,1,a regular customer,a first-time visitor,being blamed and charged wrongly reads differently for a trusted regular versus a stranger,anger,anger,i was in a restaurant and they forgot my order but they blamed me for it. i was still charged for the meal even though i never received it.,anger,anger,0.8,True,False,Unambiguous
494,1,a stay-at-home spouse,a working spouse,whose labor the mess falls on changes the reading of a messy house,anger,anger,my husband left the house in a mess,anger,anger,0.6,True,False,Author-Independent Ambiguous
495,1,a retail worker,a corporate employee,"the dread of ""having to go to work"" differs by job type",disgust,sadness,I have to go to work,anger,no-emotion,0.6,False,True,Author-Relevant Ambiguous
594,1,a young daughter,an estranged son,closeness to the parent changes a sudden death from grief to something more complicated,sadness,sadness,My dad died suddenly,anger,sadness,0.8,False,False,Author-Independent Ambiguous
5103,1,a mother,a family friend,closeness to the excluded child changes how the snub reads,sadness,sadness,My daughter wasn’t invited to her best friends birthday party because her mum doesn’t like her,anger,sadness,1.0,False,False,Author-Independent Ambiguous
5105,1,a parent,an older sibling,a teen staying in bed reads as worrying to a parent but routine to a sibling,sadness,fear,My teenage son lies in bed all day,anger,sadness,0.6,False,True,Author-Relevant Ambiguous
5109,1,a husband,a widower,whether the wife is still alive changes a lost gift from careless loss to irreplaceable loss,sadness,sadness,Four years ago I lost my favorite wristwatch that my wife gave me.,anger,sadness,0.6,False,False,Author-Independent Ambiguous
510,1,a parent employee,a recent graduate,return-to-office impacts childcare versus a newer employee's routine differently,anger,anger,When my workplace asked us to start working in the office again,anger,fear,0.4,False,False,Author-Independent Ambiguous
517,1,a woman who regularly walks home alone at night,a criminologist who studies violence against women professionally,"A woman who regularly walks home alone reads the case as a frightening reminder of her own vulnerability, while a criminologist studying gender violence reads the same details with disgust at the broader pattern.",fear,disgust,I felt ... when details of the Sarah Everard case came out.,anger,disgust,0.6,False,True,Author-Independent Ambiguous
521,1,a nanny,a grandparent,professional duty versus family bond changes how being pushed away reads,anger,anger,A child that I was looking after was refusing to get off the bathroom floor and she needed to go to bed. Whenever I intervened she pushed me away,anger,anger,0.4,True,False,Author-Independent Ambiguous
525,1,a young renter,an older homeowner,permanence in the neighbourhood changes how disruptive the drunk incident feels,anger,anger,my neighbour rudely woke us and the whole neighbourhood up when she came back from the pub drunk and then was trying to smash up her boyfriend van,anger,anger,0.6,True,False,Author-Independent Ambiguous
548,1,a teenage boy,an adult man,age changes vulnerability to a partner's insult about appearance,sadness,sadness,when my girlfriend said i was ugly,anger,sadness,0.4,False,False,Author-Independent Ambiguous
553,1,a team manager,a peer colleague,managerial responsibility versus peer annoyance changes the stakes of being bypassed,anger,anger,a colleague entered a new situation at work and was annoyed and moaning rather than coming to me first to ask questions about the situation they had assumed the worst.,anger,anger,0.6,True,False,Author-Independent Ambiguous
559,1,a nervous new employee heading to their first big meeting,a habitually punctual professional annoyed at losing control of their schedule,"A new employee running late for an important first meeting feels fear about the consequences, while a habitually punctual professional feels simple anger at losing control of their schedule.",fear,fear,I felt ... because i missed my bus and i was already later for a meeting.,anger,anger,0.6,True,False,Author-Independent Ambiguous
560,1,a casual player who rarely gets uninterrupted gaming time,a competitive speedrunner used to repeated failed attempts,"A casual player with rare free time feels genuine anger at the wasted effort, while a speedrunner accustomed to failed attempts treats the same setback as an unremarkable, routine occurrence.",anger,anger,I lost in a video game after I had invested over 45 minutes in trying to complete a level in the game. I was ... because I had lost all my progress and the past 45 minutes felt like they counted for nothing and were wasted.,anger,anger,0.8,True,False,Unambiguous
562,1,a wife,a business partner,personal versus professional stakes change how a missed call reads,anger,anger,"My husband missed an important call, because his phone was on silent AGAIN!",anger,anger,1.0,True,False,Unambiguous
564,1,a junior employee,a senior manager,power dynamics change how credit-stealing by a colleague reads,anger,anger,a colleague took credit for my hard work,anger,anger,1.0,True,False,Unambiguous
583,1,a diligent employee who takes real pride in their work ethic,a new employee still unsure of their footing and eager to please,"A worker proud of their effort reads the harsh judgment as unjust and infuriating, while an unsure newcomer eager to please reads the same criticism as confirming their own inadequacy, more shame than anger.",anger,shame,I was questioned on how much effort I put into my work. I had given it my best and that was seen as lazy and unfinished work in my supervisor's view. I was ... that my work was considered subpar and bothered me a lot.,anger,anger,0.8,True,True,Unambiguous
588,1,a young dater,a married spouse,casual dating versus marriage changes the weight of being cheated on,anger,anger,when i was cheated on,anger,anger,0.6,True,False,Author-Independent Ambiguous
589,1,someone who has been cheated on before by a previous partner,"a confident partner in an otherwise secure, long relationship","Someone previously burned by infidelity reads the delayed confession as frightening evidence their trust issues were right, while a partner secure in the relationship reads the same delay simply as anger at being deceived.",anger,anger,I felt ... when my partner waited to tell me 3 months later that he had texted his ex-partners.,anger,disgust,0.8,False,False,Author-Independent Ambiguous
5189,1,a college roommate,a longtime housemate,established household norms change how carelessness with shared food reads,anger,anger,my housemate couldn't find room in the freezer for his shopping and took one of my items out and just left it carelessly in the fridge and defrosted,anger,anger,1.0,True,False,Unambiguous
5206,1,a young child,a jaded adult,"life experience changes whether ""unfair things happen"" reads as naive realization or resigned statement",anger,anger,unfair things happen,anger,sadness,1.0,False,False,Author-Independent Ambiguous
5208,1,a customer on a tight budget who needed that refund to pay bills,a customer-service veteran who deals with corporate bureaucracy often,"For someone relying on the refund to cover bills, the botched process is maddening and provokes real anger, while someone jaded from dealing with corporate bureaucracy reads the same story with weary disgust.",anger,anger,"I felt ... when an internet order would not refund my properly for their mistake and when I emailed to explain the problem they just sent back automated answers that didn’t answer. So after 4 emails a person finally answered and then agreed to refund, however the refund when it came through wasn’t all the money back!",anger,anger,1.0,True,False,Unambiguous
5210,1,a teenager,an adult professional,life stage changes how a friendship turning out fake is read,sadness,sadness,A friend who I thought was a friend turned out to not be,anger,sadness,0.4,False,False,Author-Independent Ambiguous
5225,1,a stay-at-home parent,a busy professional,how much the cancelled plans mattered changes with how much free time is scarce,anger,anger,People make plans and then cancel last moment with no intention to tell me.,anger,anger,0.4,True,False,Author-Independent Ambiguous
5238,1,a casual fan,a season ticket holder,investment in the team changes how much a weekend loss matters,sadness,sadness,my sports team lost on the weekend,anger,sadness,0.8,False,False,Author-Independent Ambiguous
5158,1,a new homeowner,a longtime resident,first-time versus ongoing conflict changes how a neighbour's rubbish reads,anger,anger,a neighbour chucked rubbish into our garden,anger,anger,0.8,True,False,Unambiguous
5166,1,a recent graduate,a single parent,career disappointment versus financial hardship changes the stakes of a broken contract promise,anger,anger,my permanent work contract was not offered to me at the end of my 6 month term even though it was promised it would be,anger,anger,1.0,True,False,Unambiguous
5123,1,someone traveling to a once-in-a-lifetime event they saved years for,a frequent traveler used to minor travel mishaps,"For someone traveling to a once-in-a-lifetime event, losing the ticket feels devastating, while a frequent traveler used to minor mishaps treats the same loss as a routine, low-stakes inconvenience.",sadness,sadness,i felt ... when i lost my traveling ticket which am supposed to use and travel for an event.,anger,anger,0.4,True,False,Author-Independent Ambiguous
5130,1,a short-term employee,a long-term employee,tenure and investment in the company change how being ignored on departure reads,anger,anger,I was ignored by my last manager when I informed her of my leaving the company. They did not acknowledge my email I sent.,anger,anger,0.6,True,False,Author-Independent Ambiguous
5145,2,a fiance,a spouse,"a fresh fiance's refusal reads as an early warning sign, a spouse's refusal reads as routine marital friction",anger,anger,"Asking my fiancé to help with an errand. She immediately said no, citing personal errands she had to run, which included going to one of the places I needed help with… the bank.",anger,anger,0.8,True,False,Unambiguous
5149,2,a teenager,an adult child,"a teenager's account reads as typical parent-child friction, an adult child's reads as long-standing unresolved hurt",sadness,sadness,my mother is dismissive of my truths/when I am upset and she doesn't feel like dealing with it,anger,anger,0.6,True,False,Author-Independent Ambiguous
60,2,a competitive player who staked bragging rights and money on this league,"someone who prides themselves on being a rational, good sport about games","A player with money and bragging rights on the line feels straightforward anger at the bad luck, while someone who prides themselves on good sportsmanship feels shame at catching themselves harboring irrational ill will.",anger,anger,"I felt ... when my fantasy football team didn't perform well due to injuries and illnesses on my team. Although my ... was not at the players themselves, I still felt myself feeling ill will towards the players despite their injuries being out of their control. At the end of the day, I understand that my fantasy football team having the most injuries out of my league was pure chance.",anger,anger,0.8,True,False,Unambiguous
68,2,a transgender family member personally targeted by the comments,a cisgender ally upset on principle but not personally targeted,"For the family member being talked about, the dismissiveness cuts personally and provokes intense anger, while an ally upset on principle but not personally targeted feels a more detached, moralized disgust.",anger,anger,I was trying to explain to my parents and sister how certain things they were saying was actually transphobic and that they shouldn't say this kind of stuff. They proceeded to ignore me and continue what they were saying anyway. They said that they weren't being transphobic and that I can't make every situation into some kind 'woke culture' thing. Those weren't the words they used but it's essentially what they meant. I got really ... and ... with them and shouted at them saying I was just trying to help make them decent people and I stormed out of the room.,anger,anger,1.0,True,False,Unambiguous
69,2,a startup co-founder,a family business owner,"a startup co-founder's betrayal reads as high-stakes and existential, a family business owner's reads as a personal breach of trust",anger,anger,"My business partner, someone I trusted, went behind my back and communicated a change to the entire organization without involving/consulting me.",anger,anger,0.8,True,False,Unambiguous
612,2,a new care worker,an experienced care worker,"a new worker's account reads as shocked alarm, an experienced worker's reads as weary resignation",anger,anger,I witnessed a resident being emotionally abused by a carer in the care home where I worked.,anger,anger,0.8,True,False,Unambiguous
614,2,an elderly person,a parent,"an elderly person's line reads as personal offense, a parent's reads as a general generational complaint",anger,anger,when youths dont respect their elders,anger,shame,0.4,False,False,Author-Independent Ambiguous
617,2,someone who sold the jeep in good faith and now faces financial and legal stress,someone experienced with small-claims disputes who finds this a nuisance more than a threat,"For someone unfamiliar with legal proceedings, being sued over a good-faith sale feels frightening and destabilizing, while someone experienced with small-claims disputes finds the same lawsuit merely an infuriating nuisance.",fear,fear,I felt ... when a former friend I sold a jeep to sued me because they didn't know what they were doing.,anger,anger,0.8,True,False,Unambiguous
620,2,a parent,an older sibling,"a parent's frustration reads as disciplinary concern, an older sibling's reads as petty rivalry annoyance",anger,anger,my teenage child blocked the toilet and lied,anger,disgust,0.8,False,False,Author-Independent Ambiguous
623,2,a close friend,a coworker,"a close friend's dismissal reads as deeply hurtful, a coworker's reads as a minor professional slight",anger,anger,A friend took over my own opinion and discredited how I felt,anger,sadness,0.6,False,False,Author-Independent Ambiguous
628,2,a scholarship student whose GPA is riding on this one assignment,a student generally used to disorganized administration who expects little,"A scholarship student whose GPA depends on the assignment feels real fear about the professor's unresponsiveness, while a student jaded to disorganized administration treats the same delay as an unsurprising non-event.",fear,no-emotion,"I felt ... because my college professors were being unresponsive to important emails regarding a certain assignment, The professor said that they would be available to answer questions within the time frame that I emailed, but they did not respond until after the assignment was due.",anger,anger,1.0,True,True,Unambiguous
641,2,a top student who has never questioned their grading before,a student who has previously filed grievances about inconsistent grading in this course,"A top student unused to low marks internalizes the grade as personal shame, while a student with prior grievances about this course's grading reads the same mark as further evidence of systemic unfairness.",anger,anger,I felt ... when I got a bad mark on an assignment because of unfair marking.,anger,anger,0.8,True,False,Unambiguous
657,2,a coworker,a manager,"a coworker's complaint reads as resentment over extra workload, a manager's reads as a performance-management issue",anger,anger,A colleague was always off work.,anger,anger,0.4,True,False,Author-Independent Ambiguous
670,2,a retail employee,a shopper,"an employee's accusation reads as a threat to their job, a shopper's reads as public humiliation",anger,anger,I was wrongly accused of stealing,anger,anger,0.8,True,False,Unambiguous
678,2,a first-generation student who fought hard for every academic opportunity,an international applicant familiar with quota systems working against them,"A first-generation student who fought for every opportunity feels outraged anger at being blocked despite merit, while an applicant familiar with quota systems reads the same denial with resigned sadness.",anger,sadness,I felt ... when I was consistently denied access to higher education despite my overwhelmingly good grades,anger,anger,0.6,True,True,Author-Independent Ambiguous
686,2,someone who endured a toxic workplace for years before finally quitting,someone who quit impulsively without another job lined up,"For someone escaping years of a toxic workplace, quitting brings relief, while someone who quit impulsively without a backup plan feels fear about what comes next.",relief,fear,I felt ... when I finally quit my job.,anger,relief,0.8,False,True,Author-Independent Ambiguous
689,2,a casual gamer,a competitive gamer,"a casual gamer's complaint reads as light irritation, a competitive gamer's reads as serious strategic frustration",anger,anger,when I was playing a game with friends I stated that we needed to have a tank but noone wanted to listen,anger,anger,0.4,True,False,Author-Independent Ambiguous
690,2,a new parent,an experienced parent,"a new parent's criticism reads as self-doubt-inducing, an experienced parent's reads as dismissive annoyance",anger,anger,My Grandfather critizied my parenting,anger,shame,0.6,False,False,Author-Independent Ambiguous
90,2,a small business owner,a family member,"a business owner's account reads as a financial betrayal, a family member's reads as a personal one",anger,anger,I was lied to about money,anger,anger,0.4,True,False,Author-Independent Ambiguous
93,2,a wife who has repeatedly clashed with her husband over similar sexist remarks,"a wife who always saw her husband as respectful of women, hearing this for the first time","A wife with a history of clashing over her husband's sexist remarks reads this as another infuriating episode, while a wife who believed him progressive reads the same comments as a disgusting, character-revealing shock.",disgust,disgust,"I felt ... a few days ago at my husband at he came across very sexist toward women, he stated that women are felt sorry for when it comes to their driving test as the make instructors feel sorry for them because they are women who do school run, he's also made it very clear that he thinks women complain to much about safety, this made me feel disgusted and ashamed of him as he clearly doesn't know that women are not like this and the reason we voice our opinions is when something clearly is wrong not just because we feel like it",anger,anger,0.6,True,False,Author-Independent Ambiguous
220,2,a young professional who thrives on being busy and productive,someone recovering from burnout who values a slower-paced job,"A young professional who thrives on busyness experiences empty office hours as boredom, while someone recovering from burnout experiences the same slow pace as a welcome relief.",boredom,relief,"I get extremely ... at work. If fact that is the reason I signed up for prolific in the first place. I work in an office job and there isn't much work to do in the middle of the week. I try and cure the ... by doing surveys, or just chatting with my co-workers, or friends on my phone.",boredom,boredom,1.0,True,True,Unambiguous
224,2,a business traveler,a tourist,"a business traveler's wait reads as lost work time, a tourist's reads as wasted vacation time",sadness,sadness,waiting for a delayed flight at the airport,boredom,boredom,0.8,True,False,Unambiguous
228,2,a die-hard Marvel fan who anticipated this show for months,someone who doesn't follow superhero franchises and was talked into watching,"A die-hard fan who anticipated the show for months experiences the letdown as genuine boredom, while someone with no investment in the franchise reacts with flat indifference.",boredom,boredom,"When I watched WandaVision, everyone said it was worth watching but it was just ... to me",boredom,boredom,0.8,True,False,Unambiguous
230,2,an office employee,a new hire,"an employee's e-learning reads as routine tedium, a new hire's reads as onboarding obligation",sadness,sadness,I had to complete a couple of hours of e-learning courses for work,boredom,boredom,1.0,True,False,Unambiguous
3211,2,a commuter,a truck driver,"a commuter's boredom reads as daily routine frustration, a truck driver's reads as job-related monotony",sadness,sadness,I was stuck in traffic,boredom,boredom,0.6,True,False,Author-Independent Ambiguous
3214,2,an office worker,a night shift worker,"an office worker's empty office reads as an unusual quiet day, a night shift worker's reads as routine isolation",sadness,sadness,I'm at work and no one is here,boredom,boredom,0.4,True,False,Author-Independent Ambiguous
3220,2,a visitor who rarely gets to choose what to watch during family visits,an animal lover who doesn't mind guide-dog documentaries,"Someone who rarely gets to pick the TV feels bored being stuck watching an unwanted documentary, while an animal lover who enjoys guide-dog stories feels essentially neutral about the same program.",boredom,boredom,"I went to stay withmy mum for bank holiday weekend, she put on a documentary about guide dogs and then fell asleep on the remote. So I couldn't change the channel and it was ...",boredom,boredom,0.8,True,False,Unambiguous
3223,2,a factory worker,an office worker,"a factory worker's repetition reads as monotonous labor, an office worker's reads as desk-job tedium",sadness,sadness,I do the same thing over and over again,boredom,boredom,0.8,True,False,Unambiguous
3225,2,a road-trip traveler,a truck driver,"a traveler's boredom reads as vacation tedium, a truck driver's reads as work-related monotony",sadness,sadness,sitting in a 12 hour drive with my phone dead and nothing to do.,boredom,boredom,1.0,True,False,Unambiguous
3231,2,a student,an office worker,"a student's quarantine reads as missing classes and friends, an office worker's reads as missing their work routine",sadness,sadness,I was quarantined in my room with COVID.,boredom,boredom,1.0,True,False,Unambiguous
3233,2,a naturally curious child eager to learn who found the teaching dull,a child with an undiagnosed learning difficulty struggling to keep up,"A naturally curious child bored by dull teaching experiences classic boredom, while a child struggling to keep up experiences the same classroom as a source of shame at falling behind.",boredom,shame,I felt ... when I attended primary school because of the teachers instructional style.,boredom,boredom,1.0,True,True,Unambiguous
3237,2,a retiree,a student on break,"a retiree's idle day reads as ordinary routine, a student's reads as wasted free time during a break",sadness,sadness,"stuck at home, the weather too poor to go outside. Nothing catching my interest on T.V. No motivation to tidy or read or do much of anything that'd help the time pass.",boredom,boredom,1.0,True,False,Unambiguous
3131,2,an employee,a freelancer,"an employee's disinterest reads as obligation they're stuck with, a freelancer's reads as regret over a choice they made",sadness,sadness,When I was working on a job I had no interest in,boredom,boredom,1.0,True,False,Unambiguous
3137,2,a college student,a retiree,"a student's inactivity reads as procrastination, a retiree's reads as an ordinary quiet day",sadness,sadness,I was sat in bed done nothing,boredom,boredom,0.8,True,False,Unambiguous
3138,2,a young adult,a teenager,"a young adult's wait reads as mild impatience, a teenager's reads as anticipation for a rare outing",sadness,sadness,I was home alone last Saturday night waiting for my friend to arrive and she was later than I had expected.,boredom,fear,0.6,False,False,Author-Independent Ambiguous
3140,2,a retiree,a remote worker,"a retiree's isolation reads as an expected life stage, a remote worker's reads as an unwanted side effect of the job",sadness,sadness,I am usually home alone and I don't have a social life.,boredom,sadness,0.6,False,False,Author-Independent Ambiguous
3143,2,a teenager,a retiree,"a teenager's routine reads as typical downtime, a retiree's reads as a fixed daily habit",sadness,sadness,when im at home alone because im always either watching tv or my laptop,boredom,boredom,0.6,True,False,Author-Independent Ambiguous
3150,2,a student,a stay-at-home parent,"a student's finished survey reads as a side task done, a parent's reads as a domestic break now over",sadness,sadness,I took my last prolific survey,boredom,no-emotion,0.6,False,False,Author-Independent Ambiguous
3157,2,a rural resident,a city dweller,"a rural resident's outage reads as a routine occurrence, a city dweller's reads as an unusual disruption",sadness,sadness,when the power went off in the evening there was nothing to do in the house as the shops were shut and nothing to do but go to sleep.,boredom,boredom,0.8,True,False,Unambiguous
3159,2,a young adult,a college student,"a young adult's idle day reads as routine, a college student's reads as more restless given usual social plans",sadness,sadness,I had nothing to do for the day. I usually hang out with my boyfriend or my mum who i live with but both my mum and boyfriend were busy with work for the day. I didn't have anything to do and I was sick of scrolling through social media.,boredom,boredom,1.0,True,False,Unambiguous
3170,3,a city dweller on a weekend getaway used to constant digital stimulation,someone alone at the cabin with a family member's medical condition to monitor,"For a city dweller used to constant stimulation, losing power and signal is simply boring, while for someone alone with a medical condition to monitor, the same isolation is frightening.",boredom,fear,I felt ... when we lost power and cell service at my remote cabin.,boredom,fear,0.8,False,True,Author-Relevant Ambiguous
3187,3,a student who already mastered this material,a student who is falling behind and doesn't understand the lecture,"A student who already knows the material finds the lecture simply boring, while a student struggling to follow it experiences the same class with anxious shame about falling behind.",boredom,shame,I feel ... whenever I am in class listening to a lecture.,boredom,boredom,1.0,True,True,Author-Relevant Ambiguous
3189,3,an ambitious employee eager to prove their productivity,an employee counting down the days to retirement,"An ambitious employee eager to prove themselves finds the idle hours boring and frustrating, while someone counting down to retirement welcomes the same idle time as a relief.",boredom,relief,when I was finishing my last two hours at my office job. I had completed all my tasks for the day and I couldn't start a new one because my boss was gone. I was just sitting at my desk doing nothing and I was painfully ....,boredom,boredom,0.8,True,True,Author-Relevant Ambiguous
3192,3,a retiree,a teenager,"retiree's empty time reads as isolating, teenager's reads as restless",disgust,sadness,I have nothing to do,boredom,boredom,0.8,True,True,Author-Relevant Ambiguous
3195,3,a teenager,a single adult,"teenager alone reads as social loneliness, adult's reads as routine solitude",disgust,sadness,I was home alone on a Saturday and all of my friends were busy. I had also already watched the show that I wanted to watch.,boredom,boredom,0.8,True,True,Author-Relevant Ambiguous
3207,3,an overworked employee with a mounting workload required to attend despite it being irrelevant,"a new hire genuinely trying to learn about the industry, just poorly served by the format","An overworked employee forced to sit through an irrelevant conference feels growing anger at the wasted time, while a new hire genuinely trying to learn feels straightforward boredom at a poorly delivered format.",boredom,boredom,"When attending an online work  conference (non-interactive, to learn about industry news and how to improve service - ... after about 3 hours and got progressively worse).",boredom,boredom,0.8,True,False,Author-Relevant Ambiguous
4163,3,a commuter,a tourist,"commuter treats trip as routine, tourist treats it as a new experience",disgust,sadness,traveling from norfolk to swansea.,boredom,boredom,0.6,True,True,Author-Relevant Ambiguous
4165,3,a first-time parent,an experienced parent,"first birth reads as overwhelming, later birth reads as familiar routine",disgust,joy,I had my newborn baby,boredom,joy,0.6,False,True,Author-Relevant Ambiguous
4170,3,someone living alone who dislikes household chores,"a parent of young kids who treasures rare solo, quiet moments","Someone living alone who dislikes chores finds washing dishes boring, while a parent of young kids treasures the same quiet solo task as a small relief.",boredom,relief,I felt ... when I had to do the dishes earlier.,boredom,boredom,0.6,True,True,Author-Relevant Ambiguous
4174,3,a recent graduate,a veteran employee,"graduate reads mismatch as frustrating, veteran reads it as resigned routine",disgust,sadness,"At work, my job is far to mind numbing and it does not challenge me.",boredom,boredom,1.0,True,True,Author-Relevant Ambiguous
4213,3,a new employee,a manager,"training reads as onboarding for new hire, as administrative obligation for manager",disgust,sadness,Doing online training,boredom,boredom,0.8,True,True,Author-Relevant Ambiguous
4215,3,a college student,a teaching assistant,"student sits through it as required, TA is present only as work duty",disgust,sadness,my professor spoke in a monotone in my algebra class.,boredom,boredom,1.0,True,True,Author-Relevant Ambiguous
4217,3,a freshman,a graduating senior,"freshman reads it as routine requirement, senior reads it as a late unwanted obligation",disgust,sadness,I was in a college class I was not particularly interested in.,boredom,boredom,1.0,True,True,Author-Relevant Ambiguous
4281,3,a professional artist,an office worker,"artist's block reads as identity threat, office worker's reads as missed hobby",sadness,sadness,I enjoy being creative but I feel like I have no creativity recently.,boredom,sadness,0.8,False,False,Author-Independent Ambiguous
4288,3,a child,an elderly person,"child's boredom reads as restless, elder's reads as isolated",disgust,sadness,I was alone in the house and had nothing to do,boredom,boredom,1.0,True,True,Author-Relevant Ambiguous
4290,3,a young child,an elderly person,"being left alone reads as neglect for a child, as isolation for an elder",disgust,sadness,I am left alone for too long.,boredom,sadness,0.8,False,True,Author-Relevant Ambiguous
4304,3,a shopper,a store employee,"shopper's wait is personal inconvenience, employee's wait is work-related tedium",disgust,sadness,I was waiting in a queue shopping,boredom,boredom,1.0,True,True,Author-Relevant Ambiguous
4306,3,a new couple,a long-married couple,"shared viewing reads as novel for new couple, habitual for long-married couple",disgust,sadness,Watching a documentary with partner,boredom,boredom,0.4,True,True,Author-Relevant Ambiguous
4317,3,someone recently laid off and increasingly anxious about depleting savings,someone who chose a funded career break with a financial cushion,"For someone recently laid off and worried about savings, the idle days feel frightening, while someone who chose a funded career break experiences the same idle days as simple boredom.",fear,boredom,"I have been experiencing ... intermittently for the last month due to being unemployed. Though I have may activities I can engage with, I often spend hours just staring at my phone and feeling ....",boredom,sadness,0.8,False,True,Author-Relevant Ambiguous
4269,3,an ambitious person who measures self-worth by career achievement,someone deliberately prioritizing work-life balance over ambition,"Someone who measures self-worth by career achievement feels ashamed at their own stagnation, while someone deliberately choosing balance over ambition feels only mild, undisturbed boredom about the same lack of push.",shame,boredom,I felt ... when I wasnt pushing myself career wise.,boredom,shame,0.4,False,True,Author-Relevant Ambiguous
4254,3,a new employee,a senior staff member,"repeated info reads as tolerable for newcomer, disrespectful for senior staff",disgust,sadness,I was sat through a staff meeting that was all about what we already know!,boredom,boredom,0.8,True,True,Author-Relevant Ambiguous
5339,3,a young adult,an elderly patient,"vaccination wait is minor for young adult, weightier for elderly patient",disgust,sadness,Waiting at the doctors yesterday to have my flu vaccination,boredom,boredom,0.6,True,True,Author-Relevant Ambiguous
5341,3,a full-time teacher,a retired volunteer,"duty reads as an added burden for teacher, as a chosen activity for volunteer",disgust,sadness,"I was invigilating an exam taken by one student in a small room in which I simply had to monitor the student. I couldn't read, use my phone, talk or write.",boredom,boredom,1.0,True,True,Author-Relevant Ambiguous
5356,3,a retiree,a college student,"unstructured time reads as isolating for retiree, as a welcome break for student",disgust,sadness,I was alone with no immediate responsibilities.,boredom,relief,0.6,False,True,Author-Relevant Ambiguous
5361,3,a teenager waiting outside familiar school grounds,"someone waiting at night in an unfamiliar, less safe area","A teenager waiting outside familiar school grounds experiences the wait as boredom, while someone waiting at night in an unfamiliar area experiences the same wait as fear.",boredom,fear,I felt ... when I was waiting for my family member to pick me up,boredom,boredom,0.8,True,True,Author-Relevant Ambiguous
5240,3,a commuter,a tourist,"commuter treats journey as routine, tourist treats it as a new experience",disgust,sadness,I was on a train journey,boredom,boredom,0.8,True,True,Author-Relevant Ambiguous
5243,3,a new hire,a senior employee,"being ignored reads as insecurity for new hire, as disrespect for senior employee",disgust,sadness,I got invited to a work meeting but got ignored the whole time and they spoke about things that I didn't understand or have any involvement in for over an hour,boredom,anger,0.6,False,True,Author-Relevant Ambiguous
5247,3,a teenager,an unemployed adult,"long gaming reads as leisure for teenager, as avoidance for unemployed adult",disgust,sadness,I played the same video game for nine hours,boredom,boredom,0.4,True,True,Author-Relevant Ambiguous
5254,3,"an employee who chose this job for creative, engaging work",a contractor being paid well regardless of how engaging the work is,"Someone who took the job expecting creative work finds a dull project genuinely disappointing, while a well-paid contractor is largely indifferent to the same dullness.",boredom,boredom,Had a ... project at work,boredom,surprise,0.4,False,False,Author-Relevant Ambiguous
5257,3,an adult patient,a parent with a child,"delay is a personal wait for adult, complicated by managing a child for parent",disgust,sadness,waiting at the dentist office because my appointment was delayed,boredom,boredom,0.6,True,True,Author-Relevant Ambiguous
5263,3,a new employee,a senior manager,"meeting reads as learning opportunity for newcomer, as obligation for manager",disgust,sadness,I was attending a work meeting,boredom,boredom,1.0,True,True,Author-Relevant Ambiguous
5276,3,a commuter,a tourist,"coffee wait is a rushed annoyance for commuter, a minor delay for relaxed tourist",disgust,sadness,I was waiting what felt like a very long time for my coffee order,boredom,boredom,0.6,True,True,Author-Relevant Ambiguous
5284,3,a line cook,a restaurant owner,"quiet kitchen reads as a routine lull for cook, as a business worry for owner",disgust,sadness,I was at work and we didnt have any checks come into the kithchen for over 2 hours,boredom,boredom,0.8,True,True,Author-Relevant Ambiguous
5298,3,someone who looks forward all day to this one relaxing evening moment,someone who uses TV mainly as background noise while doing something else,"For someone who has looked forward all day to this moment, an uninteresting show feels like a real letdown, while someone who treats TV as background noise barely registers any feeling at all.",boredom,boredom,"i felt ... when i finish everything im doing for the day, i make dinner, and sit down, and my husband puts on something i am really uninterested inn on the television. the build up to it being my opportunity to sit down and relax, with the anticlimax of being just something i am so uninterested in, makes me feel really ...",boredom,boredom,0.6,True,False,Author-Relevant Ambiguous
5306,3,someone who saved for years for this first trip abroad,an adventure-seeker who prefers active itineraries to lounging on a beach,"For someone who saved for years for this first trip, an underwhelming beach day feels like a real disappointment, while an adventure-seeker who dislikes lounging simply finds the same day boring.",sadness,boredom,I went on holiday abroad for the first time. I felt ... because I didn't enjoy being on the beach doing nothing.,boredom,boredom,1.0,True,True,Author-Relevant Ambiguous
5307,3,someone who had big weekend plans that got rained out,someone who often lets days slip by without much planning anyway,"For someone whose big weekend plans got rained out, the wasted day feels like a genuine disappointment, while someone who often lets days slip by anyway experiences the same day as ordinary boredom.",sadness,boredom,I felt ... when it was raining at the weekend and we couldn't think of anything to do so we ended up staying in and doing nothing which made me feel as though the day was wasted.,boredom,boredom,0.8,True,True,Author-Relevant Ambiguous
5329,3,a teenager,a young professional,"scrolling reads as habit for teenager, as productivity guilt for young professional",disgust,sadness,"Endlessly doomscrolling through social media, then I think to myself ""I need to do something""",boredom,guilt,0.8,False,True,Author-Relevant Ambiguous
5454,3,a solo moviegoer,a person on a date,"solo viewer can disengage freely, date-goer must stay outwardly polite",disgust,sadness,when watching a film I don't enjoy!,boredom,boredom,0.6,True,True,Author-Relevant Ambiguous
5456,3,a business traveler,a family on vacation,"delay threatens schedule for business traveler, is a managed nuisance for vacationing family",disgust,sadness,My flight was delayed for 2 hours at the airport,boredom,anger,1.0,False,True,Author-Relevant Ambiguous
5471,3,a new student,a transfer student,"irrelevant talks read as confusing for new student, as a letdown versus prior experience for transfer student",disgust,sadness,In my first week of my studies when I had talks all day that were irrelevant to me.,boredom,boredom,1.0,True,True,Author-Relevant Ambiguous
5481,4,"a patient there for a minor, routine checkup",a patient waiting for results about a worrying symptom,"For a patient there for a routine checkup, sitting idle without a phone is simply boring, while a patient waiting on results about a worrying symptom experiences the same wait as fear.",boredom,fear,"I felt ... waiting in the doctors surgery. They were running behind on appointments so I had to wait there what felt like a long time. Most of the leaflets and reading material had been removed because of covid, chairs were far apart so no one was making conversation. I was unable to use my phone in the building.",boredom,boredom,1.0,True,True,Unambiguous
5413,4,a young child,an adult,child alone may feel unease while an adult alone feels calm freedom,fear,sadness,I am home alone,boredom,no-emotion,0.4,False,True,Author-Relevant Ambiguous
5420,4,a commuter,a parent,commuter treats it as routine while parent worries about being late to collect a child,sadness,sadness,"I was stuck in traffic on the motorway, traffic was at a stand still and there was nothing to do but wait.",boredom,boredom,0.8,True,False,Unambiguous
5371,4,a new employee,a veteran employee,new employee may feel nervous engagement while veteran feels routine boredom,sadness,sadness,I was on training,boredom,no-emotion,0.4,False,False,Author-Independent Ambiguous
5382,4,a student,an observing parent,student may worry about grades while an observing parent feels mild detached boredom,sadness,sadness,"sitting in biology class, because i dont understand most of the things that were going on.",boredom,boredom,0.8,True,False,Unambiguous
5388,4,an employee whose performance is measured by how fast they clear their queue,"an employee who welcomes simple, low-effort tasks between demanding projects","An employee under pressure to clear their queue quickly feels real anger at losing time to someone else's system failure, while an employee glad of a low-effort task experiences the same entry as ordinary boredom.",boredom,boredom,"at work, a process failed and I had to manually enter a long list of data into a web form, this was both ... and frustrating as it took around 30 minutes to complete, was very repetitive and was only necessary because something beyond my control had gone wrong.",boredom,anger,0.8,False,False,Author-Independent Ambiguous
5389,4,someone who dislikes shopping and had other plans for the afternoon,a supportive partner who enjoys spending time together regardless of activity,"Someone who dislikes shopping and had other plans feels profoundly bored being dragged along, while a partner who values the shared time regardless of activity feels largely unbothered by the same outing.",boredom,boredom,I was coerced into accompanying my partner browsing the clothing department of a local shop and I was profoundly ... as my input was minimal.,boredom,boredom,0.8,True,False,Unambiguous
697,4,a patient,a job applicant,patient feels routine frustration at the wait while applicant feels anxious anticipation,anger,anger,Waiting for 5+ hours for an appointment that I knew would only last minutes,boredom,anger,0.6,False,False,Author-Independent Ambiguous
6101,4,an office worker,a freelancer,office worker treats it as routine while freelancer worries about unpaid time,sadness,sadness,I had a long administrative task to do for owrk.,boredom,boredom,0.8,True,False,Unambiguous
6106,4,a thrill-seeker used to an eventful lifestyle,someone recovering from a stressful period who values calm,"A thrill-seeker used to an eventful lifestyle finds a quiet stretch boring, while someone recovering from a stressful period finds the same calm stretch a relief.",boredom,relief,I felt ... because I wasn't doing anything exciting.,boredom,boredom,1.0,True,True,Unambiguous
6110,4,a night-shift worker,a new parent,worker feels routine frustration while new parent worries over the baby,sadness,sadness,I couldn't sleep due to insomnia,boredom,anger,0.4,False,False,Author-Independent Ambiguous
6122,4,a new employee,a senior manager,new employee feels confused out of place while manager feels impatient at wasted time,sadness,sadness,I was at a meeting at work and the topics did not relate to my role or job at all.,boredom,surprise,0.4,False,False,Author-Independent Ambiguous
6124,4,a climbing instructor,a new recruit,instructor feels routine boredom while recruit feels nervous about getting it right,sadness,sadness,I had to check all of my ropes equipment. You have to check every single bit as well as serial numbers. It takes a long time and is very repeatative.,boredom,boredom,0.8,True,False,Unambiguous
6135,4,a parent,a grandparent,parent feels tired obligation while grandparent feels nostalgic enjoyment,sadness,joy,my son asked me to watch a Star Wars film with him,boredom,surprise,0.2,False,True,Author-Relevant Ambiguous
6143,4,an employee,a team manager,employee feels resentment at wasted time while manager feels mild obligation to attend,sadness,anger,"I was made to sit through a long workshop on ""coping with the pandemic"" that was not useful at all.",boredom,boredom,1.0,True,True,Author-Relevant Ambiguous
6144,4,a student,an unemployed person,student feels relief and freedom while unemployed person worries over the idleness,relief,sadness,i have no homework or work,boredom,relief,0.8,False,True,Author-Relevant Ambiguous
6154,4,a tourist,a business traveler,tourist minds losing vacation time while traveler treats it as routine annoyance,sadness,sadness,I had to stay in an airport for several hours and was unable to leave the secure area. It was after hours and all the airport amenities were closed,boredom,boredom,0.6,True,False,Author-Independent Ambiguous
6156,4,a parent,a small business owner,parent worries about family while owner worries about finances,fear,fear,we wend into lockdown,boredom,fear,0.4,False,False,Author-Independent Ambiguous
6161,4,a wife,a caregiver,wife feels ordinary domestic contentment while caregiver feels strain from constant company,sadness,joy,watching TV with my husband.,boredom,joy,0.4,False,True,Author-Relevant Ambiguous
6162,4,a juror,a defendant's relative,juror feels civic boredom while relative feels anxious tension,sadness,sadness,I was sitting at the courthouse because I had jury duty.,boredom,boredom,0.6,True,False,Author-Independent Ambiguous
6170,4,a young child,an adult,child alone may feel unease while an adult alone feels calm freedom,fear,sadness,Today when I was hone alone,boredom,sadness,0.4,False,True,Author-Relevant Ambiguous
6174,4,a close friend,a first date,close friend feels mild patience while first date feels anxious impatience,anger,anger,I had to wait for my friend and they were 40 mins late,boredom,boredom,0.6,True,False,Author-Independent Ambiguous
6178,4,a tourist,a business traveler,tourist's excitement is dampened while traveler worries about being fatigued for work,sadness,sadness,I was travelling on an aeroplane to Sri Lanka and he TV wasn't working so we had to just sit there and read books. We weren't prepared and struggled to sleep,boredom,boredom,0.8,True,False,Unambiguous
6181,4,an attendee whose job doesn't relate to the presentation topic,an attendee whose upcoming promotion depends on absorbing this information,"For an attendee whose job has nothing to do with the topic, the presentation is just boring, while for someone whose promotion depends on it, the same talk provokes anxious fear of missing something important.",boredom,fear,I felt ... when I was listening to a business presentation.,boredom,boredom,1.0,True,True,Unambiguous
6192,4,a first-time detainee,a repeat offender,first-timer feels fear and disorientation while repeat offender feels resigned boredom,fear,sadness,"I was in a cell after apparently having a bench warrant. I sat there, waiting to be let out, as the second I was placed into jail, my bail was payed. It's supposed to be a fairly quick process but I spent over 24 hours, just waiting, alone, on cold concrete, in a grey room, just looking at a wall.",boredom,boredom,0.4,True,True,Author-Relevant Ambiguous
6204,4,a patient,a hospital visitor,patient feels personal distress while visitor feels boredom from waiting around,sadness,sadness,I was in hospital for 6 days,boredom,fear,0.4,False,False,Author-Independent Ambiguous
6210,4,a student,a retiree,student feels obligation reading an assigned text while retiree feels leisurely enjoyment,sadness,joy,reading a certain book,boredom,joy,0.6,False,True,Author-Relevant Ambiguous
71,4,a volunteer usher,a paid employee,volunteer resents being unpaid while employee feels neutral obligation to stay,sadness,sadness,"Watching a film,unable to leave as I was a volunteer in the cinema",boredom,boredom,1.0,True,False,Unambiguous
74,4,a tourist,a business traveler,tourist feels impatient for the trip to start while traveler worries about missing a meeting,sadness,sadness,"my flight was delayed, and we were allowed onto the plane but were told that we would have to sit and wait before take off. At the time we didn't know how long this would last for, but it ended up being for about an hour and a half",boredom,boredom,0.8,True,False,Unambiguous
711,4,a student,a retiree,student feels a restless want for stimulation while retiree feels resigned boredom,sadness,sadness,there isn't something mentally stimulating to me.,boredom,boredom,0.6,True,False,Author-Independent Ambiguous
713,4,a salaried in-house editor with no personal stake in keeping this client happy,a freelance editor for whom this client is a major source of income,"A salaried editor with no stake in the client's satisfaction finds the endless small revisions simply tedious, while a freelancer for whom this client is major income feels real anger at the repeated demands.",boredom,anger,"I felt ... when I was editing photos for a client, which kept asking for every small changes.",boredom,boredom,0.4,True,True,Author-Independent Ambiguous
720,4,a patient,a family caregiver,patient feels personal fatigue and detachment while caregiver feels concern for them,sadness,sadness,I was in a mental health review and was being talked at by a psychiatrist and CPN. They were relaying my medical history and past diagnosis to me (essentially reading notes from a computer) and my mind and body just gave up listening to information I already know.,boredom,boredom,0.6,True,False,Author-Independent Ambiguous
726,4,a student,a career changer,student feels routine exam stress while career changer feels higher-stakes anxiety,fear,sadness,I am studying for math midterms,boredom,fear,0.4,False,True,Author-Relevant Ambiguous
734,4,someone between jobs with unstructured free time on their hands,someone experiencing a depressive episode who has lost interest in things they used to enjoy,"Someone simply between jobs with too much free time feels ordinary boredom, while someone in a depressive episode who has lost interest in former hobbies feels a deeper sadness in the same situation.",boredom,sadness,"I am not doing anything productive. I find it hard to get into new hobbies so I find myself sitting at home, ... often.",boredom,boredom,0.6,True,True,Author-Independent Ambiguous
736,4,a customer,a small business owner,customer feels mild annoyance while owner feels time-is-money frustration,sadness,sadness,I was waiting on hold with my bank to update my travel rewards arrangements,boredom,boredom,1.0,True,False,Unambiguous
740,4,a client,an intern,client feels personal financial concern while intern feels detached boredom observing,sadness,sadness,I was listening to a financial planner explain his choice of investment.,boredom,trust,0.6,False,False,Author-Independent Ambiguous
743,4,someone who relies on home internet purely for entertainment,a remote worker who depends on the connection for their income,"For someone who uses home internet mainly for entertainment, a days-long outage is simply boring, while for a remote worker who depends on it for income, the same outage is genuinely frightening.",boredom,fear,I felt ... recently when we lost our home internet connection for days.,boredom,anger,0.6,False,True,Author-Independent Ambiguous
744,4,a player who only tolerates cricket for the social time with friends,a competitive player trying to earn a starting batting spot,"A player who's mainly there for social time experiences standing in the outfield as plain boredom, while a competitive player hoping to earn a batting spot experiences the same idle fielding as frustrating, anger-tinged sidelining.",boredom,boredom,"I was playing cricket with my siblings and friends. I was fielding, in the outfield. I was waiting for the ball to be hit my way and it didn't come my way for a long time. I felt very ... just standing there, waiting for the ball, when it didn't appear and I had nothing to do. I don't like playing cricket that much anyway, and when I play I like batting the most. I don't like fielding as it's mostly standing there with nothing to do. I don't like being in the outfield especially as it's even more just standing there. This particular time I stood there for ages without the ball coming near me.",boredom,boredom,1.0,True,False,Unambiguous
81,4,someone who thrives on busy work schedules and social contact,an introvert who normally enjoys solitude but is troubled by a lack of purpose,"Someone who thrives on busy schedules and socializing experiences the slow weeks as restless boredom, while an introvert who craves purpose experiences the same slow weeks as a quieter sadness.",boredom,sadness,"A few weeks ago, I was not working very frequently and found myself ... as hell at home. I was caught up on all my cleaning and home chores, and would read for a few hours, journal for a few hours, but would still feel so ... every day I was not working / socializing.",boredom,boredom,1.0,True,True,Unambiguous
84,4,a guest speaker,an event organizer,speaker feels impatient at the irrelevance while organizer feels responsibility-driven patience,disgust,disgust,"I attended a 'tech check' meeting for a talk I am giving, and it only required maybe 30 seconds of attention from me but I had to sit through everyone else providing commentary, sharing screens, etc. It was painful to see so many struggle with basic Zoom tasks and to have to sit through all of this when it was not at all relevant to me.",boredom,boredom,1.0,True,False,Unambiguous
253,5,an England fan,a rival fan,"fan reads news with pride/loyalty, rival reads it with mockery",shame,disgust,i saw the recent news on England fans,disgust,disgust,0.4,True,True,Author-Relevant Ambiguous
255,5,a home cook,a professional chef,"home cook feels mild disgust, chef reacts with professional alarm",disgust,disgust,I found some rotten onions in my cupboard that were slimy and smelly and I had to clean it up,disgust,disgust,1.0,True,False,Unambiguous
256,5,a home cook,a restaurant worker,personal kitchen mishap vs professional food-safety concern,disgust,disgust,"i got the strawberries out of the fridge and they had gone off, exploded and gone furry.",disgust,disgust,1.0,True,False,Unambiguous
249,5,a coworker,a manager,"coworker feels frustration at a peer, manager feels accountability concern",anger,anger,someone at work did not do there job properly and didn't care that it impacted severely on other,disgust,anger,0.8,False,False,Author-Independent Ambiguous
3328,5,someone eating alone at home who cooked the meal themselves,a diner at an expensive restaurant who paid a premium for the meal,"Cooking the meal at home, the gristle is simply a stomach-turning disgust, while paying a premium at a fine restaurant, the same gristle provokes angry indignation at being shortchanged.",disgust,disgust,I felt ... when I ate a meal which had sausages and when i bit into a sausage it had gristle in it,disgust,disgust,1.0,True,False,Unambiguous
3338,5,a close friend who feels protective of the group's trust and friendship bonds,someone who has been cheated on before and finds this uncomfortably triggering,"A friend who values the group's trust reads the flirting and the other friend's response as morally disgusting, while someone previously cheated on reads the same betrayal as personally triggering anger.",anger,anger,I felt ... when my best friends boyfriend at the time starting texting our other best friend flirty text messages. I was even more ... when I found out that she was responding to these suggestive messages and didn't see an issue with it.,disgust,anger,1.0,False,False,Author-Independent Ambiguous
3339,5,a grandchild,a hospital employee,"grandchild feels personal grief/anger, employee feels professional concern",anger,anger,My grandad was treated poorly in hospital,disgust,anger,0.6,False,False,Author-Independent Ambiguous
3344,5,a hospital worker,a visitor,"worker reads it as routine/procedural, visitor reads it as shocking",disgust,disgust,I was working in a hospital and a physio was walking a patient through the corridor in a few metres in front of me. The poor patient through no fault of her own was incontinent and had not been given a nappy. She defecated on the floor while walking with the physio and had I not been paying attention I would have walked right the the excrement.,disgust,disgust,1.0,True,False,Unambiguous
3347,5,a passerby,a shop owner,"passerby feels brief discomfort, shop owner feels concern for business",disgust,disgust,when I saw someone being sick outside a shop,disgust,disgust,1.0,True,False,Unambiguous
3348,5,an office worker,an interior designer,"worker dreads the change, designer sees it as a neutral choice",surprise,disgust,I was told the wall next to my desk at work which is currently a neutral colour is to be painted bright orange.,disgust,disgust,0.4,True,True,Author-Relevant Ambiguous
3248,5,a sibling,a roommate,"sibling reads it as mildly annoying, roommate reads it as a boundary issue",disgust,disgust,Seeing my brother picking his toe nails,disgust,disgust,1.0,True,False,Unambiguous
3254,5,someone with a diagnosed phobia of insects,someone who just finds insects unpleasant but not frightening,"Someone with a diagnosed insect phobia experiences the sight of bugs as genuine fear, while someone merely finding them unpleasant experiences ordinary disgust.",fear,disgust,When i see bugs or any gross stuff.And that when i feel ...,disgust,disgust,0.8,True,True,Unambiguous
3260,5,a daughter,a neighbor,"daughter feels caught in family conflict, neighbor feels alarmed onlooker",anger,anger,my friend sent her mum round to attack my mum,disgust,anger,1.0,False,False,Author-Independent Ambiguous
3263,5,a coworker,a family member,"coworker reads it as professional disagreement, family member as personal conflict",anger,disgust,someone does something that I do not agree with/would have done in the same situation,disgust,disgust,0.6,True,True,Author-Relevant Ambiguous
3264,5,a protective friend who has watched this relationship's red flags unfold from the start,someone who was once in a similarly exploitative relationship with a much older partner,"A protective friend watching the pattern unfold reads the boyfriend's behavior with outraged anger, while someone who survived a similarly exploitative relationship reads the same details as personally frightening.",anger,anger,"I felt ... when my friends much older boyfriend started to distance himself by claiming he won't commit to the official status. The part that ... me, however, was when he gave my friend an STD and called her miscellaneous names. This ... me because I found the entire situation appalling and ....",disgust,anger,0.8,False,False,Author-Independent Ambiguous
3267,5,a medical worker,a janitor,"medical worker feels professional outrage, janitor feels personally disrespected",disgust,disgust,"I learned how mysoginistic/disrespectful my coworker is. I've gathered as much from his conversations but this event was personal. I work in the position directly under him but am capable of, and do, a lot of his work, a lot of the time. This is only because I like to stay moving while on the clock while his preferences are the opposite. I work in medicine, and we have a bag for biohazardous waste set up at a certain part of the room. I had taken the bag out but not yet replaced it. One day, he had some biohazardous waste, and instead of replacing the bag (fully capable) or asking me, he simply put his needles and other contagious things on the floor, right next to where the bag would be. When I asked him about it, he said he left it on the floor for me to pick up later. I would be regretful to see how he treats janitors and service staff.",disgust,disgust,0.6,True,False,Author-Independent Ambiguous
3272,5,a colleague who has personally experienced similar discrimination,a manager responsible for workplace culture who just learned about it,"A colleague who has faced similar discrimination reads the bullying with personal, resonant anger, while a manager responsible for workplace culture reads the same situation with a more detached moral disgust.",anger,anger,I felt ... when I found out my colleague was being bullied for her nationality,disgust,shame,0.4,False,False,Author-Independent Ambiguous
3274,5,a kitchen worker,a customer,"worker feels guilt/awkwardness, customer feels betrayed trust",disgust,disgust,someone dropped meat on the floor at work and used it.,disgust,disgust,1.0,True,False,Unambiguous
3283,5,a woman who has had to make a difficult reproductive health decision herself,a political commentator who disagrees with the law on policy grounds,"A woman who has faced her own difficult reproductive decision hears the views as personally threatening fear, while a political commentator who disagrees on policy grounds reacts with more detached disgust.",fear,fear,I felt ... when I listened to a man’s pro life views after the passing of the new Texas heartbeat law,disgust,disgust,0.4,True,False,Author-Independent Ambiguous
3285,5,a coworker,a manager,"coworker feels uncomfortable/targeted, manager feels liability concern",disgust,disgust,"a person in a position of power at work called a coworker ""sexy"" in an email and then was surprised when they took offence.",disgust,surprise,0.6,False,False,Author-Independent Ambiguous
3287,5,a girlfriend,a close friend,"girlfriend feels personal betrayal, friend feels protective anger on her behalf",anger,anger,my boyfriend lied to me.,disgust,anger,0.4,False,False,Author-Independent Ambiguous
3290,5,someone with a pronounced fear of insects living alone,someone who dislikes bugs but has dealt with many before,"Someone with a pronounced fear of insects living alone experiences the encounter as frightening, while someone who has handled many bugs before experiences it as ordinary disgust.",fear,disgust,I felt ... when I found a bug that was over six inches long in my bathroom when I was home alone and knew I had to handle it myself.,disgust,fear,0.6,False,True,Author-Independent Ambiguous
3292,5,a medical student,a casual viewer,"student reads it clinically, casual viewer reads it as shocking",disgust,disgust,I was watching a show and it showed someone having surgery. They were cut open on the table and their organs were being pulled out.,disgust,disgust,0.8,True,False,Unambiguous
3302,5,someone running into an abusive ex-partner unexpectedly in public,someone catching sight of a celebrity crush at a public event,"Seeing an abusive ex-partner unexpectedly reads as fear, while spotting a celebrity crush at an event reads as excited joy -- the bare sentence pivots entirely on who 'him' is.",fear,joy,I felt ... when I saw him,disgust,anger,0.4,False,True,Author-Independent Ambiguous
3315,5,an outside applicant who suspects the process was rigged for an internal candidate from the start,an applicant who has faced this same rejection pattern across many job searches,"Someone who suspects the process was rigged from the outset reads the outcome with disgust at the unfairness, while someone who has faced this pattern across many searches reads it with weary, demoralized sadness.",anger,anger,"I applied for a job onetime after applying once before. I had previously found out that I had lost out to a person who already wrorked within the same team in a junior position however i was more qualified. I asked for feedback as to why i did not get the job and I was provided with an answer that told me how to improve in the future. a month later the same job came available I took onboard the advice and spent  days revising, researching  and studying for the interview. again the same thing happened. when I asked for feedback about my answers They told me that I should have answered the questions almost word for word in the way that I did indeed actually answer the question. I was ... that people could be treated this was as i had spent so much time working hard to secure this Job and that no matter how i interviewed the job was always destined for somebody internally.",disgust,anger,0.8,False,False,Author-Independent Ambiguous
3319,5,someone casually cleaning up after cooking a big home meal,a professional chef held to strict hygiene standards in their own kitchen,"For someone casually cleaning up after a home meal, ravioli stuck to their shoe is just mundane disgust, while a professional chef held to strict hygiene standards feels ashamed at the same lapse.",disgust,disgust,I felt ... when I looked down at my shoe while washing dishes and saw I had ravioli stuck to it from the pan I had just finished scraping out.,disgust,surprise,0.4,False,False,Author-Independent Ambiguous
3320,5,a husband,a stay-at-home worker,"husband feels mild irritation, homebody feels pressured out of routine",anger,anger,When my wife pressure me to go outside.,disgust,anger,0.4,False,False,Author-Independent Ambiguous
3321,5,a teenager on an early date meeting a partner's family for the first time,someone who grew up in a similarly cluttered household and recognizes the signs of a hoarding disorder,"A teenager meeting the family for the first time reacts with visceral disgust at the unfamiliar mess and smell, while someone who grew up in a similar household recognizes hoarding disorder and reacts with sadness instead.",disgust,disgust,"I was dating a girl during high school and after some date I took her home. Normally I would just drop her off and head home myself, but this time she and her guardian invited me inside to relax before the long drive home. Once inside I discovered that her family were hoarders and rarely, if ever, would clean the house using actual products. The house had a smell to it that would differ between rooms, but it always seemed to be a sweet-and-sour kind of stench. At the time I never said anything aside from offering to clean some stuff, but it was often physically ... to be inside the house for any extended period of time.",disgust,disgust,1.0,True,False,Unambiguous
3325,5,a football player,a team captain,"player feels personally sidelined, captain reads it as a tactical decision",anger,anger,i was left told by my coach to play on defense in our football team,disgust,trust,0.2,False,False,Author-Independent Ambiguous
4387,5,a niece close to her,a distant relative,"niece feels deep personal betrayal, distant relative feels mild disapproval",anger,anger,My uncles family made my aunt homeless after he left his house to them after his death.,disgust,disgust,0.4,True,False,Author-Independent Ambiguous
4400,5,someone with a sensitive stomach who avoids gory imagery,a former veterinary assistant used to seeing animal injuries,"Someone with a sensitive stomach reacts to the gory sight with strong disgust, while a former veterinary assistant used to animal injuries reacts with sadness for the dead bird rather than revulsion.",disgust,disgust,I felt ... when I walked outside to my backyard and saw a dead bird. It made me want to throw up because its gut were torn out and were splattered everywhere. It was a couple weeks ago but everytime I go to my yard I think about the little bird and the blood. It makes me want to vomit.,disgust,disgust,0.8,True,False,Unambiguous
4327,5,an employee,a customer,"employee feels workplace grievance, customer feels service grievance",anger,anger,I was treated unfairly,disgust,disgust,0.6,True,False,Author-Independent Ambiguous
4337,5,a passerby,a parent,"passerby feels mild unease, parent feels protective alarm",disgust,disgust,I saw a man trying to seduce a girl on the street.,disgust,disgust,0.6,True,False,Author-Independent Ambiguous
4343,5,a Black person who has had to have this exhausting conversation many times before,"a Black person hearing this kind of comment from someone they considered a close, trusted friend","Someone who has had this exhausting conversation many times reacts with weary anger at explaining it yet again, while someone hearing it from a person they trusted reacts with a deeper, more personal disgust.",anger,anger,I felt ... when i had to explain what being a Black person in America meant to a clueless and privileged white man who taught saying the words 'monkey' doesn't mean anything to a black person,disgust,anger,0.8,False,False,Author-Independent Ambiguous
4348,5,a sibling,a distant relative,"sibling feels personally hurt, distant relative feels mildly excluded",sadness,sadness,I was left out of a family chat.,disgust,sadness,1.0,False,False,Author-Independent Ambiguous
4364,5,a victim,a witness,"victim feels personal fear/anger, witness feels shaken observation",fear,fear,because of an unprovoked attack,disgust,fear,0.8,False,False,Author-Independent Ambiguous
4454,5,a home cook,a food inspector,"home cook feels mild disgust, inspector treats it as a violation",disgust,disgust,I saw mouldy food,disgust,disgust,1.0,True,False,Unambiguous
4461,5,a woman living alone who has an active restraining order against her ex-husband,a woman who considers her ex-husband's antics more pathetic than threatening at this point,"A woman with an active restraining order against her ex experiences the late-night prank as genuinely frightening, while a woman who sees his antics as pathetic rather than threatening experiences it with disgust instead.",fear,disgust,I felt ... when my ex husband had his friend knock my door at 2am and run away.,disgust,fear,0.6,False,True,Author-Relevant Ambiguous
4475,5,a girlfriend,a private investigator,"girlfriend feels personal betrayal, investigator treats it as routine evidence",anger,anger,When if ound messages on my (now) ex partners phone.,disgust,surprise,0.2,False,False,Author-Independent Ambiguous
4431,5,a pedestrian,a tourist,"local pedestrian feels mild disgust, tourist feels surprised/unsettled by unfamiliar surroundings",disgust,disgust,I was walking to buy food and saw a dead rat on the street,disgust,disgust,0.8,True,False,Unambiguous
4408,6,a teenager,an adult,a teen's friendship ending reads as more raw and identity-shaking than an adult's more measured account,anger,anger,when i ended a friendship because they said rude things to me,disgust,sadness,0.6,False,False,Author-Independent Ambiguous
4410,6,a spouse,a new partner,feeling invalidated lands differently as a long-pattern hurt in a marriage vs an early warning sign in a new relationship,anger,anger,when my partner invalidates my feelings.,disgust,anger,0.8,False,False,Author-Independent Ambiguous
5575,6,a neighbour,a passerby,a neighbour's account carries ongoing worry while a passerby's reads as a brief shocked glimpse,anger,fear,I saw someone shouting at their wife very aggressively outside my window,disgust,anger,0.4,False,True,Author-Relevant Ambiguous
5577,6,a close friend,a stranger online,hearing the news lands as personal grief for a close friend vs detached moral reaction for a stranger online,anger,anger,I heard about how Sarah Edvard was treated,disgust,disgust,0.4,True,False,Author-Independent Ambiguous
5580,6,a parent,a grandparent,a parent's account carries protective urgency a grandparent's more resigned observation lacks,disgust,disgust,I took my child into a family toilet in a shopping centre. The room was absolutely filthy and there was even poo on the floor.,disgust,disgust,1.0,True,False,Unambiguous
5600,6,a nutritionist,a picky eater,a nutritionist reads the study with clinical curiosity while a picky eater reacts with visceral aversion,disgust,disgust,when i read a study about eating powdered bugs,disgust,disgust,0.6,True,False,Author-Independent Ambiguous
5601,6,a parent,a grandparent,a parent's account reads as anxious advocacy vs a grandparent's calmer relief at getting help,trust,relief,The doctors would help me get in touch with a dermatologist for my son,disgust,relief,0.8,False,True,Author-Relevant Ambiguous
5603,6,a colleague who shares the same background as the person targeted,a manager or HR representative who must handle the incident professionally,"A colleague who shares the targeted person's background feels a personal, resonant anger at the abuse, while a manager who must handle it professionally reacts with a more procedural moral disgust.",anger,anger,"I feel ... because my colleague racially abused my other black colleague, I had to speak up for my colleague.",disgust,disgust,0.4,True,False,Author-Independent Ambiguous
5502,6,a new teacher,a veteran teacher,a new teacher reads as flustered and unsettled while a veteran teacher reads as unfazed routine,disgust,disgust,a child threw up in my classroom,disgust,disgust,0.8,True,False,Unambiguous
5515,6,a new car owner,a car salesman,a new owner reads as personally violated while a salesman reads as a minor professional annoyance,disgust,disgust,I found a rotten banana in my new car,disgust,disgust,1.0,True,False,Unambiguous
5517,6,an employee,a manager,an employee's account reads as vulnerable and worried while a manager's reads as procedurally concerned,fear,fear,Someone named me as a witness to an alleged work assault when I had not seen it,disgust,surprise,0.8,False,False,Author-Independent Ambiguous
5524,6,a spouse,a new partner,betrayal reads as devastating within a marriage vs a jarring red flag in a new relationship,anger,sadness,I was cheated on.,disgust,sadness,0.6,False,True,Author-Relevant Ambiguous
5538,6,an experienced professional,a recent graduate,silence after an interview reads as a minor setback to a veteran vs a bigger blow to a graduate,sadness,sadness,When I did not hear back from my interview.,disgust,sadness,0.8,False,False,Author-Independent Ambiguous
5546,6,a sibling who has always been close to the family member in question,a family member who has seen this exact pattern before with other relatives,"A sibling who was always close to this relative feels grief and sadness at the estrangement, while a family member who has seen this pattern before feels a more contemptuous disgust.",sadness,sadness,I felt ... when a family member turned their back on the rest of the family because of his new partner.,disgust,anger,0.4,False,False,Author-Independent Ambiguous
5550,6,an office worker,a parent,loud chewing reads as petty workplace irritation vs constant parental strain at home,disgust,disgust,People chew loudly,disgust,disgust,0.8,True,False,Unambiguous
5556,6,a student,a young professional,a filthy flat reads as an unfortunate ordeal for a professional vs a resigned setback for a budget-strapped student,disgust,disgust,"I moved into my flat and it hadn’t been cleaned at all my then letting company. Food on the doorstep, mouldy bathrooms and all the old tenants belongings",disgust,disgust,0.6,True,False,Author-Independent Ambiguous
5561,6,a parent,a teacher,a covid exposure reads as personal fear for a parent vs a procedural concern for a teacher,anger,anger,a child was sent to my childrens school with covid,disgust,anger,0.4,False,False,Author-Independent Ambiguous
5567,6,a political supporter,a journalist,the quote reads as defensive dismissal from a supporter vs critical scrutiny from a journalist,disgust,disgust,"Trump said Megyn Kelly had ""blood coming out of her wherever"".",disgust,disgust,0.6,True,False,Author-Independent Ambiguous
5568,6,an elderly person,a young professional,fraud reads as frightening vulnerability for an elderly person vs frustrated embarrassment for a young professional,anger,anger,I realised I had been the victim of fraud.,disgust,anger,0.4,False,False,Author-Independent Ambiguous
5572,6,a new homeowner,a renter,rotten food reads as a troubling omen for a new homeowner vs a minor gripe for a renter,disgust,disgust,If I found rotten food in a cupboard when I moved into my new house.,disgust,disgust,0.8,True,False,Unambiguous
5680,6,a dog owner,a pedestrian,the incident reads as guilty recognition for a dog owner vs simple disgust for a pedestrian,disgust,disgust,I saw someone let their dog poo on the road and they didn't pick it up,disgust,disgust,1.0,True,False,Unambiguous
5684,6,an ex-partner,a close friend,the betrayal reads as personal devastation for an ex-partner vs protective anger for a close friend,anger,anger,I found out my daughters father had stolen money from us and had been manipulating me,disgust,anger,0.6,False,False,Author-Independent Ambiguous
5688,6,one of the college-age women being flirted with,a bystander who is simply embarrassed on the man's behalf,"One of the young women being flirted with feels uncomfortable disgust at the unwanted attention, while a bystander merely embarrassed on the man's behalf feels secondhand shame instead.",disgust,disgust,I felt ... when I watched a grown man try to flirt with new college age girls and I.,disgust,disgust,0.6,True,False,Author-Independent Ambiguous
5689,6,a diner with a known sensitivity to foodborne illness,a diner simply put off by the unappetizing sight of raw meat,"A diner with a known sensitivity to foodborne illness reacts to the undercooked meat with fear, while a diner merely put off by the sight reacts with plain disgust.",disgust,disgust,I felt ... when I went to bite into my burger only to find out it was not cooked properly and pink in the middle.,disgust,disgust,1.0,True,False,Unambiguous
5691,6,a boyfriend,a close friend,the betrayal reads as personal heartbreak for a boyfriend vs shocked loyalty conflict for a close friend,anger,anger,I found out my girlfriend was sleeping with a friend,disgust,sadness,0.4,False,False,Author-Independent Ambiguous
5700,6,someone personally targeted by the account's racist content,a content moderator reviewing the account as part of their job,"Someone personally targeted by the account's posts feels direct anger at its persistence, while a content moderator reviewing it as part of their job feels a more detached professional disgust.",anger,anger,I felt ... when I stumbled upon a racist twitter account that continued to post ... content even after I had reported it numerous times,disgust,anger,0.6,False,False,Author-Independent Ambiguous
5704,6,an adult stranger on public transport,a parent whose own toddler did this affectionately,"From a stranger on public transport, being flicked with a bogey is simply disgusting, while from one's own toddler doing it affectionately, the same act barely registers as unpleasant at all.",disgust,disgust,Someone flicked a wet bogey on to my cheek. It was ...,disgust,disgust,1.0,True,False,Unambiguous
5705,6,a fellow nurse who has treated preventable-disease patients firsthand,a hospital administrator focused on liability and policy compliance,"A fellow nurse who has treated preventable-disease patients firsthand feels visceral disgust at a colleague's anti-vax stance, while a hospital administrator focused on liability feels more anxious fear about institutional risk.",disgust,disgust,"When I found out a colleague I used to work with was an anti-vaxxer; I work in healthcare so... to me, a nurse who doesn't believe in science is openly choosing to put her patients at risk, which is ... to me.",disgust,disgust,0.8,True,False,Unambiguous
5720,6,a parent,a nurse,green snot reads as everyday parental grossness vs routine clinical observation for a nurse,disgust,disgust,"people snot, especially if it is green.",disgust,disgust,0.6,True,False,Author-Independent Ambiguous
5639,6,a bystander,a bouncer,the advances read as unsettling for a bystander vs a routine incident to intervene on for a bouncer,disgust,anger,When I witnessed a male making unwanted advances on a female at a club,disgust,anger,0.6,False,True,Author-Relevant Ambiguous
5641,6,a homeowner,a renter,the confrontation reads as a serious property threat to a homeowner vs a passing annoyance to a renter,anger,anger,"My neighbour came and harassed me because he thought our fence was 2 inches onto their land, before getting the proof that it actually wasn’t.",disgust,anger,0.8,False,False,Author-Independent Ambiguous
5642,6,a wife,a girlfriend,the affair reads as a marriage-shattering betrayal for a wife vs an early relationship-ending shock for a girlfriend,anger,sadness,My husband had an affair,disgust,anger,0.6,False,True,Author-Relevant Ambiguous
5653,6,a student,a tourist,losing the bag reads as a stressful financial setback for a student vs a disorienting trip disaster for a tourist,sadness,sadness,I lost my bag in a park,disgust,sadness,0.6,False,False,Author-Independent Ambiguous
5654,6,an adult child,a young child,the mouth noise reads as irritated tolerance for an adult child vs confused distress for a young child,disgust,disgust,"of a family member chewing with her mouth wide open. Specifically, the noise.",disgust,disgust,0.8,True,False,Unambiguous
5658,6,a parent,a store employee,the licking reads as alarmed protectiveness for a parent vs detached disgust for a store employee,disgust,disgust,I saw a toddler in the grocery store licking the side of the check out belt area in the middle of a pandemic. I gagged in my mouth.,disgust,disgust,1.0,True,False,Unambiguous
5661,6,a fellow student who is close friends with the person refused training,a disability rights advocate observing the incident as an example of systemic ableism,"A close friend of the student refused training feels protective anger at the personal injustice, while a disability rights advocate reads the same incident as disgusting evidence of a broader systemic pattern.",anger,anger,I was in college studying beauty therapy and my fellow student was refused by the tutor to participate in the training for spray tanning because she was in a wheelchair and there was apparently no provision / easy way for her to be able to take part. This ... myself and my fellow students as we felt that was horrifically disablist towards our friend / fellow student.,disgust,anger,0.6,False,False,Author-Independent Ambiguous
5605,6,"someone with heightened sensory sensitivity, easily overwhelmed by smells and textures",someone who doesn't usually mind mess but was caught off guard this one time,"Someone with heightened sensory sensitivity experiences the sweat and spilled beer as genuinely repulsive disgust, while someone who doesn't usually mind such things is only mildly, forgettably bothered by the same sensation.",disgust,disgust,"I slept over at a romantic partner's house after a gig recently. I could smell beer in my hair that was spilt on me during the gig and could feel sweat all over me, but the feeling of sweat on the back of my neck making my hair damp was completely repulsive to me. I was really distracted for the rest of the morning by wanting to go home and shower so I wouldn't feel that sensation anymore. I have quite a strong sensory aversion to the smell and sticky texture of a lot of alcohol when it's spilled, so that was the main source of my ....",disgust,disgust,1.0,True,False,Unambiguous
5609,6,someone with a diagnosed needle phobia,a frequent blood donor used to needle sticks,"Someone with a diagnosed needle phobia experiences the prolonged, fumbling search for a vein as frightening, while a frequent blood donor used to needles experiences the same fumbling as queasy disgust rather than fear.",fear,disgust,"I felt ... when I had to have a blood test and the nurse had trouble finding a suitable vein to draw the sample from. I usually do not feel nervous or ... before having a test done but this particular time I did because she had the tourniquet on my arm for a very long time and was pushing and pulling around to try and get a vein. She did get a vein but she did not give me anything to rest my arm on while having my blood drawn so it was a bit of an awkward and uncomfortable angle and I could feel the needle moving around in my arm. Due to this, I felt quite sick and ... and I actually ended up feeling quite hot and I was really anxious that I might faint! Each time I thought about it afterwards, I felt queasy and my arm bruised quite badly afterwards.",disgust,fear,0.6,False,True,Author-Independent Ambiguous
5627,6,a homeowner,a college student,mouldy toast reads as a housekeeping failure for a homeowner vs a shrugged-off inconvenience for a college student,disgust,disgust,I went to bite into toast to find the bread was mouldy,disgust,disgust,1.0,True,False,Unambiguous
5629,6,a coworker who belongs to the targeted racial group,a coworker from a different background who is simply appalled by the language,"A coworker who belongs to the targeted group feels direct, personal anger at hearing the slur, while a coworker from a different background feels a more general moral disgust at the same language.",anger,anger,I felt ... when I heard a coworker use a racial slur,disgust,anger,0.8,False,False,Author-Independent Ambiguous
5632,7,a teenager,an office worker,peer teasing reads as juvenile cruelty vs workplace comment reads as harassment,shame,shame,Someone made an innapropriate comment about my weight,disgust,sadness,0.6,False,False,Author-Independent Ambiguous
6218,7,someone who lied to protect a loved one from a painful truth,someone who lied purely for personal gain and got away with it,"Someone who lied to protect a loved one feels a manageable guilt over the necessary deception, while someone who lied purely for personal gain feels a deeper shame at their own character.",guilt,shame,I felt ... because I lied about something,disgust,guilt,0.8,False,True,Author-Independent Ambiguous
6221,7,a new student,a top student,being fooled reads as vulnerable newcomer vs betrayed high-achiever,anger,anger,one of my classmates purposely gave me incorrect information about an assignment so that I would perform poorly and look like a fool.,disgust,anger,1.0,False,False,Author-Independent Ambiguous
6224,7,a wife,a close friend,personal betrayal vs secondhand disapproving gossip,anger,anger,My ex husband got a girlfriend because we were still married,disgust,disgust,0.4,True,False,Author-Independent Ambiguous
6228,7,a dog owner,a veterinarian,personal gross-out vs routine clinical observation,disgust,disgust,"My dog rolled on a decomposing rabbit, which caused her to smell very much and actually left her with maggots wriggling on her.",disgust,disgust,1.0,True,False,Unambiguous
6235,7,a jogger,a young child,mild disgust in passing vs distressing encounter for a child,disgust,disgust,I trod on the body of a dead bird,disgust,disgust,0.6,True,False,Author-Independent Ambiguous
6249,7,a tiktok user,a food critic,casual scroll shock vs professional food judgment,disgust,disgust,When i seen a video of a person eating a bowl of Larvae on tiktok,disgust,disgust,1.0,True,False,Unambiguous
6258,7,a nurse,a bystander,too vague to diverge strongly either way; kept as best-guess pair,disgust,disgust,Someone was sick,disgust,sadness,0.6,False,False,Author-Independent Ambiguous
6277,7,a waiter,a fellow customer,professional frustration vs personal discomfort witnessing rudeness,anger,anger,a man was complaining and being rude in the restaurant,disgust,disgust,0.6,True,False,Author-Independent Ambiguous
6281,7,a tiktok user,an entomologist,casual disgust vs professional curiosity about bugs,disgust,disgust,I was on tiktok and came across multiple live videos of people eating live bugs from a bowl.,disgust,disgust,1.0,True,False,Unambiguous
6283,7,a lab technician,a new employee,routine mishap vs shocking first-day incident,disgust,disgust,at work when a stool sample popped the cap and erupted like a volcano,disgust,disgust,0.8,True,False,Unambiguous
6288,7,a student,a janitor,accidental gross-out vs job-related exposure to mess,disgust,disgust,I was walking up the stairs in school and I put my hand in somebody’s spit on the hand rail,disgust,disgust,1.0,True,False,Unambiguous
6290,7,an animal welfare volunteer who regularly investigates neglect cases,a neighbor who has grown personally attached to the dog and sometimes feeds it themselves,"An animal welfare volunteer used to seeing neglect reacts with professional disgust at the pattern, while a neighbor personally attached to the dog reacts with worried sadness for its wellbeing.",sadness,sadness,I feel ... when I observed someone neglecting to feed their dog.,disgust,anger,0.4,False,False,Author-Independent Ambiguous
6294,7,a hospital employee,a passerby,direct workplace threat vs distant observed incident,anger,anger,I saw anti-vaxxers accost and harass healthcare workers at the hospital.,disgust,anger,0.8,False,False,Author-Independent Ambiguous
6304,7,a cat owner,a neighbor,personal dread over own pet vs detached local curiosity,fear,fear,"when I needed to stop at the side of the road to confirm whether or not the roadkill by my house was the body of one of my cats. I could give more details if you like, but think it is unnecessaryly graphic, suffice to say that maggots were involved.",disgust,disgust,0.6,True,False,Author-Independent Ambiguous
6306,7,an employee,a business owner,discovering betrayal by a boss vs discovering betrayal within one's own company,anger,anger,When I found out our CFO was stealing money from the company.,disgust,anger,0.4,False,False,Author-Independent Ambiguous
6307,7,someone who threw up in public due to a sudden illness,someone recalling a private moment of being sick alone at home,"Being sick in public brings embarrassed shame at being seen, while being sick alone at home in private brings only physical disgust, without any social embarrassment.",disgust,disgust,I felt ... when I got sick all over myself.,disgust,disgust,0.6,True,False,Author-Independent Ambiguous
6308,7,a dinner guest,a coworker,social dinner discomfort vs daily workplace irritation,disgust,disgust,"I was eating alongside someone, and they were eating their food with their mouth wide open.",disgust,disgust,1.0,True,False,Unambiguous
745,7,a podiatrist,a granddaughter,clinical observation vs personal family gross-out,disgust,disgust,His toenails where massive,disgust,disgust,1.0,True,False,Unambiguous
751,7,a mother,a school teacher,parental alarm vs professional concern for a student,anger,anger,When my daughter was attacked by her peers,disgust,anger,0.8,False,False,Author-Independent Ambiguous
276,7,a new nurse,a hospital volunteer,professional performance worry vs personal unease in an unfamiliar setting,fear,fear,when I began working in the acute care unit of a hospital because I thought people would be dying and I wouldn't know how to handle it,fear,fear,0.4,True,False,Author-Independent Ambiguous
261,7,a young woman,a teenage boy,street safety fear vs minor unease being followed,fear,fear,A group of young men following me home.,fear,fear,0.8,True,False,Unambiguous
271,7,a student,a parent,personal exam anxiety vs pride or worry watching a child,fear,fear,when i was receiving my a-level grades,fear,relief,0.6,False,False,Author-Independent Ambiguous
272,7,a new employee,a bar owner,nervous first solo shift vs routine responsibility for the business,fear,fear,when I worked my first shift on my own at my bar job.,fear,fear,0.6,True,False,Author-Independent Ambiguous
3450,7,a new driver,an experienced driver,alarming first loss of control vs rare lapse for a skilled driver,fear,fear,I lost control of my car whilst driving,fear,fear,1.0,True,False,Unambiguous
3451,7,a solo traveler,a business traveler,personal vulnerability abroad vs routine travel disruption,fear,fear,my flight was cancelled and I was abroad alone.,fear,fear,1.0,True,False,Unambiguous
3462,7,a young child,a teenager,frightening chase for a child vs less severe teenage encounter,fear,fear,because I was being chased by older people through the park.,fear,fear,0.8,True,False,Unambiguous
3467,7,a nervous teenager taking their very first driving lesson,"an adult immigrant learning to drive for the first time later in life, aware of the social stakes","A nervous teenager on their first lesson feels straightforward fear behind the wheel, while an adult learning to drive later in life feels self-conscious shame about needing to learn at all.",fear,fear,I felt ... the first time someone tried to teach me how to drive.,fear,fear,0.6,True,False,Author-Independent Ambiguous
3469,7,a young pedestrian,an older adult,physical vulnerability differs sharply between the two,fear,fear,I was running away from a shooting and a car was trying to run me down,fear,fear,1.0,True,False,Unambiguous
3474,7,someone immunocompromised at high risk from COVID,someone at low personal risk but frustrated by others ignoring protocols,"For someone immunocompromised and at high risk, being in a public place during the pandemic feels frightening, while for someone at low personal risk but frustrated by others' behavior, the same setting provokes anger instead.",fear,anger,I felt ... when I was in a public place during the coronavirus pandemic,fear,fear,1.0,True,True,Unambiguous
3360,7,a child,a theme park employee,excited apprehension vs routine workplace waiting,fear,fear,Waiting in line for a roller coaster,fear,boredom,0.6,False,False,Author-Independent Ambiguous
3361,7,"a nervous first-time traveler far from home, unfamiliar with mountain roads",a local tour guide who traverses this exact route regularly and has lost friends to past crashes,"A nervous first-time traveler unfamiliar with the road reacts with generic panic and fear, while a local guide who has lost friends to crashes on this exact route reacts to the same crosses along the road with personal grief.",fear,fear,"I was sat in a bus in Peru with three friends, having left our luggage back at a hostel, so simply carrying one bag full of items to go hiking. This bus was quite small and I felt incredibly sick, the roads were winding throughout the mountains. Feeling sick always produces a feeling of ..., but this was heightened by the fact we were high up in the mountains, driving along cliff edges with no barrier, every so often being met with cross along the road where busses had fallen off the edge and driving through literal waterfalls. I was genuinely ... that I was going to die.",fear,fear,0.8,True,False,Unambiguous
3366,7,a pet owner,a veterinary assistant,personal worry for own dog vs professional case familiarity,fear,fear,i thought my dog may not survive his operation,fear,fear,0.6,True,False,Author-Independent Ambiguous
3370,7,a pedestrian,a cyclist,differing physical exposure to a drunk driver,fear,fear,when I was almost run over by a drunk driver,fear,fear,0.4,True,False,Author-Independent Ambiguous
3373,7,a daughter,a home caregiver,personal family alarm vs professional caregiving incident,fear,fear,my mom fell down the stairs.,fear,fear,0.6,True,False,Author-Independent Ambiguous
3378,7,a first-time mother giving birth in an unfamiliar hospital,a mother who has been through complicated pregnancies before and has full trust in her medical team,"A first-time mother unfamiliar with birth complications experiences the silence as sheer fear, while a mother who has weathered complicated pregnancies before experiences the same tense moment through a lens of trust in her team.",fear,fear,I felt ... when I was I gave birth to my daughter because she had ingested fluids and wasn't making any sounds when they were tending to her.,fear,fear,0.8,True,False,Unambiguous
3399,7,a parent,a babysitter,direct parental alarm vs responsibility-driven alarm for someone else's child,fear,fear,I received a phone call that my son was hurt and needed medical attention,fear,fear,0.8,True,False,Unambiguous
3401,7,a homeowner,a house sitter,routine own-home alarm vs heightened alarm being responsible for someone else's house,fear,fear,the alarm at my house went off in the middle of the night,fear,fear,0.6,True,False,Author-Independent Ambiguous
3404,7,a daughter,a home nurse,personal family worry vs professional caregiving concern,fear,fear,my mom underwent 2 serious back surgeries.,fear,fear,0.6,True,False,Author-Independent Ambiguous
3414,7,a parent,a babysitter,direct parental fear vs fear compounded by responsibility for someone else's child,fear,fear,When my son almost scootered into the road and I was too far away to stop him,fear,fear,1.0,True,False,Unambiguous
3422,8,a fan attending the match with young children,a seasoned stadium regular who has seen worse crowd behavior before,"A fan attending with young children feels protective fear around aggressive rival supporters, while a seasoned stadium regular who's seen worse feels only irritated anger.",fear,fear,I felt ... when meeting aggressive fans of an opposing team at a sporting event,fear,fear,0.8,True,False,Unambiguous
3423,8,a young child,an adult woman,Age and vulnerability shift the assault from an incomprehensible violation to a recognized adult trauma.,fear,fear,sexually assaulted,fear,fear,0.4,True,False,Author-Independent Ambiguous
3426,8,a teenage girl walking home with a friend late in the evening,a martial arts practitioner confident in handling a physical confrontation,"A teenage girl walking home experiences being chased as outright terror, while someone confident in their self-defense skills experiences the same chase more as indignant anger at the intrusion than fear.",fear,fear,"I felt ... when my friend and I were chased through a forest by an older man on our way home. He stood about 20 metres away from us whilst we were sat on a bench for about 15 minutes and then ran after us when we moved, we hid in a bush and he was searching for us until he was deterred by a dog walker.",fear,fear,0.8,True,False,Unambiguous
3427,8,someone with a lifelong diagnosed needle phobia,a diabetic who self-injects daily but dislikes having blood drawn by others,"Someone with a lifelong diagnosed needle phobia experiences the blood test as fear, while a diabetic who self-injects daily but dislikes being drawn on by others experiences the same test as mere squeamish disgust.",fear,disgust,I had to go to hospital and have a blood test as i have a huge ... of needles,fear,fear,0.6,True,True,Author-Independent Ambiguous
3431,8,a young child having their very first night terror,an adult who has had recurring night terrors for years and recognizes what's happening,"A young child having their first night terror experiences pure fear, while an adult who has had recurring night terrors for years reacts with practiced, almost unbothered calm.",fear,fear,I felt ... when i had a night terror.,fear,fear,1.0,True,False,Unambiguous
3436,8,a solo female traveler in an unfamiliar country,a journalist accustomed to being tailed while covering sensitive stories abroad,"A solo female traveler in an unfamiliar country experiences being followed as frightening, while a journalist accustomed to being tailed while covering sensitive stories experiences it as an irritating occupational hazard.",fear,fear,I felt ... when followed by an unknown vehicle in a foreign country.,fear,fear,1.0,True,False,Unambiguous
3437,8,a young woman walking home alone late at night from her bar job,"a bar bouncer used to walking the same route after closing, confident handling confrontations","A young woman walking home alone late at night experiences the slow-following car as frightening, while a bouncer confident in handling confrontations experiences the same car as an annoying provocation rather than a threat.",fear,fear,"i was walking home from work late, i worked at a bar and i used to not finish work till 4am my house was 15 mins walk from my work. I would feel ... when someone was walking towards me that late at night. or a specific night when a car drove by slow then u -turned and came back down slowly i felt very ...",fear,fear,1.0,True,False,Unambiguous
3440,8,a student on academic probation who cannot afford another late mark,a generally laid-back student who rarely worries about minor lateness,"A student on academic probation feels real fear about the consequences of being late, while a generally laid-back student feels essentially nothing about the same near-miss.",fear,fear,I felt ... when I was almost late to class,fear,shame,0.4,False,False,Author-Independent Ambiguous
3442,8,a new driver,an experienced driver,Driving skill level changes how alarming losing control on ice feels.,fear,fear,"I lost control of my car on a slippery and busy road and got stuck in a snowbank, with cars zooming past me.",fear,fear,1.0,True,False,Unambiguous
3443,8,someone with a pre-existing respiratory condition living alone,someone fully vaccinated and boosted with only mild symptoms,"Someone with a pre-existing respiratory condition living alone feels real fear at the possibility of COVID, while someone fully vaccinated with only mild symptoms feels barely any concern at all.",fear,no-emotion,I felt ... when I thought I had COVID-19 a few days ago,fear,fear,0.8,True,True,Unambiguous
4490,8,a parent trying to keep young children calm during the disaster,an experienced emergency responder who happened to be home during the storm,"A parent trying to keep young children calm during the disaster feels acute fear, while an experienced emergency responder caught at home feels a calmer trust in their own training even as the danger unfolds.",fear,fear,I felt ... when my family was experiencing a hurricane being stuck in our house. It was ... because two houses behind us caught on fire and our first floor flooded. We were stuck and unable to leave.,fear,fear,1.0,True,False,Unambiguous
4496,8,someone whose highway accident happened recently and is still raw,"someone whose accident happened years ago and has since done extensive therapy, mostly recovered but occasionally triggered","For someone whose accident is still recent, driving on highways triggers raw fear, while for someone years removed and mostly recovered through therapy, the same occasional panic reads more as embarrassing shame than fear.",fear,fear,"Since an accident that happened many years ago I've been very ... of driving on highways. Although I can still do it, I get a sudden sense of ... and ... (panic attacks). At times I can reduce the ... and keep going but other times require intervention (I. E., taking a break, breathing exercises). I'm often embarrassed by this ... too and don't often drive others besides my immediate family.",fear,fear,1.0,True,False,Unambiguous
4497,8,someone whose home was previously damaged by a lightning strike,someone who finds thunderstorms cozy and romantic when safely indoors with a partner,"Someone whose home was previously damaged by lightning experiences thunder hitting the roof as frightening, while someone who finds storms cozy when cuddling with a partner experiences the same moment through comfort and trust.",fear,fear,"I felt ... when there was a power outage in my home. That day, my wife and I were cuddling in the sitting room when a thunderstorm started. Then ... filled me when thunder hit our roof and all the lights went off.",fear,fear,1.0,True,False,Unambiguous
4504,8,a young child,an adult daughter,Age changes whether the mother's surgery reads as confusing or fully understood worry.,fear,fear,My mom had to get extensive surgery,fear,fear,1.0,True,False,Unambiguous
4510,8,a new girlfriend,a longtime girlfriend,Relationship length changes whether solo drinking reads as a new red flag or an established pattern.,fear,fear,when I discovered my boyfriend had been drinking alcohol alone in his room,fear,surprise,0.4,False,False,Author-Independent Ambiguous
4517,8,a store clerk,a bystander,Being the direct target versus a witness changes the immediacy of the life threat.,fear,fear,I felt I was going to lose my life. Someone had pointed a gun at me.,fear,fear,1.0,True,False,Unambiguous
4519,8,a healthy patient,a cancer survivor,Medical history changes whether a routine x-ray feels routine or ominous.,fear,fear,I went for a chest x-ray,fear,fear,0.8,True,False,Unambiguous
4538,8,a young child,an allergic adult,Allergy risk turns a wasp sting from minor pain into a medical emergency.,fear,fear,I was stung by a wasp,fear,surprise,0.6,False,False,Author-Independent Ambiguous
4539,8,a child who cannot swim well and has never had a bad experience in water before,a child who had already had swimming lessons and knew how to kick to the surface,"A child with no prior swim training experiences sinking in the deep end as sheer fear of drowning unnoticed, while a child who had swimming lessons experiences the same struggle with more trust in their own ability to self-rescue.",fear,fear,"I was about 7 years old and I swam into the deep end of the pool. I didn't know how to swim well at the time, so I would sink and then kick off the bottom of the pool to gasp for air and then quickly sink again. I was ... that I would drown and no one would notice, but I eventually was able to kick myself back to the shallow end.",fear,fear,0.8,True,False,Unambiguous
4600,8,"someone experiencing a panic attack for the first time, unsure what's happening to them",someone with a long-diagnosed anxiety disorder familiar with their own symptoms,"Someone experiencing anxiety for the first time and unsure what's happening feels acute fear, while someone with a long-diagnosed anxiety disorder familiar with the symptoms feels a weary, repetitive boredom at yet another episode.",fear,fear,I felt ... when I had anxiety.,fear,fear,0.6,True,False,Author-Independent Ambiguous
4609,8,a cyclist,a pedestrian,Mode of commuting changes the physical vulnerability implied by the near-miss.,fear,fear,I was nearly hit by a car while commuting to work,fear,fear,0.6,True,False,Author-Independent Ambiguous
4633,8,"a partner of someone with a serious, potentially life-threatening diagnosis","a partner of someone with a minor, short-term illness like a cold","A partner facing a serious, potentially life-threatening diagnosis feels real fear about lacking control, while a partner dealing with a minor, short-term illness feels little more than mild, unremarkable concern.",fear,fear,I felt ... when my partner became sick because I had no control over the situation,fear,sadness,0.6,False,False,Author-Independent Ambiguous
4636,8,a construction worker,a homeowner,Occupational routine versus a one-off task changes how alarming the ladder fall reads.,fear,fear,the ladder I was on kicked out from under me.,fear,surprise,0.4,False,False,Author-Independent Ambiguous
4639,8,someone living paycheck to paycheck with no savings cushion,someone with significant savings and a strong professional network,"Someone living paycheck to paycheck with no savings feels real fear about how to get through the month, while someone with a financial cushion and strong network feels relief at being freed from the job instead.",fear,relief,I felt ... when I was fired from my job because I didn’t know how I’d be able to support myself that month,fear,fear,1.0,True,True,Unambiguous
4582,8,a new employee,a veteran employee,Experience level changes whether getting lost in the maze reads as alarming or routine.,fear,fear,"I worked at a huge haunted house for one night. At the end, they said everyone could leave, but it took me longer to get out of my little spot than everyone else. I had no one to lead me out, and I have a terrible sense of direction. The haunted house is made to be a maze that you get lost in, so I was running through it, trying to find my way out, with lots of creepy stuff all around me, totally disoriented.",fear,fear,1.0,True,False,Unambiguous
4583,8,a passerby who owns a car parked nearby and worries it could be targeted next,an off-duty police officer who happens to be walking by,"A passerby worried their own nearby car could be targeted next feels frightened by the sight, while an off-duty police officer witnessing the same theft feels professional anger and the urge to intervene rather than fear.",fear,fear,I felt ... walking down the street when I saw a man stealing license plates off of cars.,fear,fear,0.6,True,False,Author-Independent Ambiguous
4592,8,someone who hates horror and was dragged there by friends,a horror enthusiast who seeks out haunted houses for the thrill,"For someone who hates horror and was dragged along, the haunted house is genuinely frightening, while for a horror enthusiast who seeks out these experiences for fun, the same fright translates into thrilled joy.",fear,joy,I felt ... when I went to a haunted house amusement park.,fear,fear,0.6,True,True,Author-Independent Ambiguous
4594,8,an ex-partner who has been obsessively checking her former boyfriend's social media,someone who recently escaped a controlling relationship and stays alert to warning signs,"Framing the blocked-message detective work as obsessive jealousy reads as anger, while framing it as trauma-informed vigilance reads as genuine fear.",fear,fear,"I felt ... when a man I had feelings for was not responding to my text messages. I have an iPhone and so I use iMessage with others who also have iPhones. When you use iMessage, the chat bubbles are blue, but I noticed one day that the chat bubbles with him were green. That indicates that the recipient does not have an iPhone, or that they are in an area without internet and therefore are getting the messages sent as text messages rather than iMessage. The problem was that he had not been responding and I started wondering if he was seeing my texts at all - then I had a suspicion he had blocked me this entire time. I messaged a mutual friend to ask if he had told them he was angry with me, and I then checked to see if I could still see his profile on social media platforms. I could not. I started getting anxious at the indication that he had blocked me on everything, and that anxiety skyrocketed with each profile I wasn't seeing. My friend told me she could still access his profiles, and it was then I realized he had blocked me on everything.",fear,fear,0.6,True,False,Author-Relevant Ambiguous
4571,8,a child too intimidated by her harasser's social standing in class to speak up,a child who blamed herself for what was happening and thought she'd caused it,"One persona centers fear of the harasser's power, the other centers self-blame, shifting the reading from fear to shame.",fear,shame,"In elementary school one of my male classmates starting to sexually harass me everyday, touching me inappropriately in all different places multiple times a day, I was too ... to tell anyone or tell him off.",fear,fear,0.6,True,True,Author-Independent Ambiguous
4573,8,a project manager,a new employee,Authority and accountability change how serious falling short of standards feels.,shame,fear,I felt a project was not meeting upmto standards.,fear,anger,0.4,False,True,Author-Relevant Ambiguous
4579,8,a new employee unsure of workplace norms who avoids conflict at all costs,a seasoned manager who dislikes drama but isn't intimidated by it,The same anticipated confrontation reads as anxious dread from a conflict-avoidant newcomer versus irritated obligation from an unbothered manager.,fear,no-emotion,I had to confront a couple worker over some things that she had been saying about me behind my back. I don't like confrontation so this made me ... how she would react as she's a sensitive over the top person,fear,fear,0.8,True,True,Unambiguous
5830,8,a first-time parent,an experienced parent,Parenting experience changes how alarming an unexplained fever reads.,fear,fear,my toddler took a high fever and started to shake without other obvious symptoms,fear,fear,0.8,True,False,Unambiguous
5841,8,a college student,a recovering addict,"The implied source of being ""out of control"" changes the severity of the nightmares.",fear,fear,I have nightmares because im out of control,fear,fear,0.8,True,False,Unambiguous
5725,8,a husband,a live-in relative,Closeness of relationship to the wife changes the shock and stakes of witnessing the act.,fear,fear,I woke one night to find my wife trying to harm our child in the belief that it would make her life better if there weren't children to take care of.,fear,fear,0.6,True,False,Author-Independent Ambiguous
5727,8,a tourist,a local resident,Familiarity with the region changes how unexpected the earthquake feels.,fear,fear,I experienced an earthquake in Greece,fear,fear,0.6,True,False,Author-Independent Ambiguous
5730,8,a roommate,a family member,Closeness of relationship changes whether the knife attack reads as betrayal or stranger danger.,fear,fear,A housemate came at me with a knife.,fear,fear,1.0,True,False,Unambiguous
5734,8,a first-time mother,an experienced mother,Childbirth experience changes how alarming an emergency procedure feels.,fear,fear,When I had to go for an emergency caesarean,fear,fear,1.0,True,False,Unambiguous
5752,8,a young student,an adult learner,Age and stakes of the exam change how much pressure the fear implies.,fear,fear,I had a music exam,fear,fear,0.8,True,False,Unambiguous
5753,8,a sole breadwinner supporting a family with no savings to fall back on,someone who had secretly been job-hunting and wanted an exit from that job,"Losing the job reads as existential fear for a sole provider, but as covert relief for someone who wanted out anyway.",fear,relief,i felt ... when i lost my job some years back because i didnt have another means of survival and my family depended on my income,fear,fear,0.6,True,True,Author-Independent Ambiguous
5754,8,a new girlfriend,a longtime spouse,Relationship duration changes whether this reads as a first shocking incident or an ongoing pattern.,fear,fear,"Someone I was dating at the time was hitting me while in the car going home. This person had no concern that they might kill the both of us while doing this, beating me in the head.",fear,fear,0.6,True,False,Author-Independent Ambiguous
5766,9,someone who has had repeated prior conflicts with this same neighbour,someone who just moved in and barely knows the neighbour yet,"A history of run-ins frames the neighbour's moodiness as the last straw (anger), while unfamiliarity frames it as bewildering (surprise).",anger,anger,I had to ask my neighbour to move his car as it was blocking my driveway. I felt ... because he was uncooperative and moody. I didn't understand why he would behave like this,fear,anger,0.6,False,False,Author-Independent Ambiguous
5769,9,an adult child,a young child,an adult child processes the medical news with worry while a young child reads confusion and fear,fear,fear,I received a call  to say that my dad had had a heart attack and was in hospital needing open heart surgery,fear,fear,1.0,True,False,Unambiguous
5773,9,a mother,a nurse,a mother's reaction reads as panic while a nurse's clinical knowledge of sepsis reads as informed dread,fear,fear,My daughter had sepsis,fear,sadness,0.4,False,False,Author-Independent Ambiguous
5774,9,a student,a truck driver,blurry vision is a mild inconvenience for a student but a safety-critical scare for a truck driver,fear,fear,i had a migraine that caused blurry vision,fear,no-emotion,0.4,False,False,Author-Independent Ambiguous
5796,9,a teenager,an elderly person,a teenager alone reads mild unease while an elderly person living alone reads more acute vulnerability,fear,fear,"Home alone and keep hearing wat sound like footsteps, doors closing",fear,fear,1.0,True,False,Unambiguous
5798,9,a first-time parent,a grandparent,a first-time parent reads overwhelmed fear while a grandparent reads joy and relief at the birth,joy,joy,when my first child was born,fear,joy,0.8,False,False,Author-Independent Ambiguous
5802,9,a university student,a scholarship student,a regular student reads mild stress while a scholarship student facing funding loss reads sharper fear,guilt,guilt,I didn't submit an essay on time at university.,fear,guilt,0.6,False,False,Author-Independent Ambiguous
5810,9,the injured passenger recounting the terror of the impact itself,a safety advocate citing the story to criticize inadequate emergency care abroad,The same crash reads as raw personal fear in the moment versus retrospective anger at a failing medical system when the teller's angle shifts.,fear,fear,"I felt ... when I had a car accident in Puerto Plata Dominican republic, I lived in the DR for many years. On the malecon one night about 15 years ago I was in the car with my then boyfriend and he was driving, we had been to a party and had both been drinking and I didn't put my seatbelt on. Coming round the bend in the malecon two motorcycles came speeding towards us on the wrong side of the road. One went over the top of the car and one into the windscreen, my face was torn open by the glass my entire mouth and skin up to my nose hanging open and being in country which definitely does not have the best medical care, I think it was safe to say I felt lots of ....",fear,fear,0.6,True,False,Author-Independent Ambiguous
5813,9,a young child,a swimming instructor,a young child near-drowning reads pure fear while a swimming instructor reads professional shock and embarrassment,fear,fear,I was younger and went down a slide into a swimming pool. I couldn’t swim and couldn’t touch the bottom of the pool and kept goi g under the water. Two girls managed to get hold of me pull me to the side,fear,fear,1.0,True,False,Unambiguous
5914,9,a first-time mother with no prior birth experience to compare to,a mother who previously lost a baby during childbirth,"Prior loss intensifies the same complication into acute, trauma-driven fear rather than the ordinary worry of a first-timer.",fear,fear,"I was in labour december last year, my pain was worse than I remembered with my previous pregnancies and my waters still hadn’t broken. The ambulance was called and I was ... that something was wrong with my baby or me. We were rushed to hospital and the pain kept intensifying, until my waters broke suddenly and my baby arrived, safe and well.",fear,fear,0.8,True,False,Unambiguous
5916,9,a single parent,a student,a single parent reads existential fear for dependents while a student reads personal financial stress,fear,fear,Not knowing how to pay for rent and food,fear,fear,0.6,True,False,Author-Independent Ambiguous
5920,9,a dog owner,a parent walking with kids,a solo dog owner reads anger while a parent with children present reads protective fear,fear,fear,A stranger in the street started shouting at me for not allowing him to approach my dog,fear,fear,0.6,True,False,Author-Independent Ambiguous
5929,9,a homeowner,a house guest,a homeowner reads mild resignation to spiders while a house guest reads sharper discomfort in unfamiliar space,fear,fear,lots of spiders in the house,fear,fear,0.8,True,False,Unambiguous
5931,9,a security guard,a tourist,a security guard reads duty-bound alertness while a tourist reads vulnerable fear,fear,fear,we were attacked,fear,fear,0.8,True,False,Unambiguous
5936,9,a new employee,a manager,a new employee fears job loss while a manager reads guilt over responsibility,guilt,guilt,I made a mistake at work,fear,guilt,0.4,False,False,Author-Independent Ambiguous
5951,9,a professional performer,an office worker,a performer reads routine anticipation while an office worker forced to present reads dread,fear,fear,I have to perform for others,fear,fear,0.6,True,False,Author-Independent Ambiguous
5953,9,a thrill seeker,a young child,a thrill seeker reads excitement while a young child reads genuine fear before the rollercoaster,fear,fear,I was about to go on a rollercoaster at Alton Towers,fear,fear,0.8,True,False,Unambiguous
5955,9,a new driver,a delivery driver,a new driver reads shaken fear while a delivery driver reads professional frustration and stress,fear,fear,"Had a car crash,",fear,fear,0.6,True,False,Author-Independent Ambiguous
5964,9,a shop owner,a tourist,a shop owner reads defensive alertness confronting a thief while a tourist reads helpless fear,fear,fear,I was confronted by a thief,fear,fear,1.0,True,False,Unambiguous
5880,9,"a patient going in for a minor, routine outpatient procedure","a patient going in for a serious, uncertain diagnosis","With no other context, whether the hospital visit is routine or high-stakes is the whole difference between indifference and dread.",no-emotion,fear,I felt ... going in to hospital,fear,fear,1.0,True,True,Unambiguous
5892,9,a homeowner,a young child,a homeowner reads mild annoyance at a spider while a young child reads sharper fear,fear,fear,There was a spider in my house,fear,fear,0.8,True,False,Unambiguous
5901,9,an expectant mother,a birth partner,the expectant mother reads direct devastating fear while a birth partner reads helpless secondary fear,fear,fear,"i had just been told by the midwife ""I'm so sorry i cant find baby's heartbeat""",fear,sadness,0.6,False,False,Author-Independent Ambiguous
5848,9,a psychology student running a mandatory but tedious lab exercise,a participant undergoing an experiment that tests their own phobia,"Running someone else's routine experiment reads as tedium, while being the subject of a fear-inducing experiment reads as personal fear.",no-emotion,fear,"I felt ... when I had to carry out a behavioural experiment, not knowing the outcome made be ....",fear,fear,0.8,True,True,Unambiguous
5856,9,a pedestrian,a security guard,a pedestrian reads pure victim fear while a security guard reads failure of duty alongside fear,fear,fear,I was surrounded by four men; they hit me in the face before I offered to give them everything I had in my pockets.,fear,fear,1.0,True,False,Unambiguous
5873,9,a professional lifeguard,an off-duty bystander,a lifeguard reads trained urgency while an off-duty bystander reads helpless panic at the same rescue,fear,fear,Working as a lifeguard and performing an emergency missing person rescue on a potential drowning child,fear,fear,0.8,True,False,Unambiguous
6315,9,a single parent,a retiree,a single parent reads fear for dependents while a retiree on fixed income reads quieter worry,fear,fear,when I think about how much i'm struggling with finances,fear,fear,0.6,True,False,Author-Independent Ambiguous
6320,9,a teenage new driver who nearly caused a serious crash,a professional stunt driver reflecting on a calculated risk,The identical dangerous driving moment reads as genuine fear for a novice versus a thrill to be proud of for a professional risk-taker.,fear,no-emotion,I felt ... because I put myself in a dangerous situation while driving,fear,shame,0.6,False,True,Author-Independent Ambiguous
6324,9,a pet owner,a veterinary assistant,a pet owner reads personal attachment fear while a vet assistant reads professional clinical worry,fear,fear,Waiting for the vet to call after my cat's operation,fear,fear,1.0,True,False,Unambiguous
6329,9,a young child,a mail carrier,a young child reads pure fear being chased while a mail carrier reads an occupational hazard,fear,fear,I was young and a dog chased me down an alleyway,fear,fear,1.0,True,False,Unambiguous
6333,9,an elderly person recently diagnosed with a terminal illness,"a healthy grandparent with only an abstract, occasional worry about mortality","Imminent diagnosis makes the fear of death acute and immediate, while a healthy person's version reads more as wistful sadness about leaving family behind.",fear,fear,"i ... death itself i dont want to die, i ... leaving my grandchildren behind it plays on my mind all the time",fear,fear,1.0,True,False,Unambiguous
6337,9,a horror fan who loves haunted house experiences,someone dragged along by friends who hates being scared,A haunted-house visit reads as fun thrill-seeking for an enthusiast and as genuine distress for someone who didn't want to be there.,joy,fear,I felt ... when i went to an in person ... experience for halloween,fear,fear,0.6,True,True,Author-Independent Ambiguous
6339,9,a patient,a nurse,a patient reads frightening uncertainty about the pain while a nurse recognizes the danger with informed dread,fear,fear,I had a terrible kidney infection that caused me so much pain I thought I was dying,fear,fear,0.8,True,False,Unambiguous
6364,9,a thrill-seeker who loves rollercoasters and inversions,someone with a phobia of heights being pressured by friends to ride,The same scissor-ride pressure reads as excited fun for a thrill-seeker and as real fear for someone being coerced past their phobia.,joy,fear,i felt ... when i went to luna Park for the first time and i was nearly forced to go on the scissor ride because i do not like rides that go upside down,fear,fear,0.8,True,True,Unambiguous
6366,9,a daughter,a distant relative,a daughter reads devastating personal fear while a distant relative reads detached concern at the same news,sadness,fear,When I found out my mum had cancer,fear,fear,0.8,True,True,Author-Relevant Ambiguous
6370,9,someone who has always been fascinated by the paranormal and ghost stories,someone terrified of the mental illness that runs in her family,"Seeing an apparent ghost reads as startled awe for a paranormal enthusiast, but as fear of losing her mind for someone who worries about hereditary illness.",surprise,fear,"I saw a woman across a crowed room who I knew for a fact had died. I couldn't believe my eyes and thought I must seeing a ghost and therefore going momentarily insane. I was with my mother and I tapped her urgently. She looked where I was looking and must have recognised the ... on my face, then realised what I must be thinking. My mother then said something along the lines of ""Don't worry, that's her twin, she was a twin.""",fear,surprise,0.6,False,True,Author-Independent Ambiguous
6374,9,a first-time mother,an experienced mother,a first-time mother reads fear of the unknown while an experienced mother reads fear from knowing what's abnormal,fear,fear,During labour and I got rushed to theatre for a cesarean section because my child's heartbeat and movement had slowed right down.,fear,fear,1.0,True,False,Unambiguous
6375,9,someone who loves horror and thrill-seeking,someone who is easily frightened and dislikes jump scares,the jump scares are a fun thrill for a horror enthusiast but a genuinely distressing fright for someone easily scared,joy,fear,"I went to a haunted house a few weeks ago and there were many sudden ""jump"" scenes",fear,fear,0.6,True,True,Author-Relevant Ambiguous
6389,9,a healthcare worker,a first-time mother,a healthcare worker reads informed terror recognizing the danger while a non-medical mother reads confused alarm,fear,fear,"I had given birth, a few hours later I began to feel nauseous and then felt intense pain. My blood pressure was plummeting and my heart rate was rising. I’m a healthcare worker so I knew this was not good. I was haemhorraging internally and on the cusp of bleeding to death.",fear,fear,0.6,True,False,Author-Independent Ambiguous
762,9,a high school student,an international student,a high school student reads general exam stress while an international student facing visa stakes reads sharper fear,fear,fear,I was facing my first exam of this year because the results will have a large impact on my life,fear,fear,1.0,True,False,Unambiguous
764,9,a nursing student starting her very first clinical placement,a veteran professional attending a mandatory refresher orientation,"A first clinical placement reads as nerve-wracking for a newcomer, while the same kind of orientation reads as dull routine for a seasoned professional.",fear,boredom,I felt ... when I had a practicum orientation,fear,boredom,0.4,False,True,Author-Independent Ambiguous
280,10,a local son,an estranged son,physical/relational closeness changes how heavy the missed-time regret reads,guilt,guilt,I didn't spend more time with my Dad.,guilt,sadness,0.6,False,False,Author-Independent Ambiguous
281,10,a close friend,a casual acquaintance,closeness to the boyfriend's girlfriend changes how betrayed the incident feels,shame,shame,"I went out on a night out and got quite drunk, The co-worker I was out with (alongside others) was the boyfriend of one of my friends. We both were having a great time and ended up kissing. The next morning was horrible and I ended up booking a hotel and staying away for the weekend because I felt so bad and didn't want to be around the local area.",guilt,shame,0.8,False,False,Author-Independent Ambiguous
3514,10,a long-term partner,a casual dater,depth of commitment changes how justified/painful the retaliatory cheating reads,guilt,guilt,I cheated on an ex after they cheated on me,guilt,anger,0.4,False,False,Author-Independent Ambiguous
3519,10,a shopper,a close friend,knowing the friend wanted the shirt too changes guilt intensity,guilt,guilt,I took the last shirt in the right size when my friend wanted it too.,guilt,guilt,0.6,True,False,Author-Independent Ambiguous
3522,10,a close friend who was going through a personal crisis at the time,an acquaintance who wasn't that close and had legitimate competing obligations,"Missing a close friend in crisis carries real guilt, while missing a casual acquaintance under legitimate constraints reads as mild regret rather than guilt.",guilt,no-emotion,I feel ... when I missed an opportunity to be present and available to a good friend,guilt,guilt,0.8,True,True,Unambiguous
3523,10,a single parent,a married parent,sole responsibility for the kids changes how guilty the trip reads,guilt,guilt,Booked a night away with friends and my children were upset that i was going to a hotel without them,guilt,guilt,1.0,True,False,Unambiguous
3525,10,someone who kept accepting the gifts while fully aware of the giver's romantic intentions,someone naive who only realized afterward what the gifts had really meant,"Knowingly exploiting someone's feelings reads as guilt, while a delayed, naive realization reads more as shame at having been oblivious.",guilt,shame,I felt ... when continuing to accept presents and money from someone who seemed like they wanted more even though I kept telling them we were only friends.,guilt,guilt,1.0,True,True,Unambiguous
3528,10,someone raised in real poverty who still carries anxiety about financial security,someone comfortably well-off who just enjoys fantasizing about a lavish lifestyle,"Fantasizing about wealth reads as understandable guilt rooted in real hardship for one persona, and as shallow, embarrassing materialism for the other.",guilt,shame,"I felt ... whenever I think about how my life could be with another man. I love my boyfriend of two years very much but I still think about my ex a lot because it just felt unresolved (though I'm not entirely sure resolving it would change much). It's mostly because my ex was extremely wealthy and although my current bf and I are well off for our age, it's tough when I consider that I could be flown around in a private jet instead. I feel extremely ... thinking about this and typing it out because I don't want to sound greedy. I just grew up in the lowest income bracket and I can't help but be enticed by money as it was such a barrier growing up. I'm trying really hard to develop a healthier relationship with it as I grow older.",guilt,sadness,0.6,False,True,Author-Independent Ambiguous
3533,10,a close friend,a former best friend,relationship history changes how the avoidance and lie land emotionally,anger,guilt,I lied to my friend about not being able see her and said I was busy because I am avoiding her. She only cares about herself and does not take the time to be considerate of our friendship.,guilt,guilt,0.4,True,True,Author-Relevant Ambiguous
3480,10,a student,an employee,"weak divergence -- vague text, but stakes of ""plans"" differ by role",guilt,guilt,I don't carry out with the plans I made from the beginning.,guilt,relief,0.2,False,False,Author-Independent Ambiguous
3481,10,a casual dieter,a medical patient,health stakes vs casual choice changes severity of the guilt,guilt,guilt,eating badly when I was on a diet,guilt,shame,0.6,False,False,Author-Independent Ambiguous
3492,10,an HR manager bound by strict confidentiality policy,a close personal friend who stayed silent partly to protect her own job,"Being unable to warn someone reads as sympathetic, policy-bound guilt for an HR manager, but as a personal betrayal-driven guilt for a friend who chose silence out of self-interest.",guilt,guilt,"I felt ... when I knew someone was about to lose their job before they was made aware, and couldn't make them aware beforehand.",guilt,guilt,0.8,True,False,Unambiguous
3493,10,someone who was in a committed relationship at the time,someone who broke a personal promise to a friend not to pursue their sibling,"Sleeping with someone while committed reads as romantic-infidelity guilt, while breaking a friend's trust in a different way reads more as social shame.",guilt,guilt,I felt ... when I slept with someone I shouldn’t of,guilt,shame,0.6,False,False,Author-Independent Ambiguous
3498,10,a close grandchild,a distant relative,closeness to the dying grandmother changes weight of the regret,guilt,sadness,I did not get to say goodbye to my dying grandmother,guilt,sadness,1.0,False,True,Author-Relevant Ambiguous
3502,10,a student,a boyfriend,"""cheated"" is ambiguous -- exam cheating vs relationship cheating read totally differently",guilt,guilt,I cheated,guilt,guilt,0.8,True,False,Unambiguous
4666,10,someone who gossiped about a close friend out of jealousy,someone venting to a friend after being genuinely hurt by that friend's actions,"Jealous gossip reads as straightforward guilt, while venting after real hurt reads more as anger that happens to have gone too far.",guilt,guilt,I felt ... when I spoke about a friend to another friend that was in a horrible manner.,guilt,shame,0.8,False,False,Author-Independent Ambiguous
4671,10,a younger sibling,an older sibling,power dynamic in blaming a sister changes how the lie reads,guilt,guilt,I broke the vase and lied against my sister which was scolded afterwards.,guilt,guilt,0.6,True,False,Author-Independent Ambiguous
4649,10,a young child,an adult neighbor,age changes whether picking flowers reads as mischief or transgression,guilt,guilt,I picked the neighbor's flowers,guilt,guilt,0.4,True,False,Author-Independent Ambiguous
4655,10,a young child,an adult stranger,age changes whether the yogurt incident reads as comic or embarrassing,guilt,guilt,I accidentally hit yogurt onto a girl,guilt,guilt,0.6,True,False,Author-Independent Ambiguous
4659,10,someone who was provoked repeatedly before finally snapping at their ex,someone known for a short temper who regrets lashing out yet again,"Snapping after repeated provocation centers the anger itself, while a repeat pattern for a short-tempered person centers shame at the recurring behavior.",anger,anger,I felt ... when I used my anger to say things to mean things to my ex.,guilt,guilt,0.6,True,False,Author-Independent Ambiguous
4692,10,a girlfriend,a wife,marital commitment changes how severe the cheating reads,guilt,guilt,I was in a relationship once that wasn't what i wanted. I met another guy and before ending my current relationship i cheated on my partner.,guilt,guilt,0.6,True,False,Author-Independent Ambiguous
4706,10,someone who felt trapped in a relationship they were too scared to end,"someone who repeatedly betrayed a devoted, trusting partner","Cheating while feeling trapped reads as guilt entangled with fear, while cheating on someone clearly devoted reads as sharper, more damning shame.",guilt,shame,I felt ... when I kept cheating on my ex partner time and time again,guilt,guilt,0.6,True,True,Author-Independent Ambiguous
5996,10,a student,a librarian,irony of a librarian not returning a book heightens the guilt,guilt,guilt,Didn't return a book from the library,guilt,guilt,0.6,True,False,Author-Independent Ambiguous
51005,10,a single dater,a married person,relationship structure changes moral weight of parallel relationships,guilt,guilt,I had two simultaneous relationships,guilt,guilt,0.8,True,False,Unambiguous
51014,10,a coworker,a younger sibling,target of the prank changes how serious the backfire feels,guilt,guilt,a practical joke (I played) backfired,guilt,shame,0.6,False,False,Author-Independent Ambiguous
51017,10,a manager who promoted the friend because they were genuinely the most qualified,a manager who knowingly favored an underqualified friend over better candidates,"A justified promotion reads as pride in a good call, while favoritism over better-qualified people reads as guilt over nepotism.",pride,guilt,I was ... at work of giving a friend a promotion above others.,guilt,joy,0.2,False,True,Author-Independent Ambiguous
51023,10,a boyfriend,a husband,commitment level changes severity of accidentally hurting her,guilt,guilt,I pulled my girlfriends arm and accidentally hurt her.,guilt,guilt,0.6,True,False,Author-Independent Ambiguous
5981,10,a younger sister,an older sister,birth-order dynamic changes weight of withholding the test result,guilt,guilt,I took a genetics test that would determine whether I will inherit a genetic disease from my mother. I tested negative and my sister (who is untested and still at risk) does not know I have been tested or that I am not at risk of developing this disease.,guilt,relief,0.4,False,False,Author-Independent Ambiguous
5986,10,a teenager,an adult child,age/responsibility changes severity of the accident with the cat,guilt,guilt,I accidentally broke one of my mother's cats legs,guilt,guilt,0.8,True,False,Unambiguous
51041,10,a busy parent,a divorced parent,context of absence changes weight of missing the nativity,guilt,guilt,I missed my sons first nativity,guilt,sadness,0.6,False,False,Author-Independent Ambiguous
51047,10,a new employee,a manager,seniority changes the consequences and weight of lying,guilt,guilt,I Lied to workplace,guilt,guilt,1.0,True,False,Unambiguous
51051,10,a student,a working professional,context changes casualness vs seriousness of taking the food,guilt,guilt,I ate some food from the fridge which belonged to my flatmate without her permission,guilt,guilt,0.8,True,False,Unambiguous
51053,10,a single parent,a remarried parent,family structure changes how the favoritism/exclusion reads,guilt,guilt,I went on holiday with my youngest child but my oldest child had to stay home.,guilt,guilt,0.6,True,False,Author-Independent Ambiguous
51054,10,a teenager insecure about her appearance after years of being bullied about her teeth,"an adult looking back with hindsight at how she hurt a loving, innocent sister",The braces story centers the teenager's own self-loathing (shame) versus the adult's remorse over harming someone else (guilt).,shame,guilt,"I felt ... when as a young adult I wore braces on my teeth and I hated them, even though it was my choice to get them. I was visiting my younger sister who was working overseas and we had a brilliant time together. She took lots of photos of us, had them developed (it was the 1990s!) and sent them to my family. In one picture in particular, all I could see were these awful braces. I couldn't see anything else - the fabulous place we were in, the gorgeous outfits we were wearing, how lovely our hair was as we'd treated ourselves to getting blowdries, and I wrote her the most horrible letter saying that the only reason she'd sent that photo was to prove how gorgeous she was compared to me, she knew how ugly I was and that I was sorry I'd ever visited her in the first place. To this day I still feel so awful for writing that letter. She could only see the fun time we were having - I was the one with the complex about my teeth.",guilt,shame,0.6,False,True,Author-Relevant Ambiguous
51061,10,a boyfriend,a husband,commitment level changes weight of lashing out at him,guilt,guilt,"My mental illness' were playing up and I was rude and said some thing I didnt mean to my partner, who was visibly upset after I lashed out at him.",guilt,shame,0.6,False,False,Author-Independent Ambiguous
51065,10,"someone in a long-term, deeply committed relationship",someone in an already rocky relationship they were quietly planning to end,"Cheating on a devoted long-term partner reads as strong guilt, while cheating in an already-failing relationship reads more as shame at the act itself than damage done.",guilt,guilt,I felt ... when I cheated on my boyfriend,guilt,guilt,0.4,True,False,Author-Independent Ambiguous
51067,10,a sibling who was overwhelmed by their own mental health crisis at the time,a sibling who was simply careless and self-absorbed that week,"Forgetting a sick sibling's appointment reads as understandable, circumstance-driven sadness when the narrator was in crisis themselves, versus sharper guilt when it's framed as plain carelessness.",guilt,guilt,"I felt ... when I forgot my sisters doctors appointment, for a serious issue and didnt ask about it",guilt,guilt,0.8,True,False,Unambiguous
51081,10,someone who started the fight with friends over something trivial,someone who was defending themselves against friends' unfair accusations,"Starting a trivial fight centers guilt, while defending oneself against unfair blame centers justified anger instead.",guilt,anger,I felt ... when I fought with my friends.,guilt,sadness,0.6,False,True,Author-Independent Ambiguous
51082,10,a young adult,a parent,responsibility to dependents changes weight of the addiction struggle,shame,shame,I struggle with addiction,guilt,shame,0.6,False,False,Author-Independent Ambiguous
51085,10,"a spouse recovering from a medically necessary, unavoidable surgery","a spouse who chose an elective, non-urgent procedure","An unavoidable surgery frames the husband's exhaustion as sad but blameless, while an elective one frames it as guilt for a burden she chose to create.",sadness,sadness,"I felt ... when I saw how drained my husband became while I was recovering from shoulder surgery. For a few months before and then another few months after my surgery, I was unable to do a lot of the household tasks because of the pain in my dominant arm. I know that there wasn't anything I could have done to avoid the restrictions I was under, but I still feel bad for him having to take care of so much on his own.",guilt,guilt,0.8,True,False,Unambiguous
6392,11,a new mother overwhelmed and exhausted by newborn care,a longtime dog owner who has always treated the dog like her first child,"Neglecting the dog reads as understandable, mild sadness for an overwhelmed new mother, but as real guilt for someone who considers the dog family.",guilt,guilt,I felt ... when my baby was born and couldn’t give my dog attention,guilt,guilt,0.8,True,False,Unambiguous
6397,11,a close friend,a casual acquaintance,closeness of the relationship changes how serious the missed call reads,guilt,guilt,I did not call my friend early enough.,guilt,guilt,0.8,True,False,Unambiguous
6403,11,a strict parent,a first-time parent,"strict parent reads as routine discipline, first-time parent reads as more remorseful",guilt,guilt,My daughter was being naughty and i smacked her.,guilt,anger,0.6,False,False,Author-Independent Ambiguous
6407,11,a college student,a cautious homeowner,"student reads as amused/lucky, homeowner reads as wary of a scam",surprise,fear,"I accepted a pizza delivery to my address from Dominos, it was marked as paid and with my address on the label but I did not order it.",guilt,surprise,0.4,False,True,Author-Relevant Ambiguous
6418,11,a store employee,a customer,"employee implies workplace liability, customer implies a minor personal mishap",guilt,guilt,"I dropped a light bulb at the department store and it broke, then I put it back on the shelf and got a new one.",guilt,guilt,0.8,True,False,Unambiguous
6422,11,a teenage driver,an adult child,"teen reading skews toward dependency/guilt, adult child skews toward embarrassment",guilt,guilt,I totaled my car and raised my mom's car insurance,guilt,guilt,0.6,True,False,Author-Independent Ambiguous
6423,11,a working mother,a single mother,single mother reading carries higher stakes than a partnered working mother,guilt,guilt,I was having a nice time with my friend and my daughter was at home with her dad,guilt,joy,0.6,False,False,Author-Independent Ambiguous
6424,11,a close friend,a casual coworker,closeness of the relationship changes the weight of not being able to help,guilt,guilt,i couldnt help my friend when he was going through a dark time,guilt,guilt,0.8,True,False,Unambiguous
96,11,a student who procrastinated on an important assignment,an employee who couldn't finish work due to a sudden family emergency,"Failing to do planned work reads as guilt when it's procrastination, but as circumstantial sadness when it's due to an emergency outside one's control.",guilt,sadness,I felt ... when I didn't do the work I planned to do,guilt,guilt,0.8,True,True,Unambiguous
99,11,a new mother,a bodybuilder,"new mother reading is neutral/expected, bodybuilder reading is a setback",shame,pride,i put on weight,guilt,shame,0.4,False,True,Author-Relevant Ambiguous
2105,11,a student who barely scraped by after struggling academically all year,a top student who expected to pass easily,"Passing after a hard struggle reads as strong relief, while passing as an expected outcome for a strong student reads as quiet pride rather than relief.",relief,no-emotion,I felt ... when I passed my exams.,joy,relief,0.6,False,True,Author-Independent Ambiguous
287,11,a die-hard fan who waited years to see this band live,someone who tagged along with a friend without being a big fan,The same concert reads as intense joy for a devoted fan and as pleasant but unremarkable for someone who wasn't invested in the band.,joy,joy,"I felt ... the last time I was at a concert of my favourite band, watching the band walk out on stage felt magical and hearing all my favourite songs live was bliss",joy,joy,0.8,True,False,Unambiguous
289,11,a college student,a retiree,"student reading skews toward excitement, retiree reading skews toward security",joy,joy,I was gifted a large amount of money,joy,joy,1.0,True,False,Unambiguous
294,11,a first-generation graduate,a career academic,first-generation graduate's achievement reads as more momentous,pride,pride,Finding out that I passed my final masters exams with a first (distinction),joy,pride,0.6,False,False,Author-Independent Ambiguous
299,11,a person living alone,a busy parent,living alone reading emphasizes the dog as primary companionship,joy,joy,My dog runs to the car when I come home from work,joy,joy,0.8,True,False,Unambiguous
3639,11,a first-time tourist,a business traveler,"tourist reading implies excitement, business traveler implies routine",joy,joy,I went to Los Angeles,joy,joy,0.6,True,False,Author-Independent Ambiguous
3641,11,a recent graduate,a laid-off worker,"graduate reading skews toward excitement, laid-off worker skews toward relief",joy,relief,i recently got  a new job,joy,relief,0.6,False,True,Author-Relevant Ambiguous
3644,11,a teenage fan,a parent chaperone,"teen reading centers excitement, parent reading centers watching their kid",joy,joy,when I was at a Harry Styles concert,joy,joy,1.0,True,False,Unambiguous
3645,11,a first-generation student whose family sacrificed for her education,someone who applied to grad school as a backup option with little personal stake,"Getting in after real fear of failure reads as strong joy for someone whose family sacrificed for it, versus mild relief for someone who wouldn't have minded either outcome.",relief,relief,I felt ... when I found out I was accepted into graduate school because I was scared that I was not going to make it in and that I was going to have to wait another year to re-apply.,joy,relief,0.8,False,False,Author-Independent Ambiguous
3647,11,an avid hiker,a city dweller,"hiker reading is familiar enjoyment, city dweller reading is novel wonder",joy,joy,"When I was on Vacation, outside in nature exploring the mountains.",joy,joy,0.8,True,False,Unambiguous
3649,11,a beginner runner,a competitive athlete,"beginner's finish reads as a milestone, athlete's reads as routine",pride,pride,when I completed my first 10k race,joy,pride,1.0,False,False,Author-Independent Ambiguous
3651,11,an office worker,a shift worker,shift worker reading implies more physical relief than office worker,relief,relief,I finished work because I knew I could come home and put my feet up,joy,relief,0.6,False,False,Author-Independent Ambiguous
3536,11,a novice investor,a professional trader,"novice reading skews toward surprise/luck, professional reading skews toward routine",joy,joy,I bought a stock that doubled in price within days,joy,joy,0.4,True,False,Author-Independent Ambiguous
3538,11,a recent graduate,a formerly homeless person,vastly different stakes attached to housing approval,joy,relief,I got approved for my first apartment.,joy,joy,0.6,True,True,Author-Relevant Ambiguous
3542,11,someone who searched for months for this exact rare breed of kitten,a professional breeder greeting just another litter that day,"Meeting the kitten reads as intense, long-awaited joy for the searching owner, and as routine, unremarkable for the breeder for whom this happens constantly.",joy,no-emotion,"I felt ... when I met my kitten Mochi for the first time. I had contacted breeders for months looking for a British Shorthair kitten. I was invited to a breeder's home to visit a kitten, and felt immense ... when I first saw him and picked him up. This feeling was intensified due to the long wait and anticipation that led to the moment.",joy,joy,0.8,True,True,Unambiguous
3546,11,a high school senior,a transfer student,"senior reading is a first acceptance, transfer reading is a second chance",joy,joy,I was accepted to Villanova University,joy,joy,0.4,True,False,Author-Independent Ambiguous
3576,11,a young bride-to-be,a previously divorced person,prior history changes how the proposal is read,joy,joy,my fiancé proposed,joy,joy,1.0,True,False,Unambiguous
3579,11,an experienced skydiver,a first-time skydiver,experience level changes whether the jump reads as routine or momentous,joy,fear,I went skydiving.,joy,fear,0.8,False,True,Author-Relevant Ambiguous
3584,11,a hiker,a city tourist,"hiker reading is familiar enjoyment, tourist reading is novelty",joy,joy,when i was on vacation in the mountains,joy,joy,1.0,True,False,Unambiguous
3586,11,someone with a fear of heights who forced themselves to try skydiving anyway,an experienced adrenaline junkie who skydives regularly,"The jump reads as fear pushing through for someone confronting a phobia, and as pure, practiced joy for a seasoned thrill-seeker.",fear,joy,"When I skydived out of a plane in New Zealand, I felt real ... and ....",joy,fear,0.4,False,True,Author-Independent Ambiguous
3587,11,a longtime girlfriend,a previously divorced person,relationship history changes the weight of the proposal,joy,joy,my partner asked me to marry him,joy,joy,1.0,True,False,Unambiguous
3589,11,a first-time parent,a parent after infertility,infertility history intensifies the reading of a wanted birth,joy,joy,my children were born as I have always wanted children.,joy,joy,0.8,True,False,Unambiguous
3601,11,an aunt who has always dreamed of having children of her own,a teenage cousin who doesn't care much for babies but is being polite,"Holding the baby reads as deeply moving joy for someone who longs for children, and as polite indifference for a disinterested teenager.",joy,joy,I felt ... when I held my new baby cousin for the first time. He was beautiful and adorable.,joy,joy,1.0,True,False,Unambiguous
3603,11,someone from a low-income background who saved for years against the odds,someone who bought the car impulsively despite already having savings,"Buying the car after years of sacrifice reads as proud accomplishment, while an impulsive purchase by someone already comfortable reads as simple, lighter joy.",pride,pride,The day I bought my car I felt extreme ... because I had saved for so long to make the purchase. I sometimes had to restrict some spending decisions just to save up for the car. I was so ... to have finally bought a car,joy,pride,0.6,False,False,Author-Independent Ambiguous
3604,11,a first-generation graduate,a legacy student,first-generation reading makes the dad's pride more significant,pride,pride,Seeing my dad happy on my graduation day at the college,joy,pride,0.6,False,False,Author-Independent Ambiguous
3605,11,a job seeker,an employed professional,job seeker reading implies higher stakes than an already-employed professional,joy,joy,I was called to interview for a new position.,joy,joy,0.2,True,False,Author-Independent Ambiguous
3612,11,a mother,a surrogate mother,surrogate role changes the emotional stake of childbirth,joy,joy,"I gave birth each time to my 3 kids, nothing compares to that feeling.",joy,joy,0.8,True,False,Unambiguous
3615,11,a new girlfriend,a longtime partner,relationship stage changes how the romantic moment reads,joy,joy,I was on a sunset drive in South Africa on a game reserve with the man I was in love with and his family. We were listening to oldies and singing and laughing and having the most amazing time together. It was the closest I've ever felt to being in heaven,joy,joy,0.8,True,False,Unambiguous
3618,11,a recent graduate,a laid-off worker,"graduate reading skews toward excitement, laid-off worker skews toward relief",joy,relief,I got my job offer.,joy,joy,0.6,True,True,Author-Relevant Ambiguous
3620,11,a casual hobbyist,a person in debt,financial context changes how significant the winnings read,joy,relief,When I won an online competition because I won just over 3k.,joy,joy,0.8,True,True,Author-Relevant Ambiguous
4802,12,a lifelong die-hard supporter of the team,a casual viewer who watched only because friends invited them,The cup win reads as intense joy for a devoted supporter and as a pleasant but forgettable event for a casual viewer.,joy,joy,I felt ... when my football team won our cup match,joy,joy,0.8,True,False,Unambiguous
4745,12,a first-time tourist,an exchange student,"short vacation novelty vs immersive-stay adjustment changes how ""culture shock"" and ""overwhelming"" land",surprise,surprise,I visited Japan for 3 weeks. It was such an extreme culture shock and the different variety of experiences was overwhelming. My favourite time was when we went snowboarding in Hakuba. The rush was intense. Truly a great time.,joy,joy,0.8,True,False,Unambiguous
4759,12,someone who achieved a long-held personal goal despite others' doubts,someone who reached a goal but now feels in hindsight it was fairly trivial,"Achieving a doubted goal reads as pride, while achieving one that now feels minor reads as mild, low-stakes relief.",no-emotion,no-emotion,I felt so much ... when I achieved my goals bothering me,joy,relief,0.8,False,False,Author-Independent Ambiguous
4763,12,someone who adopted a rescue cat after losing their previous pet,someone who got a cat spontaneously without much forethought,"Getting the cat reads as meaningful joy tied to loss and renewal for one persona, and as a pleasant but unremarkable event for the other.",joy,joy,I felt ... when I got my cat.,joy,joy,1.0,True,False,Unambiguous
4768,12,someone in a new relationship hearing 'I love you' for the first time,someone in a long relationship where it was already assumed and expected,"Hearing 'I love you' as a first-time milestone reads as strong joy, while hearing it as an already-expected fact reads as unremarkable.",joy,no-emotion,I felt ... when I went for a meal with my boyfriend and he told me he loved me and it made me very ...,joy,joy,1.0,True,True,Unambiguous
4773,12,a young bride-to-be,an older bride-to-be,first marriage vs later-life proposal changes the weight of the milestone,joy,joy,When my long term boyfriend purposed!,joy,joy,1.0,True,False,Unambiguous
4778,12,a mother,a father,"""awake for"" the c-section means something very different for each",relief,joy,my daughter was born via c section which I was thankfully awake for,joy,relief,0.6,False,True,Author-Relevant Ambiguous
4780,12,someone escaping a chaotic living situation into stability with their partner,someone anxious about losing independence by moving in together,"Moving in reads as relief and joy at finally gaining stability, versus apprehensive fear at losing autonomy.",relief,fear,"I felt ... when my partner and I moved in with each other. I feel ... on a daily basis, often because of interactions with my partner. I felt so ... that I was creating a life with someone I love so much, and someone who will always be there to support me.",joy,joy,0.6,True,True,Author-Independent Ambiguous
4868,12,a casual gamer,a competitive gamer,beating hard mode reads as light fun vs a hard-won achievement,pride,pride,when I beat a video game on hard,joy,pride,0.6,False,False,Author-Independent Ambiguous
4874,12,someone in a long-distance relationship reunited after months apart,someone who sees their girlfriend every day as a matter of routine,"Seeing her reads as intense joy after a long-distance separation, and as an unremarkable daily occurrence otherwise.",joy,no-emotion,I felt ... because I was able to see my girlfriend.,joy,joy,1.0,True,True,Unambiguous
4842,12,"someone escaping a cramped, unsafe old apartment",someone casually apartment-hunting with no real urgency to move,"Touring the better apartment reads as relief at escaping a bad situation, versus mild, low-stakes joy for someone who wasn't desperate to move.",relief,no-emotion,I felt ... whe  I toured my new apartment because it was much better than my current one.,joy,joy,0.6,True,True,Author-Independent Ambiguous
4804,12,a parent,a grandparent,everyday parental pride vs a rarer grandparent visit changes the emotional weight,joy,joy,I watched my daughter swim,joy,pride,0.6,False,False,Author-Independent Ambiguous
4814,12,someone who needed the extra cash to cover bills,someone who just wanted to clear clutter and didn't care about the money,"Selling the bike reads as financial relief for someone who needed the money, and as light, incidental joy for someone who just wanted less clutter.",joy,joy,I sold a bicycle that has been sitting around for years. I was very ... that I was able to earn some money and get rid of something I didn't need.,joy,joy,0.6,True,False,Author-Relevant Ambiguous
4817,12,a father,a grandparent,direct parental pride vs extended-family pride shifts the tone,pride,pride,my son has finally committed to joining a baseball team. He is 10 years old and enjoys playing ball.,joy,pride,0.8,False,False,Author-Independent Ambiguous
4821,12,someone who has struggled with poverty themselves and empathizes deeply,someone who did it mainly to feel good about themselves and post about it,"Helping the homeless person reads as heartfelt joy from genuine empathy, versus self-congratulatory pride from someone doing it for image.",joy,joy,I felt ... when i helped a homeless last month,joy,pride,0.6,False,False,Author-Independent Ambiguous
51178,12,a recent graduate,a career changer,first job out of school vs a hard-won late career shift changes the stakes,relief,relief,I was offered my dream job because i had studied for 2 years and had lots of stress and set backs,joy,pride,0.4,False,False,Author-Independent Ambiguous
51184,12,a first-time father,an experienced father,novelty of a first birth vs familiarity with later ones changes intensity,joy,joy,My wife gave birth to a bouncing baby boy,joy,joy,0.8,True,False,Unambiguous
51185,12,a top student,a struggling student,expected success vs an unexpected turnaround changes how big the grade feels,pride,pride,i recieved the top grade in my class on a calculus test in my last year of high school,joy,pride,0.8,False,False,Author-Independent Ambiguous
51092,12,a teenager,an older adult,"a typical rite of passage vs a delayed, harder-won achievement",pride,pride,i passed my driving test,joy,pride,0.4,False,False,Author-Independent Ambiguous
51096,12,a shy person who overcame serious stage fright to perform,an experienced performer used to singing in front of large crowds,"Performing for 1000 people reads as proud triumph over fear for someone shy, and as familiar enjoyment for an experienced performer.",joy,joy,I felt ... when I sung a song with my band in front of a school audience of roughly 1000 people. It was extremely enjoyable and felt very liberating and the experience was overall a major mood booster and had me feeling on top of the world and very ....,joy,pride,0.6,False,False,Author-Independent Ambiguous
51111,12,a first-time gardener,an experienced farmer,novelty of a first harvest vs routine yield changes the joy's size,pride,pride,I picked my first home grown tomatoes,joy,pride,0.8,False,False,Author-Independent Ambiguous
51131,12,a recent graduate,an immigrant worker,moving abroad as adventure vs moving abroad out of necessity,joy,joy,"Moved to Germany after I finished college, it was a great time for me",joy,joy,1.0,True,False,Unambiguous
51136,12,a first-time father,a first-time mother,different physical and emotional vantage on the same birth,joy,joy,my first child was born,joy,joy,1.0,True,False,Unambiguous
51139,12,a frequent traveler,a family caretaker,indulging a personal habit vs finally fulfilling others' wish changes the motive,joy,joy,after several holidays myself to New York I finally got to take my sister and niece who had wanted to go for many years.,joy,joy,0.6,True,False,Author-Independent Ambiguous
51145,12,a parent who has watched these two children fight constantly and finally reconcile,"a parent glancing at them briefly during a hectic, ordinary morning","Seeing them hold hands reads as joyful relief after ongoing conflict, versus an unremarkable detail noticed in passing.",joy,no-emotion,I felt ... when I saw my two children this morning holding hands,joy,joy,0.6,True,True,Author-Independent Ambiguous
51153,12,a bride who overcame years of doubt about ever finding the right partner,a groom who feels pressured into marriage by family expectations,"The wedding day reads as long-awaited joy for someone who doubted this day would come, and as anxious obligation for someone who feels pressured into it.",joy,fear,i felt ... on my wedding day,joy,joy,0.6,True,True,Author-Independent Ambiguous
51176,12,a grandmother,a young adult,"a nostalgic, distant retelling vs a recently recalled memory changes the tone",joy,surprise,"ever i remember this episode, though too insignificant for others but somehow has stuck in my memory as the first solid short clip etched in brain. I may not have been more than two and half years' old.I was just standing thinking of stepping out of house to have a glimpse of the outside world when my mother asked me what I was thinking of doing. Before I replied, I saw a biscuit behind me on a stool. I picked and ate. I was about to leave then I saw another biscuit. She was so quick that I could not catch her even after fifth biscuit. I never bothered and kept on picking it up and putting in my mouth. On asking who was placing them there, she laughed and indicated towards a crow sitting on wall! .......... and I naively accepted the explanation.",joy,pride,0.2,False,True,Author-Relevant Ambiguous
51268,12,a teenager,a working adult,"""worked hard to afford"" means very different effort for each",pride,pride,I bought my own horse with my own money I had worked hard to afford,joy,pride,1.0,False,False,Author-Independent Ambiguous
51275,12,a recovering patient,an elderly person,"temporary illness recovery vs age-related decline changes what ""when I was healthy"" implies",joy,sadness,When I was healthy and could truly participate in fall activities.,joy,sadness,0.8,False,True,Author-Relevant Ambiguous
51276,12,a student who studied conscientiously but still felt nervous going in,a student who had been anxious for weeks about failing,"passing brings relief either way, though the anxious student's relief runs deeper given weeks of dread",relief,relief,I found out I had passed my exams,joy,joy,0.4,True,False,Author-Independent Ambiguous
51278,12,someone who waited two years after their childhood dog died to be ready,someone who adopted impulsively after seeing a cute photo online,"Adopting Cali reads as bittersweet relief tied to earlier grief for the person who waited, and as straightforward joy for the impulsive adopter.",joy,joy,"I felt ... when I adopted my dog, Cali. I waited two years after my childhood dog died to get her and it felt so nice to have a puppy to come home to every day again.",joy,joy,0.8,True,False,Unambiguous
51281,12,someone in a new relationship still savoring small shared moments,someone in a long relationship for whom this is unremarkable background routine,"Listening to music together reads as joy in a new relationship, and as an unremarkable daily habit in a long-established one.",no-emotion,no-emotion,I felt ... when I was listening to music with my girlfriend this morning.,joy,joy,0.8,True,False,Unambiguous
51285,12,a newly engaged person,a reunited partner,"a new commitment vs a restored relationship changes what ""together forever"" means",joy,joy,I found out that we really are going to be together forever.,joy,joy,0.6,True,False,Author-Independent Ambiguous
51287,12,a casual gym-goer,a competitive athlete,a personal fitness milestone vs a professional benchmark changes the stakes,pride,pride,I was able to do a one arm push up after 6 weeks of training to be able to do it.,joy,pride,0.6,False,False,Author-Independent Ambiguous
51289,12,a girlfriend,a long-distance girlfriend,a routine reunion vs a rare one after distance,joy,relief,i seen my boyfriend after busy week,joy,joy,0.6,True,True,Author-Relevant Ambiguous
51292,12,a fitness enthusiast,a recovering patient,a voluntary goal vs a health-driven change reads very differently,pride,pride,When I lost weight,joy,pride,1.0,False,False,Author-Independent Ambiguous
51294,12,a young parent,a grandparent,differs in how rare and effortful the relaxed downtime with kids feels,joy,joy,my husband and I were lying in bed together looking at memes while on holiday while the kids amused themselves elsewhere.  Hardest I've laughed in a long time.,joy,joy,1.0,True,False,Unambiguous
51300,12,a certified diver,a first-time tourist,a routine hobby dive vs a novel adventure changes the intensity,joy,joy,I was scuba diving,joy,joy,0.8,True,False,Unambiguous
51302,12,a young couple,a family with kids,differs in household context and stakes of adding a puppy,joy,joy,we picked up a puppy.,joy,joy,1.0,True,False,Unambiguous
51324,12,a thrill seeker,a first-time skydiver,a routine hobby jump vs a singular novel event changes the intensity,joy,joy,I went skydiving,joy,fear,0.8,False,False,Author-Independent Ambiguous
51328,13,a defendant,a lawyer,"defendant reads it as personal relief from guilt, lawyer as professional vindication for a client",relief,relief,"i won a court case and was vindicated, relieved to free",joy,relief,0.6,False,False,Author-Independent Ambiguous
51329,13,a college student,a retiree,"escape and not-being-alone reads as stress relief for one, loneliness relief for the other",relief,trust,"watching my favourite show and seeing the characters I find comfort in, because it gave me a chance to escape from reality and also a sense of not being alone",joy,joy,0.6,True,True,Author-Relevant Ambiguous
51240,13,a married woman,a teenager,"pregnancy news lands as celebratory for one, fraught for the other",joy,fear,I found out I was pregnant.,joy,joy,0.4,True,True,Author-Relevant Ambiguous
51241,13,a parent,a foster parent,routine homecoming vs a homecoming carrying more uncertainty about permanence,joy,joy,when my son came home from schoool,joy,no-emotion,0.4,False,False,Author-Independent Ambiguous
51249,13,two romantic partners who formalized their relationship after years together,two co-founders who formalized a business partnership,"Becoming partners reads as personal joy in a romantic context, and as professional pride in a business context.",joy,pride,I felt ... when I became partners with my partner,joy,joy,1.0,True,True,Unambiguous
51258,13,someone unable to have children who treats pets as substitute family,someone who already has a full house of pets and this is just one more,"Adopting Sandy reads as deep, emotionally loaded joy for someone who treats her as a child substitute, and as unremarkable for someone already surrounded by pets.",joy,no-emotion,I adopted my cat Sandy because she is like my child and she brings me a ton of ....,joy,joy,1.0,True,True,Unambiguous
51259,13,a busy professional,a person living alone,a nice meal reads as a break from work vs a break from isolation,joy,joy,i went for a nice meal with friends,joy,joy,1.0,True,False,Unambiguous
51263,13,someone who had been quietly attracted to this coworker for a long time,someone who asked on a casual whim without much invested emotionally,"Asking her out and getting a yes reads as strong relief and joy for someone who'd long been attracted, and as mild, low-stakes relief for someone who asked casually.",relief,relief,"I felt ... when I asked someone I used to work with for a date. We always got on at work and when I left I was nervous about asking her to go on a date, but when I did I felt instant ... just from the relief of worrying about it and her saying yes.",joy,joy,0.6,True,False,Author-Independent Ambiguous
51208,13,an amateur player,a professional player,winning is a personal hobby win vs a career-defining win,joy,pride,I won a football match,joy,pride,0.6,False,True,Author-Relevant Ambiguous
51227,13,an amateur actor,a professional actor,a first break vs another job changes the weight of the news,joy,pride,I got a part in a tv show,joy,joy,0.6,True,True,Author-Relevant Ambiguous
51231,13,a beginner guitarist,a music teacher,mastering a song is a personal triumph vs a routine demonstration,pride,pride,finally mastered a song i was practising on guitar,joy,pride,1.0,False,False,Author-Independent Ambiguous
51236,13,a parent,a grandparent,watching presents opened reads as immediate parental joy vs generational reflection,joy,joy,"When it was Christmas, watching my daughter opening her presents and being with my wonderful family.",joy,joy,1.0,True,False,Unambiguous
6436,13,a student,a recovering patient,the challenge reads as academic achievement vs a health milestone,pride,pride,I was able to complete a challenge that I didn't think I would do,joy,pride,1.0,False,False,Author-Independent Ambiguous
6440,13,a teenager,a parent of young kids,a night out dancing reads as routine fun vs a rare break,joy,joy,I was dancing with my friends at a gig,joy,joy,1.0,True,False,Unambiguous
6443,13,a student,a small business owner,the refund reads as a windfall vs relief on cash flow,joy,joy,I received a large sum of money from a tax refund.,joy,surprise,0.6,False,False,Author-Independent Ambiguous
6450,13,a close friend,a distant relative,matches the given example: closeness changes how the invite lands,joy,joy,When I received a invite to a wedding,joy,surprise,0.6,False,False,Author-Independent Ambiguous
6468,13,a first-time bride,a widow remarrying,a wedding reads as a fresh beginning vs a bittersweet second chance,joy,joy,I got married in the summer,joy,joy,1.0,True,False,Unambiguous
6472,13,a patient,a medical student,the diagnosis reads as personal closure vs academic interest,relief,relief,I was diagnosed with PMDD because it meant I had answers,joy,relief,1.0,False,False,Author-Independent Ambiguous
6492,13,someone who had dreamed of visiting Iceland since childhood,"a travel blogger visiting for work content, one stop among many","The Iceland landscapes read as awe-filled joy for a lifelong dreamer, and as routine professional material for a blogger who visits many places for work.",joy,joy,"I felt ... when going to Iceland, renting a car and seeing the wide variety of landscape. I felt like I was living in a dream. The mountains are high and feels as if they are protecting you.",joy,joy,1.0,True,False,Unambiguous
6499,13,a hobby gardener,a farmer,the harvest reads as a personal pastime win vs a livelihood outcome,pride,pride,the seeds that I had sowed grew to became vegetables that I could eat and share with others,joy,pride,1.0,False,False,Author-Independent Ambiguous
6502,13,a university student,a deployed soldier,seeing the dog reads as a small comfort vs a long-awaited reunion,joy,joy,I saw my dog after I got back from University for my half term break.,joy,joy,1.0,True,False,Unambiguous
6508,13,someone who saved for years to finally afford this trip,someone from a wealthy family that travels internationally as a matter of course,"Traveling to Europe reads as hard-won pride for someone who saved for years, and as pleasant but ordinary joy for someone used to international travel.",pride,pride,I felt ... when I traveled to Europe because I got to fulfill a dream.,joy,joy,1.0,True,False,Unambiguous
6519,13,a college student,a military spouse,meeting in person reads as a new relationship step vs an anticipated reunion,joy,joy,I first met my boyfriend in person after talking long distance.,joy,joy,0.8,True,False,Unambiguous
6524,13,a teenager,an adult fan,seeing BTS live reads as a formative experience vs an indulgent treat,joy,joy,Got to see a BTS perform live at Wembley stadium with friends I was close with at the time.,joy,joy,0.8,True,False,Unambiguous
781,13,someone recently through a breakup and craving validation,"someone confident and used to getting attention, largely unbothered either way","Getting attention on a night out reads as meaningful joy and validation after a breakup, and as pleasant but unremarkable for someone already confident.",joy,joy,I felt ... when a person on a night out gave me a lot of attention. It made me feel good.,joy,pride,0.4,False,False,Author-Independent Ambiguous
783,13,a teenager,an adult in a new relationship,"hearing ""I love you"" first time lands differently by life stage",joy,joy,my boyfriend told me he loved me for the first time.,joy,joy,0.8,True,False,Unambiguous
784,13,a first-time pet owner,someone who recently lost a pet,the kitten reads as pure novelty vs bittersweet replacement,joy,joy,"I got my most recent pet, a kitten. A wonderful little orange fur ball that I named Fergus.",joy,joy,1.0,True,False,Unambiguous
786,13,a mother,a grandmother,watching the child perform reads as everyday parenting vs treasured occasional time,joy,joy,"I was tidying the kitchen and heard my nearly 3 year old singing in the living room. I went in to find her in her Anna dress (a character from frozen) dancing around the living room and singing along to one of Anna’s songs in the soundtrack that her dad had put on the sonos for her. She wasn’t aware that either of us was watching, she was just so happy to be playing her character and living in her moment",joy,joy,1.0,True,False,Unambiguous
787,13,a college student,a retiree,dancing before the pandemic reads as ordinary fun vs a now-poignant memory,joy,joy,I was dancing with my partner and closest friends right before the pandemic,joy,joy,0.8,True,False,Unambiguous
797,13,a casual gamer,a competitive esports player,a good headshot reads as casual fun vs validated skill,joy,pride,I play valorant and land really good headshots,joy,pride,1.0,False,True,Author-Relevant Ambiguous
2120,13,a student who had failed this test multiple times before,a student who takes and passes tests routinely without much concern,"Passing reads as strong relief for someone who had failed repeatedly, and as an unremarkable, expected outcome for a consistently strong student.",relief,no-emotion,I felt ... when I passed a recent test.,no-emotion,relief,0.6,False,True,Author-Independent Ambiguous
2109,13,a close sibling,an estranged sibling,"three years on, grief reads as ongoing closeness vs complicated distance",sadness,sadness,3 years after my sister passed away,no-emotion,sadness,0.8,False,False,Author-Independent Ambiguous
2115,13,a dog owner,a professional dog walker,the walk reads as personal bonding time vs a paid routine task,joy,trust,I walked my dog this morning,no-emotion,joy,0.4,False,True,Author-Relevant Ambiguous
2117,13,a retail worker,a business owner,dealing with customers reads as a job task vs a stake in outcomes,anger,trust,When I’m dealing with customers at work,no-emotion,boredom,0.4,False,True,Author-Relevant Ambiguous
2118,13,a restaurant server,a home cook,dropping food reads as a public professional mishap vs a private minor one,shame,disgust,Dropping Food,no-emotion,anger,0.6,False,True,Author-Relevant Ambiguous
3748,13,someone who just got their driver's license back after a suspension,a daily commuter for whom driving to work is pure routine,"Driving to work reads as relief at regained freedom for someone recently off suspension, and as unremarkable for an everyday commuter.",relief,no-emotion,I felt ... when I drove to work this morning.,no-emotion,sadness,0.2,False,True,Author-Relevant Ambiguous
3773,13,a teenager,a professional streamer,playing games reads as leisure vs work,joy,joy,playing video games,no-emotion,joy,0.6,False,False,Author-Independent Ambiguous
3662,13,an adopted child,an estranged daughter,mom reaching out reads as a first contact vs a reopened rift,surprise,surprise,My biological mom got in touch,no-emotion,joy,0.4,False,False,Author-Independent Ambiguous
3672,13,a dog owner,a professional dog walker,the walk reads as personal bonding vs a paid routine task,joy,trust,when taking the dog for a walk,no-emotion,boredom,0.4,False,True,Author-Relevant Ambiguous
3676,13,someone meticulous about car care who enjoys the ritual of a wash,someone running the errand purely because it's tedious and needs doing,"The car wash reads as an unremarkable but mildly satisfying ritual for someone who enjoys it, and as dull tedium for someone who just wants it over with.",no-emotion,no-emotion,"I felt ... when I went to the car wash, because it was a normal activity. I have done this activity many times, I know what I am doing and it was quick. it was just a job that I needed to get done, which I did.",no-emotion,no-emotion,0.6,True,False,Author-Relevant Ambiguous
3686,14,a recent convert to a plant-based diet still excited about trying new products,someone who eats the exact same meal every single day out of habit,"Taking out the beyond burgers reads as mild anticipation and joy for someone newly excited about plant-based eating, and as flat routine for someone on autopilot.",no-emotion,no-emotion,I took the beyond burgers out of the freezer this morning. This held ... for me ....,no-emotion,disgust,0.4,False,False,Author-Independent Ambiguous
3687,14,someone who ran into an old friend unexpectedly on the street,someone who noticed a group of unfamiliar strangers pass by,"Seeing 'them' reads as a pleasant surprise if they're a long-lost friend, and as a completely unremarkable sighting if they're strangers.",no-emotion,no-emotion,i  felt ... when i saw them,no-emotion,anger,0.4,False,False,Author-Independent Ambiguous
3697,14,someone eating alone while scrolling social media out of habit,someone eating quickly while distracted by upsetting news on their phone,"Not paying attention to the pizza reads as ordinary distraction and boredom in one framing, and as being weighed down by upsetting news in the other.",boredom,sadness,I felt ... when I was eating pizza because I was on my phone and not paying attention to what I was eating,no-emotion,shame,0.4,False,True,Author-Independent Ambiguous
3701,14,someone who let a friendship quietly fade while consumed by other life changes,someone who was deliberately cut off by a friend after a falling out,"Growing distant from a friend reads as an unremarkable drift for someone busy with other things, and as a real loss to grieve for someone who was actively cut off.",no-emotion,sadness,I felt ... when my friend and I became distant,no-emotion,sadness,1.0,False,True,Author-Independent Ambiguous
3704,14,someone experiencing emotional burnout that is dulling their feelings generally,"someone who has simply reached a healthy, calm sense of maturity","Feeling fewer things at 25 reads as a worrying symptom of burnout in one framing, and as contented equanimity in the other.",sadness,no-emotion,I felt ... when I turned 25 because as time goes on fewer and fewer things make me feel ....,no-emotion,sadness,0.4,False,True,Author-Independent Ambiguous
3706,14,someone who was very close to their uncle and misses him beneath a stoic exterior,someone with a spiritual outlook who has made genuine peace with mortality,"Seeing him in the casket reads as suppressed grief for someone who was close to him, and as calm acceptance for someone at peace with death.",no-emotion,no-emotion,When I saw my uncle dead in the casket it brought me .... To me death is a part of life and I think about it differently.,no-emotion,no-emotion,0.4,True,False,Author-Independent Ambiguous
3708,14,a home cook,a busy parent,a routine breakfast task reads differently by caregiving context,trust,trust,when I made myself french toast for breakfast this morning,no-emotion,pride,0.6,False,False,Author-Independent Ambiguous
3709,14,someone journaling mindfully to notice mundane details of daily life,someone with social anxiety narrating a stressful checkout interaction,"The mundane lunch-paying details read as neutral mindfulness practice in one framing, and as an anxious blow-by-blow of a dreaded social interaction in the other.",no-emotion,fear,"I felt ... when I paid for my lunch a week ago. I was at a food court, actively waiting in line,  until it was my turn to pay. The lady at the register had grey hair and my guess was that she was in her 50s. My plate consisted of a cheese burger, french fries and green beans.",no-emotion,no-emotion,0.6,True,True,Author-Independent Ambiguous
3710,14,a bystander,a coworker,distance from the event versus a workplace stake changes the reading,trust,trust,I was not involved in the situation,no-emotion,no-emotion,0.6,True,False,Author-Independent Ambiguous
3712,14,a neutral passerby who noticed nothing unusual,someone raised in a conservative environment uncomfortable seeing a same-sex couple,"Seeing two women walking together reads as a completely unremarkable observation for a neutral passerby, and as discomfort for someone with conservative discomfort around same-sex couples.",no-emotion,joy,I felt ... when I saw two women walking down the street together,no-emotion,no-emotion,0.6,True,True,Author-Relevant Ambiguous
3725,14,a devoted child who visits and helps their parents regularly without a second thought,a child estranged from their parents doing this begrudgingly during a rare visit,"Helping carry groceries reads as an unremarkable routine act of care for a devoted child, and as begrudging obligation tinged with resentment for an estranged one.",no-emotion,no-emotion,I helped my parents into the house from the car with their shopping because it had ... impact on me for any length of time.,no-emotion,no-emotion,0.6,True,False,Author-Independent Ambiguous
3726,14,a longtime coworker,a new employee,tenure with the departing person shapes how routine it feels,trust,trust,"when someone left the job I was working in, who was working with me on shift Because It has happened before and I had grown accustom to it.",no-emotion,no-emotion,0.8,True,False,Unambiguous
3733,14,a high school student,a graduate student,the stakes of homework differ by academic stage,trust,trust,"I was doing homework at my desk today, because I was focusing on my work",no-emotion,pride,0.6,False,False,Author-Independent Ambiguous
3734,14,a niece close to her,a distant relative,closeness to the aunt shapes the expected grief reading,sadness,sadness,When I found out my aunt died,no-emotion,sadness,0.8,False,False,Author-Independent Ambiguous
3737,14,someone in a high-pressure job who has normalized chronic stress,someone recently diagnosed with a stress-related illness and scared for their health,"The same work stress reads as numb normalcy for someone used to grinding through it, and as real fear for someone newly diagnosed and worried about their health.",no-emotion,fear,I felt ... when I had some health issues due to the stress at work,no-emotion,fear,0.4,False,True,Author-Independent Ambiguous
4904,14,a teenager whose emotional numbness was a trauma response masking deep terror underneath,a teenager who was genuinely unaffected and preoccupied with unrelated teenage concerns,"The same days-long numbness reads as suppressed fear when framed as a trauma response, and as genuine indifference when framed as self-absorption.",no-emotion,no-emotion,"my mom was rushed to hospital because of a serious medical event when i was a teenager, and i felt ... to the entire process for several days because of my inability to process what was happening.",no-emotion,fear,0.6,False,False,Author-Independent Ambiguous
4925,14,a therapy client,a scolded employee,clinical versus workplace context changes the weight of the remark,shame,shame,I was told that I needed to stop being so prone to suffering,no-emotion,shame,0.4,False,False,Author-Independent Ambiguous
4928,14,a disengaged student,a struggling student,apathy versus difficulty changes the reading of a low grade,shame,guilt,"I received a low mark on my assignment, because I realised I didn't really care about the subject.",no-emotion,guilt,0.4,False,True,Author-Relevant Ambiguous
4929,14,a tourist,a local resident,novelty of the destination differs for a visitor versus a resident,joy,joy,travelling to Cooktown Queensland,no-emotion,joy,0.6,False,False,Author-Independent Ambiguous
4930,14,someone struggling silently with infertility who suppresses grief in public,someone genuinely happy for the coworker but just not an outwardly expressive person,"Reacting flatly to a pregnancy announcement reads as masked grief for someone facing infertility, and as simple undemonstrativeness for someone who's just reserved.",sadness,sadness,"i felt ... when someone i worked with anncounced they where expecting. i have fertility issues so i have trained my self to block emotions of these types of announcements out, i did congratulate her but with ... ... etc. i did when home and by my self break down",no-emotion,sadness,1.0,False,False,Author-Independent Ambiguous
4940,14,a recent graduate,a returning adult student,starting college carries different significance by life stage,joy,pride,I started attending college.,no-emotion,pride,0.6,False,True,Author-Relevant Ambiguous
4943,14,a newlywed,a longtime spouse,marriage length shapes how expected or shocking the request is,sadness,sadness,my husband asked for a divorce,no-emotion,sadness,0.4,False,False,Author-Independent Ambiguous
41013,14,a TV viewer,a medical professional,layperson curiosity versus clinical assessment of the facial paralysis,surprise,surprise,Vanessa Feltz was screaming get your vaccine on morning television and half of her face wasn't moving yet the other half was incredibly animated.,no-emotion,fear,0.2,False,False,Author-Independent Ambiguous
41017,14,a commuter,a new driver,a routine commute versus a still-learning driver changes the stakes,trust,fear,I was driving to work,no-emotion,no-emotion,0.4,True,True,Author-Relevant Ambiguous
41018,14,a retiring employee,a fired employee,voluntary versus involuntary ending changes the emotional stakes,relief,relief,The last time I had to work,no-emotion,relief,0.4,False,False,Author-Independent Ambiguous
41020,14,someone doing their very first solo grocery run after moving out on their own,someone doing the same weekly grocery run they've done for twenty years,"Grocery shopping reads as a small marker of pride and independence for a first-timer, and as unremarkable routine for someone who's done it for decades.",no-emotion,no-emotion,i felt ... when I was grocery shopping,no-emotion,boredom,0.6,False,False,Author-Independent Ambiguous
41023,14,a chronic patient,a healthy checkup patient,ongoing condition versus routine checkup changes stakes of stable results,relief,trust,I looked at my monthly blood test results as it's been stable for a long time and doesn't need a happy or sad response to it. It just is.,no-emotion,no-emotion,0.8,True,True,Author-Relevant Ambiguous
41045,14,someone whose mind was on a parent who was seriously ill in the hospital,someone who already knew the raise decision in advance so it wasn't news,"Being distracted during the raise conversation reads as bleeding sadness from a family crisis in one framing, and as flat indifference to already-known news in the other.",sadness,no-emotion,I felt ... when my boss was giving me the outcome on my pay raise because my attention and energy was directed towards other personal problems in my life at the time.,no-emotion,no-emotion,0.4,True,True,Author-Relevant Ambiguous
41049,14,an adult child,a distant relative,closeness to the mother shapes the weight of a small gift,joy,trust,my mother gave me a couple candles she bought for me.,no-emotion,surprise,0.4,False,True,Author-Relevant Ambiguous
41051,14,an art novice,an art critic,expertise level shapes expected engagement with the museum art,disgust,disgust,I went to the art museum with my family and there was no art compelling enough for me to care very much.,no-emotion,boredom,0.6,False,False,Author-Independent Ambiguous
41006,14,someone recovering from a long illness doing a simple routine task again for the first time,someone doing this exact routine every morning without a second thought,"Brushing teeth reads as a small, relieving victory for someone regaining normalcy after illness, and as completely unremarkable for someone on autopilot.",no-emotion,no-emotion,I felt ... when i was brushing my teeth this morning.,no-emotion,no-emotion,0.6,True,False,Author-Independent Ambiguous
41007,14,a live-in partner,a new cook,relationship routine versus skill-building task changes the reading,trust,trust,when I was cooking my dinner for myself and my boyfriend because it is something I do everyday. I am used to doing this task frequently so it's almost sometimes robot like.,no-emotion,boredom,0.8,False,False,Author-Independent Ambiguous
4976,14,someone worried they are emotionally cold or broken for not grieving,someone who has made peace with mortality after losing many relatives already,"Not feeling sad at the aunt's death reads as self-directed guilt for someone who fears something is wrong with them, and as calm acceptance for someone at peace with loss.",guilt,guilt,"My aunt died.  I wasn't super close with her, but outside of immediate family, she was someone that I saw fairly regularly for a large portion of my childhood.  Fairly regularly meaning basically on holidays every year.  She was a great person and I never had anything bad to say about her.  I've had other relatives pass away besides her where I didn't feel ..., but I think she was the first.  It was kind of sudden.  She got cancer and was gone within a couple months or so.  Since it was the first time I had lost anyone remotely close to me, I remember it well specifically because I didn't feel any sadness or ....  It was kind of like ""well, that sucks I guess.""  I wasn't (and still aren't) sure if something was/is wrong with me for not feeling ....",no-emotion,guilt,0.4,False,False,Author-Independent Ambiguous
4981,14,someone counting every dollar because money is extremely tight that month,someone financially comfortable running a routine errand,"Checking out groceries reads as quiet anxiety over the total for someone financially strained, and as unremarkable for someone comfortable.",no-emotion,no-emotion,I felt ... when I was checking out my groceries at the super market.,no-emotion,no-emotion,0.4,True,False,Author-Independent Ambiguous
4987,14,a first-generation graduate,a returning adult student,family significance of the achievement differs by background,pride,pride,When I graduated from college,no-emotion,pride,0.8,False,False,Author-Independent Ambiguous
51435,14,a bystander trained as a first responder who stayed calm to help,a bystander with a fear of blood and injury who froze up at the sight,"The classmate's fall reads as an unremarkable, competently handled event for a trained first responder, and as frightening for someone with a fear of injury.",no-emotion,fear,I felt ... in the situation where someone in my collage class fell down the stairs,no-emotion,fear,0.6,False,True,Author-Independent Ambiguous
51436,14,a grandchild who wasn't especially close to their nan and attended out of obligation,a grandchild who was very close to nan but habitually suppresses grief in public,"Staying unaffected at the funeral reads as genuine detachment for someone who wasn't close to her, and as suppressed grief for someone who was close but doesn't show it publicly.",no-emotion,no-emotion,"I attended my nan's funeral. Was not affected by everyone else being sad and crying, I felt ...",no-emotion,shame,0.4,False,False,Author-Independent Ambiguous
51441,14,a casual viewer,a devoted fan,investment in the show shapes expected engagement on rewatch,trust,trust,I was rewatching a tv show i had seen before,no-emotion,boredom,1.0,False,False,Author-Independent Ambiguous
51442,14,a commuter student who dreads the long drive to campus every day,a student who enjoys the quiet drive as personal reflection time,"The daily drive reads as tedious dread for someone who hates the commute, and as an unremarkable or mildly pleasant routine for someone who enjoys the quiet time.",no-emotion,no-emotion,I felt ... when I drove to college campus in the morning because it is a daily tradition.,no-emotion,boredom,0.6,False,False,Author-Independent Ambiguous
51445,14,a coffee enthusiast who treats the morning ritual as a small daily pleasure,someone running on autopilot half-asleep before work,"Making coffee reads as a small daily joy for an enthusiast, and as completely unremarkable for someone barely awake.",no-emotion,no-emotion,I felt ... when I made coffee this morning because it is part of my daily routine.,no-emotion,no-emotion,0.8,True,False,Unambiguous
51346,15,a rival coworker,a close friend,a colleague's promotion reads as threatening to a rival but genuinely happy news to a close friend,anger,joy,A colleague in another team got a promotion,no-emotion,pride,0.2,False,True,Author-Relevant Ambiguous
51353,15,a long-term girlfriend,a casual partner,cheating carries more weight for someone in a committed relationship than a casual one,sadness,sadness,"When I found out my boyfriend has cheated on me, because I think I knew it was already happening, therefore I didn’t have any reaction to it",no-emotion,sadness,0.6,False,False,Author-Independent Ambiguous
51355,15,a parent relieved that an aggressive dog that endangered their children is gone,a parent who loved the dog despite its behavioral issues and grieves the loss,"Losing the dog reads as relief for a parent focused on their children's safety, and as grief for a parent who loved the dog despite its flaws.",relief,sadness,Felt ... when I loss my dog because she always disturbed and harm my kids,no-emotion,relief,0.8,False,True,Author-Independent Ambiguous
51390,15,a local resident,a first-time tourist,a walk to the village is mundane for a local but novel for a tourist,trust,trust,I walked to the village near my home,no-emotion,no-emotion,0.8,True,False,Unambiguous
51394,15,a medical patient,an exam student,waiting for results is high-stakes for a medical patient but routine for a student awaiting grades,fear,fear,I was waiting for test results and I always try to be unemotional till I find out the ends result,no-emotion,fear,0.8,False,False,Author-Independent Ambiguous
51395,15,a best friend privately struggling with infertility or pregnancy loss,a best friend who is simply emotionally detached in friendships generally,"Feeling nothing at the pregnancy news reads as masked grief for someone facing their own fertility struggles, and as plain detachment for someone who's undemonstrative by nature.",no-emotion,no-emotion,"I felt ... when my best friend told me she was pregnant. It did not surprise me, phase me or excite me. It just felt like a message being delivered",no-emotion,no-emotion,0.8,True,False,Author-Relevant Ambiguous
51414,15,someone who had been eagerly anticipating this specific show for months,someone who bought the tickets on a whim and wasn't that invested,"A third cancellation reads as real frustration for someone who'd been looking forward to it, and as an unremarkable inconvenience for someone who wasn't that invested.",anger,no-emotion,I felt ... when tickets for a show I wanted to see were cancelled for the 3rd time becasue of Covid 19.,no-emotion,sadness,0.6,False,True,Author-Independent Ambiguous
51415,15,a bride to be,a longtime girlfriend,getting engaged reads as a milestone for an eager bride vs unremarkable for an already-settled couple,joy,joy,When I got engaged,no-emotion,joy,0.8,False,False,Author-Independent Ambiguous
51416,15,a recent ex-girlfriend,a long-ago ex-girlfriend,a plea to reconcile lands differently depending on how recently the relationship ended,pride,pride,When an ex boyfriend pleaded for me to take him back,no-emotion,guilt,0.4,False,False,Author-Independent Ambiguous
51515,15,a homeowner,a landlord,a valuation feels personal for someone's own home but purely transactional for a landlord,trust,trust,My house was valued to sell by my bank,no-emotion,fear,0.4,False,False,Author-Independent Ambiguous
51524,15,"someone who had an ongoing feud with a noisy, difficult neighbour",someone who had become close friends with that neighbour over the years,"The neighbour moving away reads as relief for someone who had been feuding with them, and as a loss to grieve for someone who valued their friendship.",relief,sadness,I felt ... when My neighbour moved house,no-emotion,relief,0.4,False,True,Author-Relevant Ambiguous
51530,15,an IT technician,a random coworker,fixing a printer is routine duty for IT staff but an odd ask for an unrelated coworker,trust,trust,I was at work and a coworker asked me to assist with fixing the printer/photocopier machine.,no-emotion,surprise,0.4,False,False,Author-Independent Ambiguous
51531,15,a casual player who joined the rec league just for exercise and socializing,a former competitive athlete who has become jaded and burned out on sports,"Not caring about wins and losses reads as unremarkable for a casual player, and as weary boredom for someone burned out on competition.",no-emotion,no-emotion,Playing volleyball on a rec league. Many other players on my team take it very personally when we win/lose but I have ... toward it because it won't change anything in my life if we win/beat every team after the whole summer,no-emotion,no-emotion,1.0,True,False,Unambiguous
51534,15,a die-hard fan,a casual observer,a World Series win matters greatly to a die-hard fan but means little to a casual observer,joy,trust,when any baseball team has won a World Series.,no-emotion,joy,0.4,False,True,Author-Relevant Ambiguous
51539,15,someone eating alone every night who finds mealtimes lonely,someone eating dinner with family every night as a cherished ritual,"The nightly dinner reads as a quiet source of loneliness for someone eating alone, and as an unremarkable comforting routine for someone eating with family.",no-emotion,no-emotion,I felt ... when I was eating dinner last night because i do i every night,no-emotion,boredom,0.4,False,False,Author-Independent Ambiguous
51541,15,a longtime resident,a new homeowner,meeting neighbours is routine for someone long settled but significant for someone who just moved in,trust,joy,when I met my new neighbours,no-emotion,surprise,0.4,False,True,Author-Relevant Ambiguous
51556,15,a busy parent,a solitary shopper,a quick errand reads as a small relief for a rushed parent vs unremarkable for someone shopping alone,trust,trust,"I nipped into the shops to pick up a few bits n bobs for the house. I had no interaction with anyone and it was a simple task of picking up day to day items, i didn't need to browse or look for things as i knew exactly where to find them.",no-emotion,no-emotion,0.6,True,False,Author-Independent Ambiguous
51562,15,an employee who feels stuck and unfulfilled in a dead-end job,"an employee who is content with a simple, low-stress job that pays the bills","Going through the motions at work reads as dulled frustration for someone who feels stuck, and as unremarkable contentment for someone who's fine with a simple job.",no-emotion,no-emotion,When working at walmart I felt ... when going about my normal task because they had become routine for me and I was just going through the motions as I always do.,no-emotion,boredom,0.8,False,False,Author-Independent Ambiguous
51484,15,a college student,a coworker,a retirement affects a student's financial aid personally but is just office news to a coworker,fear,sadness,The financial aid employee retired,no-emotion,fear,0.4,False,True,Author-Relevant Ambiguous
51487,15,someone recently widowed and living alone for the first time in decades,someone who normally enjoys solitude and rarely minds being alone,"Feeling lonely reads as deep grief for someone recently widowed, and as a fleeting, minor feeling for someone who's generally comfortable alone.",sadness,no-emotion,I felt ... when lonely,no-emotion,sadness,1.0,False,True,Author-Independent Ambiguous
51503,15,someone emotionally numbed by years of nonstop tragic news coverage,someone with personal or family ties to Afghanistan who dissociates because it's too painful to process,"Feeling little about the news reads as compassion fatigue for someone worn down by constant coverage, and as suppressed grief for someone personally connected to what's happening.",no-emotion,no-emotion,"I felt ... when watching the news recently with my girlfriend and a segment about the Taliban regaining control of Afghanistan was shown. My girlfriend commented how bad and terrible it is for the people over there but I didn't feel much ... for the situation. I think it was mainly because the news ... me and I'm detached from the goings on thousands of miles away. It lead to my girlfriend telling me I had no heart, and I know it is a sad and bad thing to happen, but I just didn't feel ....",no-emotion,no-emotion,0.8,True,False,Author-Relevant Ambiguous
51454,15,a regular customer,a first-time customer,a routine order feels unremarkable to a regular but is new for someone trying it the first time,trust,trust,I ordered a cold brew from Dunkin and paid for it.,no-emotion,joy,0.8,False,False,Author-Independent Ambiguous
51458,15,an ex-girlfriend,a mutual friend,declining to date someone again carries more weight from the ex herself than from a bystander,relief,relief,I said that I didn't want to date this guy again months after we ended things,no-emotion,relief,0.4,False,False,Author-Independent Ambiguous
51465,15,a car owner,a pedestrian bystander,being hit affects the owner directly but is just an observed event for a bystander,anger,anger,someone hit my car,no-emotion,anger,0.6,False,False,Author-Independent Ambiguous
51472,15,a first-generation graduate whose family couldn't attend the ceremony,someone who finished the degree only because family pressured them into it,"Feeling only a headache instead of pride reads as anticlimactic sadness for someone whose family couldn't share the moment, and as flat indifference for someone who never wanted the degree in the first place.",no-emotion,no-emotion,"Completing my degree. Should have felt pride, didn't feel ... but a headache.",no-emotion,relief,0.4,False,False,Author-Relevant Ambiguous
51474,15,a longtime employee,a new hire,redundancy hits harder for someone with years invested than for a recent hire,sadness,fear,When i found out i was being made redundant,no-emotion,anger,0.4,False,True,Author-Relevant Ambiguous
51479,15,a thrill seeker,a parent chaperone,a roller coaster is exciting for a thrill seeker but just supervision duty for a chaperone,joy,fear,going on a roller coaster for the first time since Covid-19.,no-emotion,joy,1.0,False,True,Author-Relevant Ambiguous
6535,15,a close friend,a work acquaintance,being betrayed matters more coming from a close friend than from a mere acquaintance,anger,anger,I saw an ex-friend who stabbed me in the back with someone I considered a friend,no-emotion,anger,1.0,False,False,Author-Independent Ambiguous
6537,15,a casual acquaintance,a close friend,hearing secondhand about a celebrity encounter feels different depending on how close the teller is,surprise,surprise,I was told that someone I know had a met a celebrity I only kind of recognised,no-emotion,surprise,0.6,False,False,Author-Independent Ambiguous
6546,15,a customer,a supervisor,waiting on work is routine for a customer but implies oversight responsibility for a supervisor,trust,trust,the job was being done for me and i was waiting for the to finish.,no-emotion,boredom,0.8,False,False,Author-Independent Ambiguous
6565,15,a senior player who had already decided to quit sports regardless of the outcome,a player who was forced onto the team by parents and never wanted to play,"Losing the last game reads as unremarkable for someone already planning to quit, and as relief for someone finally freed from an unwanted obligation.",no-emotion,no-emotion,I felt ... when I lost our last district basketball game of the season which meant I would never play basketball again. I think this is because I didn't really care whether we won or lost or whether the season continued.,no-emotion,guilt,0.4,False,False,Author-Relevant Ambiguous
6573,15,someone with significant medical anxiety meeting a new provider for the first time,someone who has had dozens of routine physicals and finds them unremarkable,"A routine physical with a new nurse practitioner reads as anxiety-inducing for someone with medical anxiety, and as unremarkable for someone used to routine checkups.",fear,no-emotion,I felt ... when I went to my college's health center for a physical with a nurse practitioner I met for the first time that day.,no-emotion,fear,0.8,False,True,Author-Relevant Ambiguous
6575,15,a former girlfriend,a mutual friend,seeing an ex reads as significant for a former girlfriend but incidental for a mutual friend,relief,relief,when I saw my ex boyfriend over it.,no-emotion,anger,0.4,False,False,Author-Independent Ambiguous
6579,15,a homeowner,an insurance adjuster,a roof inspection is personal and financial for a homeowner but routine work for an adjuster,fear,trust,when getting my roof inspected for storm or wind damage.,no-emotion,fear,1.0,False,True,Author-Relevant Ambiguous
6582,15,a commuter,a music student,listening to music is background noise for a commuter but analytical practice for a music student,joy,joy,Listening to music,no-emotion,no-emotion,0.4,True,False,Author-Independent Ambiguous
6590,15,a car buyer,a car salesman,seeing a new car is a personal decision for a buyer but routine work for a salesman,joy,joy,I went to see a new car,no-emotion,joy,0.4,False,False,Author-Independent Ambiguous
6595,15,a young adult,a recent widow,a birthday without happiness reads differently for someone young vs someone recently widowed,sadness,sadness,On my birthday because I did not feel happy,no-emotion,sadness,1.0,False,False,Author-Independent Ambiguous
6598,15,a new wife,a longtime wife,a husband's hobby talk feels novel to a new wife but familiar routine to a longtime wife,trust,trust,"My husband talks about his business, which is also his hobby, model trains.",no-emotion,pride,0.6,False,False,Author-Independent Ambiguous
6602,15,a college student,a religious practitioner,lighting a candle is a study habit for a student but a ritual act for a religious practitioner,trust,trust,I lit a candle while I was studying for an exam,no-emotion,boredom,0.4,False,False,Author-Independent Ambiguous
6603,15,a therapy client,a mandated patient,mild interest in a session reads differently for someone attending by choice vs by requirement,trust,trust,I was attending therapy and my therapist was talking a lot about something I only kind of cared about.,no-emotion,boredom,0.4,False,False,Author-Independent Ambiguous
6609,16,the one who left,the one left behind,leaving vs being left produces very different emotional tone for the same breakup,relief,sadness,Breaking up with my partner,no-emotion,sadness,1.0,False,True,Author-Relevant Ambiguous
6613,16,a hospital patient,a blood donor,"patient monitoring illness reads as routine anxiety, donor reads as routine altruism",relief,relief,I went for a blood test today. I believe this is because I have this blood test carried out regularly and I've become so used to it. Nothing new ever happens at the test appointment and I don't expect anything new to happen.,no-emotion,boredom,0.8,False,False,Author-Independent Ambiguous
6619,16,someone who finds repetitive chores meditative and calming,someone overwhelmed by an already long to-do list who resents doing one more task,"The same chore reads as unremarkable, almost calming routine for one persona, and as irritating extra burden for someone already overwhelmed.",no-emotion,no-emotion,I felt ... when completing a regular household chore as it was a regular and necessary task and not emotionally provoking,no-emotion,boredom,1.0,False,False,Author-Relevant Ambiguous
6625,16,an elderly person,a healthcare worker,vaccine as personal health milestone vs as routine occupational task,relief,trust,I had my covid vaccine,no-emotion,relief,0.6,False,True,Author-Relevant Ambiguous
6629,16,a young child,an adult child,boredom while painting reads as innocent vs nostalgic depending on age,surprise,surprise,I was helping my dad paint a fence in my nan's garden and I looked at the wall of the shed. I thouhgt that I would try to remember this boring event forever. It seemed I did.,no-emotion,boredom,1.0,False,False,Author-Independent Ambiguous
6630,16,a busy parent,a bored teenager,autopilot task reads as tired routine vs resentful chore,relief,trust,"I was putting away the groceries after going shopping. It was a very monotonous task and my mind went to autopilot. I knew where everything went already, as I have put the same items there before, so it seemed to have been second nature to do so.",no-emotion,boredom,0.8,False,True,Author-Relevant Ambiguous
7100,16,a child raised by him,an estranged child,closeness to the biological father changes the weight of the news,sadness,sadness,I found out my biological father had died,no-emotion,sadness,0.6,False,False,Author-Independent Ambiguous
910,16,a new girlfriend,a long-term girlfriend,"a ""regular route"" reads as fond routine vs simple mundane routine",relief,trust,driving to my boyfriends house as its a regular route,no-emotion,joy,0.6,False,True,Author-Relevant Ambiguous
912,16,a manager who handles conflict calmly as part of routine duties,an employee who was personally insulted and shaken by the customer's outburst,"Having a rude customer removed reads as unremarkable routine for a manager used to handling conflict, and as upsetting for an employee who was personally targeted.",no-emotion,fear,I felt ... when I have had to have a rude/annoying customer removed from my work,no-emotion,relief,0.6,False,True,Author-Relevant Ambiguous
915,16,"someone emotionally exhausted after repeated betrayals, now numb",someone who had already emotionally checked out of the relationship long before this final straw,"Trying and failing to feel anger reads as numb exhaustion from repeated betrayal in one framing, and as quiet relief that it's finally over in the other.",no-emotion,no-emotion,"I broke up with my ex. I had caught her in three different occasions with a particular guy. So, i was already expecting another cheating event from her. I tried to feel anger but the more I felt virtually ....",no-emotion,no-emotion,0.8,True,False,Author-Relevant Ambiguous
2142,16,a first-time mother,an experienced mother,twins read as overwhelming novelty vs familiar competence,joy,joy,I gave birth to healthy twins,pride,joy,0.8,False,False,Author-Independent Ambiguous
2143,16,a home baker,a professional chef,a cobbler reads as a simple joy vs an unremarkable routine output,pride,pride,I baked a delicious strawberry cobbler.,pride,pride,1.0,True,False,Unambiguous
2129,16,"a child baking for a parent for the first time, eager for approval",a professional baker whose father is simply another customer to please,"Baking for her father reads as proud joy for a child seeking approval, and as an unremarkable professional interaction for a baker whose father is just another taste-tester.",pride,no-emotion,... in baking a cake for my father and he liked it.,pride,pride,0.4,True,True,Author-Independent Ambiguous
2134,16,a spouse,a close friend,a partner's job win carries different personal stake for spouse vs friend,pride,pride,My partner was accepted for a job because she worked really hard to get it,pride,pride,0.8,True,False,Unambiguous
2138,16,a school player,a professional cricketer,winning the match matters more for an amateur than a pro,pride,pride,I bowled two people out during the final over of my cricket game to win the final.,pride,pride,0.8,True,False,Unambiguous
3864,16,a close aunt,a distant relative,being told first matters more to someone emotionally close,trust,trust,my niece came out to me and told me she had a girlfriend before she told anyone else.,pride,trust,0.4,False,False,Author-Independent Ambiguous
3866,16,a dog owner,a professional trainer,the same trick reads as personal pride vs a routine training result,pride,pride,my dog followed a command from a distance of 12 feet.,pride,pride,0.6,True,False,Author-Independent Ambiguous
3868,16,a first-generation student,a legacy student,top honors mean more against fewer expectations,pride,pride,I found out that I would be graduating from my university with the highest honors of summa cum laude,pride,joy,0.6,False,False,Author-Independent Ambiguous
3873,16,a parent,a teacher,the daughter's protest reads with personal stake vs professional distance,pride,pride,my daughter wanted to actively join in an protest and make sure her voice was heard.,pride,pride,0.6,True,False,Author-Independent Ambiguous
3882,16,a tourist,an immigrant worker,"an entry exemption is low-stakes for a tourist, high-stakes for a worker",relief,relief,I managed to get an exemption to enter Australia this year.,pride,relief,0.6,False,False,Author-Independent Ambiguous
3884,16,a hobbyist woodworker,a professional carpenter,being mistaken for skilled work means more to an amateur,pride,pride,"A tradesman thought the wood work I had done was done by an actual joiner, and was really impressed",pride,surprise,0.6,False,False,Author-Independent Ambiguous
3887,16,a career changer,a long-term unemployed person,landing a job reads as a fresh start vs a long-awaited relief,pride,pride,I got the first job I applied for after reeducating after being unemployed for several years.,pride,pride,0.4,True,False,Author-Independent Ambiguous
3779,16,a first-generation college graduate whose family never had this opportunity,someone who completed the degree only because it was expected of them,"Finishing the degree reads as deep, hard-won pride for a first-generation graduate, and as mere relief at being done for someone who did it out of obligation.",pride,pride,I felt ... when I completed my degree because it was a massive accomplishment,pride,pride,1.0,True,False,Unambiguous
3797,16,a grandparent,a visiting aunt,time with grandchildren reads as central vs as a pleasant visit,joy,joy,I’ve spent a week with my family including 4 Grandchildren,pride,joy,0.8,False,False,Author-Independent Ambiguous
3804,16,someone with a learning disability who has struggled academically their whole life,"an experienced hobbyist aquarist for whom this is a well-documented, routine process","Successfully cycling the aquarium reads as overwhelming pride for someone who has struggled academically, and as satisfying but unremarkable competence for an experienced hobbyist.",pride,pride,"I finally successfully ""cycled"" my aquarium. I have a learning disability and I have put blood sweat and tears into the process of ""cycling"". It is a scientific process involving the nitrogen cycle and it took me a year of research as well as trial and error to fully understand it. That first time when I checked my water levels and the test readings came back perfect I was absolutely overwhelmed with ... in myself. I've never taught myself and completed a task pertaining to science completely on my own (outside of school when I was younger). I was so ... of myself I broke down crying and called my dad to celebrate.",pride,pride,1.0,True,False,Unambiguous
3811,16,a parent,a grandparent,a graduation reads as immediate pride vs generational pride,pride,pride,My daughter received her University degree,pride,pride,0.6,True,False,Author-Independent Ambiguous
3816,16,a struggling student,a straight-A student,one A means far more against a history of difficulty,pride,pride,I get an A in a class.,pride,pride,0.8,True,False,Unambiguous
3819,16,a first-generation student,a legacy student,graduating carries different weight given family educational history,pride,pride,I graduated from University,pride,pride,1.0,True,False,Unambiguous
3827,16,a first-generation college student who almost dropped out,a straight-A student from a family that expects top honors as routine,"For a first-gen student defying the odds, honour-roll placement reads as hard-won pride, while for someone from a family that expects excellence it barely registers as more than meeting a baseline.",pride,pride,I felt ... when I received placement on Deans Honour roll at my university for the first time.,pride,pride,0.8,True,False,Unambiguous
3830,16,a young entrepreneur launching their very first small business,a corporate vending-machine sales rep closing a routine account,"Landing one machine location is a landmark personal achievement for a first-time entrepreneur, but just another closed deal for someone who signs such accounts for a living.",pride,pride,I felt ... when I landed my first vending machine location because I set out to do something and I accomplished it.,pride,pride,1.0,True,False,Unambiguous
3833,16,a coworker,a close friend,"fragment lacks context; best-guess pair, divergence is weak here",anger,anger,Whenever someone punches my ego,pride,anger,0.6,False,False,Author-Independent Ambiguous
3836,16,a call center worker,a manager,being personally requested by callers matters more to frontline staff,pride,pride,"when, at work, callers would specifically request to talk to me for assistance.",pride,pride,0.6,True,False,Author-Independent Ambiguous
3850,16,an amateur surfer,a professional surfer,"a big wave is a milestone for an amateur, routine for a pro",pride,pride,I surfed one of my biggest waves of my life,pride,joy,0.6,False,False,Author-Independent Ambiguous
3857,16,a parent,an older sibling,watching the act of kindness reads differently depending on relation to the child,pride,pride,my daughter handed her ice cream to her little brother who had dropped his ice cream on the ground outside and started to cry. She handed him her ice cream to stop him crying.,pride,pride,0.8,True,False,Unambiguous
3859,16,a soldier,a civilian,winning a war is felt directly by combatants vs from a distance by civilians,pride,pride,When we won a war.,pride,joy,0.6,False,False,Author-Independent Ambiguous
41128,16,a first-time author,a veteran author,publication reads as a life milestone vs another routine release,pride,pride,I finished a book I was preparing for several years and it was published with a leading publisher.,pride,pride,0.6,True,False,Author-Independent Ambiguous
41052,16,a new driver,a car collector,"a car purchase is a milestone for a new driver, routine for a collector",joy,joy,I bought my car recently,pride,pride,0.8,True,False,Unambiguous
41058,16,a struggling student,a top student,passing exams means more against a history of difficulty,pride,pride,I passed my university exams,pride,relief,0.8,False,False,Author-Independent Ambiguous
41082,16,a hobbyist art student who has long doubted their own talent,a professional illustrator taking a casual weekend class for fun,"A self-doubting hobbyist hearing praise feels validated pride, whereas a working professional in the same class takes a compliment as pleasant but unremarkable.",pride,pride,I felt ... when I completed a drawing and my art instructor complimented my skill and attention to detail,pride,pride,1.0,True,False,Unambiguous
41097,16,a small business owner,a corporate manager,retaining staff reads as personal loyalty vs professional duty,pride,pride,I retained all PT employees after a location closure at my company.,pride,pride,0.8,True,False,Unambiguous
41102,17,a fan,a music journalist,a fan reads the sellout as thrilling personal validation while a journalist reads it as a neutral career milestone,pride,pride,Wizkid sold out three shows at the O2,pride,joy,0.6,False,False,Author-Independent Ambiguous
41109,17,a close friend,a casual acquaintance,closeness changes whether helping reads as warm devotion or dutiful courtesy,pride,pride,I helped out a friend in need,pride,pride,1.0,True,False,Unambiguous
41111,17,a parent focused on their shy child's social confidence,a highly competitive travel-team parent obsessed with winning,"The shy child's boldness reads as a proud breakthrough in confidence to one parent, while the competitive parent reads the same steal as simple game-winning excitement.",pride,joy,I felt ... when my oldest child stole the basketball from a member of the opposing team. I couldn't stop smiling and cheering them on! I was so happy for them because they were super shy and reserved.,pride,pride,0.8,True,True,Unambiguous
41201,17,someone who endured years of emotional abuse from a parent before finally moving out,someone who simply found their family's habits and political views hard to tolerate and got their own place,"Escaping a genuinely abusive home reads as relief for the abuse survivor, while for someone who just found family life mildly intolerable, leaving reads more like a proud step toward independence.",relief,pride,I felt ... when I was able to get out of my toxic household because I was finally given a sense of relief and freedom. I was now living for myself and focusing on me.,pride,relief,0.6,False,True,Author-Relevant Ambiguous
41202,17,a student,an employee,the stakes and audience of the presentation differ sharply between school and work,pride,pride,I accomplished a difficult presentation on my own,pride,pride,0.8,True,False,Unambiguous
41208,17,a young athlete who has been mocked for her height her whole life,a naturally elite sprinter who expects to win every race,"Beating taller trash-talkers is vindicating pride for someone used to being underestimated, but just another expected win for a sprinter who always wins.",pride,pride,"I felt ... when I was at a track and field meet in 5th grade. I was running the 100m, and all of the girls I was competing against were much taller than me. They all said to me ""you're not going to win. You're too short. Short people are not fast."" Anyway, I ended up absolutely SMOKING all of them and getting first place. They all looked at me in such disbelief. It was awesome.",pride,pride,0.6,True,False,Author-Independent Ambiguous
41209,17,a tour guide new to the job still building confidence,a veteran tour guide who has heard thousands of compliments over decades,"Praise and tips feel like meaningful proof of competence to a guide still finding their footing, but barely register for a decades-long veteran.",pride,pride,"I felt ... when at my job as a tour guide, the random strangers who sign up tell me that I do a good job, or that I seem like a natural, or that they have had a good time. Also I feel ... when I get tipped for a job well done, because that proves I really did a good job.",pride,pride,1.0,True,False,Unambiguous
41210,17,a university student,a graduate researcher,an undergrad award feels like a breakthrough while a researcher's award feels like professional recognition,pride,pride,I won an award for my university work,pride,pride,0.8,True,False,Unambiguous
41167,17,a first-time marathon runner unsure they could even finish,an elite competitive runner aiming for podium finishes,"Simply finishing at a decent pace is a huge personal triumph for a first-timer, but a mid-pack, non-podium result would be only mildly satisfying to a competitive elite runner.",pride,pride,I felt ... when I ran a marathon at a decent pace and finished the race in a good place,pride,pride,1.0,True,False,Unambiguous
41142,17,a team captain who feels personally responsible for the group's success,a substitute player who rarely gets meaningful playing time,"The captain reads team success as pride in their own leadership, while a rarely-used substitute reads the same success more as gratitude and relief at having contributed at all.",pride,pride,"I felt ... when I accomplish my goals through a team effort. I take part in team sports and have a pivotal role in success, and being able to do my job and make my team proud of me gives me a strong sense of ....",pride,pride,1.0,True,False,Unambiguous
51670,17,a student who struggled academically throughout high school,a perfectionist student who considers anything less than perfect a failure,"Perfect grades are a stunning achievement for a former struggler, but for a perfectionist they read more as narrowly avoiding a self-imposed failure than as pride.",pride,relief,I felt ... when I received my perfect college grades,pride,pride,0.8,True,True,Unambiguous
51674,17,a first-generation graduate,a university student,graduating reads as a historic family milestone for a first-generation graduate versus a routine step for another student,pride,pride,I graduated from university,pride,pride,0.8,True,False,Unambiguous
51687,17,someone with few close friends who treasures this rare invitation,"a popular, frequently-invited socialite attending yet another party","Being welcomed warmly feels like deep, rare belonging to someone who rarely gets invited anywhere, but is an unremarkable pleasantry to a socialite who attends parties constantly.",pride,pride,"I can still remember vividly the day i went to my friend birthday party, the way my friends welcome me I felt honored and walk in with full of ..., I gave him the present I brought for him and I left the party after some minutes",pride,pride,0.6,True,False,Author-Independent Ambiguous
51688,17,a socially awkward hobbyist finally excelling at something creative,a professional tabletop game designer testing content with friends,"Running a beloved campaign is a rare creative triumph for a socially awkward hobbyist, but routine, expected validation for someone who designs games professionally.",pride,pride,"I am ... of my D&D campaigns. Between myself and my friends, I am the dungeon master and designer of our tabletop games. I am ... my players enjoyed my work, they invest in the plots, feel emotion from the music and events and that they enjoy our shared story adventures",pride,pride,0.8,True,False,Unambiguous
51575,17,a first-time mother,an experienced mother,a first birth carries more novelty and intensity than a subsequent one,joy,pride,I gave birth to my daughter and she was perfectly healthy and beautiful.,pride,joy,0.6,False,True,Author-Relevant Ambiguous
51577,17,a teenager,a mature student,GCSEs read as a normal rite of passage for a teen but an unusual late achievement for an adult learner,pride,pride,i received my GCSE results.,pride,relief,0.6,False,False,Author-Independent Ambiguous
51591,17,a mother,a stepmother,a biological mother's pride carries different weight than a stepmother's in the same moment,pride,pride,"my autistic daughter got an unconditional offer for college, because she's had such a hard time at high school.",pride,pride,0.6,True,False,Author-Independent Ambiguous
51592,17,an older student who returned to school after years away and doubted they belonged,a young high-achieving student for whom awards are an expected formality,"Winning two awards after a hard covid-era return to study feels like immense vindicated pride to a doubting mature student, but unremarkable for a student who expects such recognition.",pride,pride,"I was at work and I received a phone call from a university lecturer who told me I had been nominated for (and won) two prizes for my BSc, the BPS Undergraduate award and the Faculty Award.  I had had a difficult year completing the final year of my degree in covid-times and I was a mature student who had never studies at degree level before, and so I felt immense ... that my efforts had been noticed and appreciated.  I have never won an award before.",pride,joy,0.4,False,False,Author-Independent Ambiguous
51593,17,a customer service worker,a manager,helping others reads as personal effort for a worker versus supervisory success for a manager,pride,pride,At work by helping others and providing a good experience,pride,pride,1.0,True,False,Unambiguous
51595,17,a student from a family with no history of higher education,a class valedictorian's younger sibling who always finishes just behind them,"Finishing best in class is groundbreaking pride for someone breaking new family ground, but for a sibling always compared unfavorably it reads more as relief at finally coming out on top.",pride,relief,I felt ... when I graduated the  best student in my class,pride,pride,0.6,True,True,Author-Independent Ambiguous
51597,17,an amateur musician,a professional musician,a label signing reads as a life-changing breakthrough for an amateur versus a career step for a professional,pride,pride,my band got signed to a label run by an artist i admire,pride,joy,1.0,False,False,Author-Independent Ambiguous
51598,17,an event organizer,an event attendee,success reads as earned achievement for an organizer versus simple enjoyment for an attendee,pride,joy,the event was successful,pride,relief,0.6,False,True,Author-Relevant Ambiguous
51607,17,a scholarship student,a university student,graduating carries higher relief and stakes for a scholarship student than a general student,pride,pride,I graduated from university,pride,pride,0.8,True,False,Unambiguous
51611,17,a teenager,an adult child,coming out reads differently depending on whether it happens early or later in life,relief,pride,I came out to my parents,pride,relief,0.8,False,True,Author-Relevant Ambiguous
51613,17,a high school dropout,an adult learner,getting a GED reads as reclaiming a missed milestone for a dropout versus a planned step for an adult learner,pride,pride,"WHEN I WENT AND GOT MY G.E,D.",pride,pride,0.6,True,False,Author-Independent Ambiguous
51624,17,a new employee still on probation trying to prove themselves,a seasoned employee doing routine daily work,"Completing a task well feels like proof of competence to a probationary new hire, but is simply unremarkable for a seasoned worker doing what they always do.",pride,pride,I feel ... when I complete a task well at work,pride,no-emotion,0.4,False,False,Author-Independent Ambiguous
51626,17,a hospital worker,a hospital patient,watching NHS staff reads as professional camaraderie for a colleague versus gratitude for a patient,pride,pride,When I worked at the hospital and saw the nhs staff across all areas of the hospital come to work day after day to help the general public.,pride,pride,0.8,True,False,Unambiguous
51632,17,a university student,a mature student,earning honors reads differently for a traditional student versus a returning adult learner,pride,pride,I received honors for my degree,pride,pride,0.8,True,False,Unambiguous
51635,17,a new employee,a senior employee,manager recognition means more to a newcomer proving themselves than to a settled senior staffer,pride,pride,I was recognised for doing well at work by my line manager,pride,pride,1.0,True,False,Unambiguous
51639,17,a professional artist,a hobbyist painter,a happy client is routine validation for a professional but a bigger deal for a hobbyist,pride,pride,my client was happy with the painting they commissioned from me.,pride,joy,0.6,False,False,Author-Independent Ambiguous
51652,17,a first-generation graduate,a career changer,the degree reads as a family milestone for one and a professional pivot for the other,pride,pride,I got my degree,pride,pride,0.8,True,False,Unambiguous
51653,17,a first-time father,an experienced father,a first birth carries more novelty than a birth after already having children,joy,pride,My sons were born,pride,joy,1.0,False,True,Author-Relevant Ambiguous
51751,17,a parent,a godparent,the same ceremony carries different personal weight for a parent versus a godparent,pride,pride,my daughter was baptised and confirmed on the same day,pride,pride,0.8,True,False,Unambiguous
51758,17,a young adult,a retiree,leaving to travel reads as youthful independence versus a major late-life life change,joy,joy,I told my family I was leaving the UK to travel full-time and they were all so happy for me,pride,joy,0.6,False,False,Author-Independent Ambiguous
51768,17,a homeowner,a renter,finishing a home task carries more investment for an owner than for a renter,relief,relief,I finally put up my kitchen blinds because I'd put it off for a year!,pride,pride,0.6,True,False,Author-Independent Ambiguous
51774,17,a student who has previously failed this subject,a straight-A student for whom acing tests is routine,"Acing a test is a major turnaround for someone who has failed before, but just another expected result for a consistently top student.",pride,pride,I felt ... when I aced a test.,pride,pride,0.8,True,False,Unambiguous
51775,17,a first-time mother,an experienced mother,a natural water birth reads as more novel for a first-time mother than a subsequent one,pride,pride,I had my baby in the water all natural,pride,relief,0.4,False,False,Author-Independent Ambiguous
51792,17,a team member,a project manager,success reads as personal contribution for a team member versus leadership payoff for a manager,pride,pride,when i succeeded at my current product development project,pride,pride,0.8,True,False,Unambiguous
51795,17,a young professional,a career changer,becoming chartered reads as an early-career milestone versus validation after switching fields,pride,pride,I became chartered,pride,no-emotion,0.4,False,False,Author-Independent Ambiguous
51799,17,a student,a job seeker,a partner's praise lands differently depending on whether it concerns study or a job search,pride,pride,My boyfriend said he was proud of me,pride,pride,0.8,True,False,Unambiguous
51801,18,a school student,a mature student,younger student's surprise at doing well differs from an older student's sense of vindication,pride,pride,I did really well in a course I didn't think I would do well in,pride,surprise,0.6,False,False,Author-Independent Ambiguous
51804,18,a working parent,a stay-at-home parent,watching the play as a rare break differs from watching it as routine,pride,pride,i see my daughters achieve things - daughters nativity play,pride,pride,0.8,True,False,Unambiguous
51805,18,a granddaughter close to her,a distant relative,closeness to the deceased grandmother changes the weight of speaking at the funeral,sadness,sadness,i spoke at my nans funeral,pride,pride,0.6,True,False,Author-Independent Ambiguous
51807,18,a civilian parent,a former police officer,a parent unfamiliar with policing reads the ceremony differently than one who did the job,pride,pride,My son attestation when becoming a police officer,pride,pride,0.6,True,False,Author-Independent Ambiguous
51808,18,a sneaker collector who saved up for months for this exact pair,someone with disposable income who buys new shoes casually and often,"The shoes feel like a hard-earned prize to a collector who saved for months, but are simply an enjoyable purchase for someone who buys sneakers casually and often.",joy,joy,I felt ... when I got myself a new pair of nike air force 1s because it felt really good putting on the latest pairs at the time.,pride,joy,0.8,False,False,Author-Independent Ambiguous
51720,18,a career-changer who returned to school later in life to become a teacher,an education major who followed the expected straight path from college into teaching,"Landing the job after a hard career change feels like hard-won pride, while the same job is a natural, low-drama next step for someone who followed the expected path.",pride,joy,I felt ... when I got my first job as a teacher.This is because of how much effort I had put in that year and what I had been through to get the job. Secondly because of how hard I had worked and how good the job is and was.,pride,pride,0.8,True,True,Unambiguous
51730,18,a doctoral candidate who nearly quit due to grief and pandemic hardship,a well-funded PhD student who had strong institutional support throughout,"Passing the viva after personal loss and pandemic disruption is powerful vindicated pride for a candidate who nearly quit, but a lower-stakes milestone for a well-supported student.",pride,pride,I felt ... when I passed my PhD viva because it was a lot of work and things such as personal loss and the pandemic made the last year and a half particularly challenging.,pride,pride,1.0,True,False,Unambiguous
51732,18,a hobbyist crafter,a small business owner,making a gift for love differs from making it as part of a trade,pride,pride,I crochet. I finished a blanket for my best friend for her baby shower. I showed it to a couple of my friends and they loved it!,pride,joy,0.6,False,False,Author-Independent Ambiguous
51738,18,a first-time attendee,an LGBT community member,attending as an outsider differs from attending as part of the community itself,pride,pride,I went to lgbt pride.,pride,pride,0.4,True,False,Author-Independent Ambiguous
51694,18,"an emergency call operator early in their career, unsure their training truly mattered",a veteran dispatcher who has handled hundreds of successful emergency calls,"Saving a life confirms a novice operator's sense of purpose as pride, while for a veteran with hundreds of successful calls it is simply another day's work.",pride,no-emotion,"I used to answer emergency ambulance calls, I felt ... when I received a letter last week to say that I had saved a patient's life who was in cardiac arrest, I gave CPR instructions over the phone and they survived.",pride,pride,0.6,True,True,Author-Independent Ambiguous
51705,18,a school student,a first-generation student,finishing school reads differently depending on whether it continues or breaks a family pattern,pride,pride,"I graduated from sixth form, with the grades that I had strived to achieve.",pride,pride,0.6,True,False,Author-Independent Ambiguous
51708,18,a first-time parent,an experienced parent,a first certificate feels different from one among many similar milestones,pride,pride,my son came home with a headteacher's certificate from school for having a positive attitude and being kind,pride,pride,0.8,True,False,Unambiguous
51710,18,a non-traditional student who juggled work and family while studying,a full-time student with no outside responsibilities during their studies,"Graduating after years of juggling work and family is hard-won pride for a non-traditional student, but a more straightforwardly happy occasion for a full-time student without those burdens.",pride,joy,I felt ... when I graduated from school because it took many years and a lot of work to get to the point where I completed the program.,pride,pride,0.8,True,True,Unambiguous
51713,18,a newlywed,a longtime spouse,a new marriage reads differently than one many years established,pride,pride,Because I'm married to a wonderful man.,pride,joy,0.8,False,False,Author-Independent Ambiguous
6649,18,a recent graduate,an experienced professional,a first big offer differs from a seasoned worker being offered more than expected,pride,pride,I was offered a new job and they offered me the position above the one I interviewed for with great pay,pride,joy,0.6,False,False,Author-Independent Ambiguous
6652,18,a grassroots organizer who started this event from nothing despite others' skepticism,a professional event promoter hired to run a similar high-profile show,"Growing a scrappy charity game into a stadium-filling event is deeply personal pride for the original organizer, but just a job well done for a hired professional promoter.",pride,pride,"I felt ... when I organised, managed and played in an ice hockey varsity game. It had never been done before and the team was in financial trouble and I saw it as a great opportunity to make some money for the club and also to give the team and sport some exposure. It took a lot to get other members on the team to buy in but eventually they did. On the night of the game we made £1700 for the team and wider club which helped pay for a lot of different things. Not only that but over the following years the game just got bigger and bigger each year with the game eventually being played in front of 3000 people. It gave me immense ... to have this initial idea for it to grow into a great spectator event, but also a game that the guy who took part in it will remember for the rest of their lives.",pride,pride,1.0,True,False,Unambiguous
6696,18,a working parent,a stay-at-home parent,catching the show as a rare outing differs from it being part of a regular routine,pride,pride,I saw my daughter perform at her gymnastics show,pride,pride,0.6,True,False,Author-Independent Ambiguous
6716,18,a first-time parent,a parent of teenagers,a first school milestone differs from one of many by that point,pride,pride,my son started school,pride,joy,0.6,False,False,Author-Independent Ambiguous
6717,18,a career changer,a recent art graduate,validating a leap from science differs from a straightforward path into art,pride,pride,my proposal was selected for my first solo artist exhibition at a local gallery as it validated my choice to pursue my B.F.A. and become an artist even though I had a previous degree in sciences.,pride,pride,1.0,True,False,Unambiguous
6720,18,a newspaper reader,a former naval officer,reading the story as news differs from reading it with insider knowledge of naval service,pride,pride,"I read in the press that the Irish Naval Service had sent its flagship to the Mediterranean to help in the rescue of migrants from Libya. As it is one of very few ships, it was a significant gesture in support of the European effort.",pride,pride,0.8,True,False,Unambiguous
6728,18,someone with stage fright singing publicly for the very first time,a formally trained vocalist trying out a casual amateur hobby group,"Praise from a discerning friend feels like major validation to someone overcoming stage fright, but is a mild, expected compliment to a trained vocalist slumming it in an amateur group.",pride,pride,I sang with the band at a church service for the first time. The band is very amateur and there are no auditions but I had worked hard to prepare well and do my best. A couple of days later I got a message from a friend who had heard me sing and told me it sounded great. This friend is not only honest but is professionally trained in theatre arts so doesn't give that kind of feedback lightly. The coment made me feel ... of my preparation and performance.,pride,pride,0.8,True,False,Unambiguous
6729,18,a first-time parent,an experienced parent,a first sign of progress differs from progress within a longer-tracked journey,pride,pride,my youngest son who has a health condition has progressed and is slowly beginning to speak as he has a speech deficit,pride,joy,0.6,False,False,Author-Independent Ambiguous
6732,18,a university student,a therapy patient,reflecting on growth as normal development differs from reflecting on it as recovery,pride,pride,i took a moment to look back and saw how far i had come mentally over the last year,pride,pride,0.8,True,False,Unambiguous
7113,18,an adult,a child,competence at wrapping reads differently for an adult than as an early achievement for a child,pride,pride,When I wrapped up a load of birthday presents and they didn’t look awful,pride,surprise,0.6,False,False,Author-Independent Ambiguous
7118,18,a niece close to her,a distant relative,closeness to the aunt changes the weight of arranging her funeral,pride,pride,That I put together a funeral service for my Aunt,pride,sadness,1.0,False,False,Author-Independent Ambiguous
7125,18,an adult,a child,"what counts as ""something good"" differs sharply by age and context",pride,pride,when I do something good,pride,pride,0.8,True,False,Unambiguous
7128,18,a mother,a father,a first steps moment can carry different weight depending on which parent narrates it,joy,pride,I watched my baby girl walk for the first time,pride,joy,0.6,False,True,Author-Relevant Ambiguous
7134,18,a close friend,a neighbor,going out of the way for someone reads differently depending on how close the relationship is,pride,pride,A friend described me as her angel because I had travelled by several buses to bring her to a group meeting over several weeks when she wasn’t able to leave home alone.,pride,pride,1.0,True,False,Unambiguous
7135,18,a volunteer,a professional,helping as an act of goodwill differs from helping as part of a paid role,pride,pride,I am able to help someone with something they need,pride,pride,0.8,True,False,Unambiguous
86,18,a small business owner,a startup founder,marking a milestone reads differently for a small steady business than for a growth-oriented startup,pride,pride,On the anniversary of my business,pride,pride,0.4,True,False,Author-Independent Ambiguous
2161,18,a native speaker,a second-language learner,passing a language test means little to a native speaker but is a real hurdle for a learner,pride,pride,I passed my Irish language test,relief,joy,0.6,False,False,Author-Independent Ambiguous
2144,18,a university student,a mature student,awaiting a result reads differently fresh out of school versus after a long return to study,pride,pride,Finding out my degree classification,relief,pride,0.4,False,False,Author-Independent Ambiguous
2145,18,a university student,a first-generation student,earning top marks differs depending on whether it breaks new ground for the family,pride,pride,I completed my degree and found out I got a 1st Class Degree overall.,relief,pride,1.0,False,False,Author-Independent Ambiguous
2158,18,a child,an adult,getting a vaccine despite needle fear reads differently for a child than for an adult,relief,relief,"I had my first vaccine, as I have a fear of needles but it was not as bad as I thought it would be.",relief,fear,0.4,False,False,Author-Independent Ambiguous
3983,18,an office worker,a new parent,a massage as routine self-care differs from one being a rare break from childcare,relief,relief,when I got a professional massage because I felt like I could finally relax and did not have to worry about anything.,relief,relief,0.8,True,False,Unambiguous
3991,18,someone with ADHD who has struggled for years with task paralysis,a mildly disorganized person who just got around to an errand,"Finally completing a long-avoided task is a major personal victory over task paralysis for someone with ADHD, but a mundane chore checked off for someone only mildly disorganized.",relief,relief,I felt ... when I managed to complete a work task that I had been putting off.,relief,relief,0.8,True,False,Unambiguous
3998,18,a graduating student,a graduate's parent,skipping the ceremony reads differently for the graduate than for a parent excused from attending,relief,relief,I didn't have to go to my senior year graduation.,relief,relief,0.8,True,False,Unambiguous
3890,18,an adult who already lost their mother suddenly and now fears losing their father too,a chronically anxious teenager prone to imagining worst-case scenarios,"For someone who has already lost one parent, a scare about the other resolving safely is profound relief, while for a chronically anxious teenager it reads more as a passing startled reaction.",relief,relief,"I felt ... the time that I thought my dad had seriously injured himself while cutting down a dead tree branch. Turns out, the design on his shirt was a red splatter pattern-not blood seeping through from the chest area.",relief,relief,0.8,True,False,Unambiguous
3893,18,a deployed soldier,an expatriate worker,returning from military deployment differs from returning from a stint working abroad,relief,relief,I got on the plane to come back to the USA from Kuwait to be with my family.,relief,joy,0.6,False,False,Author-Independent Ambiguous
3919,18,an IVF patient,a teenage girl,a negative pregnancy test after a missed period means opposite things to these two speakers,sadness,relief,I found out I wasnt pregnant after missing my period for 4 months,relief,relief,0.4,True,True,Author-Relevant Ambiguous
3923,19,someone who felt trapped in a job they hated for years,someone financially secure taking a planned sabbatical to study,"Quitting a hated job to study is a release from years of feeling trapped for one person, but an exciting, low-risk new chapter for someone with financial security already in place.",relief,relief,I felt ... when I realized I was able to quit my job to pursue my education.,relief,joy,0.4,False,False,Author-Independent Ambiguous
3926,19,a struggling parent,a college student,"parent reads sorting bills as averting a serious crisis, student reads it as routine budgeting",relief,relief,I got enough money to sort my bills,relief,relief,0.6,True,False,Author-Independent Ambiguous
3934,19,a sole breadwinner supporting a family during pandemic layoffs,a young single person with few financial obligations,"Keeping a job during mass layoffs is critical, family-sustaining relief for a sole breadwinner, but a much lower-stakes bit of good news for someone with few dependents.",relief,relief,I found ... when I was able to keep my job during a worldwide pandemic,relief,relief,0.6,True,False,Author-Independent Ambiguous
3936,19,a first-generation applicant who feared rejection,a legacy applicant whose family has attended for generations,"Acceptance feels like a hard-won relief for a first-gen applicant who feared rejection, but an almost foregone conclusion for a legacy applicant.",relief,relief,I felt ... when I got into university,relief,pride,0.6,False,False,Author-Independent Ambiguous
3937,19,a dog owner,a shelter volunteer,"owner reads it as personal reunion, volunteer reads it as a professional outcome",relief,relief,When I found my dog,relief,relief,1.0,True,False,Unambiguous
3942,19,a parent,a babysitter,"parent reads it as visceral personal relief, babysitter reads it as relief plus duty of care",relief,relief,I found my child,relief,relief,1.0,True,False,Unambiguous
3944,19,a journalist,a new employee,"journalist reads it as normal professional feedback, new employee reads it as probation-anxiety relief",relief,relief,When I got a good. response on an article I wrote for work because I had been stressing out about it all week.,relief,relief,0.8,True,False,Unambiguous
3948,19,someone caring for a vulnerable family member they feared infecting,someone getting routine testing required for travel with no particular worry,"A negative test is a huge relief for a caregiver afraid of endangering a vulnerable relative, but a formality for someone testing only because travel requires it.",relief,no-emotion,I felt ... when my COVID test came back negative,relief,relief,1.0,True,True,Unambiguous
3964,19,a new employee,a veteran employee,"new employee reads it as high-stakes job security scare, veteran reads it as a minor workplace hiccup",relief,relief,I thought my boss was upset with me about a mistake I made at work but it turned out she was really understanding once I spoke with her.,relief,relief,0.6,True,False,Author-Independent Ambiguous
3966,19,a shy student,a professional speaker,"shy student reads cancellation as escape, professional speaker reads it as a lost opportunity",relief,relief,I'm supposed to speak publicly but the event gets cancelled.,relief,relief,0.8,True,False,Unambiguous
3969,19,someone previously targeted by break-ins who has lost valuables before,"someone in a low-crime area for whom this was a first, minor incident","Finding nothing missing is deep relief for someone who has lost valuables to burglars before, but more of a startling surprise for someone unused to any crime at all.",relief,relief,"I felt ... when I entered my car and saw that it has been broken into but that nothing was taken or damaged. Someone had gone through it over night. In the morning, I got into the car to go to work and saw they the contents of the glove compartment and centre console had been emptied all over the seat and floor. I searched through and was ... to find nothing was missing or damaged.",relief,relief,0.8,True,False,Unambiguous
3973,19,a small business owner personally responsible for employees' livelihoods,a mid-level manager at a large company following a routine finance process,"Scraping together payroll at the last minute is intense personal relief for an owner responsible for staff livelihoods, but a routine process hiccup for a manager at a large, well-resourced company.",relief,relief,I felt ... when I was able to collect enough money for my business to make payroll. I was worried I did not have enough money in the business bank account to pay employees for the time period and wasn't sure what to do. At the last minute I had a few customers make payments on their accounts and was able to successfully pay my employees.,relief,relief,1.0,True,False,Unambiguous
3975,19,someone who had worked years of insecure temp and contract jobs,someone converting into a role they were always guaranteed to get,"Permanent status ends years of insecurity for a longtime temp worker, but is just a formality for someone who was always going to be made permanent.",relief,no-emotion,I felt ... when I got a job at my current position permanently.,relief,relief,0.4,True,True,Author-Independent Ambiguous
41278,19,someone suddenly facing homelessness after their flat flooded with nowhere else to go,someone who was already planning to move in with their boyfriend soon anyway,"An offer to move in is urgent relief from looming homelessness for one person, but a happy acceleration of an already-planned step for the other.",relief,joy,I felt ... when my boyfriend said I could move in when my flat flooded,relief,relief,1.0,True,True,Unambiguous
41287,19,someone recovering from a serious illness who doesn't take waking up for granted,someone struggling with depression who dreads each new day,"Waking up is grateful relief for someone recovering from serious illness, but the same fact of another day starting can read as dread for someone struggling with depression.",relief,sadness,I felt ... when I woke up this morning because another day had passed,relief,boredom,0.2,False,True,Author-Independent Ambiguous
41220,19,someone living paycheck to paycheck with no financial safety net,someone who could easily have borrowed from family but chose to ask a friend instead,"A friend's loan averts real financial disaster for someone with no safety net, while for someone with other options available it reads more as warm gratitude and trust in the friendship than as desperate relief.",relief,relief,"I felt ... when I was very broke and I needed some money to pay for a particular bill that came up unexpected. My car engine broke down and I wasn't expecting such situation to happen initially, but the situation happened at a time when I had no money.But at the end of the day, my close friend loaned me some money to fix the problem, so i was well ....",relief,relief,0.8,True,False,Unambiguous
41225,19,someone who relies entirely on their car for work with no backup transportation,someone who has other vehicles or transportation options available,"Getting the totaled car back matters enormously to someone with no other way to get to work, but is a minor logistical note for someone with alternative transportation.",relief,relief,My car was hit by a drunk driver and because it's an older car we were pretty sure it would be totaled even though the damage was only cosmetic. It was totaled but his insurance let us take the car back and gave a couple grand for when we get a new car. It was a ... to be able to get the car back because I don't have another one yet.,relief,relief,0.4,True,False,Author-Independent Ambiguous
41228,19,someone who has never lost a loved one and was terrified of this being a first,someone who has already lost several family members and has grown numb to health scares,"A first real brush with losing someone is terrifying, so recovery brings intense relief; for someone who has weathered several losses already, a similar scare barely registers.",relief,no-emotion,My grandad recovered from a temporary ailment. I have not lost anyone close to me as yet and I did not feel ready to. This was the closest I have come and I felt a sense of hopelessness and upset and so the ... when it was not life threatening was huge.,relief,relief,0.8,True,True,Unambiguous
41236,19,a football fan,a sports bettor,"fan reads wins as casual enjoyment, bettor reads them as money-linked relief",joy,joy,Arsenal won 2 games,relief,joy,0.8,False,False,Author-Independent Ambiguous
41239,19,a daughter,a distant relative,"daughter reads it as deep personal relief, distant relative reads it as mild, detached relief",relief,relief,I found out my mam didn't need a serious surgery,relief,relief,1.0,True,False,Unambiguous
41251,19,a recent high school graduate,a returning adult student,"recent graduate reads it as standard progression, returning student reads it as redemption from past regret",relief,relief,"i got into university. Because i felt like i actually had a future, and wouldn't feel any regret with my past education.",relief,pride,0.4,False,False,Author-Independent Ambiguous
41260,19,"a survivor of a controlling, abusive relationship who thought they'd never trust anyone again",someone who took a short break after a breakup and started dating again quickly,"Loving again after real trauma is deep relief for an abuse survivor, but simple new-relationship happiness for someone who only had a brief, uncomplicated single stretch.",relief,relief,"I felt ... when I realized that despite my past, I had the ability to love again. After a horrible toxic relationship, I felt as if I would be better off alone forever. I moved to a different city, met new people and was able to fall in love again.",relief,relief,0.6,True,False,Author-Independent Ambiguous
41262,19,a father whose wife previously had a miscarriage before this pregnancy,"a father whose wife had an uncomplicated, low-risk pregnancy throughout","A safe delivery is fraught relief for a father who already knows pregnancy can go wrong, but straightforward joy for one whose pregnancy was never in doubt.",relief,relief,"I felt ... when my wife successfully delivered our son. Prior to that moment, it has been very tensed for us.",relief,relief,0.6,True,False,Author-Independent Ambiguous
41271,19,an animal lover who has previously lost a pet suddenly to illness,someone who isn't especially attached to their partner's dog but is glad for their partner's sake,"Good news about the dog is deeply personal relief for someone who has lost a pet before, but a much lower-stakes, secondhand kind of gladness for someone not especially attached to this particular dog.",relief,relief,"i felt ... when I found out that my boyfriends dog was going to be okay. They had taken the dog to the vet to get some tests and found out that if the results were bad, they would have to put him down.",relief,relief,0.8,True,False,Unambiguous
41343,19,someone who worried they couldn't afford grad school without funding,"someone from a wealthy family for whom the scholarship is a nice bonus, not a necessity","The scholarship removes a real financial barrier for someone who feared they couldn't afford school, but is simply a welcome extra for someone whose family could have covered costs anyway.",relief,relief,I felt ... when I received my masters acceptance and saw that I got a scholarship too.,relief,relief,0.4,True,False,Author-Independent Ambiguous
41348,19,a college student,a divorcee,"student reads it as logistics finally done, divorcee reads it as a heavier life-transition milestone",relief,relief,When I finally finished moving out of my apartment into my new place,relief,relief,1.0,True,False,Unambiguous
41349,19,a young patient,an adult patient,"young patient's relief reads as immature/simple, adult patient's relief reads as overcoming a long-standing avoidance",relief,relief,a recent dental surgery was over because I am terrified of dentists,relief,relief,0.8,True,False,Unambiguous
41352,19,a dog sitter,a new pet owner,"sitter reads it as relief from liability to the owner, new owner reads it as relief for the pet itself",relief,relief,I'm dog-sitting a puppy and I left him alone yesterday for the first time. When I came home he was napping and hadn't peed in the house or destroyed anything.,relief,relief,1.0,True,False,Unambiguous
41360,19,a cancer patient,a first-time surgery patient,"cancer patient reads it as life-threatening-stakes relief, first-time patient reads it as general medical-fear relief",relief,relief,When I made it through my surgery safely,relief,relief,1.0,True,False,Unambiguous
41363,19,someone with driving anxiety unfamiliar with the area's roads,an experienced road-tripper who drives unfamiliar routes all the time,"Arriving safely is meaningful relief for someone anxious about driving unfamiliar roads, but unremarkable for a seasoned road-tripper used to it.",relief,no-emotion,I felt ... when I arrived safely and calmly to our destination after driving a rental car in a different province.,relief,relief,1.0,True,True,Unambiguous
41319,19,a minimum-wage teenager drowning in fines with no financial safety net,a college student whose parents already cover all their expenses,"Having crushing fines paid off is a huge weight lifted for a teen surviving on minimum wage, but unsurprising, expected support for a student whose parents already cover everything.",relief,no-emotion,So basically I felt a huge ... a few months back because let me start of by saying I’m 19 so I make minimum wage. So basically over the course of about two months I got about 4 speeding tickets each of them 200$ a piece so it was a lot for someone my age and I was working super hard. Anyways so one day I’m coming home from work super tired and upset because I know all my money from work is going towards these tickets right. So I get a phone call from my mom telling me she had a surprise for me and she pretty much went to the court house and paid all my ticket fees and the ... I felt knowing I wouldn’t have to slave my days away just to give my money back to the governing anyways I know this is long but I admire my mom for that and it was a big ... and weight off my chest !,relief,relief,0.8,True,True,Unambiguous
41296,19,someone who has already lost a family member in a similar accident before,someone who heard about the crash secondhand with no real personal stake until confirming safety,"Confirming a family member's safety is profound relief for someone who has lost a relative in a similar accident before, but more of a passing startled reaction for someone with less direct stake in the news.",relief,relief,i felt ... when i heard that my cousin was not a part of the crew that suffered a crash.,relief,relief,0.8,True,False,Unambiguous
41299,19,a high school graduate,a first-generation student,"graduate reads it as standard next step, first-gen student reads it as breaking a barrier",relief,relief,I got my Leaving Cert results and had enough points to go to college,relief,relief,0.6,True,False,Author-Independent Ambiguous
41311,19,a struggling tenant,a single parent,"tenant reads it as personal housing relief, single parent reads it as relief for the whole family's stability",relief,relief,I signed a lease to our house just before we became homeless.,relief,relief,0.6,True,False,Author-Independent Ambiguous
51901,19,a student on academic probation who needed to pass to stay enrolled,a strong student who was just being modest about their chances,"Passing a feared course is critical relief for a student on probation, but affirms an already-expected good outcome for a strong student who was only being modest.",relief,relief,I felt ... when I got to know that the course which I thought I would fail I latter perform excellently there,relief,relief,0.6,True,False,Author-Independent Ambiguous
51915,19,a husband,a stay-at-home parent,"weak divergence: husband reads it as neutral routine, stay-at-home parent reads it as start of a solitary day",relief,relief,my wife just left for work,relief,relief,0.4,True,False,Author-Independent Ambiguous
51918,19,an aunt,a distant relative,"aunt reads bell-ringing as close personal relief, distant relative reads it as milder, secondhand relief",relief,relief,My neice rang the bell to be cleared of cancer,relief,relief,0.8,True,False,Unambiguous
51919,19,a grandchild,a caregiver,"grandchild reads it as close personal relief, caregiver reads it as duty-linked relief",relief,relief,When my nannan was okay after her operation,relief,relief,1.0,True,False,Unambiguous
51922,19,a high school student,a mature student,"high school student reads it as standard progression, mature student reads it as a hard-won second chance",relief,relief,I got college placement place,relief,joy,0.4,False,False,Author-Independent Ambiguous
51926,19,an expectant mother,an expectant father,"mother's reading centers on her own physical experience, father's centers on anticipatory support",joy,relief,I went to my first baby scan,relief,joy,0.8,False,True,Author-Relevant Ambiguous
51821,20,a new parent,a special needs parent,both feel settling-in relief but the second carries far higher stakes,relief,relief,When my child settled well into school,relief,pride,0.8,False,False,Author-Independent Ambiguous
51826,20,a routine checkup patient,a cancer patient,clearance means mild reassurance for one and life-altering relief for the other,relief,relief,I received some test results back from the doctor that cleared me of further illnesses,relief,relief,0.8,True,False,Unambiguous
51835,20,a domestic violence survivor who feared for her safety for months,someone mildly annoyed by an ex's occasional unwanted messages,"The harassment ending is profound, safety-related relief for a domestic violence survivor, but a much smaller relief from mild annoyance for someone only mildly bothered.",relief,relief,When my ex partner finally stopped harassing me. He would make me feel so scared that once it stopped I was so ....,relief,relief,0.6,True,False,Author-Independent Ambiguous
51837,20,a mother,a babysitter,a mother's panic over a lost child outweighs a babysitter's alarm,relief,relief,i thought my little girl had gone missing but she was hiding,relief,relief,0.8,True,False,Unambiguous
51849,20,a new driver,a delivery driver,"a new driver reads as embarrassed relief, a delivery driver as cost-relief",relief,relief,I realised I hadn’t had put the wrong fuel in my car,relief,relief,0.6,True,False,Author-Independent Ambiguous
51857,20,someone with severe social anxiety who dreads phone calls,someone who simply finds phone calls mildly less convenient than email,"Being allowed to stop taking calls is significant relief for someone with real phone-related anxiety, but a minor convenience for someone only mildly inconvenienced by calls.",relief,relief,I felt ... when my boss sent a message saying that I could switch from taking phone calls to responding to letters.,relief,relief,0.8,True,False,Unambiguous
51866,20,someone who couldn't afford to replace the device if it were broken,someone who has several backup devices and wasn't particularly worried,"Fixing the ipad averts real financial hardship for someone who couldn't afford a replacement, but is barely a blip for someone with backup devices already available.",relief,no-emotion,I felt ... when I was able to get my ipad to work after I thought it was broken,relief,relief,0.8,True,True,Unambiguous
51881,20,someone whose phone holds irreplaceable photos of a deceased loved one,someone who has a habit of misplacing phones and always finding them again,"Finding the phone recovers irreplaceable memories for one person, but is a routine, low-stakes recovery for someone used to regularly losing and finding their phone.",relief,relief,I felt ... when I found my lost phone.,relief,fear,0.6,False,False,Author-Independent Ambiguous
51882,20,a committee chair,a long-time committee member,"departure reads as relief from conflict for one, loss of allies for other",relief,relief,When certain committee members left the committee.,relief,sadness,0.4,False,False,Author-Independent Ambiguous
51883,20,a recent graduate,a laid-off parent,a graduate's excitement vs a parent's financial relief,relief,relief,I got a job after months of searching.,relief,relief,0.6,True,False,Author-Independent Ambiguous
51889,20,a young patient,a parent of young children,personal health scare vs fear of leaving children behind,relief,relief,"I was being investigated for a brain tumour and I was not it was not a tumor nor cancerous, but inflammatory scarring caused by shingles",relief,relief,1.0,True,False,Unambiguous
51896,20,a procrastinating student,a busy parent,small personal win vs relief from ongoing household pressure,relief,relief,I've finally got round to doing a task which Ive been putting off.,relief,relief,0.8,True,False,Unambiguous
51897,20,a primary caregiver who had been dreading years of a parent's declining care needs,someone who lived far away and had little role in caregiving decisions,"A caregiver facing years of dreaded decline reads the death as bittersweet relief, while someone with little caregiving involvement reads the same death as straightforward grief.",relief,sadness,"I felt ... when my father died after a short illness because I feared that even if he recovered from his illness, he would then have a lifestyle and standard of living which he would not be happy with, and in which I would struggle to look after him satisfactorily.",relief,relief,0.8,True,True,Unambiguous
51992,20,"someone anxiously awaiting a loved one's return from a long, uncertain journey",someone reluctantly informed that an unwelcome visitor is about to arrive,"News of someone's arrival is joyful relief when anxiously awaiting a loved one's safe return, but reads as dread when it signals an unwelcome visitor showing up.",relief,fear,I felt ... when I heard about your coming.,relief,joy,0.8,False,True,Author-Independent Ambiguous
51996,20,someone who had a previous miscarriage and was anxious throughout this pregnancy,someone with a low-risk pregnancy attending a routine scheduled scan,"Confirmation the baby is healthy is anxious relief for someone who has had a miscarriage before, but simple happy news for someone with an uneventful, low-risk pregnancy.",relief,relief,When I attended my 12 week pregnancy scan. It was such a ... to know everything was okay and he was healthy and growing as he should be.,relief,relief,1.0,True,False,Unambiguous
52004,20,a college student,a gig worker,casual interest vs income-dependent relief at getting a slot,relief,relief,There were 15 slots left on prolific and I got in this study,relief,joy,0.6,False,False,Author-Independent Ambiguous
52012,20,a student who nearly missed the deadline due to a personal crisis,an organized student who finished the assignment days in advance,"Submitting just in time is real relief for a student who nearly missed the deadline during a crisis, but a non-event for an organized student who finished early anyway.",relief,no-emotion,I felt ... when I submitted my midterm last night.,relief,relief,0.8,True,True,Unambiguous
52015,20,a property investor,a retired couple,business relief vs relief tied to retirement plans depending on the sale,relief,relief,"we were trying to sell our second home and it seemed we were not going to actually sell it as we had no people around in ages. Then someone viewed and offered asking price, they were a cash buyer and the sale went through in only 6 weeks",relief,relief,0.6,True,False,Author-Independent Ambiguous
52018,20,a cancer patient,a worried family member,direct relief for the patient vs secondhand relief for the relative,relief,relief,When a medical test came back negative for cancer.,relief,relief,0.6,True,False,Author-Independent Ambiguous
52020,20,a frequent flyer,a first-time flyer,routine landing vs major relief given the stated fear of flying,relief,relief,our aeroplane landed.  (I'm terrified of flying),relief,relief,1.0,True,False,Unambiguous
52029,20,a university student,a competitive student,general satisfaction vs relief at beating out rivals for the top choice,joy,joy,I was assigned my project of choice for my final year degree project,relief,relief,0.8,True,False,Unambiguous
52036,20,someone caring for an elderly or immunocompromised family member,someone tested only because it was required for work with no one vulnerable at home,"A negative test protects a vulnerable relative for one person, making it significant relief, while it is a routine formality for someone with no vulnerable people at home.",relief,no-emotion,"I felt ... when I tested negative for covid 19, because testing positive would have meant that myself and my son would get poorly and pass it to other family members.",relief,relief,0.8,True,True,Unambiguous
52045,20,a novelist,a graduate student,loss of creative work vs loss of critical academic work,relief,relief,I found my manuscript that I had lost the day prior.,relief,relief,1.0,True,False,Unambiguous
52046,20,a parent,a grandparent babysitting,a parent's panic vs a grandparent's added guilt over losing a grandchild,relief,relief,I lost my daughter while in a large department store and then found her safe and sound,relief,relief,0.6,True,False,Author-Independent Ambiguous
51962,20,a military spouse,a college student,deployment-driven separation vs a lighter long-distance relationship reunion,relief,joy,I finally saw my long distance partner in person after waiting 9 months.,relief,joy,0.8,False,True,Author-Relevant Ambiguous
51982,20,a first-generation grad student who would have had to withdraw from the program if they failed,a student who could easily retake the course next semester with no real consequence,"Passing is a program-saving relief for a student who would otherwise have had to withdraw, but a lower-stakes outcome for someone who could simply retake the course.",relief,relief,"I felt ... when I got a passing grade in Intermediate Biostats in grad school because I was making a failing grade going into the final, but I made an A on the final so I passed and was able to graduate",relief,relief,0.8,True,False,Unambiguous
51929,20,an office worker,a person with a disability,routine task completion vs a more significant personal accomplishment,relief,relief,I was able to complete a task that I was having issues completing,relief,relief,0.6,True,False,Author-Independent Ambiguous
51930,20,a babysitter,a parent,a babysitter's professional worry vs a parent's deeper panic,relief,relief,"the child I was babysitting ran off in the park and I couldn't find him for a few minutes, and then he finally came out of the wooded area that he had followed some other children into.",relief,fear,0.6,False,False,Author-Independent Ambiguous
51945,20,a close friend,a distant acquaintance,deep concern over silence vs mild surprise at a call,relief,relief,A friend who had stopped talking completely for a while (health reasons) called me,relief,relief,0.4,True,False,Author-Independent Ambiguous
51946,20,a young waitress,a longtime employee,first bad job experience vs a harder-earned decision to leave,relief,relief,I quit my job as a waitress at a restaurant where I felt like they didn't treat their employees with respect.,relief,anger,0.6,False,False,Author-Independent Ambiguous
51949,20,a divorced homeowner,a freelancer,emotional relief tied to divorce vs financial relief tied to income status,relief,relief,"I finally was able to get approved to refinance my home after a divorce.  My income is somewhat non-standard (not salaried) and even though it is quite consistent and reliable (arguably more reliable than a salary because I can't really get ""fired"") the bank did not like that the amount wasn't guaranteed.  It looked at one point like I was going to have to sell my home.",relief,relief,0.8,True,False,Unambiguous
51953,20,a young patient,a chronic illness patient,one-off scare vs relief after long-term uncertainty,relief,relief,i had a health problem resolved,relief,relief,1.0,True,False,Unambiguous
51957,20,a husband,a family friend,personal relief in the marriage vs an outsider's relief watching it heal,relief,relief,"my wife and my mother, after years of therapy, conversations, and emotional turmoil fueled by my mother's alcohol abuse, finally started to rebuild a relationship.",relief,relief,0.8,True,False,Unambiguous
6736,20,a retail worker,a party host,end-of-shift relief vs relief after hosting guests,relief,relief,I get home and don’t have to be social,relief,relief,1.0,True,False,Unambiguous
6752,20,a job seeker,a career changer,routine interview relief vs relief tied to a bigger life change,relief,relief,after a job interview,relief,pride,0.4,False,False,Author-Independent Ambiguous
6761,20,a new employee,a crime victim,workplace stress support vs support after a serious personal event,relief,relief,when I had someone help me with a stressful event,relief,relief,0.8,True,False,Unambiguous
6768,20,an adult child,a caregiver,a child's emotional relief vs a caregiver's practical relief,relief,relief,my dad was told his cancer had not spread.,relief,relief,1.0,True,False,Unambiguous
6773,20,a healthcare worker,an office worker,occupational exposure risk vs routine personal concern,relief,relief,My covid pcr test was negative,relief,relief,0.8,True,False,Unambiguous
6779,20,a recent graduate,a longtime employee,first job frustration vs relief after years of dissatisfaction,relief,relief,I quit my job that I hated,relief,relief,0.8,True,False,Unambiguous
6789,20,a family who had already sold their home and had nowhere to go if this deal fell through,an investor buying an additional property with other housing options available,"Having the offer accepted averts a housing crisis for a family with nowhere else to go, but is simply good news on one of several deals for an investor with other options.",relief,relief,I felt ... when we had an our offer accepted for the house we now call our home. We had sold our then current property and we due to exchange in a couple of weeks despite the fact we had nowhere else to go yet. Thankfully everything fell in to place at the last minute and it was a huge ... for us all!,relief,relief,0.8,True,False,Unambiguous
6796,21,a webinar host,a webinar attendee,a host bears responsibility for the webinar running smoothly so the relief is stronger than for a passive attendee,relief,relief,When the webinar was over as I was concerned it wouldn't run smoothly,relief,relief,0.6,True,False,Author-Independent Ambiguous
6799,21,someone who couldn't afford to replace a phone bought only weeks ago,someone with insurance and a spare phone as backup regardless,"A phone surviving a bathtub fall is major financial relief for someone who couldn't afford a replacement, but a pleasant surprise, not a relief, for someone with insurance and a spare already on hand.",relief,surprise,"I had my cell phone on the rim of the bathtub. My home phone rang, I grabbed it and my cell phone fell into the bathtub.  AAAGHHHHHH.  I had bought the phone within the last month.I dried it, put it in a bag of rice overnight, and in the morning discovered that it was still working.  What a ...!",relief,relief,1.0,True,True,Unambiguous
6801,21,a hobby crafter,an art student,"a student's finished project reads as an achievement milestone, a hobbyist's reads as personal satisfaction",pride,pride,When I completed a large cross stitch which took me over a month to complete. P,relief,pride,0.6,False,False,Author-Independent Ambiguous
6804,21,a tourist,an immigrant,an immigrant's documentation trouble carries legal/residency stakes a tourist's does not,relief,relief,I got home from a flight that we were almost refused on as we didn't have the right documentation,relief,relief,0.6,True,False,Author-Independent Ambiguous
6808,21,a first-time seller,an experienced landlord,"a first-time seller's uncertainty makes the fast, profitable sale read as more surprising relief",relief,surprise,"my house sold. My husband and I decided to sell our house last year. It was a hard year for us. He finished his contract at the military and we really hadn't planned for the transition. Due to some circumstances this transition happened sooner than expected. We decided the best thing to do was move to another state to pursue an opportunity. I was really nervous about selling a house during a pandemic, even if the market and interest rates were the best they ever were. I just didn't think someone would want our house or that it wouldn't sell that quick. It sold in 4 days. We received multiple overs and I never imagined having that much profit only having a mortgage for 2 years.",relief,surprise,0.6,False,True,Author-Relevant Ambiguous
6810,21,a student whose only path to their dream career required this exact exam grade,a student with several backup options regardless of the exam outcome,"Good results are make-or-break relief for a student whose only path forward depended on them, but simply good news for a student with backup options either way.",relief,relief,"I felt ... when I got my results back from my year 12 exams and found out that I did well, because I was very stressed beforehand and did not believe that I had done well. i needed to do well to get into the uni course that I wanted and I was so ... to find out that I had in fact achieved the grades for this.",relief,relief,0.8,True,False,Unambiguous
6815,21,a cancer patient,a patient's parent,hearing the scan result about oneself differs from a parent's relief about a child's scan,relief,relief,I was told that a CT scan hadn’t identified any metastatic disease in my body.,relief,relief,0.8,True,False,Unambiguous
7143,21,someone with a medical condition that makes dehydration dangerous for them,"a casual, fit hiker who was just mildly thirsty and inconvenienced","Finally getting water is medically significant relief for someone for whom dehydration is dangerous, but just the end of a mild inconvenience for a fit, casual hiker.",relief,relief,"we went on a hike on a UK holiday. The weather was warmer than we anticipated, the hike was rougher, we didn't take enough to drink as we were stopping at a cafe on the way. The cafe had closed! We had to trawl all the way back to the holiday cottage and when I saw it on the horizon, got there and had a long drink, that was true ....",relief,relief,0.4,True,False,Author-Independent Ambiguous
7144,21,a music student,a professional musician,a mistake-free performance is a bigger milestone for a student than for a seasoned performer,pride,pride,I perform  concert without mistakes,relief,pride,0.8,False,False,Author-Independent Ambiguous
89,21,a retiring employee,a laid-off worker,a leaving date reads as welcome closure for one and confirmation of involuntary loss for the other,relief,relief,I finally was told my leaving date for my current job.,relief,no-emotion,0.2,False,False,Author-Independent Ambiguous
2179,21,an expectant mother,a surrogate mother,personal versus contracted pregnancy loss changes the emotional weight of the same statement,sadness,sadness,I had a miscarriage recently,sadness,sadness,1.0,True,False,Unambiguous
2163,21,a daughter,a distant relative,closeness to the parent changes how deeply the diagnosis and death land,sadness,sadness,my dad was diagnosed with cancer and eventually passed away.,sadness,sadness,1.0,True,False,Unambiguous
2168,21,"someone whose closest, oldest friendship is now falling apart",someone quick to anger who frequently bickers with casual acquaintances,"An argument threatens a cherished, long-term friendship for one person, evoking sadness, while for a quick-tempered person prone to frequent spats it reads more as ordinary anger.",sadness,anger,I felt ... when arguing with a friend,sadness,anger,0.4,False,True,Author-Independent Ambiguous
2169,21,a parent who was the primary caregiver through their son's long illness,a parent estranged from their son at the time of his sudden death,"A parent who cared for their son through illness feels pure grief, while an estranged parent's grief is compounded by guilt over the unresolved relationship.",sadness,sadness,I felt ... when my 18 year old son passed away.,sadness,sadness,1.0,True,False,Unambiguous
2172,21,a young adult,an elderly person,a chronic diagnosis disrupts a young adult's expected path more than an older person's,sadness,fear,I was diagnosed with fibromyalgia,sadness,sadness,0.6,True,True,Author-Relevant Ambiguous
31098,21,a pet owner,a dog breeder,personal companionship loss reads differently than a professional breeder's loss of an animal,sadness,sadness,When my dog died,sadness,sadness,1.0,True,False,Unambiguous
31114,21,someone leaving behind a tight-knit friend group they fear losing touch with,someone eager to leave home and start college far away,"Graduating feels like loss for someone dreading separation from close friends, but like an exciting new beginning for someone eager to leave and start college elsewhere.",sadness,sadness,I felt ... when I graduated high school because I remember that I'm growing up and that means leaving people behind.,sadness,sadness,1.0,True,False,Unambiguous
31116,21,a homeowner,a tenant,a homeowner's financial and sentimental stake in the house differs from a renter's,sadness,sadness,my house burned down,sadness,sadness,0.6,True,False,Author-Independent Ambiguous
31118,21,a daughter,a distant relative,closeness to the father changes the weight of his death,sadness,sadness,my dad died,sadness,sadness,1.0,True,False,Unambiguous
31009,21,a devoted grandchild who has been the primary caregiver through their grandmother's decline,a distant relative visiting occasionally who isn't used to dementia's effects,"A devoted daily caregiver processes this outburst as familiar, heartbreaking grief, while a rarely-visiting relative unused to dementia's effects experiences it as more frightening and disorienting.",sadness,sadness,"I felt ... when my grandmother was suffering from dementia, forgot that her husband died, and wanted to die when she found out that he was gone again. She blamed me for lying to her and said I didn't love her.",sadness,sadness,0.6,True,False,Author-Independent Ambiguous
31015,21,someone with anxious attachment and a history of being abandoned by people they loved,"someone in a secure, low-conflict relationship who was only mildly disappointed","A late text triggers deep sadness rooted in fear of abandonment for someone with an anxious attachment history, but barely registers for someone secure in their relationship.",sadness,sadness,I felt ... when my boyfriend didn't text me back in a timely manner. He has moved to another city for college. We used to hang a lot before he left so when we couldn't see each other like how I wanted to it made me feel very .... I want him to myself which I know is selfish now but then it made me ... and brokenhearted. I cried for a few days. I do have relationship anxiety so I think that was a big part of it. I'm okay now I haven't cried about it. We talked it through and I feel better about the situation.,sadness,sadness,1.0,True,False,Unambiguous
31021,21,a young adult,a divorced adult,"the statement is vague, so divergence is weak, but relationship history would color the reading differently",sadness,sadness,I was in a personal relationship,sadness,sadness,0.4,True,False,Author-Independent Ambiguous
31029,21,a child,an adult,a child's grasp of a pet's unwitnessed death differs from an adult's more measured reaction,sadness,sadness,"my pet fish died, and I wasn't there. The person feeding him for me told me.",sadness,sadness,1.0,True,False,Unambiguous
31034,21,a daughter,a distant relative,closeness to the mother changes the emotional weight of the death notification,sadness,sadness,I was notified of my mother's death.,sadness,sadness,1.0,True,False,Unambiguous
31056,21,a girlfriend,a friend,a partner's move away carries more relational stakes than a friend's move,sadness,sadness,My boyfriend is moving away,sadness,sadness,1.0,True,False,Unambiguous
31060,21,a young adult,a key worker,missing a birthday and family time reads differently for someone losing a celebration versus someone bound by duty,sadness,sadness,in the uk we were put into a lockdown over Christmas where I thought I would be able to see my family who I hadnt seen in a while and celebrate my 21st birthday,sadness,sadness,0.8,True,False,Unambiguous
31062,21,a wife,a fertility patient,a failed IVF cycle reads more personally for a wife pursuing family with a partner than for a patient in treatment,sadness,sadness,IVF failed,sadness,sadness,0.6,True,False,Author-Independent Ambiguous
31067,21,someone for whom this is the first death they've ever experienced in their family,someone who has already lost several family members and has grown somewhat used to health scares,"A first encounter with a dying relative brings existential fear for someone with no prior experience of death, while someone who has been through it before experiences it as familiar, resigned sadness.",sadness,sadness,"I felt ... when I visited my great grandmother in the hospital and knew this would be the last time I saw her alive due to her old age and current condition. Death has always been extremely ... to me, and this was my first time experiencing it with a close family member.",sadness,sadness,1.0,True,False,Unambiguous
31070,21,a grandmother,a distant relative,closeness to the grandson changes the depth of the loss,sadness,sadness,When my grandson died,sadness,sadness,0.8,True,False,Unambiguous
31077,21,a close friend,a new acquaintance,"the depth of the friendship determines how much a ""broken heart"" from a friend registers",sadness,sadness,my friend broke my heart,sadness,sadness,1.0,True,False,Unambiguous
31083,21,a devoted fan who waited years for this specific show with no other chance to see it,a casual fan who has other opportunities to catch a later date,"A cancelled show is a devastating loss for a devoted fan who waited years with no other chance, but barely an inconvenience for a casual fan with other options.",sadness,sadness,i felt ... when the concert I was supposed to go to got cancelled,sadness,sadness,1.0,True,False,Unambiguous
31089,21,"an adult child who had a difficult, strained relationship with their mother",an adult child who was extremely close to and emotionally dependent on their mother,"A strained relationship complicates grief with guilt over things left unresolved, while a close, dependent relationship produces more straightforward, overwhelming sadness.",sadness,sadness,I felt ... because my mother died.,sadness,sadness,1.0,True,False,Unambiguous
41448,21,a sister,a distant relative,closeness to the sibling changes how the cognitive decline is experienced,sadness,sadness,"my sister developed multiple sclerosis and has slowly disappeared, from a cognitive standpoint.",sadness,sadness,1.0,True,False,Unambiguous
41377,21,a childhood friend who has stayed close for years despite recent estrangement,an old acquaintance who lost touch years ago and just heard the news secondhand,"News about a once-close friend's crisis is genuine grief for someone who stayed connected, but more of a distant, surprised reaction for an acquaintance who lost touch long ago.",sadness,sadness,"I felt ... when I heard about a friend who has recently gone into a psych ward because he used to be very close to me, an ambitious young man, but for reasons that may or may not be in his control he has abandoned society and society has done the same to him.",sadness,sadness,0.6,True,False,Author-Independent Ambiguous
41378,21,a longtime pet owner who has never had to euthanize an animal before,a veterinarian who performs euthanasia procedures regularly but this is their own pet,"A first euthanasia decision is devastating, unfamiliar grief for an ordinary pet owner, while a vet's professional familiarity with the procedure shifts the emphasis toward relief that the suffering is over.",sadness,relief,I knew I needed to put my dog Holly to sleep. It was awful but I knew it was the right thing to do to stop her suffering she looked so ... most of the time.,sadness,sadness,1.0,True,True,Unambiguous
41397,21,a college student,a returning traveler,"the text is understated so divergence is weak, but returning to a dorm differs from returning from abroad",sadness,relief,when I returned to my apartment after being away during COVID.,sadness,relief,1.0,False,True,Author-Relevant Ambiguous
41402,21,someone whose parents never got to see them graduate,someone excited to finally leave behind a difficult school environment,"Graduating without a parent present to witness it carries real grief, while for someone glad to escape a difficult school environment the same day feels more like relief.",sadness,sadness,I felt ... when I graduated high school,sadness,pride,0.8,False,False,Author-Independent Ambiguous
41407,21,a coworker,a close friend,worry over a damaged relationship carries more weight for a close friend than a coworker,guilt,guilt,I thought I had upset a fiend and damaged our relationship,sadness,guilt,0.8,False,False,Author-Independent Ambiguous
41415,21,someone who left a stable job specifically to take this new position,someone who had already turned down other offers and had backup options ready regardless,"Losing a job you gave up stability for is devastating sadness, but losing one you had other options lined up for provokes more anger at the unfairness than grief.",sadness,sadness,I felt ... when I was laid off from a job I had just started and was excited for.,sadness,anger,0.4,False,False,Author-Independent Ambiguous
41425,21,someone whose dog is their only companion and family,a professional dog trainer experienced in handling animal medical emergencies calmly,"Watching an only companion get hit by a car is devastating grief for someone with no other family, while a professional trainer's experience with emergencies keeps the focus on fear in the moment rather than grief.",fear,fear,"The ... day of my life is when my dog got hit by a car. I watched her get hit. Luckily after everything was said and done she ended up being okay, but at the time it was the worst and ... day of my life. She is my best friend. TAfter finding out she wasnt going to die I still had to quit my job to rehab her and nurse her back to health.",sadness,relief,0.6,False,False,Author-Independent Ambiguous
41503,22,an adult child who has always felt like the family outsider or afterthought,an adult child who is simply mildly curious about their family's spontaneous plans,"Being excluded from a trip confirms painful feelings of being an outsider for one person, but is just mild, surprised curiosity for someone without that history.",sadness,sadness,I felt ... when I called my mom and found out that she and my dad were on vacation with my brother and they hadn't told me they were going somewhere together.,sadness,sadness,0.6,True,False,Author-Independent Ambiguous
41507,22,a long-time employee,a new hire,attachment to the office location changes how disruptive the move feels,sadness,fear,My work office was relocating across the country,sadness,fear,0.4,False,True,Author-Relevant Ambiguous
41515,22,a vacationer,a study abroad student,a short trip ending reads as mild reluctance vs a longer chapter of life ending,sadness,sadness,When returning home from a vacation because I didn't want it to be over.,sadness,sadness,1.0,True,False,Unambiguous
41529,22,a child survivor of sexual assault silenced by shame and fear of not being believed,an adult retrospectively recounting the story as an advocate angrier at the troubled-teen program than at the original assault,"Told from the child's immediate vantage the dominant feeling is terror and fear of disbelief, while told from the adult advocate's retrospective vantage the dominant feeling shifts toward anger at the systemic response.",fear,anger,"When I was 13 years old I was raped by a friend’s older brother. I didn’t tell anyone about it. I felt embarrassed and scared. And because of keeping this inside, I began acting out. I was then sent by my parents to a wilderness troubled teens program where I was forced to live outdoors in a tent, cooking my own food, cutting down trees, and put into extreme physical labor type situations. I had just turned 14 at this point. I was confused as to why I had to wake up one morning with two strangers in my bedroom, who then handcuffed me and drove me 2 hours from my home and dropped me off in the woods with other young girls and some “group leaders” who were barely of age themselves. I lived my life like this, with no goodbyes to family or friends, for 5 months. I was terrified. And I was .... The most ... I’ve ever been in my life.",sadness,fear,0.6,False,True,Author-Relevant Ambiguous
41479,22,someone who helped raise this dog since it was a puppy and considered it partly their own,someone who lived elsewhere and only saw the dog occasionally at family visits,"A dog raised since puppyhood as one's own is a deep personal loss, while a dog only seen occasionally at family visits produces a milder, more distant sadness.",sadness,sadness,I felt ... when my sister's dog passed away.,sadness,sadness,1.0,True,False,Author-Relevant Ambiguous
41481,22,an only child for whom this dog was their closest lifelong companion,"someone from a large, close-knit family where the dog was one of many shared pets","Losing a sole childhood companion is intense, singular grief for an only child, but a shared, distributed loss for someone from a large family with many pets.",sadness,sadness,"i felt ... when i lost my first dog, it was ... because i had grown up with the dog since a child it was apart of my family.",sadness,sadness,1.0,True,False,Unambiguous
52149,22,the family member who was present for the dog's final moments,an adult child who lives far away and hadn't seen the dog in over a year,"Being present at the end makes the loss immediate and raw, while hearing about it from a distance, having already been apart from the dog for a year, softens the grief.",sadness,sadness,My parent’s dog died. We knew Doris was getting old but it was still very ... when she died. I still miss her but I’m getting less ... as time goes on.,sadness,sadness,0.8,True,False,Unambiguous
52157,22,a young person witnessing their strong parent break down emotionally for the very first time,an adult who has already witnessed their mother's grief many times due to prior family losses,"Seeing a parent's composure shatter for the first time is frightening as well as sad for a young witness, while an adult already familiar with their mother's grief experiences it as more purely sad and less shocking.",sadness,sadness,"I felt ... when it was during Ramadan 2020 during the pandemic. I remember hearing little conversations about my uncle (mothers brother) being ill and I'd always ask of him just to check if he was okay. My family and I had woken up at around 04:00 to pray fajr together. We'd finished praying and we were making dua as we usually do for the deceased and in general and I'm guessing my mum and dad had found out about his death earlier that morning and my mums voice just completely cracked and she broke down completely and just kept saying the words ""he's gone, (uncles name) gone"". It took me and my sister a while to process what we'd just been told and me, my mum and dad were in my parents room just crying for hours. I, personally had never really experienced death or grief in my life before, so this was the first time. Seeing my parents, especially my mum cry was ....",sadness,sadness,1.0,True,False,Unambiguous
52049,22,an only child solely responsible for the decision to withdraw life support,one of several siblings present who did not have to make the final decision alone,"Sole responsibility for withdrawing care adds heavy guilt on top of grief for an only child, while shared responsibility among siblings leaves the experience as more purely sorrowful.",sadness,sadness,"Last week I attended hospital and my father died. He was in a coma for about 10 days, but after some meetigns with doctors, it was decided to pull out his breathing tube. He would get morphine before that. Looking at my dad's face, with several tubes up his nose and down his throat made me feel .... It also made me ... to think I would never see him alive again.",sadness,sadness,1.0,True,False,Unambiguous
52050,22,a parent,a young child,whose dog it was and maturity level shape how the loss lands,sadness,sadness,our dog died of cancer suddenly a year ago.,sadness,sadness,1.0,True,False,Unambiguous
52051,22,a close grandchild,a distant relative,closeness to the deceased grandparent shifts depth of grief,sadness,sadness,my grandad passed away,sadness,sadness,1.0,True,False,Unambiguous
52064,22,a young child,an adult,first pet loss as a child vs a routine loss as an adult,sadness,sadness,my hamster died,sadness,sadness,0.8,True,False,Unambiguous
52077,22,a young parent,an adult sibling,being a parent leaning on her mother vs a sibling processing the loss differently,sadness,sadness,"When my mum died of cancer four years ago, I am a parent of two young children and she was my best friend and my mum, I relied on her and confided in her, I have not got many friends or family, she gave me strength and when she passed I felt half of me past with her.",sadness,sadness,1.0,True,False,Unambiguous
52079,22,a young boyfriend,an older boyfriend,life-stage weight of a long relationship ending differs by age,sadness,sadness,my long time girlfriend broke up with me.,sadness,sadness,1.0,True,False,Unambiguous
52087,22,a job seeker,a retiree,active regret while still job hunting vs retrospective regret in old age,sadness,sadness,sometimes i feel my life has not worked out the way i wanted it to and i missed some opportunities like not applying for certain jobs,sadness,guilt,0.4,False,False,Author-Independent Ambiguous
52088,22,a grandchild who lived with their grandmother and was her daily caregiver,a grandchild who lived far away and only saw her a few times a year,"A live-in caregiver's grief is immediate and all-consuming, while a distant grandchild's grief is tinged with guilt over the limited time they had together.",sadness,sadness,I felt ... when my grandmother died.,sadness,sadness,1.0,True,False,Unambiguous
52102,22,a bride,a wedding planner,personal stake in the wedding vs professional distance changes the reading,sadness,sadness,my parents were upset before my wedding,sadness,sadness,1.0,True,False,Unambiguous
52116,22,an employee,a manager,different stakes and responsibility change how stress reads,fear,fear,I am stressed at work,sadness,fear,0.4,False,False,Author-Independent Ambiguous
52118,22,a younger sibling,an estranged sibling,closeness to the brother changes depth of grief,sadness,sadness,My brother died,sadness,sadness,1.0,True,False,Unambiguous
52132,22,a coworker,a close friend,professional distance vs personal friendship changes weight of the resignation,sadness,sadness,my previous manager resigned from her position because we worked well together and she became a great friend outside of work. I knew she was being pushed out of the company.,sadness,sadness,0.6,True,False,Author-Independent Ambiguous
52138,22,a sibling,a distant relative,closeness to the sister changes how the disappointment lands,sadness,sadness,my sister couldnt get married due to covid,sadness,sadness,0.8,True,False,Unambiguous
52251,22,a young child from a low-income family worried their parents couldn't afford real presents,a spoiled child accustomed to receiving lavish gifts every year,"A flat-looking present triggers real fear and sadness about family hardship for a child worried about money, but reads as entitled disappointment bordering on anger for a child used to lavish gifts.",sadness,anger,"When I was a child, around Christmas time, there were many presents under the tree, with everyones name on. I found one of mine (wrapped, of course), but it was flat. Like 2 pieces of paper. I actually thought my parents had got me two sheets of paper for Christmas and I felt extremely ... about this. So after a lot of sobbing I got to open my present early. It was a cool glow in the dark skeleton, that was about 6 foot tall . It eventually hung on my bedroom wall for years after that, until it was too old to hang any more :-)",sadness,sadness,1.0,True,True,Unambiguous
52252,22,a wife,a home health aide,personal stake vs professional caregiving distance changes the reading,fear,fear,My husband was poorly with covid,sadness,fear,1.0,False,False,Author-Independent Ambiguous
52256,22,a teenage girlfriend,an adult girlfriend,life-stage weight of a breakup differs by age,sadness,sadness,My girlfriend broke up with me.,sadness,sadness,1.0,True,False,Unambiguous
52282,22,a close friend and daily lunch companion of the coworker for over a decade,a newer employee who worked in the same office but barely interacted with the coworker,"Losing a decade-long daily companion is profound personal grief, while losing a coworker one barely interacted with is a much milder, more distant sadness.",sadness,sadness,my co-worker passed away from a brain tumour they had for two years at the age of 39 and losing their presence at work was very ...,sadness,sadness,1.0,True,False,Unambiguous
52284,22,a recent graduate,an experienced professional,stakes of a rejection differ by career stage,sadness,sadness,I didn’t get a job,sadness,sadness,0.6,True,False,Author-Independent Ambiguous
52289,22,a husband,an estranged husband,whether the marriage was already fractured changes how the news lands,sadness,sadness,I found out that my ex-wife was divorcing me.,sadness,shame,0.4,False,False,Author-Independent Ambiguous
52290,22,someone whose husband is being deployed overseas for military service,someone who simply enjoys casual morning companionship before an ordinary workday,"A husband leaving for deployment carries real separation grief, while a husband leaving for an ordinary workday is just the mild end of pleasant morning company.",sadness,sadness,I felt ... when my husband left for work this morning. I like having him around and when he leaves it makes me ....,sadness,sadness,1.0,True,False,Unambiguous
52202,22,a teenage girlfriend,an adult girlfriend,life-stage weight of being dumped differs by age,sadness,sadness,my boyfriend dumped me,sadness,sadness,1.0,True,False,Unambiguous
52217,22,a casual viewer,a devoted fan,degree of investment in the show changes how the ending feels,sadness,sadness,my favourite serial drama comes to an end,sadness,sadness,0.8,True,False,Unambiguous
52225,22,a middle-aged partner,an elderly partner,life stage changes the weight of a long relationship ending,sadness,sadness,my 18 year relationship was ending,sadness,sadness,0.8,True,False,Unambiguous
52176,22,a father,a childless man,context of watching a kids movie alone changes how it reads,sadness,sadness,watching toy story 3 at the cenima as a grown man surrounded by children,sadness,shame,0.4,False,False,Author-Independent Ambiguous
52184,22,someone who has faced repeated rejection in competitive activities before,someone who had never failed at anything they seriously tried before,"Rejection is familiar, resigned sadness for someone used to being turned down, but a humiliating first real failure for someone who has never failed at anything before.",sadness,shame,I felt ... when I was rejected from a dance team after spending a year working on my dance skills.,sadness,sadness,0.8,True,True,Unambiguous
52196,22,someone in a long-distance relationship with no clear date for closing the distance permanently,"someone in a long-distance relationship with a set end date, like a lease ending, after which they'll live together","Parting feels open-endedly sad when there's no clear end to the distance, but is softened by confidence in the relationship's future when a set end date is already in place.",sadness,sadness,when my boyfriend left to go back home as we are long distance at the moment. We had an amazing month together and him leaving always gets me ... that we have to part ways.,sadness,sadness,0.8,True,False,Unambiguous
52197,22,someone desperate to leave a toxic current job who needed this offer to escape,someone comfortably employed elsewhere who was just casually exploring options,"A low salary offer dashes a real escape plan for someone desperate to leave a toxic job, but is a minor non-event for someone comfortably employed and just browsing options.",sadness,sadness,I felt ... when the job I was looking forward to working at didn't offer me the salary pay I needed to make the change in jobs.,sadness,sadness,0.6,True,False,Author-Independent Ambiguous
52198,22,a parent,a grandparent,degree of direct responsibility changes how the injury lands,fear,fear,My son broke his arm,sadness,sadness,0.6,True,False,Author-Independent Ambiguous
6829,22,a mother,a father,different personal and physical stake in the pregnancy loss,sadness,sadness,"After going through IVF and finally being pregnant with what should of been my second child, losing the baby when I was 9 weeks pregnant.",sadness,sadness,0.8,True,False,Unambiguous
6831,22,a newlywed wife,a longtime wife,life-stage weight of a divorce differs by length of marriage,sadness,sadness,when my husband and I divorced,sadness,sadness,0.8,True,False,Unambiguous
6835,22,a tourist,an expat visiting family,reason for the trip changes how leaving is experienced,sadness,sadness,I was packing my suitcase to come home from my holiday to Israel because I had enjoyed spending two weeks of with my sister and would miss the feeling of freedom.,sadness,sadness,1.0,True,False,Unambiguous
6836,22,a young renter,a single parent,stakes of the apartment denial differ by dependents,sadness,sadness,I was not approved for an apartment complex. After putting so much time and work into this. I was completly upset.,sadness,sadness,0.4,True,False,Author-Independent Ambiguous
6848,23,a young child,an adult coworker,"a child's hurt reads as minor and fleeting, a coworker's implies a more charged interpersonal slight",sadness,sadness,my feelings were hurt.,sadness,sadness,1.0,True,False,Unambiguous
6852,23,a student,a parent,"a student's lost trip reads as disappointment, a parent's implies financial strain and family responsibility",sadness,sadness,A trip I was really looking forward to was cancelled due to the pandemic as well as financial situations.,sadness,sadness,0.6,True,False,Author-Independent Ambiguous
6864,23,a close friend,a work acquaintance,betrayal from a close friend reads deeper than from a mere acquaintance at work,anger,anger,A friend betrayed me at work.,sadness,sadness,0.6,True,False,Author-Independent Ambiguous
6869,23,"someone who had been planning a future, like marriage, with this partner",someone who had already been growing distant and suspicious of the relationship,"Betrayal shatters real future plans for someone who was planning marriage, producing sadness, while it confirms already-growing suspicions for someone who had been drifting apart, producing more anger than grief.",sadness,sadness,I felt ... when my ex boyfriend of 7 years cheated on me.,sadness,anger,0.6,False,False,Author-Independent Ambiguous
6879,23,someone who had long suspected infidelity and this confirms their fears,someone who was blindsided with absolutely no warning signs,"Confirmation of long-held suspicion produces more anger and vindication than shock, while being blindsided with no warning produces raw, disoriented sadness.",anger,sadness,I felt ... when I found out my boyfriend was cheating on me.,sadness,anger,0.6,False,True,Author-Independent Ambiguous
6885,23,a college student,a middle-aged parent,shared memories after a breakup carry different weight for a young adult vs an established parent,sadness,sadness,"I broke up with my ex, because we were together for 7 years and shared lots of memories together.",sadness,sadness,0.8,True,False,Unambiguous
6899,23,"someone who ended the relationship because their own feelings faded, knowing their ex is devastated","someone who ended it reluctantly, forced by circumstances like distance, despite still loving their ex","Ending things by choice while knowing you've hurt someone else centers guilt, while being forced to end a relationship you didn't want to end centers loss and sadness.",guilt,sadness,"I felt ... when I broke up with my ex boyfriend because I did love him but it wasn’t enough, I felt a sense of loss and guilt along with the ....",sadness,relief,0.6,False,True,Author-Independent Ambiguous
6906,23,a student,a manager,an insult from a peer reads lighter than one implying authority or professional stakes,anger,anger,I received an insult from someone,sadness,anger,0.4,False,False,Author-Independent Ambiguous
6907,23,a wife,a home nurse,helping a husband through crisis reads as intimate duty for a wife vs professional strain for a nurse,sadness,sadness,I struggled to help my husband through an emotional event,sadness,sadness,0.6,True,False,Author-Independent Ambiguous
6915,23,a college student,a Katrina survivor,the same footage reads as detached outrage for a student vs personal grief for a survivor,anger,anger,"I was watching a film for class about Hurricane Katrina, and saw people describing the experience of losing their loved ones, their moms and their siblings, and the film showed these grieving people and the dead bodies of their loved ones, and it all felt so avoidable if the government wasn't so evil and neglectful.",sadness,anger,1.0,False,False,Author-Independent Ambiguous
6916,23,a young disabled adult,an elderly disabled person,forced relocation reads as disrupted independence for a young adult vs loss of stability for an elder,sadness,sadness,"I needed to move to a different province because of the aid I would receive as a disabled person, but I really did not want to leave where I was living and my good friends there.",sadness,sadness,0.8,True,False,Unambiguous
6920,23,a new bride,a longtime spouse,being left reads as shattered new beginning vs collapse of a long shared life,sadness,sadness,my husband left me,sadness,sadness,0.8,True,False,Unambiguous
6928,23,a teenager,a married adult,a possibly ending relationship reads as typical teen uncertainty vs threat to a committed marriage,fear,fear,I felt like my relationship was possibly ending.,sadness,sadness,1.0,True,False,Unambiguous
6933,23,a recent graduate,a family breadwinner,job loss reads as setback for a graduate vs crisis for someone supporting a family,sadness,sadness,when I lost my job today.,sadness,fear,0.4,False,False,Author-Independent Ambiguous
7146,23,a child,an elderly person,a broken mug reads as trivial for a child vs loss of a sentimental keepsake for an elder,sadness,sadness,my favourite mug broke,sadness,sadness,1.0,True,False,Unambiguous
7147,23,an adult child,a teenager still living home,witnessing a parent's views reads as distant disappointment for an adult vs daily conflict for a teen at home,disgust,disgust,going to visit my family and realising my dad is turning in to someone I don't really want to be associated with. They are saying quite racist and homophobic things as well as watching/listening to quite right/conservative opinions.,sadness,disgust,0.4,False,False,Author-Independent Ambiguous
7157,23,an apprentice,a business owner,lost progress reads as career setback for an apprentice vs operational loss for an owner,sadness,sadness,"i had started working from home in 2020 and lost all the progress of my apprenticeship in a business as we were moving rooms and i had helped set it all up with the laptops and tables moving and so forth, missing my colleagues i had a fun time with",sadness,sadness,0.8,True,False,Unambiguous
7160,23,a therapy client,a recovering addict,an unresolved struggle reads as a setback in ongoing treatment vs a relapse risk in recovery,sadness,shame,I realised I had not overcome a mental struggle when I thought I had.,sadness,shame,0.4,False,True,Author-Relevant Ambiguous
7161,23,someone who fought hard to keep ownership and sees this as a final defeat,"someone relieved just to have stable housing after years of uncertainty, regardless of ownership","Losing ownership after an 8-year fight feels like a crushing final defeat to someone who fought to keep the house, but the same outcome feels like relief at finally securing stable housing to someone who mainly feared homelessness.",sadness,relief,"I felt ... when the day came for me to sign over possession of my house to a housing agency. Whilst this meant I could stay in the house, it was no longer mine. This was after 8 years of back and forth with court",sadness,sadness,0.6,True,True,Author-Independent Ambiguous
7164,23,a young adult,a middle-aged adult,a fiance leaving reads as an early-life blow vs disruption to an established life plan,sadness,sadness,my ex fiancé left me.,sadness,sadness,1.0,True,False,Unambiguous
7175,23,someone who had trusted and helped the thief as a close neighbor before the theft,someone who had no prior contact with the person despite living nearby,"Being stolen from by someone you trusted and helped feels like a painful personal betrayal, while being stolen from by a near-stranger feels more like straightforward outrage at the crime itself.",sadness,sadness,"Someone in my direct community stole from me and we caught them red handed. It made me feel ... not just because I’d been a victims of a crime, but someone I knew had done this to be and I had been violated",sadness,anger,0.6,False,False,Author-Independent Ambiguous
7179,23,"someone who has lived with chronic depression for years, for whom this is one more low point","someone who rarely experiences distress, for whom this was an unusually sharp trigger","A chronically depressed person absorbs this as one more familiar low, while someone who rarely feels this way reacts more sharply, with anger at the brother's outburst rather than settled sadness.",sadness,sadness,I regularly feel ... due to mental illness but the last night I a specific event triggered ... was when my brother was angry at me.,sadness,guilt,0.2,False,False,Author-Independent Ambiguous
7180,23,a teenager,a business owner,repeated betrayal reads as social disillusionment for a teen vs professional distrust for an owner,anger,anger,people betray me,sadness,anger,1.0,False,False,Author-Independent Ambiguous
7187,23,a young adult,a retiree,moving from friends reads as losing a peer network for a young adult vs uprooting an established life for a retiree,sadness,sadness,I moved away from my friends to a new province.,sadness,sadness,1.0,True,False,Unambiguous
7192,23,a young spouse,an elderly spouse,a marriage ending reads as a life redirected for someone young vs a lifelong partnership undone for someone older,sadness,sadness,My marriage ended,sadness,sadness,0.6,True,False,Author-Independent Ambiguous
7193,23,a retiree,a middle-aged parent,family moving away reads as isolation in later life for a retiree vs disrupted parenting for a middle-aged parent,sadness,sadness,I'm not where I thought I would be at this point in my life. Went through a nasty divorce. My daughter & grandkids moved far away,sadness,sadness,0.8,True,False,Unambiguous
815,23,a close relative who spoke with the aunt daily and was deeply involved in her care during the pandemic,a relative who mostly kept up through family group chats and hadn't seen the aunt in person for years,"A daily caregiver experiences the death as devastating, anticipated grief, while a distant relative experiences the suddenness of healthy-to-gone-in-a-week more as shocked surprise.",sadness,sadness,"I found out my Aunt had passed away from covid at the beginning of the year. She spent chrstmas day with her daughter, son in law and their kids however caught covid over christmas dinner. Within a week she had gone from being completely healthy and fit to being rushed to hospital. We received a text message from the family one afternoon early January to say she had been admitted to hospital with covid, within 24 hours she had gone onto a ventilator and ... passed away.",sadness,sadness,1.0,True,False,Unambiguous
816,23,a Brexit supporter,a Remain supporter,the same vote reads as vindication for one side and loss for the other,pride,anger,the UK voted to leave the EU,sadness,surprise,0.4,False,True,Author-Relevant Ambiguous
822,23,a teenager,a college athlete,being cut reads as early social setback for a teen vs a bigger identity blow for a college athlete,sadness,sadness,When I was cut from a sports team,sadness,sadness,0.4,True,False,Author-Independent Ambiguous
825,23,"someone moving out for the first time, nervous about being on their own",someone leaving after a painful family conflict,"striking out alone reads as nervous uncertainty for a first-timer, but as grief over a fractured relationship for someone escaping conflict",fear,sadness,I left my parents house,sadness,sadness,0.4,True,True,Author-Relevant Ambiguous
2187,23,someone who prides themselves on staying calm and rarely losing their temper,someone raised in a household where yelling and door-slamming were normal ways to express frustration,"Losing composure is deeply out of character and shameful for someone who prides themselves on calmness, but unremarkable for someone raised where such outbursts were normal.",shame,no-emotion,"One day as my sister and I were sharing a car, she decided she was not going to let me have it. She had done this many times before and was doing a horrible job of sharing and helping me get to work. I lost my temper in front of her and my mother. I was slamming doors and yelling. I have not thrown a fit like that ever since. I still feel ... I let my emotions get the best of me.",shame,guilt,0.6,False,True,Author-Independent Ambiguous
2180,23,a teenager,an adult immigrant,failing a driving test reads as a minor setback for a teen vs a barrier to work or independence for an immigrant,sadness,shame,when i failed my driving test,shame,shame,0.4,True,True,Author-Relevant Ambiguous
2182,23,"a child targeted by classmates for something out of their control, like appearance or family background",an adult recalling workplace mockery from colleagues they considered friends but who crossed a line,"Being targeted as a child for something beyond their control turns inward as shame, while being mocked by colleagues one trusted as friends turns outward as anger at the betrayal.",shame,anger,I was bullied badly and everyone made fun of me in a situation that made me feel ...,shame,sadness,0.6,False,True,Author-Independent Ambiguous
31154,23,a tourist,a local resident,being shouted at for ignoring a sign reads as confusion for a tourist vs a targeted rebuke for a local,shame,fear,I was shouted at by a stranger for ignoring a sign,shame,shame,0.4,True,True,Author-Relevant Ambiguous
31174,23,a teenager,an adult child,lying to parents reads as typical adolescent behavior vs a more serious breach of trust for an adult child,guilt,guilt,i have lied to my parents,shame,guilt,0.8,False,False,Author-Independent Ambiguous
31177,23,a busy parent,an elderly shopper,taking the wrong cart reads as a distracted mistake for a busy parent vs a disorienting slip for an elderly shopper,shame,shame,When I was shopping and accidently took someone else's cart rather than my own,shame,guilt,0.4,False,False,Author-Independent Ambiguous
31179,23,a student,a job applicant,cheating on an exam reads as a school risk for a student vs a career-defining risk for a certification applicant,guilt,guilt,I did cheating in passing one exam and I got very good grades,shame,guilt,0.4,False,False,Author-Independent Ambiguous
31124,23,"someone who has otherwise always seen themselves as a kind, gentle person","someone who was known to be a difficult, bratty kid and isn't surprised by the video","Seeing cruel childhood behavior clashes painfully with a self-image of kindness, producing shame, while it merely confirms an already-known reputation for someone who knows they were a difficult kid.",shame,no-emotion,I felt ... when I saw a video of me being mean to my cousin as a child.,shame,shame,0.8,True,True,Unambiguous
31129,23,someone with low self-esteem who blames themselves for others' mistreatment,someone in therapy who has recently learned to recognize patterns of being taken advantage of,"Someone with low self-esteem internalizes repeated mistreatment as personal shame, while someone newly aware of these patterns through therapy redirects the feeling outward as anger at those who took advantage of them.",shame,anger,"I felt ... when I realized how badly I've been treated by others, and that I constantly put myself in crappy situations. I need to learn how to avoid putting myself in those situations because it causes me so much embarrassment.",shame,shame,0.8,True,True,Unambiguous
31141,23,a student,a parent,an unaffordable bill reads as a manageable pinch for a student vs a serious strain for a parent,shame,shame,I couldn't afford a bill.,shame,shame,0.6,True,False,Author-Independent Ambiguous
31143,24,a parent who spilled the detergent themselves,a nanny reporting the same incident to the parents,"a parent carries guilt for the accidental spill, while a nanny reporting it fears professional consequences",guilt,fear,my daughter got very ill from eating a tiny drop of laundry detergent that i'd spilt and I had to take her to A&E,shame,boredom,0.4,False,True,Author-Relevant Ambiguous
31145,24,an expert witness,a casual bystander witness,"being wrong under oath threatens an expert's credibility, while a bystander's error carries little consequence",shame,guilt,I was totally wrong when testifying in court to an event,shame,guilt,0.6,False,True,Author-Relevant Ambiguous
31146,24,a busy single parent,a stay-at-home parent who tracks school events closely,the mistake reads as an understandable slip for an overstretched parent but a notable oversight for one whose job is tracking these details,no-emotion,shame,sent my daughter to school in uniform but it was dress up day,shame,guilt,0.6,False,True,Author-Relevant Ambiguous
31147,24,a hot-tempered parent,a parent who rarely raises their voice,shouting unfairly is business-as-usual guilt for a hot-tempered parent but a jarring lapse for one who rarely loses their temper,guilt,shame,I shouted at my son for doing something wrong but I found out it wasn’t his fault.,shame,guilt,1.0,False,True,Author-Relevant Ambiguous
41548,24,someone who was unfaithful and is now facing consequences they know they deserve,someone who made the profile impulsively out of insecurity but never actually met anyone or cheated physically,"Facing deserved consequences for real infidelity produces shame, while facing the same discovery for a lesser, never-acted-on impulse produces more fear of losing the relationship over something felt to be less serious.",shame,fear,I felt ... when my boyfriend found out that I had a secret Tinder (dating app) profile and had used it during our relationship.,shame,shame,0.4,True,True,Author-Relevant Ambiguous
41581,24,someone who terminated for medical necessity,someone who terminated under social and family pressure,the emotional weight differs by whether the decision was medically necessary or made under stigma,sadness,shame,aborted my baby,shame,sadness,0.4,False,True,Author-Relevant Ambiguous
41583,24,someone in early-stage denial about their drinking,someone who has already privately recognized they have a problem,the intervention lands as an unwelcome confrontation for someone in denial but as validating relief for someone already aware,shame,relief,my father had an intervention with me about my drinking habits and how it is affecting my relationships and work.,shame,shame,0.6,True,True,Author-Relevant Ambiguous
41586,24,someone sharing this desire for the very first time after finally working up the courage,someone who has shared this fetish with previous partners without issue and didn't expect this reaction,"A first-ever act of vulnerability met with ridicule produces deep shame, while the same ridicule from someone who has safely shared this before reads more as anger at an unexpected, unfair betrayal of trust.",shame,anger,"I felt ... when a previous partner of mine made fun of me for one of my sexual fetishes. I had built up the confidence to ask them to include it when we had sex, and instead of the hoped-for reaction of agreement, or the emotionally-neutral reaction of politely declining, they ridiculed me for having the fetish and strongly refused to ever indulge it.",shame,shame,0.8,True,True,Author-Relevant Ambiguous
41589,24,a young child in grade school,an adult in a professional training session,a wrong answer is forgettable for a child but a more exposing mistake for an adult among peers,no-emotion,shame,I raised my hand in class to answer a question but gave a wrong answer,shame,shame,1.0,True,True,Author-Relevant Ambiguous
41600,24,someone who still shares their family's faith,someone who has already left the religion,the accusation cuts deep for a believer but lands as unwelcome interference for someone who's already left,guilt,anger,my family told me I was sinning and going against God's will by dating someone outside of the church.,shame,shame,0.4,True,True,Author-Relevant Ambiguous
41606,24,"a shy, conflict-averse person",someone usually confident and outspoken,silence reads as an understandable lapse for someone conflict-averse but a surprising failure for someone usually outspoken,guilt,shame,"I did not stand up for my friend when I knew she was in the right. However, I didnt know how to handle the situation. In hindsight, i let her down.",shame,guilt,0.6,False,True,Author-Relevant Ambiguous
41607,24,a parent working overseas for a job,a parent who lost custody,"distance from a job reads as circumstantial sadness, while distance from lost custody reads as guilt over a personal failing",sadness,guilt,Not being around my son,shame,sadness,1.0,False,True,Author-Relevant Ambiguous
52323,24,a child already anxious about being judged by extended family they don't know well,"a child comfortable and close with the extended family, like a beloved aunt who has cared for them many times","An accident in front of unfamiliar extended family confirms a child's existing fear of judgment as shame, while the same accident in front of a beloved, familiar caregiver barely registers as anything more than a minor mishap.",shame,shame,I felt ... when I was 10 years old and I had a bathroom accident at an extended family members house.,shame,shame,0.8,True,False,Author-Relevant Ambiguous
52327,24,the narrator as an adult looking back with self-awareness,"a childhood friend of the brother, hearing the story secondhand","As the narrator's own retrospective memory, the piece reads as quiet self-reproach over an unexplained slight; as a secondhand listener with no stake in the sibling relationship, it reads as mild curiosity about odd behavior rather than any guilt.",guilt,surprise,"About 8 or 9 years ago I was going to school on a public bus, my brother was getting on the bus after me. There was one open seat but I chose to sit in the seat in front next to someone else because at the time I didn't want to sit next to my brother (I think that was my reasoning at the time). At the time it was fairly awkward - the person I sat next to looked confused, and occasionally I look back on it and feel ... about the whole thing, and ... that I didn't want to sit next to my brother for some reason.",shame,guilt,0.8,False,True,Author-Relevant Ambiguous
52330,24,a teenager,a married woman in her thirties,an early pregnancy reads as a life-altering shock for a teenager but a welcome milestone for an established married adult,fear,joy,When I got pregnant young,shame,fear,0.6,False,True,Author-Relevant Ambiguous
52337,24,a parent bonding casually with an adult daughter,a parent whose daughter is still a minor,drinking together reads as harmless bonding between adults but an irresponsible lapse if the daughter is underage,joy,guilt,I got drunk on holiday with my daughter,shame,shame,0.4,True,True,Author-Relevant Ambiguous
52338,24,someone who spoke bluntly without thinking,someone who intentionally said something provocative,"accidental offense carries guilt, while intentional provocation carries little remorse",guilt,no-emotion,offended someone,shame,guilt,0.6,False,True,Author-Relevant Ambiguous
52339,24,someone who let it slip in a careless moment,someone pressured into revealing it under questioning,a careless slip carries more self-blame than a secret pried out under pressure,guilt,fear,I revealed a family secret acccidently,shame,guilt,0.6,False,True,Author-Relevant Ambiguous
52341,24,the narrator going through the divorce,a marriage counselor reviewing the case notes,"The narrator's own voice carries personal inadequacy against a family ideal; a counselor reading the same comparison would register it more clinically, as sadness/disappointment about the marriage's outcome rather than a felt personal flaw.",sadness,sadness,"I felt ... going through my divorce with my ex wife, my parents have been married longer than I have been alive and have stuck together through a lot, I felt ... that I wasn't able to be like them",shame,shame,0.8,True,False,Author-Relevant Ambiguous
52343,24,the narrator who couldn't afford the trip,a sister who later learns why they never came,"From the narrator's perspective, pride and money anxiety produce shame at not being able to join; from the sister's perspective learning about it after the fact, it reads as sadness/regret over missing shared time rather than the narrator's self-blame.",shame,shame,I felt ... when I could not afford to go on vacation with my sisters. I did not want to ask to borrow money and felt ... that I could not go with them because of money.,shame,shame,0.8,True,False,Author-Relevant Ambiguous
52347,24,a student who usually does well,a student used to struggling in that subject,public failure is more humiliating for a student known to excel than for one already expected to struggle,shame,anger,I failed a maths test and the teacher called me out in front of the class,shame,shame,1.0,True,True,Author-Relevant Ambiguous
52305,24,"the narrator, an expert being publicly corrected",a coworker who witnessed the correction happen,"The narrator's own account centers on personal inadequacy (shame) at being wrong on a topic of pride; a coworker observing the same event externally would more likely describe it as simple embarrassment/surprise at the mistake, without feeling the same self-directed devaluation.",shame,shame,I felt ... when I was called out for giving incorrect information on a topic that I thought I knew very well.,shame,shame,1.0,True,False,Author-Relevant Ambiguous
52312,24,a parent who rarely loses their temper,a parent under chronic stress and exhaustion,"losing composure violates a normally calm parent's self-image, but is an understandable slip for one already worn down",guilt,shame,Lost my temper with my child,shame,anger,0.6,False,True,Author-Relevant Ambiguous
52316,24,a teenager from a conservative family,an adult among open-minded peers,"the assumption threatens reputation and family standing for a conservative teen, but is a shrug for an open-minded adult",shame,no-emotion,"I had to stay overnight in a boy's bedroom when the door handle broke off, and people assumed we had been having sex.",shame,shame,0.6,True,True,Author-Relevant Ambiguous
52356,24,someone meeting the family for the first time,someone who has known the family for years,getting drunk in front of a family you're trying to impress reads worse than the same behavior among a family who knows you well,shame,guilt,This past weekend I attended a wedding with my girlfriend's family. I got too drunk and was apparently an embarrassment.,shame,shame,1.0,True,True,Author-Relevant Ambiguous
52365,24,a customer browsing casually,an employee working in the shop,"an employee bears professional accountability for the breakage that a browsing customer, while embarrassed, does not",guilt,fear,broke an expensive item in a shop accidently,shame,guilt,0.8,False,True,Author-Relevant Ambiguous
52368,24,someone with an urgent deadline the next morning,someone with no immediate deadline,missing the task carries real consequences under a looming deadline but is a minor lapse without one,guilt,no-emotion,I tasked with sorting out some files from the office the previous day and I slept off when I got home,shame,relief,1.0,False,True,Author-Relevant Ambiguous
52369,24,a new employee still on probation,a senior employee with a strong track record,a mistake threatens a new hire's standing far more than it dents a senior employee's established reputation,fear,guilt,I DIDNT DO WELL AT WORK WHICH CAUSED A TEAM MEMBER TO BE ANNOYED,shame,shame,0.4,True,True,Author-Relevant Ambiguous
52371,24,someone anxious about dental visits,someone unbothered by dental work,the same procedure provokes dread for someone with dental anxiety but registers as a non-event for someone unbothered,fear,no-emotion,I had to get fillings,shame,fear,0.8,False,True,Author-Relevant Ambiguous
52373,24,a young student learning casually,a serious music conservatory applicant,failure is a minor setback for a casual learner but threatens a conservatory applicant's larger ambitions,sadness,shame,failed my piano exam,shame,shame,0.6,True,True,Author-Relevant Ambiguous
52374,24,someone speaking to a close friend,someone speaking in a formal professional setting,a misstep is easily forgiven between close friends but carries more weight in a professional context,no-emotion,shame,when I said the wrong thing.,shame,shame,0.6,True,True,Author-Relevant Ambiguous
52378,24,a new waiter still in training,an experienced waiter who should know better,the mistake reads as forgivable inexperience for a trainee but a more damning lapse for a seasoned waiter,fear,shame,One time at a part time waiter job i was working i had accidently spilled soup on a customer during a crowded dinner service. The customer was very mad and i tried to get away from the situation without resolving it.,shame,guilt,0.6,False,True,Author-Relevant Ambiguous
52396,24,"the narrator, new employee who made the mistake",a manager reviewing an incident report about a new hire,"The narrator's first-person account emphasizes personal humiliation and shame from being gossiped about; a manager reading the same incident as a report would read it more neutrally as a performance concern, not an emotionally loaded personal failing.",shame,no-emotion,"I felt ... when I didn't catch on to a new job as quickly as expected.  I was asked to input simple settings into a machine and I put in very wrong settings.  I could tell the other employees there were talking badly about me, and the incident was also reported to management.",shame,shame,0.8,True,True,Author-Relevant Ambiguous
52398,24,someone visibly sick with the flu,someone who was hungover,"being ill draws sympathy rather than judgment, while being hungover invites embarrassment over the self-inflicted cause",no-emotion,shame,i vomited at work in front of colleagues.,shame,shame,1.0,True,True,Author-Relevant Ambiguous
6938,24,a freelancer accountable only to themselves,an employee on a team with shared deadlines,underperforming affects only oneself as a freelancer but lets down teammates in a shared-deadline job,no-emotion,guilt,not getting as much work done as i could,shame,guilt,0.8,False,True,Author-Relevant Ambiguous
6944,24,someone recently disabled and still processing the change,someone who has lived with the disability for a long time,"family's lack of understanding stings as fresh isolation when new to disability, but reads as wearily familiar frustration when long-adapted",sadness,anger,over the last year because I've become disabled and now often find myself dealing with family who don't understand how severely my illness has affected me.,shame,sadness,0.6,False,True,Author-Relevant Ambiguous
6950,24,the restaurant manager who made the mistake,a regular customer who had to wait for the table,"As the manager narrating their own error, the piece is steeped in shame/guilt at having let down loyal customers; as the inconvenienced regular's perspective, the same event reads mainly as anger/frustration at being made to wait.",guilt,anger,I manage a small family run restaurant - one night I forgot one of our day one regulars had a booking and i gave away their table to some walk-in customers. When the regulars came in there was no room for them and they had to wait half an hour. I was so ... and ...,shame,guilt,0.6,False,True,Author-Relevant Ambiguous
6953,24,"the narrator, the roommate who avoided honesty","the girl's close friend, unaware of the roommate's true feelings","The narrator's own retrospective account is full of guilt/shame for concealing dislike from someone who was struggling; a friend of the excluded girl, not privy to that inner conflict, would read the events more simply as sadness at the girl's poor mental health.",guilt,sadness,"When I was at uni and was deciding who to live with in my final year I really didn't want to live with this one girl who I was living with currently, I didn't have the balls to say anything so we lived together anyway and became really close bizarrely and I found out her mental health was awful and that she knew we didn't want to live with her and I was really ... that I'd treated her so badly at that time",shame,guilt,0.4,False,True,Author-Relevant Ambiguous
6954,24,someone from a conservative upbringing,someone comfortable with public exhibitionism,the act reads as a shameful transgression for someone raised conservatively but as a fun thrill for someone who enjoys public risk,shame,joy,I had sex in a public car park,shame,shame,0.4,True,True,Author-Relevant Ambiguous
6957,24,"the narrator, the sister who told the story",the sister's friend who was present when the story was told,The narrator's own account is thick with guilt and shame for having hurt their sister; a friend simply present at the gathering would more likely read it as awkwardness/embarrassment (surprise) at witnessing a socially uncomfortable moment.,guilt,guilt,"I felt ... when my I told an ... story about my sister in front of her friends. It was an ... story about when she was learning to potty train as a child. I thought the story was funny but my sister felt really upset and ... that I told it. After I told that story, I felt ... because I ... my sister and made her feel bad when I know that if she would do the same thing to me, that I would be very upset.",shame,guilt,0.8,False,False,Author-Relevant Ambiguous
2193,25,someone who forgot they had hidden it,someone who deliberately kept it secret from its owner,"rediscovering something forgotten feels like pleasant surprise, while finding something knowingly withheld surfaces guilt",surprise,guilt,i discovered a lost person item that i hid for myself years ago.,surprise,guilt,0.4,False,True,Author-Relevant Ambiguous
2194,25,a middle child feeling overlooked by their father,the father who ended up asked to read instead,"For a sibling narrating being chosen over another, the moment carries pride/surprise flavored with vindication; for the father, the same event reads as gentle surprise at being passed over, without any personal validation attached.",pride,surprise,I felt ... when my little sister chose me to read her story instead of my dad,surprise,pride,0.6,False,True,Author-Relevant Ambiguous
2195,25,a first-time recreational runner,a former competitive athlete returning to sport,13th place is a thrilling surprise for a total beginner but a validating return to form for a former competitive athlete,surprise,pride,I finished 13th out of 170 in my first half marathon. I didn't expect to do as well as I did.,surprise,surprise,0.4,True,True,Author-Relevant Ambiguous
2198,25,a devoted England fan,a neutral fan watching for the spectacle,"an early goal thrills a devoted fan personally invested in the outcome, while a neutral viewer registers mild excitement",joy,surprise,England scored in the 2n minute of the Euros final,surprise,joy,1.0,False,True,Author-Relevant Ambiguous
31280,25,the narrator receiving the gift,a florist delivering the arrangement,"For the recipient, unexpected flowers from a friend land as joyful surprise; for the florist merely executing a delivery, the event carries no personal emotional content at all.",surprise,no-emotion,I felt ... when I came home and my friend had flowers delivered for me.,surprise,surprise,0.6,True,True,Author-Relevant Ambiguous
31285,25,the TA surprised by her own students,a parent of one of the study-abroad students hearing about it later,The TA's first-person account is warm surprise at being remembered and cared for by students she supervises; a parent hearing about it secondhand would likely feel simple pride in their child's thoughtfulness rather than the TA's own personal surprise.,surprise,joy,"I felt ... when my students planned a surprise birthday party for me. I was a TA for a study abroad trip to Tanzania and I was responsible for the 18 students. On my birthday, the students informed me that they found someone who could drive us to an area where there was no light pollution so we could star gaze (something I do often). I was ... because they remembered my birthday, planned it, and realized that I like to star gaze (it's not something I talk about, just do).",surprise,joy,0.4,False,True,Author-Relevant Ambiguous
31286,25,someone who dislikes surprises and likes control,someone who loves spontaneity,not knowing the destination unsettles a control-oriented person but delights someone who loves spontaneity,fear,joy,My girlfriend took me on holiday but didn't tell me where to.,surprise,surprise,0.8,True,True,Author-Relevant Ambiguous
31292,25,the narrator who got the free meal,the waitress who delivered the news,The diner's account centers on personal shock and delight at unexpected good fortune; the waitress performing a scripted promotional announcement would feel little to no personal emotion about it.,surprise,no-emotion,I felt ... when I went to a restaurant for dinner with a friend. On the evening we went to the restaurant they were running a random competition for diners to win a free meal. We heard an announcement being made and a waitress then appeared at our table and told us that our meal would be free. I felt joy and ... when this happened because it was so unexpected.,surprise,surprise,1.0,True,True,Author-Relevant Ambiguous
31180,25,the sister who made the tapestry,the aunt who made the offhand comment,"The sister who put effort into the gift and hears the criticism secondhand would feel hurt/surprise at the pettiness; the aunt, who made an offhand remark she may not even consider notable, would feel little to nothing about the exchange.",sadness,no-emotion,"I felt ... when my sister sent me a message detailing how our aunt had stated that she disliked a tapestry my sister had made for her because of a very small, inconsequential detail on the piece.",surprise,sadness,0.4,False,True,Author-Relevant Ambiguous
31181,25,parents who deeply wanted a daughter,parents who had prepared entirely for a boy,"the surprise reads as a joyful wish fulfilled for parents hoping for a girl, but a disorienting shock for parents fully prepared for a boy",joy,surprise,"When I gave birth to my baby girl last December, and we thought she was another baby boy.",surprise,surprise,0.6,True,True,Author-Relevant Ambiguous
31183,25,a close friend who's stayed in touch,an old friend who hasn't spoken to them in years,"the news feels warmly personal from a close friend but like distant, surprising trivia from someone out of touch",joy,surprise,I found out my old friend was pregnant,surprise,surprise,0.8,True,True,Author-Relevant Ambiguous
31203,25,a student who struggled with the subject all term,a student who studied hard and expected to pass,"passing feels like a huge relief for someone who struggled, but simple confirmation for someone who prepared thoroughly",relief,joy,I passed my economics exam,surprise,pride,0.8,False,True,Author-Relevant Ambiguous
31207,25,someone whose parents are financially strained,someone from a financially comfortable family,"the offer feels like a moving, unexpected sacrifice from strained parents but an expected gesture from a comfortable family",surprise,joy,my parents said they would help pay for my wedding,surprise,relief,0.6,False,True,Author-Relevant Ambiguous
31220,25,a cousin who isn't especially close to her,a cousin who is her closest confidante,"being asked is a genuine, touching surprise for a distant cousin but an expected honor for her closest confidante",surprise,joy,my cousin asked me to be a bridesmaid in her wedding and I did not expect her to,surprise,surprise,0.8,True,True,Author-Relevant Ambiguous
31227,25,a young child being told about the trip,a travel agent processing a routine Disney booking,"For the child, the news is an overwhelming happy surprise; for a travel agent handling routine bookings, the same event is unremarkable business as usual.",surprise,no-emotion,I felt ... when my parents told me they were taking me to Disney land,surprise,joy,1.0,False,True,Author-Relevant Ambiguous
31233,25,a husband who rarely upsets his wife,a husband used to frequent conflict in the marriage,"her anger is a jarring surprise for a husband unused to conflict but a familiar, wearying pattern for one used to fights",surprise,sadness,My wife was angry at me,surprise,guilt,0.4,False,True,Author-Relevant Ambiguous
31234,25,someone who never expected to see the money again,someone who had been actively disputing the charge,"the refund is a pleasant surprise for someone who'd given up, but a satisfying vindication for someone who fought for it",surprise,pride,I received a refund cheque through the post from a previous electrical company due to being overcharged.,surprise,relief,0.6,False,True,Author-Relevant Ambiguous
31240,25,a 6-year-old being told they're getting a dog,an older sibling who already knew the surprise was planned,"The 6-year-old experiences pure, unfiltered surprise and joy at unexpected news; an older sibling in on the secret beforehand would feel little surprise, more like anticipation or mild amusement at watching it unfold.",surprise,surprise,I felt ... when I was 6 years old and my mom told me we were getting a dog.,surprise,joy,0.8,False,False,Author-Relevant Ambiguous
31269,25,the year-8 student who won the award,a teacher who had nominated several students for it,The student experiences the win as an unanticipated validation of effort (pride/surprise); a teacher who had a hand in nominating candidates would feel more satisfaction/pride in the outcome than genuine surprise.,surprise,pride,i felt ... when i was in year 8 and i was awarded the student of the year award. this was not something that i had anticipated and it felt good that my hard work was well rewarded,surprise,pride,0.8,False,True,Author-Relevant Ambiguous
41674,25,the underdog applicant who got the job,a senior committee member who fought hard to hire them,"For the applicant who saw themselves as a long shot, the theatrical announcement is overwhelming surprise and joy; for the committee member who already knew and championed the decision, it's satisfaction/pride in seeing it delivered well, not surprise.",surprise,pride,I applied for a prestigious position at my university when I was a student. The competition was intense and I was very much a dark horse with nothing more than an outside shot. I felt ... when the hiring committee showed up at my front door with party streamers and a bottle of champagne to tell me that I'd been selected for the job.,surprise,surprise,0.8,True,True,Author-Relevant Ambiguous
41681,25,someone flattered to be asked,someone uneasy about the closeness being overstated,"being asked reads as a flattering surprise to someone happy to help, but uncomfortable for someone unsure the friendship warrants the role",surprise,fear,"I was asked to be the best man at a wedding of a friend I did not consider myself close with. I had not talked to him in more than a year, but he said I was one of his best friends. I had never even met the bride.",surprise,surprise,0.6,True,True,Author-Relevant Ambiguous
41688,25,"a close, trusted friend",an acquaintance who barely knows them,"being confided in feels like a meaningful gesture of trust to a close friend, but disorienting to a mere acquaintance",trust,surprise,my friend came out as gay to me,surprise,surprise,0.8,True,True,Author-Relevant Ambiguous
41621,25,a friend who has been trying for a baby herself,a friend uninvolved in that journey,"the news can stir complicated feelings for a friend struggling with fertility, while it's straightforward joy for an uninvolved friend",sadness,joy,my friend told me she was pregnant.,surprise,surprise,0.6,True,True,Author-Relevant Ambiguous
41628,25,the person being proposed to on holiday,the partner who planned and executed the proposal,"The person being proposed to experiences genuine surprise despite having considered it; the partner who orchestrated the moment feels anticipation and joy in watching their plan land, not surprise.",surprise,joy,"I was proposed to. Even thought I had thought about it some time before maybe a few months. I was on holiday and was not expecting it at all, it was a huge ....",surprise,surprise,0.8,True,True,Author-Relevant Ambiguous
41629,25,a fan of a struggling underdog team,a fan of a team expected to win easily,a win is a thrilling surprise for an underdog's fan but simple expected satisfaction for a favorite's fan,surprise,joy,My football team won,surprise,joy,0.6,False,True,Author-Relevant Ambiguous
41630,25,the narrator receiving the kitten,the friend who arranged the gift as a birthday surprise,"The recipient feels spontaneous delighted surprise at an unexpected gift; the friend who planned and chose the kitten feels anticipatory joy in giving it, not surprise themselves.",joy,joy,I felt ... when my best friend gave me a little kitten as a birthday gift.,surprise,joy,0.8,False,False,Author-Relevant Ambiguous
41632,25,the narrator who had been told she was infertile,a fertility doctor reviewing an unexpected case outcome,"For the narrator with a painful medical history, the pregnancy is a profound, emotionally loaded surprise; for a doctor encountering the same clinical outcome professionally, it registers as a noteworthy but comparatively detached case result.",surprise,surprise,"I felt ... when i discovered i was pregnant after thinking i was infertile after i had had breast cancer and due to my chemo etc, also because i have another medical condition which is one of the biggest causes of infertility",surprise,surprise,0.4,True,False,Author-Relevant Ambiguous
41641,25,the birthday teenager,a family friend who helped keep the party secret,"The birthday teen experiences the party as a genuine unanticipated surprise; the friend who helped plan and conceal it would feel more satisfaction/relief that the secret held, not surprise.",surprise,surprise,A time o felt ... is when my mom and friends planned a ... bday party for my 17th bday.,surprise,surprise,0.8,True,False,Author-Relevant Ambiguous
41642,25,someone who has been searching for months,someone who stumbled on the listing by chance,"the news feels like a long-awaited relief for someone who's been searching, but a pleasant unplanned surprise for someone who happened upon it",relief,surprise,I found out a puppy was available for adoption.,surprise,joy,0.8,False,True,Author-Relevant Ambiguous
41648,25,someone who had been hinting for this gift,someone who never mentioned wanting one,"the gift confirms what a hopeful hinter expected, while it's a genuine unplanned surprise for someone who never asked",joy,surprise,I got gifted a Pandora bracelet,surprise,joy,0.6,False,True,Author-Relevant Ambiguous
41651,25,the narrator revisiting a city they used to love,a current resident of the city meeting a returning visitor,The narrator's own account centers on the jarring surprise of an emotional attachment vanishing; a current resident encountering the same visitor would have no access to that internal shift and would feel nothing in particular about it.,surprise,no-emotion,"I felt ... when I went back to a city I had once lived in for 11 years, Montreal (Canada). When I had left the city 23 years ago, I was in love with the city. When I returned for the first time two weeks ago, I felt ... that I no longer felt that way. I, as a matter of fact, hated every minute I was in the city. Both me and the city had changed.",surprise,surprise,0.6,True,True,Author-Relevant Ambiguous
41654,25,the student who failed the exam before,a teacher reviewing improved exam results,"The narrator, who had failed repeatedly, experiences passing with an A as a stunning personal surprise; a teacher simply reviewing results would register it as a good outcome without the emotional weight of the narrator's history.",surprise,pride,I felt ... when I passed my English GCSE with an A as I had failed all prior ones before,surprise,pride,0.6,False,True,Author-Relevant Ambiguous
41658,25,the narrator whose parents threw the party,a neighbor who was invited without knowing it was a surprise for someone else,"For the person being celebrated, the unexpected party is a genuine surprise; for a neighbor simply attending a party they knew about in advance, there's no surprise element at all.",surprise,joy,I felt ... when my parents threw me a surprise party.,surprise,joy,0.6,False,True,Author-Relevant Ambiguous
41660,25,the bride's closest lifelong friend,a newer friend surprised to be chosen over older ones,"the request confirms an expected role for a lifelong best friend, but is a genuine touching surprise for a newer friend",joy,surprise,my friends asked me to be maid of honour,surprise,pride,0.6,False,True,Author-Relevant Ambiguous
41661,25,a child receiving the puppy,the parent who bought and presented the puppy,"As a child, an unannounced puppy is a burst of surprise and joy; as the parent who planned the gift, the moment is more about anticipated joy in giving it, not being surprised themselves.",surprise,surprise,I was a child and my parents ... my sister and I with a golden retriever puppy,surprise,surprise,0.6,True,False,Author-Relevant Ambiguous
41664,25,a student who paid a large deposit sight unseen,a student who toured briefly but didn't look closely,"the mismatch feels like a betrayal for someone who paid on trust alone, but a frustrating oversight for someone who could have looked more carefully",anger,disgust,The new house that I moved into at university did not look like the pictures (in a bad way),surprise,anger,0.8,False,True,Author-Relevant Ambiguous
41671,25,the wrestler who won the historic match,a sports journalist reporting on the tournament afterward,"For the wrestler, unknowingly making history in her sport is a striking personal surprise; for a journalist covering the event after the fact, it's simply a notable fact to report, without personal emotional involvement.",surprise,no-emotion,I felt ... when I had won the first woman's greco roman style wrestling match in my countries province. I was not told before hand that the tournament I was wrestling at was going to be the first to offer this style of wrestling to women. I was just the first match that was up and I won.,surprise,surprise,0.6,True,True,Author-Relevant Ambiguous
41744,25,a close colleague who worked with him daily,someone in a different department who barely knew him,the departure feels personally significant to a close colleague but is mere passing news to someone barely acquainted,sadness,surprise,I read that someone prominent in my workplace announced he was leaving.,surprise,surprise,0.6,True,True,Author-Relevant Ambiguous
41759,25,someone who was really looking forward to this date,someone who was lukewarm about it and half expected it to fall through,"being stood up stings sharply for someone excited about the date, but barely registers for someone who wasn't invested",sadness,no-emotion,I got stood up on a date,surprise,anger,0.4,False,True,Author-Relevant Ambiguous
41760,25,a recent graduate anxious about job prospects,the hiring manager who decided to take a chance on a new graduate,"The graduate, doubtful about their own prospects, feels startled relief and surprise at being hired; the hiring manager who made a considered decision to take a chance would feel more confidence or satisfaction, not surprise.",relief,relief,I was ... when I was hired for my job 6 months ago. I'm a recent graduate that had no relevant experience and was concerned how my job prospects were looking. Even without any experience the company still took a chance with me and things have been going great ever since.,surprise,surprise,0.6,True,False,Author-Relevant Ambiguous
41763,26,the narrator newly in a relationship,a longtime married couple hearing a friend gush about a new partner,The narrator experiencing daily reaffirmation of a perfect match describes ongoing joyful surprise; a settled couple hearing this story would likely read it as simple joy/happiness for their friend rather than surprise.,joy,joy,"I found the perfect man for me, and the more time goes on, the more I realized he was the best person for me. Every day is a ....",surprise,joy,1.0,False,False,Author-Relevant Ambiguous
41769,26,someone who struggled through the program,someone who breezed through easily,"the certificate is a hard-won relief for someone who struggled, but simple satisfaction for someone who found it easy",relief,pride,when i received my teaching certificate last week.,surprise,pride,0.8,False,True,Author-Relevant Ambiguous
41722,26,"the narrator, raised in a homophobic environment",a passerby who witnesses a couple holding hands in public,"For the narrator, being able to be affectionate in public without shame is an emotionally significant, surprising personal milestone; a passerby witnessing the same public display would see nothing noteworthy at all.",relief,no-emotion,"I felt ... when I was able to hold hands with and kiss my girlfriend in public and not feel any shame, despite growing up in an extremely homophobic environment.",surprise,relief,0.6,False,True,Author-Relevant Ambiguous
41693,26,someone who felt they deserved the promotion,someone who wasn't pursuing it seriously,"being passed over stings as unfair for someone who felt deserving, but barely registers for someone not seriously in the running",anger,no-emotion,a close friend at work got a promotion over me,surprise,anger,0.6,False,True,Author-Relevant Ambiguous
52520,26,someone who rarely enters competitions,someone who enters raffles regularly,"winning is a stunning surprise for someone who rarely enters, but a satisfying but expected payoff for a regular entrant",surprise,joy,when i won a £500 john lewis voucher,surprise,joy,0.4,False,True,Author-Relevant Ambiguous
52521,26,the narrator receiving the laptop,a sibling who knew the parents were planning the gift,"The recipient, who didn't expect their parents to spend that much, feels genuine surprise; a sibling in on the plan beforehand would feel more anticipation watching it unfold than surprise themselves.",surprise,surprise,I felt ... when my parents bought me a laptop for my birthday because I didn't expect it as I didn't think they would spend that much on me and I hadn't asked them to.,surprise,surprise,0.8,True,False,Author-Relevant Ambiguous
52530,26,the narrator who got broken up with,a mutual friend who saw the relationship's problems coming,"For the narrator, the breakup is a shocking, unexpected blow (surprise mixed with sadness); a mutual friend who had already sensed trouble in the relationship would feel much less surprise, more resigned sadness.",surprise,sadness,I felt ... when my girlfriend broke up with me because it was very unexpected and came out of nowhere.,surprise,surprise,0.8,True,True,Author-Relevant Ambiguous
52420,26,a sibling close to the couple who knew they wanted kids,a sibling who didn't know the relationship was serious,"the news is happy confirmation for a sibling who knew their plans, but a genuine shock for one unaware it was serious",joy,surprise,My brother announced his pregnancy with his girlfriend,surprise,joy,0.4,False,True,Author-Relevant Ambiguous
52428,26,a manager who relied heavily on that person,a teammate with limited day-to-day interaction with them,"the departure disrupts a manager who depended on them, but is minor news to a teammate with little interaction",fear,no-emotion,Someone left my team,surprise,sadness,0.6,False,True,Author-Relevant Ambiguous
52434,26,a complete beginner unsure they could do it,someone confident and experienced with electronics,"finishing is a proud, surprising achievement for a doubtful beginner, but simple expected satisfaction for someone experienced",pride,joy,when I built my first computer,surprise,pride,1.0,False,True,Author-Relevant Ambiguous
52441,26,a sister who has been longing to be an aunt,a sister uninvested in the news either way,"the news brings deep joy to a sister who's been longing for the role, but is simple pleasant news to one uninvested",joy,surprise,When my sister shared she was pregnant,surprise,joy,0.6,False,True,Author-Relevant Ambiguous
52444,26,the narrator who reconnected with her ex,a friend hearing the reunion story years later,"The narrator, recalling the improbable reunion she lived through, still feels vivid surprise even years later; a friend hearing the tale after the fact, knowing how it turned out, would react with more warmth/joy at the happy ending than surprise.",surprise,surprise,"my ex boyfriend messaged me back after 10 years of not speaking. I never expected a response, I was married at the time (unhappily) and i contacted him by just saying ""hi"". He instantly messaged back with his phone number and we spoke for ages on the telephone. we then went onto re-kindle our romance and are still together 4 years later. it still ... me now as i never expected it",surprise,surprise,0.4,True,False,Author-Relevant Ambiguous
52448,26,someone who feels their friendships have drifted with distance,someone who stays in constant close contact with this friend,"the visit feels like a deeply moving surprise for someone who fears the friendship faded, but a fun expected treat for the other",joy,surprise,my friend from a different state came to my birthday party without me knowing,surprise,surprise,0.8,True,True,Author-Relevant Ambiguous
52451,26,a Remain voter surrounded by other Remain voters,a Leave voter reading the same referendum result,"The Remain voter, having wrongly assumed consensus, feels blindsided surprise and disappointment at the result; a Leave voter reading of the same announcement would feel satisfaction or vindication, not surprise.",surprise,pride,"the result of the UK referendum re remaining/leaving the EU was announced.  I had voted to remain in the EU, and everyone I worked or socialised with voted the same, so incorrectly assumed that the majority of the UK had voted similiarly.  I was very ... (and disappointed!) when the results came back as leave.",surprise,sadness,0.6,False,True,Author-Relevant Ambiguous
52452,26,someone who values strict work-life boundaries,someone who doesn't mind being available anytime,"a weekend call violates the boundaries of someone who values separation from work, but is a non-event for someone always available",anger,no-emotion,I am called about work on a weekend,surprise,anger,0.8,False,True,Author-Relevant Ambiguous
52458,26,the narrator after nearly forty failed interviews,a recruiter who extended the job offer,"For the narrator worn down by rejection, the sudden offer is an overwhelming surprise; for the recruiter simply making a routine hiring decision, it's a standard business action with no personal emotional charge.",surprise,no-emotion,"I felt ... when I received a job offer immediately after graduating college, especially because I had gone through nearly forty interviews and a hundred applications without positive results.",surprise,relief,0.6,False,True,Author-Relevant Ambiguous
52467,26,someone who feared layoffs during COVID,someone in a role that felt secure throughout,"a raise feels like a stunning relief to someone who feared for their job, but a pleasant surprise for someone who felt secure",relief,surprise,I got a message from my colleague about my increment in wages which wasn't expecting due to COVID-19 issues.,surprise,joy,0.6,False,True,Author-Relevant Ambiguous
52472,26,the narrator who won the contest,a radio station employee announcing contest winners,The winner feels genuine excited surprise at beating the odds; the radio employee running a routine promotional segment feels no personal emotion about the outcome.,surprise,no-emotion,I felt ... when I won a radio contest to have a conversation with my favorite musical artist.,surprise,joy,1.0,False,True,Author-Relevant Ambiguous
52487,26,a sibling who has been close and involved in planning,a sibling who's been distant and out of the loop,"the wedding is warm expected joy for a sibling involved in planning, but carries a pang of surprise and distance for one out of the loop",joy,surprise,my sister got married,surprise,pride,0.6,False,True,Author-Relevant Ambiguous
52488,26,the narrator who was let down,the person who failed to follow through on their promise,"The narrator, relying on someone usually dependable, feels surprised and likely hurt/frustrated by the letdown; the person who broke the promise, if aware of their own failure, would more likely feel guilt rather than surprise.",surprise,guilt,a person let me down on a task they had promised to do. It ... me as they are usually very reliable,surprise,surprise,0.4,True,True,Author-Relevant Ambiguous
52501,26,the narrator's partner announcing the pregnancy,a doctor confirming a difficult pregnancy after prior miscarriages,"For the partner who endured years of miscarriages, the pregnancy news is overwhelming, disbelieving surprise and joy; a doctor delivering the same clinical result professionally would feel satisfaction for the patient but not personal surprise.",surprise,surprise,"My partner announced she was pregnant, after many years of miscarriages this ... me because we both thought it would never happen for us.",surprise,surprise,0.8,True,False,Author-Relevant Ambiguous
52502,26,the narrator whose wife became pregnant after a long struggle,a fertility specialist reviewing a successful case after many failed attempts,"The husband, after years of trying and near-giving-up, feels stunned joy and surprise; the specialist reviewing a successful outcome among many patients would feel professional satisfaction rather than the narrator's personal disbelief.",joy,joy,"my wife was pregnant for the first time, this really was a big ... because we were trying to have a baby for long time, visiting many doctors and neraly giving up hope, however when my wife was preganant for the first time I was ... and so happy.",surprise,joy,0.4,False,False,Author-Relevant Ambiguous
52594,26,the narrator discovering her pregnancy,a nurse administering a routine pregnancy test,"For the person discovering their own pregnancy, it's a major personal surprise; for a nurse performing routine tests all day, the same result is unremarkable.",surprise,no-emotion,I felt ... when I found out I was pregnant with my daughter,surprise,joy,0.8,False,True,Author-Relevant Ambiguous
52596,26,someone who missed her a lot,someone who hadn't thought much about the gap,"the reunion is emotionally moving for someone who missed her, but a pleasant casual surprise for someone who hadn't dwelt on the distance",joy,surprise,one of my best friends came to a girlguiding meeting unexpectedly after I hadn't seen her for a couple of months,surprise,joy,0.4,False,True,Author-Relevant Ambiguous
52598,26,someone who had been trying to conceive,someone for whom it was unplanned,"the pregnancy is joyful fulfillment for someone who'd been trying, but a startling shock for someone unplanned",joy,surprise,I got pregnant with my son,surprise,joy,0.6,False,True,Author-Relevant Ambiguous
52614,26,the narrator receiving the note,the boyfriend who wrote and left the note,"The recipient feels touched surprise at an unexpected gesture; the boyfriend who planned and wrote the note feels more like anticipatory affection/joy in giving it, not surprise.",surprise,surprise,my boyfriend ... me with a handwritten note,surprise,joy,0.4,False,False,Author-Relevant Ambiguous
52625,26,a family member close to both parties,a distant relative who heard about it secondhand,"the argument is distressing for someone close to both parties, but mere gossip for a distant relative hearing secondhand",sadness,surprise,my uncle had an argument with my cousin,surprise,sadness,0.6,False,True,Author-Relevant Ambiguous
52626,26,a healthcare provider used to patient pushback,a new provider without much experience,"easy acceptance is a pleasant surprise for a provider used to resistance, but an unremarkable expectation for a newer provider",surprise,relief,Patient accepted elaborated treatment plan easily,surprise,relief,0.8,False,True,Author-Relevant Ambiguous
52627,26,a parent who had noticed worrying symptoms beforehand,a parent completely blindsided by the diagnosis,"the diagnosis confirms a parent's growing suspicion, but is a devastating shock for a parent who saw no warning signs",sadness,fear,I heard that my daughter had diagnosed type diabetes,surprise,fear,0.6,False,True,Author-Relevant Ambiguous
52628,26,someone who felt underqualified applying,someone who expected to get in easily,"the acceptance is a stunning surprise for someone who doubted their qualifications, but simple confirmation for someone confident",surprise,pride,I got accepted to a masters program,surprise,joy,0.4,False,True,Author-Relevant Ambiguous
52633,26,an owner who worried the cat would be anxious,an owner confident the cat would adjust fine,"doing well is a relieving surprise for a worried owner, but simple confirmation for a confident one",relief,joy,My cat did so well on his first overnight trip away from home.,surprise,relief,0.8,False,True,Author-Relevant Ambiguous
52635,26,someone who had been begging for a pet,someone who hadn't asked for one at all,"the dog fulfills a long-held wish for someone who'd been asking, but is a genuine unplanned surprise for someone who hadn't",joy,surprise,I got a dog for my birthday,surprise,joy,1.0,False,True,Author-Relevant Ambiguous
52637,26,the narrator meeting an online partner for the first time,the date who overreacted and ended things abruptly,"The narrator, blindsided by the sudden reaction, feels confused surprise and hurt; the other person, who had their own private reason for reacting strongly, might have felt anger or distress in the moment rather than surprise.",surprise,surprise,"I have been dating someone online for a couple of years, and we finally got the chance to meet in person last week. It didn't go well at all, and I was very ... by how he over reacted to a very minor thing that I said, and our relationship crumbled in a matter of minutes. I still don't fully understand what happened!",surprise,surprise,0.8,True,False,Author-Relevant Ambiguous
52645,26,someone who nearly gave up on the process,someone confident it would eventually come through,"approval is overwhelming relief and joy for someone who'd nearly given up given the odds, but confident satisfaction for someone who expected success",joy,relief,I received a letter approving a visa application to migrate to Canada which was almost impossible to get from a middle eastern country,surprise,surprise,0.4,True,True,Author-Relevant Ambiguous
52648,26,a small business owner betting everything on this lease,an investor with several other properties in play,"acceptance is a high-stakes relief for a small owner betting everything, but a routine pleasant surprise for a diversified investor",relief,surprise,my offer on commercial lease was accepted because i didn't it would.,surprise,surprise,0.4,True,True,Author-Relevant Ambiguous
52571,26,the narrator invited to dinner,the parent who suggested going out to eat,"For the narrator, being asked out to dinner is framed with mild surprise/pleasant anticipation; for the parent making a routine invitation, there's no particular emotional charge at all.",surprise,surprise,my parents ... me to go for dinner,surprise,surprise,0.2,True,False,Author-Relevant Ambiguous
52578,26,someone who barely met the entry requirements,someone with strong grades who expected to get in,"acceptance is a relieving surprise for someone who barely qualified, but simple confirmation for someone with strong grades",relief,pride,when I got accepted into my college course,surprise,pride,0.4,False,True,Author-Relevant Ambiguous
52579,26,someone who had struggled with infertility,someone who conceived easily and wasn't expecting multiples,"the news is deeply emotional joy for someone who struggled to conceive at all, but a startling shock at the multiples for the other",joy,surprise,Finding out I was pregnant with twins,surprise,joy,0.6,False,True,Author-Relevant Ambiguous
52584,26,a shy student who avoids the spotlight,a confident student who enjoys performing,"being called on is anxiety-inducing for a shy student avoiding attention, but a welcome opportunity for a confident performer",fear,joy,my theater professor called on me to perform our exercise,surprise,surprise,0.4,True,True,Author-Relevant Ambiguous
52591,26,someone whose family is financially modest,someone whose spouse regularly makes big gestures,"the gift is a stunning surprise for someone from a modest financial situation, but a big but not unusual gesture for someone used to grand gifts",surprise,joy,my wife bought me a car on my birthday,surprise,joy,0.8,False,True,Author-Relevant Ambiguous
52593,27,the narrator failing their driving test unexpectedly,the driving examiner conducting a routine test,"The narrator, confident going in, is jolted by a shocking failure; the examiner conducting one of many routine tests would feel no personal emotional stake in the pass/fail outcome.",surprise,no-emotion,"I felt ... when I took my driving test for the first time. I knew I was a good driver and had practiced very hard for it, but when the actual driving test came, it was like I forgot everything I had learned for the past half year. One small mistake led to the next and the next until I ultimately failed and then proceeded to feel really bad about my driving skills. A month later when I took the test again, I passed with flying colors.",surprise,fear,0.4,False,True,Author-Relevant Ambiguous
52533,27,a student who sees the teacher only in the strict school context,a student who is already friendly with the teacher outside class,"seeing a teacher outside the classroom is a jarring surprise for a student used to a strict divide, but unremarkable for one already friendly with them",surprise,no-emotion,when I saw my teacher on an aeroplane,surprise,surprise,1.0,True,True,Author-Relevant Ambiguous
52534,27,a budget-conscious shopper,a grocery store employee marking down items near expiration,"For a shopper watching prices, finding a turkey unexpectedly cheap is a small delightful surprise; for the employee marking down stock as routine inventory management, it carries no emotional weight.",surprise,no-emotion,I felt ... when I found a turkey on sale for only 15 dollars,surprise,joy,0.6,False,True,Author-Relevant Ambiguous
52541,27,a 16-year-old receiving a car,a parent who had been planning the gift for months,"For the teenager, an unannounced car is a huge, surprising milestone gift; for the parent who planned and budgeted for it in advance, the moment is more about anticipated joy in giving than surprise.",surprise,surprise,I felt ... when I got a car for my 16th birthday,surprise,joy,0.6,False,False,Author-Relevant Ambiguous
52550,27,a close friend of the parents,an acquaintance who barely knows the parents,"being honored this way feels deeply moving from close friends, but startling and a little confusing from people who barely know them",pride,surprise,someone named their kid after me,surprise,pride,0.6,False,True,Author-Relevant Ambiguous
52551,27,applicants who felt like underdogs in a competitive market,applicants confident in their strong rental application,"being chosen is a relieving surprise for underdogs in a tough market, but simple expected validation for a strong applicant",relief,joy,"we were chosen to rent the house we currently now live in, out of several applicants",surprise,joy,0.6,False,True,Author-Relevant Ambiguous
52558,27,the narrator at the concert with their partner,a stranger in the crowd nearby,"For the narrator, an affectionate unplanned moment with their partner set to a meaningful song feels like a warm surprise; a nearby stranger at the concert would have no personal stake in the moment at all.",joy,joy,I felt ... when my partner put their arms around me at a concert and started to dance with me to a song we listen to.,surprise,joy,1.0,False,False,Author-Relevant Ambiguous
52562,27,a friend who has been trying for a baby herself,a friend uninvolved in that journey,"the news can stir complicated feelings for a friend struggling with fertility, while it's straightforward joy for an uninvolved friend",sadness,joy,My best friend told me she was pregnant,surprise,surprise,0.8,True,True,Author-Relevant Ambiguous
6968,27,a parent who has caught the son sneaking out before,a parent who has never had trust issues with him,"the empty bed confirms a suspicious pattern for a parent who's caught this before, but is an alarming shock for one who's never had reason to worry",anger,fear,My teen age son wasn't in his bed after bedtime,surprise,fear,0.6,False,True,Author-Relevant Ambiguous
6981,27,someone having a rough day,someone whose partner does small gestures like this often,"the small gesture feels like a meaningful lift for someone having a rough day, but a nice but ordinary treat for someone used to frequent gestures",joy,surprise,My boyfriend turned up with a starbucks,surprise,joy,0.6,False,True,Author-Relevant Ambiguous
6987,27,the narrator surprised by his sister's visit,the sister who planned the surprise trip to Auckland,"The narrator, not expecting his sister at all, feels genuine surprise and joy; the sister who planned and traveled specifically to surprise him would feel more anticipation/joy in delivering the surprise than surprise herself.",surprise,surprise,my sister travelled to New Zealand to ... me whilst travelling. I had not seen her for over 6 months and was not expecting her to arrive in Auckland.,surprise,surprise,0.8,True,False,Author-Relevant Ambiguous
6989,27,someone who doubted the task would go well,someone confident the task would succeed,"the praise is a relieving surprise for someone who doubted themselves, but simple expected recognition for someone confident",relief,pride,I was praised at work for a successful task,surprise,pride,0.8,False,True,Author-Relevant Ambiguous
6992,27,someone who rarely plays the lottery,someone who plays regularly hoping to win,"winning is a stunning shock for someone who rarely plays, but a thrilling payoff for a regular hopeful player",surprise,joy,I won money on the lotto,surprise,joy,1.0,False,True,Author-Relevant Ambiguous
6997,27,a first-time aunt or uncle meeting a newborn,someone who has met many newborns before,"a newborn's smallness is a striking surprise for someone meeting one for the first time, but simply sweet and familiar for someone experienced with babies",surprise,joy,When I met my niece at how small she was.,surprise,surprise,1.0,True,True,Author-Relevant Ambiguous
61003,27,a child whose parents divorced recently,a child whose parents have been separated for years,"the news reopens fresh wounds for a child of a recent divorce, but is an unremarkable update for one long used to the separation",sadness,no-emotion,when my dad announced that he had a new girlfriend,surprise,surprise,0.4,True,True,Author-Relevant Ambiguous
61018,27,someone whose car is essential for their livelihood,someone who rarely drives and views the car as a minor convenience,"the crash threatens real hardship for someone dependent on the car for work, but is a lesser annoyance for someone who rarely drives",anger,surprise,Someone crashed into my car,surprise,anger,0.8,False,True,Author-Relevant Ambiguous
61021,27,someone who felt they clearly deserved it,someone who applied without much expectation,"the rejection stings as unfair for someone who felt clearly deserving, but is an anticipated letdown for someone who applied without high hopes",anger,sadness,found out I didn't get a promotion,surprise,sadness,0.6,False,True,Author-Relevant Ambiguous
7198,27,someone who worked hard and expected it,someone who didn't think they were in the running,"the promotion confirms a hard worker's expectations, but is a genuine surprise for someone who didn't think they were in the running",pride,surprise,I got promoted.,surprise,pride,0.6,False,True,Author-Relevant Ambiguous
7200,27,the narrator smelling smoke in their basement,a firefighter responding to a routine smoke-smell call,"For the homeowner at home at night, smelling smoke unexpectedly triggers alarm/fear; for a firefighter responding professionally to such calls routinely, it's simply part of the job with no personal fear attached.",fear,no-emotion,Last night I was ... I could smell smoke in my basement,surprise,fear,0.6,False,True,Author-Relevant Ambiguous
916,27,the narrator receiving the milkshake,the partner who decided to show up unannounced,"The recipient of an unannounced sweet gesture feels warm, pleasant surprise; the partner who planned the visit feels more anticipatory affection/joy in the act of giving, not surprise.",surprise,surprise,i felt ... when my partner came to my door with a milkshake unannounced,surprise,surprise,0.8,True,False,Author-Relevant Ambiguous
2228,27,an experienced rider approaching a familiar jump,a first-time spectator watching the jump from the sidelines,"The rider, relying on trained instinct and connection with the horse, feels active trust in the horse's ability; a spectator merely watching would feel more suspense or anxious anticipation, not the rider's grounded trust.",trust,trust,"Approaching a large jump on a horse, I ... the horse to safely get us over it.",trust,fear,0.4,False,False,Author-Relevant Ambiguous
2230,27,"the narrator, sick and frightened in an unfamiliar place",a clinic nurse treating a routine early-morning patient,"The narrator, alone and scared in a new city, feels vulnerable trust toward strangers who cared for her; the nurse performing a routine shift would feel professional competence rather than the patient's emotional reliance.",trust,no-emotion,"I felt ... when I got sick mysteriously and puked two days after moving away from home into a dorm, and going to the drop in clinic very very early in the morning and they looked after me even when I was stress-crying and freaked out from puking blood and being in a new place where I knew no one.",trust,fear,0.6,False,True,Author-Relevant Ambiguous
2231,27,someone who has been let down by friends before,"someone who has always had reliable, open friendships","the vulnerability feels like a hard-won, meaningful trust for someone let down before, but simply consistent with what a reliably-befriended person already expects",trust,no-emotion,"My friend demonstrated authenticity in validating my feelings, and also vulnerability in sharing her thoughts with me.",trust,trust,1.0,True,True,Author-Relevant Ambiguous
2210,27,a teenager who feared her parents would react with anger,a teenager confident her parents would be supportive no matter what,"the support is a huge relief for a teen who feared anger, but simple confirmation for one confident of her parents' unconditional support",relief,trust,I told my parents I was pregnant at the age of 16 and they told me they'd support me and help me with everything I need and always stay by me,trust,relief,0.4,False,True,Author-Relevant Ambiguous
2211,27,someone whose partner often forgets tasks,someone whose partner reliably follows through,"asking carries an undertone of anxious hope for someone whose partner often forgets, but simple confidence for one who reliably follows through",fear,trust,I asked my partner to do a task for me,trust,trust,0.8,True,True,Author-Relevant Ambiguous
2212,27,a pet owner whose cat sleeps beside them,a veterinarian discussing normal cat sleeping behavior,"For the owner, a cat choosing to sleep nearby is a small, warm signal of bonding and trust; for a vet describing typical feline behavior clinically, it carries no personal emotional significance.",trust,no-emotion,I felt ... when my cat sleeps by me,trust,trust,0.6,True,True,Author-Relevant Ambiguous
2213,27,the narrator who took the pay cut,an HR representative processing a temporary pay reduction,"The narrator, personally relying on their manager's promise, feels a real sense of trust being tested and rewarded; an HR rep processing the same policy change would view it as a routine administrative matter with no personal trust involved.",trust,no-emotion,My manager asked me to take voluntary pay reduction due to COVID. He promised that my pay would return to normal after 3 months and that I would be rewarded for my sacrifice. I ... him and it all worked out well.,trust,trust,0.4,True,True,Author-Relevant Ambiguous
2224,27,someone who has been let down by travel companions before,someone who has always had good experiences traveling with friends,"the reliability feels like a relieving contrast to past bad experiences, but is simply expected consistency for someone who's always traveled well with friends",relief,trust,I knew I could rely on a friend on holiday as I have had previous bad experiences with holidays with friends,trust,trust,0.6,True,True,Author-Relevant Ambiguous
2225,27,someone who has never told anyone about this before,someone who has processed this in therapy already,"disclosing for the first time is a vulnerable, weighty act of trust, while sharing something already processed feels more like a comfortable update",trust,no-emotion,I was able to tell my partner about an unwanted sexual experience I had when I was younger,trust,trust,0.4,True,True,Author-Relevant Ambiguous
2226,27,someone who has been burned by bad financial advice before,someone with no prior negative experience with advisors,"trusting an advisor is a cautious, hard-won feeling for someone burned before, but a straightforward default for someone without that history",fear,trust,working with my financial advisor,trust,boredom,0.6,False,True,Author-Relevant Ambiguous
2227,27,someone who has struggled to feel understood in the past,someone who has always felt easily understood by others,"feeling understood is a deeply reassuring relief for someone who's struggled with this before, but simply an ordinary comfort for the other",relief,trust,because I know people understand me,trust,relief,0.6,False,True,Author-Relevant Ambiguous
2218,27,someone who has kept this secret for years out of fear,someone who has always been fully open with their husband,"sharing feels like a vulnerable act of trust after years of fear, but is simply routine openness for someone who's always been transparent",trust,no-emotion,I told my husband a secret.,trust,relief,0.4,False,True,Author-Relevant Ambiguous
31398,27,someone who genuinely feared losing the friendship over the disagreement,someone confident the friendship could weather disagreements,"the loyalty is a huge relief for someone who genuinely feared losing the friendship, but a comfortable confirmation for someone confident it could weather it",relief,trust,my friends had my back during a certain situation when I felt like they would turn their back on me. We had deferring opinions and I thought they wouldn't want to see me because of it.,trust,relief,0.6,False,True,Author-Relevant Ambiguous
31415,27,a colleague new to the workplace,a colleague who has known the car's owner for years,"being trusted with something so new feels like a striking, meaningful gesture for a newer colleague, but ordinary for a colleague known for years",trust,no-emotion,I was allowed to park my colleague's brand new car.I felt a sense oft rust from him as it was brand new,trust,trust,0.6,True,True,Author-Relevant Ambiguous
31421,27,the patient about to undergo anesthesia,the nurse whose job is to keep patients calm before surgery,"For the patient, the nurse's joke lands as reassurance and comfort right before a vulnerable moment, fostering trust; for the nurse performing routine bedside manner, it's simply doing their job without personal emotional stake.",trust,no-emotion,"I felt ... when the nurse, assisting in a procedure I was going under anesthesia for, made me laugh at a funny joke literally moments before I blacked out.",trust,surprise,0.8,False,True,Author-Relevant Ambiguous
31304,27,the narrator opening up to their partner for the first time,a therapist observing a couple's early relationship milestones,"For the narrator, mutual vulnerability with a partner is a meaningful trust-building moment; for a therapist observing such disclosures professionally and often, it would be assessed more neutrally as a normal relationship development.",trust,trust,I felt ... when me and my partner opened up to each other for the first time,trust,trust,0.6,True,False,Author-Relevant Ambiguous
31307,27,the narrator who was previously stolen from by a parent,the friend who was trusted to hold the savings,"The narrator, having been betrayed by a parent before, feels significant vulnerable trust in giving money to a friend; the friend receiving that responsibility would more likely feel a sense of duty or pride in being reliable, not trust themselves.",trust,trust,i felt ... when i gave my savings to a friend to look after after finding out my dad was taking money from me and after a year i got the money back without any missing,trust,relief,0.6,False,False,Author-Relevant Ambiguous
31313,27,someone who felt very alone before the friend showed up,someone with a strong existing support network,"the support is a profound relief for someone who felt alone, but simply expected care for someone with an already strong support network",relief,trust,when my friend stayed with me during a hard time,trust,sadness,0.6,False,True,Author-Relevant Ambiguous
31317,27,someone who rarely opens up about personal struggles,someone who regularly confides in this friend,"confiding feels like a significant act of trust for someone who rarely opens up, but is simply routine for someone who confides in this friend regularly",trust,no-emotion,I told a friend that I was having trouble with my relationship.,trust,sadness,0.6,False,True,Author-Relevant Ambiguous
31330,27,the narrator asked to watch the child,the friend who stepped away to take a phone call,"The narrator, entrusted with a child's safety, feels the weight and warmth of being trusted; the friend making the request would feel more relief or reduced anxiety about a mundane logistical need being handled, not trust as strongly.",trust,trust,my friend and I were playing with her daughter in the park and my friend had to take a phone call so she ... me to look after her daughter whilst she took the phone call away from us. I felt that she ... me to watch her daughter and make sure that she didn't get hurt whilst playing.,trust,trust,0.8,True,False,Author-Relevant Ambiguous
31332,28,someone who's been burned by a friend borrowing money before,someone who's never had reason to doubt this friend,"handing over the wallet takes a leap of hard-won trust for someone burned before, but is an easy, unremarkable gesture for the other",trust,no-emotion,I gave my wallet to a friend,trust,trust,1.0,True,True,Author-Relevant Ambiguous
31338,28,someone unsure the friends would speak well of them,someone confident in the friends' support,"the positive answers are a relieving surprise for someone unsure of the friends' opinion, but simple expected confirmation for someone confident",relief,trust,My friends helped me answer a survey for a job reference and did so very positively,trust,pride,0.4,False,True,Author-Relevant Ambiguous
31340,28,a novice traveler attempting this for the first time,an experienced traveler who has done this many times,"completing the journey is a proud, relieving triumph for a first-timer, but a routine accomplishment for someone experienced",pride,no-emotion,When i successfully completed a transatlantic journey,trust,pride,0.8,False,True,Author-Relevant Ambiguous
31346,28,a new employee just given the responsibility,an owner who has always locked up themselves,"being trusted with the key for the first time is a meaningful milestone for a new employee, but an unremarkable routine for an owner",pride,no-emotion,I locked the shop myself for the first time,trust,pride,0.8,False,True,Author-Relevant Ambiguous
31347,28,the narrator who received a supportive phone call,a coworker who observed the narrator seem reassured after a phone call,"The narrator directly feels supported and secure due to their boyfriend's reliability, a clear feeling of trust; a coworker merely observing the aftermath would have no access to that internal reliance and would feel nothing about it.",trust,trust,I felt ... when my boyfriend called me because I knew he would support me always.,trust,trust,0.4,True,False,Author-Relevant Ambiguous
31360,28,a friend who rarely gets to see this side of them,a friend who is their usual confidant for everything,"being let in feels like a meaningful gesture of trust for someone who rarely sees this vulnerability, but is routine for their usual confidant",trust,no-emotion,a friend opened up to me about the end of their relationship and we talked about it,trust,sadness,0.6,False,True,Author-Relevant Ambiguous
31361,28,someone with a history of the fence malfunctioning,someone who's never had an issue with it before,"taking her word feels like meaningful trust given a history of malfunctions, but is an unremarkable non-event without that history",trust,no-emotion,My wife said she turned off the electric fence as i was about to go through it,trust,relief,0.6,False,True,Author-Relevant Ambiguous
31378,28,a co-worker not usually close with this colleague,a co-worker who is already close friends with them,"being confided in is a striking mark of trust for a co-worker not usually close with them, but simply routine for an already close friend",trust,no-emotion,My co-worker confided in me about a personal life issue,trust,trust,0.6,True,True,Author-Relevant Ambiguous
31382,28,someone who had their heart set on Uganda,someone open to wherever they're sent,"the change feels like a disappointing surprise for someone who wanted Uganda specifically, but an easy trust in the organization's judgment for someone flexible",surprise,trust,my organization told me they were sending me to the Dominican Republic for study abroad instead of Uganda because they thought it would be best for now.,trust,surprise,0.6,False,True,Author-Relevant Ambiguous
31387,28,the diner who ordered the steak,the waiter who caught and corrected the cooking mistake,"The diners, seeing the restaurant proactively fix an error, feel reassured trust that they'll get what they asked for; the waiter performing quality control as part of the job would feel more professional diligence than personal trust.",trust,no-emotion,"I felt ... when we went to a restaurant in London, and asked for steak done to a particular level, the waiter came out and advised that the steak had not been cooked to his satisfaction, so asked for the steak to be redone, it was at this point that we realised we could fully ... that we were going to get exactly what we had asked for.",trust,relief,0.6,False,True,Author-Relevant Ambiguous
31390,28,the narrator who opened up about something scary,the close friend who listened without judgment,"The narrator, having taken an emotional risk, feels relief and validated trust after being met with acceptance; the friend who simply listened supportively would more likely feel empathy or mild concern rather than trust themselves.",relief,relief,I felt ... when I told my close friend about a situation that I was scared to open up about but because she didn't react with any judgement I knew I made the right choice opening up to her. It felt a lot like a weight being lifted from my shoulders.,trust,relief,1.0,False,False,Author-Relevant Ambiguous
41835,28,the narrator being asked to be exclusive,a mutual friend who observes the new relationship status,"For the narrator, being asked to date exclusively builds a personal sense of trust in the relationship's direction; a mutual friend simply noticing the couple is now official would feel no particular emotion about it.",trust,trust,"my current boyfriend asked me to date him. This told me that he only wanted associations with me, and I ... him from then on out to only want to date me and focus on me rather than other girls.",trust,trust,0.4,True,False,Author-Relevant Ambiguous
41840,28,the narrator working through a habit of bottling up feelings,a therapist helping a client learn to open up,The narrator describes personal growth in learning to trust a partner with feelings; a therapist guiding a client through the same process would view it with professional satisfaction/pride in the client's progress rather than trust themselves.,trust,trust,"I felt ... when I could open up about my feelings to my significant other. Growing up, I would bottle up my feelings. As an adult, I am working toward not doing that so often.",trust,relief,0.6,False,False,Author-Relevant Ambiguous
41844,28,the narrator who feared they'd made a bad career decision,a friend who helped lend money to support the decision,"The narrator, prone to anxiety about decisions, feels reassured trust upon realizing loved ones support them; a friend who lent money to help would more likely feel quiet pride or care in having supported someone, not the narrator's relief-laden trust.",relief,relief,"I felt ... when I realized my friends and family supported me in a big career jump I made because deep down I had feared I had made the wrong decision. I myself do get in my own way sometimes because I am type a so when i feel like things arent perfect, I get nervous. I realized they supported me because they lent me some money while I couldnt afford a bill that they would struggle to afford as well.",trust,guilt,0.4,False,False,Author-Relevant Ambiguous
41847,28,the narrator nominated to lead a new working group,a fellow volunteer who nominated them,"The narrator, chosen for a leadership role, feels a validating sense of being trusted; the volunteer who made the nomination would feel more confidence or pride in their own judgment of a good candidate.",trust,trust,i felt ... when i got nominated to set up a working group at hte charity i vouluenteer for,trust,pride,0.8,False,False,Author-Relevant Ambiguous
41778,28,someone who has felt dismissed by everyone in their life,someone who generally feels supported by people around them,"being validated is a profoundly moving relief for someone who's felt dismissed by everyone, but a welcome but less dramatic comfort for the other",relief,trust,i wasn't judged by my therapist whenever i would talk about the little things in life that upset me. And when they validated my feelings when no one ever has.,trust,relief,0.8,False,True,Author-Relevant Ambiguous
41779,28,someone who has struggled to find people who understand them,someone who easily makes deep connections with most people,"the connection feels like a rare, deeply meaningful trust for someone who's struggled to find understanding, but is simply another easy connection for the other",trust,joy,"I form a meaningful connection with someone that shares my beliefs, listens to my thoughts and communicates with me in a respectful way",trust,trust,0.8,True,True,Author-Relevant Ambiguous
41780,28,the narrator confiding in their partner,the partner who listened without judgment,"The narrator, sharing painful past experiences, feels vulnerable trust being honored; the partner who simply listened supportively would more likely feel empathy or care rather than trust themselves.",trust,trust,"I felt ... when I confided in my partner about my past experiences, and he listened to me without judging",trust,relief,0.8,False,False,Author-Relevant Ambiguous
41789,28,the patient before open heart surgery,the surgeon performing the operation,"The patient, unfamiliar with the hospital staff, must place blind trust in a stranger's expertise before a life-threatening procedure; the surgeon performing routine professional duties would feel confidence in their own skill rather than trust.",trust,pride,"4 years ago i had open heart surgery done.  I was new to the hospital and knew none of the doctors or nurses, even though I did not know the surgeon I implicitly ... him and his decisions.",trust,trust,1.0,True,True,Author-Relevant Ambiguous
41791,28,the narrator whose reputation was defended,the colleague who stood up for them,"The narrator, targeted by defamation, feels moved trust and gratitude toward the colleague who defended them; the colleague who took the action would more likely feel a sense of loyalty or conviction in doing the right thing, not trust.",trust,trust,"I felt complete ... when I learnt that a colleague of mine defended my reputation in my absence. While some people were trying to defame me, my colleague in a question, took it upon himself to defend my honor and reputation. I was elated when I got wind of it and knew then that this was someone I could really ....",trust,joy,0.4,False,False,Author-Relevant Ambiguous
41794,28,a friend not usually let in on personal matters,a friend who is their regular confidant,"being told something personal feels like a meaningful mark of trust for a friend not usually let in, but is routine for their regular confidant",trust,no-emotion,my good friend shared something personal with me,trust,trust,0.8,True,True,Author-Relevant Ambiguous
41795,28,the narrator elected class president,a classmate who voted for them,"The narrator, chosen by peers, feels a validating sense of being trusted with responsibility; a classmate who simply cast a vote would feel little personal emotion about the outcome.",trust,trust,I felt ... when I was voted class president,trust,pride,0.4,False,False,Author-Relevant Ambiguous
41801,28,the patient being transported by ambulance,a paramedic performing a routine emergency transport,"The patient, vulnerable and in crisis, must place trust in the medical professionals' competence; the paramedic performing routine emergency care would feel professional focus rather than the patient's dependent trust.",trust,no-emotion,When I was in an ambulance I ... the professionals,trust,trust,0.8,True,True,Author-Relevant Ambiguous
41814,28,a therapist whose client disclosed abuse,the client disclosing his abuse for the first time,"The client, sharing a deeply guarded secret, is the one placing trust in the therapist; the therapist receiving the disclosure would more likely feel a mix of empathy and professional responsibility rather than trust themselves.",pride,trust,my client opened up about abuse he had experienced at the hands of a woman. He felt he could not tell another woman what happened but he stated he felt completely accepted by me and this meant that he was able to ... me with his darkest secret.,trust,trust,0.6,True,True,Author-Relevant Ambiguous
41826,28,the narrator promoted into their former boss's role,the former boss who left the encouraging letter,"The narrator, having overcome early friction with the boss, feels moved by the trust the relationship eventually built; the boss writing the letter as a parting gesture would more likely feel pride in the narrator's growth or personal closure, not trust.",trust,trust,"My boss left his job and I was appointed to his role. He left me a two page letter afterwards with his encouragement, and I felt ... because two years prior, when we commenced working together, he established a very strong wall between us. Over the years he started to ... me and that was a sign to me of that wall having come down.",trust,pride,0.6,False,False,Author-Relevant Ambiguous
41830,28,a manager who rarely gets approached by junior staff,a manager the team already turns to regularly,"being sought out feels like a meaningful sign of trust for a manager not usually approached, but is routine for one the team already turns to",trust,no-emotion,A child asked for my help with a difficult situation (at work),trust,no-emotion,0.4,False,True,Author-Relevant Ambiguous
41895,28,the narrator whose boyfriend drove through the night to see her,a neighbor who noticed a car arrive very late at night,"The narrator, on the receiving end of a devoted gesture, feels reassured trust and love in the relationship; a neighbor simply noticing a late-night car arrival would have no emotional stake in the situation at all.",trust,trust,I felt ... when my boyfriend drove out of town to see me at 2 in the morning.,trust,joy,1.0,False,False,Author-Relevant Ambiguous
41912,28,the narrator hearing 'I love you' for the first time,a friend the narrator later tells about the moment,"The narrator, directly receiving the declaration, feels a deep sense of security and trust in the relationship; a friend hearing about it afterward would more likely feel simple happiness for the narrator (joy) rather than trust themselves.",trust,trust,"In my current relationship when I heard my partner say I love you for the first time, it made me feel valued and assured in my relationship and instilled a sense of ... in my partner and my relationship.",trust,trust,0.8,True,False,Author-Relevant Ambiguous
41882,28,the narrator feeling confident about their career prospects,a professor grading the narrator's strong academic performance,"The narrator, seeing their own academic success translate to career confidence, feels a personal sense of trust in their own future; a professor grading the work would feel professional satisfaction/pride in a strong student rather than trust.",trust,trust,I felt ... in my career prospects because I performed well academically,trust,pride,0.8,False,False,Author-Relevant Ambiguous
41857,28,the narrator seeking a promotion,the line manager giving advice and support,"The narrator, relying on their manager's guidance during a stressful process, feels trust in that support; the manager providing advice would more likely feel a sense of duty or quiet pride in mentoring, not trust themselves.",trust,trust,I felt ... when I was applying for a promotion in work. I looked to my line manager who I ... and gave me great advice and support through the process,trust,trust,0.2,True,False,Author-Relevant Ambiguous
41862,28,someone generally wary of strangers,someone who has done this kind of thing before without issue,"getting in requires a real leap of nervous trust for someone wary of strangers, but is a low-stakes decision for someone who's done it before",fear,trust,When i had to get in a strangers car because mine was stuck in the snow in the midde of the lanes.,trust,fear,0.8,False,True,Author-Relevant Ambiguous
41871,28,the narrator following financial advice from their boyfriend,the boyfriend giving the advice about the car and debt,"The narrator, acting on trusted advice that paid off, feels vindicated trust in their partner's judgment; the boyfriend giving the advice would more likely feel satisfaction or relief that his advice helped, not trust himself.",trust,trust,My boyfriend told me to not get into more debt and get a new car on finance. He said to me that I would be better off using my current car for as long as possible as it was a good car and didn’t have any problems. I didn’t need a new car. I ... his advice and managed to get myself out of debt quicker.,trust,pride,0.4,False,False,Author-Relevant Ambiguous
41872,28,the narrator receiving keys to stable housing for the first time,a housing association caseworker processing the tenancy,"For the narrator, gaining housing security for the first time is a deeply emotional, trust-affirming milestone; for a caseworker processing routine paperwork, it's simply another case handled.",relief,no-emotion,I felt ... when I received the keys to my new flat from a housing association because it was the first time in my life I have had housing security.,trust,joy,0.8,False,True,Author-Relevant Ambiguous
52768,28,someone anxious the color would turn out badly,someone confident and experienced with dyeing their hair,"the result is a relieving surprise for someone anxious it would go wrong, but a routine expected outcome for someone experienced",relief,no-emotion,when I dyed my hair blonde with highlights,trust,pride,0.6,False,True,Author-Relevant Ambiguous
52658,28,a novice climber who doubted they were ready,an instructor confident in the trainee's readiness,"being permitted to climb alone is a proud, validating milestone for a novice who doubted themselves, but simple confirmation of a confident assessment",pride,trust,first time me and a friend were permitted to climb alone after weeks of practice,trust,pride,0.6,False,True,Author-Relevant Ambiguous
52667,28,someone who has been feeling isolated lately,someone who sees these friends all the time,"being with friends feels like a meaningful comfort for someone who's felt isolated, but is an unremarkable, ordinary moment for the other",joy,no-emotion,I am with my friends,trust,joy,1.0,False,True,Author-Relevant Ambiguous
52679,28,a parent teaching their toddler responsibility,the 3-year-old being asked to do the task,"The parent, watching their child succeed at a small independent task, feels proud trust in the child's growing capability; the toddler simply doing as asked would not experience this framing of trust at all, more likely simple compliance or no strong emotion.",trust,trust,"I gave my son some rubbish to put in the bin. I was able to ... him to do this by himself, he is 3 years old .",trust,pride,0.8,False,False,Author-Relevant Ambiguous
52689,28,the narrator whose boyfriend opened up to her,the boyfriend sharing his past problems,"The narrator, being confided in, feels honored trust that her boyfriend chose to share vulnerable history with her; the boyfriend doing the sharing would more likely feel vulnerability or relief in unburdening himself, not trust.",trust,trust,I felt ... when my boyfriend shared his past life problems with me,trust,trust,0.6,True,False,Author-Relevant Ambiguous
52703,28,"someone who had a difficult, risky pregnancy","someone who had an easy, uncomplicated pregnancy","the birth brings overwhelming relief on top of joy for someone who had a difficult pregnancy, but is simple uncomplicated joy for the other",relief,joy,I gave birth to my daughter,trust,joy,0.8,False,True,Author-Relevant Ambiguous
52704,28,the narrator recovering from an abusive relationship,a family member who stepped in to help,"The narrator, isolated and struggling with self-trust after abuse, feels a hard-won trust being rebuilt through family support; the family member helping would more likely feel protective concern or relief that the narrator is safe, not the narrator's internal trust struggle.",trust,trust,I felt ... when my family helped me from a abusive relationship and i lacked alot of ... and felt isolated and affectly me hugely mentally and i didn't ... myself and no one. They helped me with ... and realise i can do this!,trust,relief,0.8,False,False,Author-Relevant Ambiguous
52706,29,the narrator whose boss expressed long-term investment in her,the boss making the statement about wanting to help her grow,"The narrator, hearing her boss commit to her future, feels reassured trust and security in her job; the boss making the statement would more likely feel genuine care or satisfaction in supporting a valued employee, not trust themselves.",trust,trust,I felt ... when my boss said that she wants me to stay in her business for a long time and wanted to know how she could help me grow.,trust,pride,0.8,False,False,Author-Relevant Ambiguous
52709,29,someone not usually trusted with secrets,someone who is everyone's confidant,"being told a secret feels like a meaningful mark of trust for someone not usually confided in, but is routine for someone who's everyone's confidant",trust,no-emotion,Someone told me a secret,trust,trust,0.6,True,True,Author-Relevant Ambiguous
52716,29,"someone new to the relationship, not yet fully part of the family",someone who's effectively already a co-parent,"being allowed to pick up his son feels like significant, meaningful trust for someone newer to the relationship, but a routine task for a co-parent",trust,no-emotion,When my then boyfriend allowed me to pick up his son from daycare,trust,trust,0.6,True,True,Author-Relevant Ambiguous
52718,29,the narrator whose dog needed careful medical care,a family member who helped administer the dog's medication,"The narrator, anxious about a wrong step harming their ill dog, feels vulnerable trust in letting family help; the family member helping would more likely feel a sense of responsibility or care, not the narrator's anxious trust.",trust,trust,"I felt ... when allowing my family to help me take care of my very ill dog. Any wrong steps, and he could have very easily had his life shortened due to the medications he needed. When my family stepped up and helped me on occasion, I felt ... allowing them to do so.",trust,trust,0.4,True,False,Author-Relevant Ambiguous
52731,29,someone who has been burned lending money before,someone who has always been repaid reliably by this friend,"lending takes a cautious leap of trust for someone burned before, but is an easy decision for someone with a reliable track record",fear,trust,i loaned a friend money,trust,trust,0.8,True,True,Author-Relevant Ambiguous
52732,29,someone who had doubted they'd ever find lasting love,someone who always expected to get married,"the wedding feels like overwhelming joy for someone who doubted they'd find lasting love, but a natural, expected milestone for someone who always assumed marriage was ahead",joy,trust,I got married to my husband,trust,joy,0.8,False,True,Author-Relevant Ambiguous
52738,29,a parent letting their daughter walk to school alone,the daughter walking to school independently for the first time,"The parent, gradually letting go of control, feels a growing trust in their daughter's independence; the daughter herself would more likely feel simple pride or normalcy in the routine, not the parent's anxious-then-settled trust.",trust,trust,i felt alot of ... when i allowed my daughter to start walking to school  by her self it took a while but now i fully ... her,trust,fear,0.6,False,False,Author-Relevant Ambiguous
52739,29,someone meeting him for a high-stakes negotiation,someone just casually observing him at a party,"his confidence reads as reassuring trust-building for someone relying on him in a high-stakes negotiation, but is a passing, neutral observation for a casual onlooker",trust,no-emotion,he seemed confident,trust,no-emotion,0.4,False,True,Author-Relevant Ambiguous
52742,29,someone who struggled with infertility for years,someone who conceived easily each time,"having her children is overwhelming, hard-won relief and joy for someone who struggled with infertility, but simple uncomplicated joy for someone who conceived easily",relief,joy,I HAD MY CHILDREN,trust,joy,0.6,False,True,Author-Relevant Ambiguous
52857,29,someone whose friend rarely asks favors,someone used to running errands for this friend regularly,"being asked feels like a small but notable trust for someone whose friend rarely asks favors, but is a routine, unremarkable task for someone used to it",trust,no-emotion,I had to collect a parcel for a friend,trust,trust,0.6,True,True,Author-Relevant Ambiguous
52859,29,someone who has felt overlooked and undervalued at work,someone who already feels well-supported by management,"the manager's words are a moving, validating relief for someone who's felt overlooked, but simple confirmation for someone already feeling supported",relief,trust,My manager told me during performance reviews that I was selling myself short and she would be advocating harder on my behalf.,trust,pride,0.6,False,True,Author-Relevant Ambiguous
52860,29,someone who rarely gets confided in like this,someone who is regularly told deeply personal things,"being trusted with such information feels especially significant for someone who rarely gets confided in, but is more familiar for the other",trust,no-emotion,when being told a piece of deeply personal information because it was not something shared with just anyone,trust,trust,1.0,True,True,Author-Relevant Ambiguous
52866,29,the narrator whose mother defended her,the aunt being confronted about her treatment of the narrator,"The narrator, hearing her mother stand up for her, feels a warm, validating trust that her mother has her back; the aunt being confronted would more likely feel defensiveness or shame, not the narrator's trust.",trust,shame,I heard my mom giving my aunt hell for treating me crappy. I knew i could ... my mom to stand up for me,trust,trust,0.6,True,True,Author-Relevant Ambiguous
52874,29,someone living in a high-crime area,"someone living in a very safe, low-crime neighborhood","the safety feels like a relieving stroke of luck for someone in a high-crime area, but an unremarkable non-event for someone in a very safe neighborhood",relief,no-emotion,I left my door unlocked and nobody went in,trust,relief,0.8,False,True,Author-Relevant Ambiguous
52895,29,a freelancer who received unusual upfront payment,the client who chose to pay upfront,"The freelancer, receiving unexpected upfront trust from a client, feels touched and validated; the client making the payment decision would more likely feel simple confidence in the freelancer's reliability, not the freelancer's emotional reaction.",surprise,trust,"a client of mine paid me upfront for a project which i never ask clients to do that, but he did it and i had a big massive ... that made my day.",trust,surprise,0.4,False,True,Author-Relevant Ambiguous
52821,29,someone who doesn't usually get support from colleagues,"someone on a close-knit, collaborative team","the help feels like a meaningful, appreciated trust for someone who doesn't usually get support, but is routine for someone on a close-knit team",trust,no-emotion,my colleague helped with a  work situation,trust,relief,0.6,False,True,Author-Relevant Ambiguous
52822,29,a patient with a rare disease seeing a specialist,the specialist treating a rare case,"The patient, relying on rare expertise most doctors lack, feels a strong sense of trust in the specialist; the specialist handling a case within their expertise would feel more professional confidence than the patient's dependent trust.",trust,trust,"I was diagnosed with a rare blood disease and had to see a specialist. His knowledge and expertise in a field that most doctors I had encountered before knew nothing about, made me ... him greatly.",trust,trust,1.0,True,False,Author-Relevant Ambiguous
52823,29,a new mother watching her husband hold their baby,the husband holding his newborn child for the first time,"The mother, watching her husband hold their child right after birth, feels a surge of trust in his role as protector; the husband himself in that moment would more likely feel overwhelming joy or love rather than the mother's externally-observed trust in him.",trust,trust,My baby was born and I felt a ... for my husband I had never felt before when he first held her whilst I was still beingClosed up where I knew he would always keep her and the rest of our family safe,trust,joy,0.6,False,False,Author-Relevant Ambiguous
52826,29,someone new to the workplace and unsure who to trust,someone who has worked closely with this colleague for years,"the disclosure carries real, anxious risk for someone new and unsure who to trust, but is a lower-stakes decision for someone who's worked with them for years",fear,trust,"I revealed to a colleague information about myself that could have had negative consequences for me at work, but I thought was important for the colleague to know in order for us to complete a project.",trust,trust,0.6,True,True,Author-Relevant Ambiguous
52827,29,the narrator falsely accused of theft,the boss who did not suspect the narrator,"The narrator, wrongly accused by colleagues, feels relieved trust because her boss knows her family and believes in her; the boss, already confident in his judgment about her character, would feel simple certainty or no strong emotion rather than the narrator's relief.",relief,relief,"I felt ... when everyone in our company accused me of theft despite the fact that we were two people incharge of finance, everyone expect our boss, Because he knew my father, and knows the kind of thing i can do. This made me really relaxed.",trust,relief,0.6,False,False,Author-Relevant Ambiguous
52828,29,a gym member noticing strict covid protocols,gym staff enforcing routine vaccine and ID checks,A member noticing careful protocol enforcement might feel reassured trust in the gym's safety standards; staff performing a routine required check would feel no personal emotional content about it.,trust,no-emotion,I felt ... when the gym staff were actively checking for covid vax documents and proper ID.,trust,relief,0.6,False,True,Author-Relevant Ambiguous
52829,29,someone who rarely lets loose or loses control,someone used to relying on this friend after nights out,"being cared for feels like a moving, meaningful trust for someone who rarely loses control like this, but is a routine, familiar kindness for the other",trust,no-emotion,I got too drunk and my friend brought me home in an uber and fed me and put me to bed,trust,trust,0.4,True,True,Author-Relevant Ambiguous
52833,29,a team player relying on teammates during a game,a teammate being relied upon during the game,"The narrator, needing to depend on others mid-game, feels active trust in the team; a teammate simply being relied upon would feel more like responsibility or focus, not trust themselves.",trust,trust,I was playing in a team game and had to ... my team mates.,trust,trust,0.8,True,False,Author-Relevant Ambiguous
52777,29,a student who took a risk skipping tutoring,the teacher who assured the student she didn't need one,"The student, taking a financial and academic risk based on her teacher's word, feels vindicated trust when it pays off; the teacher who made the promise would more likely feel satisfaction or pride in delivering on it, not the student's anxious trust.",trust,trust,"An example of ... for me was in related to my education. Prior to undergrad, I had been severely behind and informed my teacher that I would need a tutor. I wanted to get one as I had an opportunity to secure one before school began, and it would be very hard for me to find one after school begun. I also knew this would be a financial investment. My teacher told me that she assured me that I would not need a tutor and she would provide all the extra help I needed. I was hesitant at first, considering she had hundreds of other students to help, but in the end, I took her advice and did not get a tutor. That class was amazing. She managed to catch me up completely wherever I needed it and dedicated lots of time for me after school. This was a time where I took a risk and ... my teacher, and this ... payed off.",trust,trust,0.4,True,False,Author-Relevant Ambiguous
52778,29,the narrator terrified before surgery,the father staying calm and reassuring in the room,"The narrator, frightened before a serious procedure, feels calmed trust because of her father's steady presence; the father himself, trying to project calm for his child's sake, would more likely feel protective concern or a need to appear strong, not the narrator's own trust.",trust,trust,When I needed surgery and I was terrified and my dad was in the room with me before I went in. He talked to me and told me everything was going to be okay and he told the doctors to take good care of me. In that moment I ... that everything would be fine because of how protective he was and how sure he seemed that everything would go well.,trust,trust,0.6,True,False,Author-Relevant Ambiguous
52782,29,a 10-year-old volunteering in a school assembly trust exercise,the teacher running the trust-fall demonstration,"The child, physically falling backward and forward relying on others to catch them, feels vivid experiential trust; the teacher running the exercise as an instructional demonstration would feel more like professional intent to teach, not personal trust.",trust,no-emotion,"I felt ... when I first really grasped the understanding of .... I was maybe 10 years old sat in assembly in school when they asked for a volunteer. So I put my hand up and was chosen. The teacher asked me to close my eyes, he stood behind me and asked me to fall backwards and trust me to catch him. I did ... him and so I fell back and he caught me. Then as he was still stood behind me speaking he asked me again to close my eyes but this time fall forward. I was confused as I knew he was still talking behind me. I thought i would fall flat on my face. What I didn't know was the assembly had been asked to keep quiet as another teacher snook up and stood in front of me ready to catch me. ""Trust me"" the teacher behind me said and so i stumbled forward and didn't fall. After i got a round of applause and sat back down he did a presentation on what ... is and i knew the exact feeling thanks to that assembly.",trust,trust,0.8,True,True,Author-Relevant Ambiguous
52784,29,someone who doesn't normally turn to others for advice,someone who regularly relies on this friend for advice,"turning to the friend feels like a significant, vulnerable act of trust for someone who doesn't normally seek advice, but is routine for the other",trust,no-emotion,I was confused about how my partner was treating me and so I went to a friend who I thought could help and she really listened to me and provided me with good advice.,trust,relief,0.6,False,True,Author-Relevant Ambiguous
52802,29,the narrator experiencing traumatic anxiety,the doctor accommodating the narrator's situation,"The narrator, vulnerable during a mental health crisis, feels a comforting trust because the doctor treated her respectfully; the doctor providing standard respectful care would feel professional care rather than the patient's personal sense of trust.",trust,trust,I felt ... when I was experiencing traumatic anxiety and contacted the doctor concerning it. They were very respectful of my situation and accommodated me by putting me on medication to help me get my life back on track.,trust,fear,0.8,False,False,Author-Relevant Ambiguous
61031,29,a wife relying on her husband's steady support,the husband providing for his family,"The narrator, as the wife, feels a deep sense of trust in her husband's reliability; the husband himself, focused on the act of providing, would more likely feel a sense of duty or quiet resolve, not trust.",trust,trust,my husband is always there for me and i can ... that no matter what he will be there for our child and do what ittakes to provide for us as a family,trust,trust,1.0,True,False,Author-Relevant Ambiguous
61055,29,a student who doesn't usually approach teachers,a student who regularly turns to this teacher for help,"approaching the teacher takes a nervous leap of trust for a student who doesn't usually do this, but is routine for a student who regularly turns to them",fear,trust,When I went to a teacher about a problem I had,trust,fear,0.4,False,True,Author-Relevant Ambiguous
61071,29,someone entrusted for the first time with this level of financial responsibility,someone who regularly manages finances for others professionally,"being given control feels like an especially weighty, significant trust for someone entrusted for the first time, but a routine professional responsibility for the other",trust,no-emotion,My friend needed support to manage her money so she gave me control of her bank accounts,trust,trust,0.8,True,True,Author-Relevant Ambiguous
61094,29,the narrator moving to a new country with their partner,a friend back home hearing about the move,"The narrator, relying on their partner during a major life change, feels a personal sense of trust and security; a friend simply hearing about the move from afar would feel no particular emotion about it.",trust,trust,I felt ... when I moved to a new country with my partner.,trust,fear,0.6,False,False,Author-Relevant Ambiguous
61096,29,the narrator listening to her now-husband speak passionately,a stranger overhearing the same conversation at a party,"The narrator, watching her future husband be unashamedly himself, feels an emerging sense of trust that she can do the same around him; a stranger merely overhearing the conversation would have no personal stake and feel nothing notable.",trust,trust,When I had first started hanging out with the man who is now my husband. He was telling about all about something he was passionate about that was an obscure and kind of weird to some hobby. He spoke about it with such confidence and passion and not a single worry about what anyone else would think of him. It opened me up to ... that I could fully be myself around this man without ever feeling like I would be judged.,trust,trust,0.8,True,False,Author-Relevant Ambiguous
61097,29,someone who had doubted the relationship would last this far,someone who always knew they'd end up together,"the moment feels like an overwhelming, surprising realization of love for someone who doubted they'd make it this far, but a natural confirmation for the other",joy,trust,"when my bride and I knelt at the alter to be married, I realized just how much she loved me and I loved her.",trust,joy,0.8,False,True,Author-Relevant Ambiguous
61098,29,the narrator who lent her Oyster card to a friend,the friend who was trusted with the pass,"The narrator, worried about disappointing her mother, feels relieved validated trust when her friend doesn't lose the pass; the friend who was trusted with it would more likely feel simple relief at not messing up, not the narrator's emotional stake in her mother's expectations.",trust,trust,"I felt ... when me and my friend went to London and I gave her my Oyster card pass which discounts tube prices, my mum was adamant that I shouldn't lose the pass and I gave it to my friend and was worried she would lose it, however I felt ... in her as she did not lose it. It meant a lot for some reason, I really didn't want to let my mum down.",trust,pride,0.4,False,False,Author-Relevant Ambiguous
61099,29,the narrator dangling above shallow water after a zip-line malfunction,the sister reaching to catch her,"The narrator, hanging in a life-threatening situation, must place urgent trust in her sister's physical ability to save her; the sister doing the pulling would more likely feel adrenaline-fueled fear or determination in the moment, not trust.",trust,trust,"I was on a zip-line and it malfunctioned just as I stepped off the platform, and I was hanging for a couple of moments 20ft above very shallow water. My sister reached across and pulled me back, and I had to ... that she'd be able to hold my weight and not drop me.",trust,trust,0.8,True,False,Author-Relevant Ambiguous
61101,29,someone anxious about failing in the kitchen,someone who enjoys learning new things casually,"the uncertainty provokes real anxiety for someone worried about failing in the kitchen, but is simply a fun, casual learning experience for the other",fear,joy,My mother helped me bake bread. I'd know idea what I was doing,trust,relief,0.4,False,True,Author-Relevant Ambiguous
7204,29,someone who doesn't usually ask for help,someone used to colleagues readily pitching in,"getting help feels like a meaningful, reassuring trust for someone who doesn't usually ask, but is an unremarkable, expected outcome for the other",trust,no-emotion,I asked someone to help me at work and they did,trust,relief,0.6,False,True,Author-Relevant Ambiguous
922,29,the narrator on her wedding day,a guest attending the wedding ceremony,"The narrator, exchanging vows with her husband, feels a deep personal sense of trust and safety in the commitment; a guest simply witnessing the ceremony would feel happiness for the couple (joy) rather than the narrator's personal trust.",trust,trust,"I got married to my husband. When we said our vows, I ... that they meant them and that I was safe.",trust,anger,0.4,False,False,Author-Relevant Ambiguous
923,29,someone in a long-distance relationship starved for time together,someone who sees his girlfriend frequently anyway,"the visit feels like a deeply meaningful gesture for someone starved for time together in a long-distance relationship, but a nice but less momentous treat for the other",joy,surprise,my girlfriend travelled all the way up the country to see me,trust,joy,0.6,False,True,Author-Relevant Ambiguous
