text_id,framing_condition,prompt_variant,label_format,label,reason
52614,neutral,zero_shot,numbered,joy,The act of receiving a handwritten note from a boyfriend typically conveys positive emotions like joy.
52614,neutral,zero_shot,inline,joy,"The act of receiving a handwritten note from a boyfriend typically conveys affection and thoughtfulness, which are associated with positive emotions like joy."
52614,neutral,one_shot,numbered,joy,The act of receiving a handwritten note from a boyfriend typically evokes positive emotions like joy due to its personal and thoughtful nature.
52614,neutral,one_shot,inline,surprise,"The act of receiving a handwritten note from a boyfriend is an unexpected and personal gesture, likely evoking surprise."
52614,neutral,few_shot,numbered,joy,"The author describes a thoughtful, affectionate gesture from their boyfriend, which typically evokes joy."
52614,neutral,few_shot,inline,joy,"The author describes a positive, thoughtful gesture from their boyfriend, which typically evokes joy."
52614,generic_human,zero_shot,numbered,joy,"The act of receiving a handwritten note from a boyfriend typically conveys affection and care, which are associated with positive emotions like joy."
52614,generic_human,zero_shot,inline,joy,"The act of receiving a handwritten note from a boyfriend typically conveys affection and care, which likely evoked a sense of joy."
52614,generic_human,one_shot,numbered,trust,"The act of writing a handwritten note to someone suggests a level of sincerity and connection, which is often associated with trust."
52614,generic_human,one_shot,inline,surprise,"The act of receiving a handwritten note from a boyfriend is an unexpected and personal gesture, triggering surprise."
52614,generic_human,few_shot,numbered,joy,"The author received a thoughtful, personal gesture (a handwritten note) from their boyfriend, which typically evokes positive emotions like joy."
52614,generic_human,few_shot,inline,joy,"The author describes a thoughtful gesture from their boyfriend, which typically evokes positive emotions like joy."
52614,persona_a,zero_shot,numbered,joy,"Receiving a handwritten note from a boyfriend suggests a thoughtful and affectionate gesture, likely evoking positive emotions like joy."
52614,persona_a,zero_shot,inline,joy,"The act of receiving a thoughtful, handwritten note from a boyfriend typically evokes feelings of happiness and appreciation."
52614,persona_a,one_shot,numbered,trust,Receiving a handwritten note from a boyfriend suggests a sense of trust and personal connection.
52614,persona_a,one_shot,inline,joy,"Receiving a handwritten note from a boyfriend suggests a thoughtful, personal gesture, often associated with positive emotions like joy."
52614,persona_a,few_shot,numbered,joy,"The author describes receiving a personal, thoughtful gesture from a partner, which typically evokes positive emotions like joy."
52614,persona_a,few_shot,inline,joy,"The author describes receiving a personal, thoughtful gesture (a handwritten note) from a romantic partner, which typically evokes positive emotions like joy."
52614,persona_b,zero_shot,numbered,joy,"The act of writing a heartfelt handwritten note typically expresses positive emotions like joy, indicating the boyfriend felt happy and connected while creating the gesture."
52614,persona_b,zero_shot,inline,pride,"The author likely felt pride in taking the time to write a heartfelt, personal note for their partner, reflecting on their thoughtful gesture."
52614,persona_b,one_shot,numbered,trust,"The boyfriend's act of writing and leaving a handwritten note suggests a gesture of care or connection, implying trust in the relationship."
52614,persona_b,one_shot,inline,guilt,"The boyfriend likely felt guilt for leaving a handwritten note, implying he may have done something wrong or needed to apologize."
52614,persona_b,few_shot,numbered,pride,"The author took the initiative to express their feelings through a handwritten note, which reflects pride in their relationship and effort to communicate."
52614,persona_b,few_shot,inline,pride,"The author, as the boyfriend who wrote the note, likely feels pride in expressing affection or thoughtfulness through a handwritten gesture."
2228,neutral,zero_shot,numbered,fear,"The author describes a high-risk situation (approaching a large jump on a horse) requiring careful control, which evokes fear due to the potential danger involved."
2228,neutral,zero_shot,inline,relief,"The author felt relief after successfully navigating a dangerous horse jump, ensuring safety."
2228,neutral,one_shot,numbered,fear,"The author describes a potentially dangerous situation (a large jump on a horse) requiring careful action, which is a common trigger for fear."
2228,neutral,one_shot,inline,pride,"The author reflects on successfully guiding a horse through a challenging jump, indicating satisfaction in their skill and control."
2228,neutral,few_shot,numbered,relief,"The author describes successfully managing a potentially dangerous situation (a large horse jump), indicating relief from the tension and risk involved."
2228,neutral,few_shot,inline,fear,"The author describes a high-risk situation involving a horse jump, which inherently evokes fear due to the potential danger involved."
2228,generic_human,zero_shot,numbered,fear,The author is describing a risky situation (a large jump on a horse) and the focus on ensuring safety suggests they felt fear during the action.
2228,generic_human,zero_shot,inline,pride,"The author took deliberate action to ensure safety during a challenging situation, reflecting confidence and mastery, which likely evokes pride."
2228,generic_human,one_shot,numbered,pride,"The author describes taking deliberate action to ensure safety during a challenging horse jump, reflecting confidence and mastery in the situation."
2228,generic_human,one_shot,inline,pride,"The author describes successfully managing a challenging equestrian task, indicating satisfaction in their ability to handle the situation."
2228,generic_human,few_shot,numbered,fear,"The author describes a high-risk situation (a large jump on a horse) requiring careful control, which typically evokes fear due to the potential danger involved."
2228,generic_human,few_shot,inline,pride,"The author describes successfully guiding a horse through a challenging jump, indicating accomplishment and confidence in their ability."
2228,persona_a,zero_shot,numbered,pride,"The author, an experienced rider, takes pride in their skill and ability to safely navigate a challenging jump on horseback."
2228,persona_a,zero_shot,inline,pride,The author feels pride in demonstrating control and skill as an experienced rider handling a familiar jump confidently.
2228,persona_a,one_shot,numbered,pride,"The author, an experienced rider, takes pride in their ability to confidently guide the horse over a familiar jump, reflecting mastery and self-assurance."
2228,persona_a,one_shot,inline,pride,"The author, an experienced rider, takes pride in their skill and control over the horse during a challenging maneuver."
2228,persona_a,few_shot,numbered,pride,"The author describes successfully navigating a challenging horse jump, reflecting confidence and skill, which typically evokes pride."
2228,persona_a,few_shot,inline,pride,"The author describes successfully managing a challenging horse jump, reflecting confidence and accomplishment in their skill."
2228,persona_b,zero_shot,numbered,7. relief,"The author, as a spectator, likely felt relieved after the horse safely navigated the large jump, alleviating any initial concern or tension."
2228,persona_b,zero_shot,inline,relief,"The author felt relief as the horse successfully navigated the large jump without incident, alleviating any potential anxiety as a first-time spectator."
2228,persona_b,one_shot,numbered,fear,"The author, as a first-time spectator, likely felt fear while watching a horse attempt a large jump, a potentially dangerous and thrilling situation."
2228,persona_b,one_shot,inline,relief,"The author, as a first-time spectator, likely felt relief that the horse successfully navigated the jump without incident."
2228,persona_b,few_shot,numbered,relief,"The author describes a tense moment involving a large horse jump but emphasizes a safe outcome, evoking relief."
2228,persona_b,few_shot,inline,fear,"The author, as a first-time spectator, likely felt fear due to the inherent danger of watching a large jump on a horse, which poses a risk of injury or mishap."
41840,neutral,zero_shot,numbered,7,"The author expresses relief from finally being able to open up about their feelings after a period of suppression, indicating a sense of release and emotional liberation."
41840,neutral,zero_shot,inline,relief,"The author expresses relief from no longer bottling up emotions and being able to open up to their partner, indicating a sense of release and comfort."
41840,neutral,one_shot,numbered,relief,"The author expresses relief from being able to open up about their feelings, contrasting with past suppression, indicating a sense of emotional release and progress."
41840,neutral,one_shot,inline,relief,"The author expresses relief from being able to open up about their feelings after a history of suppression, indicating a positive emotional release."
41840,neutral,few_shot,numbered,joy,"The author describes a positive emotional release and personal growth, which aligns with the typical association of joy with overcoming emotional suppression and achieving openness."
41840,neutral,few_shot,inline,relief,"The author expresses a sense of release and progress from overcoming emotional suppression, which is commonly associated with relief."
41840,generic_human,zero_shot,numbered,relief,"The author expresses relief from finally being able to open up about their feelings, contrasting with their past habit of bottling them up, indicating a sense of release and emotional ease."
41840,generic_human,zero_shot,inline,relief,"The author expresses relief from finally being able to open up about their feelings, contrasting with past experiences of bottling them up."
41840,generic_human,one_shot,numbered,relief,"The author expresses relief from being able to open up about their feelings after a period of suppression, indicating a positive emotional release."
41840,generic_human,one_shot,inline,relief,"The author expresses relief from finally being able to open up about their feelings, contrasting with past emotional suppression."
41840,generic_human,few_shot,numbered,relief,"The author expresses relief from being able to open up about their feelings after a period of emotional suppression, indicating a release of stress or tension."
41840,generic_human,few_shot,inline,joy,"The author describes a positive personal growth moment, expressing feelings openly, which is typically associated with joy."
41840,persona_a,zero_shot,numbered,relief,"The author expresses a sense of release and positive change from overcoming the habit of bottling up emotions, indicating relief."
41840,persona_a,zero_shot,inline,relief,"The author expresses relief from finally being able to open up about their feelings, contrasting with their past habit of bottling them up."
41840,persona_a,one_shot,numbered,relief,"The author expresses a positive emotional shift from压抑 (bottling up) feelings to being able to open up, indicating relief from releasing emotional burdens."
41840,persona_a,one_shot,inline,relief,"The author expresses relief from being able to open up about their feelings, indicating a release of emotional burden and progress toward healthier emotional expression."
41840,persona_a,few_shot,numbered,relief,"The author expresses a sense of release and progress in overcoming a past habit of suppressing emotions, indicating relief from the burden of bottling up feelings."
41840,persona_a,few_shot,inline,relief,"The author expresses a sense of release and positive change from overcoming a past habit of suppressing emotions, indicating relief."
41840,persona_b,zero_shot,numbered,7. relief,"The author expresses a positive emotional shift from bottling up feelings to opening up, indicating relief from the emotional burden."
41840,persona_b,zero_shot,inline,relief,"The author expresses a sense of release and comfort from overcoming past emotional suppression, indicating relief at being able to open up."
41840,persona_b,one_shot,numbered,relief,"The author reflects on the relief experienced from finally being able to express emotions openly, contrasting with past suppression, indicating a release of tension."
41840,persona_b,one_shot,inline,relief,"The author expresses relief from finally being able to open up about their feelings after a period of emotional suppression, indicating a sense of release and comfort."
41840,persona_b,few_shot,numbered,pride,"The author reflects on personal growth and progress in overcoming past emotional suppression, indicating a sense of accomplishment and pride."
41840,persona_b,few_shot,inline,relief,"The author expresses a sense of release and positive change after overcoming the past habit of bottling up emotions, indicating relief from emotional restraint."
41795,neutral,zero_shot,numbered,6,"The author likely felt pride in their accomplishment of being elected class president, which is a common emotional response to achieving a leadership role."
41795,neutral,zero_shot,inline,pride,"The author likely felt pride due to being recognized and elected as class president, which is a personal achievement."
41795,neutral,one_shot,numbered,pride,Being elected class president is typically associated with feelings of pride.
41795,neutral,one_shot,inline,pride,The author likely felt pride in their accomplishment of being elected class president.
41795,neutral,few_shot,numbered,pride,"The author describes being recognized for leadership, which typically evokes pride."
41795,neutral,few_shot,inline,pride,"The author reflects on being voted class president, a significant personal achievement that typically evokes pride."
41795,generic_human,zero_shot,numbered,pride,"Being voted class president is typically associated with a sense of accomplishment and self-worth, which aligns with the emotion of pride."
41795,generic_human,zero_shot,inline,pride,"The author likely felt pride upon being elected class president, as this is a common positive emotion associated with achieving a leadership role."
41795,generic_human,one_shot,numbered,pride,"Being elected class president is a common source of pride, as it reflects recognition and approval from peers."
41795,generic_human,one_shot,inline,pride,Being voted class president is a significant achievement that typically elicits pride due to recognition of one's leadership and worth by peers.
41795,generic_human,few_shot,numbered,pride,"The author achieved a position of leadership and recognition, which typically evokes pride."
41795,generic_human,few_shot,inline,joy,"The author describes a positive achievement (being voted class president), which typically evokes joy."
41795,persona_a,zero_shot,numbered,6,"The author likely felt pride in their accomplishment of being elected class president, which is a common emotional response to receiving recognition and achievement."
41795,persona_a,zero_shot,inline,pride,"The author likely felt pride in their accomplishment of being elected class president, which is a common positive emotion associated with achieving recognition and leadership roles."
41795,persona_a,one_shot,numbered,pride,Being elected class president is typically associated with feelings of pride due to recognition of one's achievements and leadership.
41795,persona_a,one_shot,inline,pride,"Being elected class president is an achievement that typically elicits pride, as it reflects recognition and approval from peers."
41795,persona_a,few_shot,numbered,joy,"The author describes a positive life event (being elected class president), which typically evokes joy."
41795,persona_a,few_shot,inline,joy,"The author describes a positive life event (being elected class president), which typically evokes joy."
41795,persona_b,zero_shot,numbered,6. pride,Being voted class president is typically associated with pride in one's achievements and recognition by peers.
41795,persona_b,zero_shot,inline,joy,Being voted class president is typically associated with positive emotions like joy due to recognition and achievement.
41795,persona_b,one_shot,numbered,pride,"The author likely felt pride upon being elected class president, as it reflects recognition and accomplishment."
41795,persona_b,one_shot,inline,pride,Being voted class president is typically associated with pride due to the recognition of one's leadership and popularity by peers.
41795,persona_b,few_shot,numbered,joy,"The author describes a positive life event (being elected class president), which typically evokes joy."
41795,persona_b,few_shot,inline,pride,Being elected class president is a significant achievement that typically evokes pride.
41857,neutral,zero_shot,numbered,trust,"The author mentions relying on their line manager for advice and support, indicating a sense of trust in the manager's guidance during the promotion process."
41857,neutral,zero_shot,inline,pride,"The author reflects on receiving support during a promotion process, which likely evokes pride in their own efforts and the positive guidance they received."
41857,neutral,one_shot,numbered,relief,"The author received support and guidance during a potentially stressful situation (applying for a promotion), which likely alleviated anxiety and led to a sense of relief."
41857,neutral,one_shot,inline,trust,"The author describes receiving valuable guidance and support from their manager, indicating a sense of trust in the manager's reliability and competence."
41857,neutral,few_shot,numbered,joy,"The author describes a positive life event (applying for a promotion) with supportive interactions, which typically evokes joy."
41857,neutral,few_shot,inline,pride,"The author reflects on receiving support during a professional advancement process, indicating a sense of accomplishment and confidence in their efforts."
41857,generic_human,zero_shot,numbered,relief,The author likely felt relief due to the support and advice from their line manager during a potentially stressful promotion process.
41857,generic_human,zero_shot,inline,relief,The author likely felt relief due to the support and advice from their line manager during the stressful process of applying for a promotion.
41857,generic_human,one_shot,numbered,trust,"The author describes receiving reliable support and advice from their line manager, indicating confidence in the manager's reliability and care."
41857,generic_human,one_shot,inline,relief,"The author describes receiving support during a potentially stressful promotion process, which alleviates anxiety and brings a sense of relief."
41857,generic_human,few_shot,numbered,pride,"The author describes a positive professional endeavor (applying for a promotion) and receiving support from a manager, which aligns with feelings of pride in one's efforts and achievements."
41857,generic_human,few_shot,inline,trust,"The author describes receiving support and advice from their line manager, indicating trust in their manager's guidance."
41857,persona_a,zero_shot,numbered,pride,"The author is seeking a promotion, which is a positive endeavor, and the mention of receiving support from their manager suggests they felt confident and proud of their initiative."
41857,persona_a,zero_shot,inline,pride,The narrator felt pride in seeking a promotion and receiving supportive guidance from their manager.
41857,persona_a,one_shot,numbered,trust,"The author mentions receiving great advice and support from their line manager, indicating a sense of trust in the manager's guidance during the promotion process."
41857,persona_a,one_shot,inline,relief,"The author describes receiving supportive guidance from their manager during a stressful process, indicating a sense of eased tension or comfort."
41857,persona_a,few_shot,numbered,joy,"The author describes a positive life event (applying for a promotion) and receiving support, which typically evokes joy."
41857,persona_a,few_shot,inline,pride,"The author reflects on receiving valuable support from their manager during a professional challenge, indicating confidence and satisfaction in their ability to seek growth."
41857,persona_b,zero_shot,numbered,7,"The author felt relief due to the supportive guidance from their line manager during the promotion process, which eased their concerns."
41857,persona_b,zero_shot,inline,relief,The author felt relieved because the line manager's support made the promotion process less stressful and more manageable.
41857,persona_b,one_shot,numbered,relief,"The author describes receiving support and guidance during a potentially stressful promotion process, indicating a sense of eased anxiety or gratitude."
41857,persona_b,one_shot,inline,relief,"The author received support from their line manager during a potentially stressful promotion process, alleviating anxiety and leading to relief."
41857,persona_b,few_shot,numbered,relief,"The author describes receiving supportive guidance during a potentially stressful promotion process, which alleviates anxiety and brings a sense of relief."
41857,persona_b,few_shot,inline,pride,"The author describes receiving support and advice from a manager during a promotion process, which typically evokes pride in their professional growth."
52679,neutral,zero_shot,numbered,6,"The author feels pride in their son's ability to perform a task independently, reflecting satisfaction in his growth and capability."
52679,neutral,zero_shot,inline,pride,"The author feels proud of their son for completing a task independently, highlighting a sense of accomplishment and positive reinforcement."
52679,neutral,one_shot,numbered,pride,"The author expresses satisfaction in teaching their child to perform a task independently, indicating pride in the child's accomplishment."
52679,neutral,one_shot,inline,pride,"The author feels pride in their son's accomplishment of independently performing a task, reflecting satisfaction in his growth and capability."
52679,neutral,few_shot,numbered,pride,"The author expresses satisfaction in encouraging their child's independence, a common source of pride in parenting."
52679,neutral,few_shot,inline,pride,"The author reflects on successfully encouraging their child to perform a task independently, which typically evokes pride in a parent's role."
52679,generic_human,zero_shot,numbered,6,"The author feels pride in their son's ability to complete a task independently, reflecting satisfaction in his growth and capability."
52679,generic_human,zero_shot,inline,pride,The author feels pride in their son's accomplishment of independently putting rubbish in the bin.
52679,generic_human,one_shot,numbered,pride,"The author expresses satisfaction and approval of their child's independent action, a key indicator of pride."
52679,generic_human,one_shot,inline,pride,"The author feels pride in their child's ability to perform a task independently, reflecting satisfaction in their son's development."
52679,generic_human,few_shot,numbered,pride,"The author expresses satisfaction in their child's ability to perform a task independently, a common source of pride for parents."
52679,generic_human,few_shot,inline,pride,"The author expresses satisfaction in encouraging their child to perform a task independently, reflecting pride in their parenting success."
52679,persona_a,zero_shot,numbered,pride,The parent feels pride in their toddler's accomplishment of learning responsibility independently.
52679,persona_a,zero_shot,inline,pride,The parent feels pride in their child's accomplishment of learning responsibility.
52679,persona_a,one_shot,numbered,pride,"The author expresses satisfaction in teaching their child responsibility, indicating pride in their son's accomplishment."
52679,persona_a,one_shot,inline,pride,"The author feels pride in their child's accomplishment of performing a task independently, reflecting satisfaction in teaching responsibility."
52679,persona_a,few_shot,numbered,pride,"The author describes successfully teaching their toddler a responsibility, which typically evokes pride in a parent's accomplishment."
52679,persona_a,few_shot,inline,pride,"The author expresses satisfaction in teaching their toddler responsibility and witnessing the child's independent action, which reflects pride in their son's accomplishment."
52679,persona_b,zero_shot,numbered,6. pride,"The author feels pride in their child's ability to complete a task independently, highlighting a sense of accomplishment and positive reinforcement."
52679,persona_b,zero_shot,inline,pride,"The author feels pride in their son's ability to complete a task independently, reflecting satisfaction in his growth and capability."
52679,persona_b,one_shot,numbered,pride,"The author feels pride in their son's ability to complete a task independently, reflecting satisfaction in his accomplishment."
52679,persona_b,one_shot,inline,pride,"The author expresses satisfaction in encouraging their child to perform a task independently, reflecting pride in the child's capability and their own parenting success."
52679,persona_b,few_shot,numbered,pride,"The author expresses satisfaction in their child's ability to perform a task independently, reflecting pride in the child's accomplishment."
52679,persona_b,few_shot,inline,pride,"The author (parent) feels pride in their child's ability to complete a task independently, reflecting satisfaction in the child's growth and capability."
52823,neutral,zero_shot,numbered,11. trust,"The author expresses a deep sense of security and confidence in their husband's ability to protect their child and family, indicating trust."
52823,neutral,zero_shot,inline,trust,"The author expresses deep confidence in their husband's protective role and his commitment to keeping their family safe, indicating a strong sense of trust."
52823,neutral,one_shot,numbered,trust,"The author expresses a deep, previously unexperienced feeling of confidence and reliance on the husband's protective care for their family."
52823,neutral,one_shot,inline,trust,"The author expresses a deep, new feeling of reliance and confidence in their husband's ability to protect their family, indicating trust."
52823,neutral,few_shot,numbered,trust,"The author expresses a profound sense of security and belief in their husband's protective care, indicating deep trust in his commitment to safeguarding their family."
52823,neutral,few_shot,inline,trust,"The author expresses a deep sense of confidence and reassurance in their husband's ability to protect their family, indicating trust."
52823,generic_human,zero_shot,numbered,11,"The author expresses deep trust in their husband's ability to protect their family, highlighting a newfound confidence in his role as a guardian."
52823,generic_human,zero_shot,inline,trust,"The author expresses a deep, previously unexperienced emotion toward their husband, rooted in his protective role and commitment to safeguarding their family."
52823,generic_human,one_shot,numbered,trust,"The author expresses deep reliance on their husband's protective nature and commitment to safeguarding their family, indicating a strong sense of trust."
52823,generic_human,one_shot,inline,trust,"The author expresses a deep, previously unexperienced feeling of trust in their husband's protective care and commitment to the family's safety."
52823,generic_human,few_shot,numbered,trust,"The author expresses deep confidence in their husband's commitment to protect their child and family, reflecting a strong sense of trust."
52823,generic_human,few_shot,inline,trust,"The author expresses a profound sense of security and reliance on their husband's protective nature, indicating trust in his commitment to safeguarding their family."
52823,persona_a,zero_shot,numbered,11. trust,"The author expresses a deep, previously unexperienced emotional connection to her husband's protective role, emphasizing trust in his ability to safeguard their family."
52823,persona_a,zero_shot,inline,trust,"The author expresses deep confidence in her husband's ability to protect their family, indicating a strong sense of trust."
52823,persona_a,one_shot,numbered,trust,"The author expresses deep confidence in her husband's ability to protect their family, indicating a strong sense of trust."
52823,persona_a,one_shot,inline,trust,"The author expresses deep confidence in her husband's protective care, highlighting his reliability and commitment to safeguarding their family."
52823,persona_a,few_shot,numbered,trust,"The author expresses deep confidence in her husband's ability to protect their family, indicating a strong sense of trust."
52823,persona_a,few_shot,inline,trust,"The author expresses deep confidence in her husband's protective care for their child and family, indicating a strong sense of trust."
52823,persona_b,zero_shot,numbered,trust,"The author expresses a deep sense of security and confidence in their husband's commitment to protecting their family, indicating trust."
52823,persona_b,zero_shot,inline,trust,"The author expresses a deep, previously unexperienced emotion toward their husband's protective role, indicating trust in his ability to safeguard their family."
52823,persona_b,one_shot,numbered,trust,"The author expresses a deep, newfound emotional connection to the husband's protective role, indicating confidence in his care and commitment."
52823,persona_b,one_shot,inline,trust,"The author expresses a newfound deep emotional connection and reliance on the husband's protective role, indicating trust in his ability to care for the family."
52823,persona_b,few_shot,numbered,trust,"The author expresses a profound sense of security and confidence in their husband's protective nature, indicating trust in his ability to safeguard their family."
52823,persona_b,few_shot,inline,trust,"The author expresses a deep, newfound emotional connection to their husband's protective role, indicating trust in his ability to safeguard their family."
52777,neutral,zero_shot,numbered,joy,"The author expresses satisfaction and positive outcomes from trusting their teacher's guidance, leading to academic success and a fulfilling experience."
52777,neutral,zero_shot,inline,pride,"The author reflects on overcoming initial hesitation and successfully trusting their teacher, leading to a positive outcome that highlights personal growth and achievement."
52777,neutral,one_shot,numbered,joy,"The author reflects on a positive outcome where their risk of trusting their teacher paid off, leading to academic success and a satisfying resolution."
52777,neutral,one_shot,inline,joy,"The author reflects on a positive outcome where their risk of trusting their teacher paid off, leading to academic success and a satisfying experience."
52777,neutral,few_shot,numbered,pride,"The author reflects on overcoming academic challenges through trust in their teacher and the successful outcome, which evokes a sense of accomplishment and pride."
52777,neutral,few_shot,inline,joy,"The author describes a positive outcome of taking a risk, with the teacher's help leading to academic success, which typically evokes joy."
52777,generic_human,zero_shot,numbered,joy,"The author reflects on a positive outcome where trusting their teacher and taking a risk led to academic success, expressing satisfaction and happiness."
52777,generic_human,zero_shot,inline,joy,"The author reflects on a positive outcome where their risk of trusting the teacher paid off, leading to academic success and an ""amazing"" experience, which aligns with feelings of joy."
52777,generic_human,one_shot,numbered,joy,"The author describes a positive outcome where their risk of not getting a tutor paid off, leading to a satisfying and successful academic experience."
52777,generic_human,one_shot,inline,pride,"The author reflects on a successful outcome of trusting their teacher and taking a risk, leading to academic improvement and a positive experience, which aligns with pride in their decision and growth."
52777,generic_human,few_shot,numbered,joy,"The author describes a positive outcome from taking a risk, with the teacher's support leading to academic success and a satisfying result."
52777,generic_human,few_shot,inline,relief,"The author describes overcoming initial hesitation and uncertainty, leading to a positive outcome where their teacher's support resolved their academic struggles, resulting in a sense of relief."
52777,persona_a,zero_shot,numbered,5. joy,"The author reflects on a positive outcome where their risk of trusting the teacher paid off, leading to academic success and an overall sense of happiness."
52777,persona_a,zero_shot,inline,joy,"The author reflects on a positive outcome where their risk of trusting their teacher paid off, leading to academic success and a sense of fulfillment."
52777,persona_a,one_shot,numbered,pride,"The author reflects on taking a risk and the positive outcome, indicating a sense of accomplishment and satisfaction with their decision."
52777,persona_a,one_shot,inline,pride,"The author reflects on overcoming academic challenges through trust in their teacher and taking a risk, leading to a positive outcome that highlights personal achievement."
52777,persona_a,few_shot,numbered,joy,"The author reflects on a positive outcome of taking a risk, emphasizing the success and satisfaction of overcoming challenges without a tutor."
52777,persona_a,few_shot,inline,pride,"The author reflects on taking a risk (trusting their teacher) that led to a positive outcome, indicating satisfaction and self-appreciation for their decision."
52777,persona_b,zero_shot,numbered,5,"The author reflects on a positive outcome where taking a risk (trusting the teacher) led to success, expressing satisfaction and happiness with the result."
52777,persona_b,zero_shot,inline,joy,"The author expresses satisfaction and positive outcomes from trusting their teacher, highlighting the success of the situation with words like ""amazing"" and ""paid off."""
52777,persona_b,one_shot,numbered,relief,"The author reflects on overcoming initial doubts and challenges, with the positive outcome of successfully catching up in class, indicating relief from the stress of the situation."
52777,persona_b,one_shot,inline,joy,"The author describes a positive outcome where their risk of not getting a tutor paid off, leading to a successful and satisfying experience."
52777,persona_b,few_shot,numbered,joy,"The author reflects on a positive outcome of trusting their teacher and overcoming academic challenges, which aligns with the emotion of joy."
52777,persona_b,few_shot,inline,pride,"The author (teacher) reflects on successfully helping the student overcome academic challenges, leading to a positive outcome and a sense of accomplishment."
61094,neutral,zero_shot,numbered,5,"The author likely felt joy due to the positive and exciting nature of moving to a new country with a partner, which often symbolizes new opportunities and shared experiences."
61094,neutral,zero_shot,inline,sadness,"The author likely felt sadness due to the emotional challenge of moving to a new country, which often involves leaving behind familiar surroundings and facing uncertainty."
61094,neutral,one_shot,numbered,sadness,"The author reflects on a life-changing event (moving to a new country) with their partner, suggesting a mix of emotions, but ""sadness"" is the most likely label given the context of transition and potential loss."
61094,neutral,one_shot,inline,sadness,"The author's incomplete sentence suggests a complex emotional response to a major life change, with sadness being a common emotion associated with leaving familiar environments."
61094,neutral,few_shot,numbered,joy,"The author describes a significant life change involving a partner, which is often associated with positive emotions like joy."
61094,neutral,few_shot,inline,joy,"The author describes a significant life change (moving to a new country) with a partner, which is typically associated with positive emotions like joy."
61094,generic_human,zero_shot,numbered,sadness,"Moving to a new country often involves leaving behind familiar surroundings, which can evoke feelings of sadness due to separation from loved ones or uncertainty about the future."
61094,generic_human,zero_shot,inline,joy,"Moving to a new country with a partner is often associated with positive emotions like excitement and happiness, which aligns with ""joy."""
61094,generic_human,one_shot,numbered,sadness,"The author's incomplete sentence suggests a lingering emotional state associated with the challenging transition of moving to a new country, a common source of sadness."
61094,generic_human,one_shot,inline,sadness,"The author reflects on the emotional experience of moving to a new country, a situation often associated with feelings of loss or uncertainty."
61094,generic_human,few_shot,numbered,joy,"The author describes a significant life transition involving a partner, which is often associated with positive emotions like joy."
61094,generic_human,few_shot,inline,joy,"The author describes a significant life change involving partnership and relocation, which is often associated with positive emotions like excitement or optimism."
61094,persona_a,zero_shot,numbered,6,"The author likely feels pride in taking on the challenge of moving to a new country with their partner, indicating a positive emotion about a significant life change."
61094,persona_a,zero_shot,inline,sadness,"The ellipsis suggests uncertainty or unresolved feelings, and moving to a new country often involves leaving behind familiar surroundings, which can evoke sadness."
61094,persona_a,one_shot,numbered,joy,"The author is reflecting on a life-changing positive experience (moving to a new country with a partner), which is commonly associated with joy."
61094,persona_a,one_shot,inline,sadness,"The author reflects on the emotional experience of moving to a new country, which often involves feelings of loss, uncertainty, or longing."
61094,persona_a,few_shot,numbered,joy,"The author describes a significant life transition involving a partner, which is typically associated with positive emotions like joy."
61094,persona_a,few_shot,inline,joy,"The author describes a significant life change involving a partner, which is typically associated with positive emotions like joy."
61094,persona_b,zero_shot,numbered,pride,"Moving to a new country with a partner often signifies a significant life decision, and the author likely feels pride in taking this step despite the challenges."
61094,persona_b,zero_shot,inline,pride,"The friend likely feels pride in their partner's achievement of moving to a new country together, reflecting on the positive outcome of the decision."
61094,persona_b,one_shot,numbered,sadness,"The friend is likely feeling sad about the move, as the text implies a bittersweet or melancholic reaction to the separation."
61094,persona_b,one_shot,inline,sadness,"The ellipsis and the context of a friend hearing about a move suggest uncertainty or emotional struggle, aligning with sadness."
61094,persona_b,few_shot,numbered,surprise,The author describes a significant life change (moving to a new country) that would likely evoke surprise.
61094,persona_b,few_shot,inline,joy,The author describes a positive life event (moving to a new country with a partner) that typically evokes joy.
922,neutral,zero_shot,numbered,11. trust,"The author felt secure and confident in their husband's commitment, as evidenced by their realization that the vows were sincere and they felt safe."
922,neutral,zero_shot,inline,trust,"The author felt trust in their marriage vows and their own safety, indicating confidence in the relationship's sincerity and security."
922,neutral,one_shot,numbered,trust,"The author expresses belief in the sincerity of their vows and a sense of safety, indicating trust in their marriage commitment."
922,neutral,one_shot,inline,trust,"The author expresses feeling safe and secure in their marriage, indicating trust in their husband's commitment."
922,neutral,few_shot,numbered,trust,"The author expresses feeling secure and confident in the sincerity of their vows, indicating trust in their relationship."
922,neutral,few_shot,inline,joy,"The author describes a significant positive life event (marriage) and feels secure in their relationship, which aligns with the emotion of joy."
922,generic_human,zero_shot,numbered,7. relief,"The author felt relief upon realizing the vows were sincere and they felt safe, indicating a release of anxiety or uncertainty."
922,generic_human,zero_shot,inline,relief,"The author felt a sense of safety and reassurance after their vows, indicating relief from any prior uncertainty or anxiety."
922,generic_human,one_shot,numbered,trust,The author expresses feeling secure and trusting in their marriage vows and safety.
922,generic_human,one_shot,inline,relief,"The author expresses feeling safe after committing to their vows, indicating relief from potential anxieties or uncertainties."
922,generic_human,few_shot,numbered,trust,"The author expresses feeling safe and secure in their marriage, indicating a strong sense of trust in their husband's commitment."
922,generic_human,few_shot,inline,relief,"The author expresses feeling safe after the vows, indicating a release of anxiety or uncertainty, which aligns with relief."
922,persona_a,zero_shot,numbered,7,"The author felt relief from the security and sincerity of the vows, indicating they were no longer anxious about their commitment."
922,persona_a,zero_shot,inline,trust,"The narrator felt secure and confident in her husband's commitment during the wedding vows, indicating trust in their relationship."
922,persona_a,one_shot,numbered,trust,"The author expresses feeling secure in the sincerity of her vows, indicating trust in her husband's commitment and her emotional safety."
922,persona_a,one_shot,inline,joy,"The author expresses a sense of safety and sincerity in her marriage vows, reflecting a positive and emotionally fulfilling moment on her wedding day."
922,persona_a,few_shot,numbered,joy,"The author describes a significant positive life event (marriage) and expresses feelings of safety and sincerity, which are strongly associated with joy."
922,persona_a,few_shot,inline,joy,"The author describes a significant positive life event (marriage) and a sense of safety, which are strongly associated with joy."
922,persona_b,zero_shot,numbered,11. trust,"The author feels reassured that the vows were sincere and that they are safe, indicating trust in the relationship."
922,persona_b,zero_shot,inline,relief,"The author felt a sense of security and comfort, indicating relief from any prior anxieties."
922,persona_b,one_shot,numbered,trust,"The author expresses confidence in the sincerity of the vows and feels secure in the couple's commitment, indicating trust."
922,persona_b,one_shot,inline,relief,"The author expresses feeling safe and secure after the vows, indicating a sense of relief from the commitment and sincerity of the marriage."
922,persona_b,few_shot,numbered,trust,"The author reflects on the sincerity of the vows and feels a sense of safety, indicating confidence in the couple's commitment and relationship."
922,persona_b,few_shot,inline,joy,"The author describes a positive life event (marriage) and feeling secure, which are typically associated with joy."
41791,neutral,zero_shot,numbered,5,"The author explicitly uses ""elated"" and mentions feeling ""complete,"" which are strong indicators of joy."
41791,neutral,zero_shot,inline,joy,"The author explicitly uses ""elated"" and describes feeling ""complete,"" indicating strong positive emotions from being defended and trusted by a colleague."
41791,neutral,one_shot,numbered,joy,"The author explicitly mentions feeling ""elated"" and describes a situation where their reputation was defended, leading to a sense of happiness and fulfillment."
41791,neutral,one_shot,inline,joy,"The author expresses feeling ""elated"" and describes a situation where their reputation was defended, leading to a sense of happiness and emotional fulfillment."
41791,neutral,few_shot,numbered,joy,"The author expresses elation and a sense of completeness due to a colleague defending their reputation against defamers, indicating a strong positive emotional response."
41791,neutral,few_shot,inline,joy,"The author expresses feeling ""elated"" and describes a positive outcome where a colleague defended their reputation, indicating happiness and satisfaction."
41791,generic_human,zero_shot,numbered,5,"The author explicitly uses ""elated"" to describe their emotional response, which directly corresponds to the emotion of joy."
41791,generic_human,zero_shot,inline,joy,"The author explicitly mentions feeling ""elated"" and describes a sense of completeness and trust, which are strongly associated with joy."
41791,generic_human,one_shot,numbered,joy,"The author expresses feeling ""elated"" and describes a positive emotional response to being defended by a colleague, indicating happiness and satisfaction."
41791,generic_human,one_shot,inline,joy,"The author expresses feeling ""elated"" and describes a positive resolution to a situation where their reputation was defended, indicating happiness and satisfaction."
41791,generic_human,few_shot,numbered,joy,"The author expresses elation and a sense of completeness due to being defended by a colleague, indicating a strong positive emotion."
41791,generic_human,few_shot,inline,joy,"The author describes feeling elated and complete due to a colleague defending their reputation against defamers, a situation that evokes strong positive emotions."
41791,persona_a,zero_shot,numbered,5,"The author explicitly mentions feeling ""elated"" and describes a sense of fulfillment (""complete""), which directly aligns with the emotion of joy."
41791,persona_a,zero_shot,inline,joy,"The author explicitly mentions feeling ""elated"" and describes a sense of completeness and trust, which are strongly associated with joy."
41791,persona_a,one_shot,numbered,joy,"The author expresses feeling ""elated"" and describes a positive emotional response to being defended by a colleague, indicating happiness and satisfaction."
41791,persona_a,one_shot,inline,joy,"The author expresses feelings of completeness and elation upon learning their colleague defended their reputation, indicating a strong sense of happiness and satisfaction."
41791,persona_a,few_shot,numbered,joy,"The author explicitly mentions feeling ""elated"" upon learning their reputation was defended, indicating a strong positive emotional response."
41791,persona_a,few_shot,inline,joy,"The author expresses elation and a sense of completeness upon learning their colleague defended their reputation, indicating a strong positive emotional response."
41791,persona_b,zero_shot,numbered,5,"The author expresses feeling ""elated"" and a sense of completeness due to their colleague's defense, which directly aligns with the emotion of joy."
41791,persona_b,zero_shot,inline,joy,"The author explicitly mentions feeling ""elated"" and describes a positive emotional response to their colleague's defense, indicating joy."
41791,persona_b,one_shot,numbered,joy,"The author expresses elation and a sense of completeness due to their colleague's defense of their reputation, indicating a strong positive emotional response."
41791,persona_b,one_shot,inline,joy,"The author expresses elation and a sense of completeness due to their colleague's defense, indicating a strong positive emotional response."
41791,persona_b,few_shot,numbered,joy,"The author expresses elation and a sense of completeness due to being defended by a colleague, indicating a strong positive emotional response."
41791,persona_b,few_shot,inline,joy,"The author expresses elation and a sense of completeness due to the colleague's defense, which are classic indicators of joy."
4594,neutral,zero_shot,numbered,3. fear,"The author describes intense anxiety and a growing sense of dread as they realized the person had blocked them, highlighting fear as the dominant emotion."
4594,neutral,zero_shot,inline,fear,"The author experienced heightened anxiety and uncertainty about being ignored or blocked, which aligns with the emotion of fear."
4594,neutral,one_shot,numbered,fear,"The author describes escalating anxiety and a sense of helplessness as they grapple with the realization of being blocked, leading to heightened fear."
4594,neutral,one_shot,inline,sadness,"The author expresses distress over being ignored and blocked, leading to feelings of rejection and emotional turmoil."
4594,neutral,few_shot,numbered,sadness,"The author describes a painful realization of being blocked and ignored, leading to escalating anxiety and emotional distress typical of sadness."
4594,neutral,few_shot,inline,fear,"The author describes escalating anxiety and uncertainty about being ignored and blocked, which aligns with fear of rejection and loss of connection."
4594,generic_human,zero_shot,numbered,3,The author experienced heightened anxiety and fear due to the uncertainty of being blocked and the realization of losing access to the person's profiles.
4594,generic_human,zero_shot,inline,fear,"The author experienced escalating anxiety and fear as they discovered the person had blocked them, leading to uncertainty and emotional distress."
4594,generic_human,one_shot,numbered,sadness,"The author describes a process of emotional distress, anxiety, and realization of being blocked, leading to feelings of sadness and heartbreak."
4594,generic_human,one_shot,inline,sadness,"The author describes a process of emotional turmoil, including anxiety and realization of being blocked, which ultimately leads to a sense of loss and sadness due to unrequited feelings and rejection."
4594,generic_human,few_shot,numbered,fear,"The author describes escalating anxiety and worry about being blocked and losing connection, which are core components of fear."
4594,generic_human,few_shot,inline,sadness,"The author describes a gradual realization of being ignored and blocked, leading to emotional distress and sadness."
4594,persona_a,zero_shot,numbered,fear,"The author experienced escalating anxiety and fear about being ignored or blocked, which intensified as she discovered he had blocked her on all platforms."
4594,persona_a,zero_shot,inline,sadness,"The author experienced sadness due to the realization that her former partner had blocked her on all platforms, leading to emotional distress and a sense of loss."
4594,persona_a,one_shot,numbered,fear,"The author describes escalating anxiety and a sense of dread as they realize the boyfriend has blocked them, leading to fear of being ignored or rejected."
4594,persona_a,one_shot,inline,fear,"The author describes escalating anxiety and a sense of dread as they realize their ex-partner has blocked them, leading to a fear of being ignored or rejected."
4594,persona_a,few_shot,numbered,sadness,"The author describes a painful realization of being blocked and the emotional distress of unrequited feelings, which aligns with sadness."
4594,persona_a,few_shot,inline,fear,"The author describes a growing sense of alarm and anxiety over being ignored and potentially blocked, which aligns with fear of social rejection and uncertainty."
4594,persona_b,zero_shot,numbered,3,"The author experienced escalating anxiety and fear as they realized the man had blocked them across all platforms, leading to a sense of vulnerability and panic."
4594,persona_b,zero_shot,inline,fear,"The author experienced escalating anxiety and fear due to uncertainty about being ignored or blocked, leading to a sense of vulnerability and dread about the relationship's outcome."
4594,persona_b,one_shot,numbered,fear,"The author describes escalating anxiety and worry about being ignored or blocked, which are key indicators of fear."
4594,persona_b,one_shot,inline,fear,"The author describes escalating anxiety and suspicion about being blocked, leading to fear of being ignored or rejected."
4594,persona_b,few_shot,numbered,fear,"The author describes escalating anxiety and a sense of vulnerability as they realize the man had blocked them across all platforms, reflecting fear of being cut off or harmed."
4594,persona_b,few_shot,inline,fear,"The author describes escalating anxiety and suspicion about being blocked, coupled with fear of losing connection and potential emotional harm, triggered by ambiguous signals and confirmation of isolation."
6957,neutral,zero_shot,numbered,4. guilt,"The author feels remorseful for hurting their sister's feelings, recognizing their own vulnerability to similar treatment, which aligns with guilt."
6957,neutral,zero_shot,inline,guilt,"The author feels remorseful for hurting their sister's feelings and recognizes the unfairness of their actions, leading to a sense of guilt."
6957,neutral,one_shot,numbered,guilt,"The author expresses remorse for hurting their sister's feelings and reflects on how their actions caused her distress, indicating regret and self-blame."
6957,neutral,one_shot,inline,guilt,"The author reflects on causing their sister's distress and feels remorse for hurting her feelings, indicating a sense of responsibility and regret."
6957,neutral,few_shot,numbered,guilt,"The author expresses remorse for hurting their sister's feelings and acknowledges their own wrongdoing, which is a classic sign of guilt."
6957,neutral,few_shot,inline,guilt,"The author expresses remorse for hurting their sister's feelings and acknowledges their own hypocrisy, indicating regret for causing her distress."
6957,generic_human,zero_shot,numbered,4. guilt,"The author feels remorseful for hurting their sister's feelings and recognizes their own wrongdoing, leading to a sense of guilt for causing her distress."
6957,generic_human,zero_shot,inline,guilt,"The author feels guilty for hurting their sister's feelings despite intending to share a humorous story, recognizing their actions caused her distress."
6957,generic_human,one_shot,numbered,guilt,"The author reflects on causing their sister's distress and feels remorseful for hurting her, recognizing their own sensitivity to similar treatment."
6957,generic_human,one_shot,inline,guilt,"The author reflects on causing their sister distress and acknowledges their own emotional response to having hurt her, indicating remorse for their actions."
6957,generic_human,few_shot,numbered,guilt,"The author reflects on causing their sister distress and feels remorse for hurting her feelings, indicating guilt for their actions."
6957,generic_human,few_shot,inline,guilt,"The author expresses remorse for hurting their sister's feelings, recognizing their own wrongdoing in making her feel bad."
6957,persona_a,zero_shot,numbered,4. guilt,"The author feels guilty for making their sister feel bad despite intending to share a funny story, recognizing the harm caused and reflecting on their own sensitivity to similar treatment."
6957,persona_a,zero_shot,inline,guilt,"The author feels guilty for making their sister feel bad despite intending to joke, recognizing the harm caused and the hypocrisy of their own reaction."
6957,persona_a,one_shot,numbered,guilt,"The author feels remorseful for causing their sister discomfort, recognizing their own wrongdoing in making her feel bad."
6957,persona_a,one_shot,inline,guilt,The narrator expresses remorse for hurting their sister's feelings and acknowledges their responsibility for making her feel bad.
6957,persona_a,few_shot,numbered,guilt,"The author expresses remorse for hurting their sister's feelings and acknowledges their own wrongdoing, indicating self-blame and regret."
6957,persona_a,few_shot,inline,guilt,"The author expresses regret for hurting their sister's feelings and acknowledges their own wrongdoing, indicating remorse for causing her distress."
6957,persona_b,zero_shot,numbered,4,"The author feels guilt for hurting their sister's feelings and realizing their joke caused her discomfort, especially considering the reciprocal nature of the situation."
6957,persona_b,zero_shot,inline,guilt,"The author feels remorseful for hurting their sister's feelings despite intending to joke, recognizing their action caused her distress."
6957,persona_b,one_shot,numbered,guilt,"The author expresses remorse for causing their sister distress, acknowledging their wrongdoing and the negative impact on her feelings."
6957,persona_b,one_shot,inline,guilt,"The author reflects on causing their sister distress and acknowledges their own responsibility for her feelings, indicating remorse for the harm caused."
6957,persona_b,few_shot,numbered,guilt,"The author feels remorse for hurting their sister's feelings despite intending to share a humorous story, recognizing their actions caused her distress."
6957,persona_b,few_shot,inline,guilt,"The author reflects on hurting their sister's feelings despite intending to share a funny story, showing remorse for causing her distress."
41415,neutral,zero_shot,numbered,8. sadness,"The author expresses a negative emotional response to being unexpectedly laid off from a job they were excited about, which aligns with the emotion of sadness."
41415,neutral,one_shot,numbered,sadness,"The author expresses disappointment and emotional distress from losing a job they were excited about, a common reaction to unexpected job loss."
41415,neutral,one_shot,inline,sadness,The author expresses disappointment and emotional distress from losing a job they were excited about.
41415,neutral,zero_shot,inline,sadness,"The author expresses disappointment and emotional distress from losing a job they were excited about, indicating sadness."
41415,neutral,few_shot,numbered,sadness,"The author expresses a negative emotional response to being unexpectedly laid off from a job they were excited about, indicating disappointment and sadness."
41415,neutral,few_shot,inline,sadness,"The author expresses disappointment over losing a job they were excited about, a common source of sadness."
41415,generic_human,zero_shot,numbered,8,"The author experienced sadness due to losing a job they were excited about, which is a common emotional response to unexpected job loss."
41415,generic_human,zero_shot,inline,sadness,"The author expresses disappointment and emotional distress from losing a job they were excited about, indicating sadness."
41415,generic_human,one_shot,numbered,sadness,"The author expresses disappointment from an unexpected job loss, a common source of sadness."
41415,generic_human,one_shot,inline,sadness,"The author expresses disappointment and emotional distress from losing a recently started job they were excited about, a common experience associated with sadness."
41415,generic_human,few_shot,numbered,sadness,"The author describes losing a job they were excited about, leading to disappointment and emotional distress."
41415,generic_human,few_shot,inline,sadness,"The author experienced a loss of a job they were excited about, leading to sadness."
41415,persona_a,zero_shot,numbered,8,"The author expresses disappointment and loss after losing a new job they were excited about, indicating sadness."
41415,persona_a,zero_shot,inline,sadness,"The author expresses disappointment and emotional distress from losing a job they were excited about, despite having left a stable position for it."
41415,persona_a,one_shot,numbered,sadness,"The author expresses disappointment and emotional distress from losing a job they were excited about, leading to a sense of loss and sadness."
41415,persona_a,one_shot,inline,sadness,"The author expresses emotional distress over losing a job they were excited about, indicating a sense of loss and disappointment."
41415,persona_a,few_shot,numbered,sadness,"The author experienced an unexpected loss of a job they were excited about, leading to sadness."
41415,persona_a,few_shot,inline,sadness,"The author expresses feeling loss and disappointment after losing a job they were excited about, which aligns with sadness."
41415,persona_b,zero_shot,numbered,relief,"The author had backup options ready, which likely alleviated the negative impact of being laid off, leading to a sense of relief."
41415,persona_b,zero_shot,inline,sadness,"The author felt sadness upon being laid off from a job they were excited about, despite having backup plans."
41415,persona_b,one_shot,numbered,relief,"The author was laid off from an exciting job but had backup plans in place, suggesting they felt relieved they were not in a worse situation."
41415,persona_b,one_shot,inline,sadness,"The author experienced disappointment from losing a job they were excited about, despite having backup plans, leading to a sense of loss."
41415,persona_b,few_shot,numbered,relief,"The author describes being laid off but mentions having backup options, suggesting a sense of relief despite the negative event."
41415,persona_b,few_shot,inline,relief,"The author describes being laid off from an exciting job but mentions having backup plans, suggesting they felt relieved despite the negative event."
6869,neutral,zero_shot,numbered,8,"The author is reflecting on a deeply personal and painful experience of betrayal, which typically evokes sadness."
6869,neutral,zero_shot,inline,sadness,The author experienced sadness due to the betrayal and loss of a long-term relationship through infidelity.
6869,neutral,one_shot,numbered,sadness,"The author is reflecting on a personal betrayal, which typically evokes sadness due to the emotional pain and loss associated with the relationship ending."
6869,neutral,one_shot,inline,sadness,"The author is reflecting on a betrayal in a long-term relationship, which typically evokes sadness due to loss and emotional pain."
6869,neutral,few_shot,numbered,anger,"The author describes a betrayal by an ex-partner, which typically evokes anger due to feelings of injustice and hurt."
6869,neutral,few_shot,inline,sadness,"The author reflects on a deeply personal betrayal, which typically evokes sadness due to the emotional pain and loss associated with the relationship's end."
6869,generic_human,zero_shot,numbered,8,The author is likely experiencing sadness due to the betrayal and emotional pain from the ex-partner's infidelity.
6869,generic_human,zero_shot,inline,sadness,The author is expressing emotional pain from the betrayal and end of a long-term relationship.
6869,generic_human,one_shot,numbered,8. sadness,"The author is expressing the emotional pain of betrayal and the end of a long-term relationship, which typically evokes sadness."
6869,generic_human,one_shot,inline,sadness,"The author experienced a significant emotional loss due to betrayal, which is commonly associated with sadness."
6869,generic_human,few_shot,numbered,sadness,"The author describes a betrayal in a long-term relationship, which typically evokes sadness due to the emotional pain and loss involved."
6869,generic_human,few_shot,inline,anger,"The author describes a personal betrayal by someone they were in a long-term relationship with, which typically evokes anger."
6869,persona_a,zero_shot,numbered,8,The author experienced sadness due to the betrayal and loss of a long-term relationship they had planned for a future together.
6869,persona_a,zero_shot,inline,sadness,The author experienced profound emotional pain due to the betrayal and loss of a long-term relationship they had envisioned a future with.
6869,persona_a,one_shot,numbered,sadness,"The author experienced emotional pain due to the betrayal and loss of a long-term relationship, leading to sadness."
6869,persona_a,one_shot,inline,sadness,"The author experienced a profound emotional loss due to betrayal, leading to sadness after a long-term relationship ended."
6869,persona_a,few_shot,numbered,sadness,"The author describes a betrayal that ended a long-term relationship and disrupted future plans, leading to emotional pain and loss."
6869,persona_a,few_shot,inline,anger,"The author expresses betrayal and hurt from a long-term partner's infidelity, which typically evokes anger as a primary emotional response."
6869,persona_b,zero_shot,numbered,8. sadness,"The author experienced sadness due to the betrayal and end of a long-term relationship, compounded by their prior suspicions and emotional distance."
6869,persona_b,zero_shot,inline,sadness,"The author experienced sadness due to the betrayal and emotional pain of their long-term partner's infidelity, compounded by the prior strain in the relationship."
6869,persona_b,one_shot,numbered,sadness,"The author experienced emotional pain due to the betrayal and end of a long-term relationship, a common response to such a situation."
6869,persona_b,one_shot,inline,anger,The author's ex cheating on them after a long relationship likely triggered anger due to betrayal and violation of trust.
6869,persona_b,few_shot,numbered,anger,"The author experienced betrayal due to long-term infidelity, which typically evokes anger."
6869,persona_b,few_shot,inline,anger,"The author describes a betrayal in a long-term relationship, which typically evokes anger due to the sense of violation and hurt."
3338,neutral,zero_shot,numbered,shame,"The author likely feels shame due to the betrayal and embarrassment caused by their friend's boyfriend's inappropriate behavior and the friend's lack of concern, leading to self-consciousness about the situation."
3338,neutral,zero_shot,inline,shame,"The author likely feels shame due to the betrayal and inappropriate behavior involving their friend's boyfriend, leading to self-consciousness about the situation."
3338,neutral,one_shot,numbered,shame,"The author expresses discomfort and intensified emotion upon discovering their friend's betrayal of trust, indicating a sense of embarrassment or self-consciousness about the situation."
3338,neutral,one_shot,inline,anger,"The author expresses frustration and betrayal upon discovering their friend was complicit in an inappropriate situation, leading to heightened emotional distress."
3338,neutral,few_shot,numbered,sadness,"The author describes a situation involving betrayal and emotional distress, which typically evokes sadness."
3338,neutral,few_shot,inline,anger,"The author describes a situation involving betrayal and inappropriate behavior, which typically evokes anger."
3338,generic_human,zero_shot,numbered,anger,"The author felt anger due to their friend's boyfriend sending flirty messages to their friend and the friend's lack of concern, which likely caused frustration or resentment."
3338,generic_human,zero_shot,inline,shame,The author likely felt shame due to the betrayal and discomfort caused by their friend's boyfriend's inappropriate behavior and their friend's indifference to it.
3338,generic_human,one_shot,numbered,anger,"The author expresses frustration and hurt over their friend's betrayal, indicating a strong emotional reaction to the situation."
3338,generic_human,one_shot,inline,anger,"The author expresses frustration and hurt over their friend's complicity in an inappropriate situation, indicating a strong emotional reaction to betrayal or disrespect."
3338,generic_human,few_shot,numbered,anger,"The author expresses frustration and hurt over their friend's involvement with someone else's boyfriend, indicating anger toward the situation."
3338,generic_human,few_shot,inline,anger,"The author describes a situation involving betrayal and inappropriate behavior, which typically evokes anger."
3338,persona_a,zero_shot,numbered,anger,"The author felt anger due to the betrayal of trust and the inappropriate behavior of their friend's boyfriend, which violated the group's bonds."
3338,persona_a,zero_shot,inline,sadness,The author feels sadness due to the betrayal of trust and the potential threat to the group's friendship bonds caused by their friend's actions.
3338,persona_a,one_shot,numbered,anger,"The author feels anger toward their friend's lack of concern about the boyfriend's flirtatious behavior, which breaches the group's trust and friendship bonds."
3338,persona_a,one_shot,inline,shame,The author feels shame due to the betrayal of trust and the friend's lack of concern for the group's relationships.
3338,persona_a,few_shot,numbered,anger,"The author expresses frustration and hurt due to a breach of trust within their friendship group, reacting strongly to the friend's boyfriend's inappropriate behavior and her lack of concern."
3338,persona_a,few_shot,inline,anger,The author feels anger towards their friend for betraying trust and engaging in behavior that undermines group bonds.
3338,persona_b,zero_shot,numbered,shame,"The author feels shame due to the discomfort and emotional trigger from past experiences of betrayal, reflecting on their own history of being cheated on and the violation of trust in the current situation."
3338,persona_b,zero_shot,inline,sadness,The author's experience of being cheated on before and the discomfort from witnessing a similar situation evoke emotional pain and sadness.
3338,persona_b,one_shot,numbered,shame,"The author's past experience with betrayal and the discomfort of witnessing a similar situation trigger feelings of shame, as the scenario mirrors their own painful history."
3338,persona_b,one_shot,inline,shame,"The author feels shame due to their friend's behavior triggering past experiences of betrayal, leading to embarrassment about the situation."
3338,persona_b,few_shot,numbered,shame,"The author feels discomfort and emotional distress due to their friend's actions mirroring past betrayal, leading to self-conscious embarrassment about the situation."
3338,persona_b,few_shot,inline,shame,"The author's past experience of being cheated on makes them feel shame upon witnessing their friend's similar behavior, which triggers discomfort and self-consciousness about their own history."
5688,neutral,zero_shot,numbered,2. disgust,"The author likely felt disgust at witnessing an adult man's inappropriate flirtation with college-aged girls, perceiving it as repulsive or morally wrong."
5688,neutral,zero_shot,inline,disgust,The author likely felt disgust at the inappropriate and sleazy behavior of the grown man flirting with young college-age girls.
5688,neutral,one_shot,numbered,disgust,"The author is reacting to inappropriate flirting behavior, which can evoke disgust as a response to offensive actions."
5688,neutral,one_shot,inline,shame,"The author's incomplete sentence suggests a complex emotional reaction to witnessing inappropriate behavior, likely involving self-consciousness or embarrassment."
5688,neutral,few_shot,numbered,shame,"The author's hesitation and the mention of ""and I"" suggest self-consciousness or embarrassment about their own feelings or actions in response to the situation."
5688,neutral,few_shot,inline,anger,"The author expresses discomfort or frustration toward a grown man's inappropriate flirtation with young college-age girls, indicating disapproval or irritation."
5688,generic_human,zero_shot,numbered,2,"The author likely felt disgust at witnessing an adult man's inappropriate flirtation with college-aged girls, which is perceived as unbecoming or offensive."
5688,generic_human,zero_shot,inline,disgust,The author likely felt disgust at the inappropriate and potentially creepy behavior of a grown man flirting with college-age girls.
5688,generic_human,one_shot,numbered,disgust,"The author reacts to inappropriate or creepy behavior, which is a common trigger for disgust."
5688,generic_human,one_shot,inline,shame,"The author likely feels shame due to the uncomfortable or inappropriate nature of the man's flirtation, especially if it involves younger individuals."
5688,generic_human,few_shot,numbered,disgust,"The author describes a situation involving inappropriate or repulsive behavior toward young women, which commonly evokes disgust."
5688,generic_human,few_shot,inline,disgust,"The author describes observing inappropriate flirtation with young women, which evokes a reaction of revulsion or moral disapproval."
5688,persona_a,zero_shot,numbered,2,"The author likely felt disgust toward the man's inappropriate flirtation, which is perceived as unbecoming or offensive."
5688,persona_a,zero_shot,inline,disgust,"The author likely felt disgust at the man's inappropriate flirtation with young college women, perceiving his behavior as disrespectful or offensive."
5688,persona_a,one_shot,numbered,disgust,"The author reacts to inappropriate or creepy behavior, which often triggers disgust as a response to discomfort with social boundaries."
5688,persona_a,one_shot,inline,shame,"The author, as a college-age woman being flirted with, likely felt shame due to the awkward or objectifying nature of the man's behavior."
5688,persona_a,few_shot,numbered,shame,"The author is a college-age woman being flirted with by a grown man, which likely evokes feelings of embarrassment or shame due to the awkward or inappropriate nature of the situation."
5688,persona_a,few_shot,inline,disgust,The author describes an instance of inappropriate flirtation that is likely to evoke disgust.
5688,persona_b,zero_shot,numbered,9. shame,"The author feels embarrassed for the man's awkward attempt at flirting, which aligns with the emotional state of shame, as it involves discomfort and self-consciousness about someone else's situation."
5688,persona_b,zero_shot,inline,shame,"The author feels embarrassed for the man's awkward situation, which aligns with the emotion of shame."
5688,persona_b,one_shot,numbered,shame,"The author feels embarrassed for the man's awkward or inappropriate behavior, which aligns with the social discomfort and self-consciousness associated with shame."
5688,persona_b,one_shot,inline,shame,"The author feels embarrassed for the man's inappropriate behavior, which aligns with the emotion of shame."
5688,persona_b,few_shot,numbered,shame,"The author feels embarrassed for the man's awkward attempt at flirting, which reflects a sense of social discomfort and self-consciousness on his behalf."
5688,persona_b,few_shot,inline,shame,"The author feels embarrassed for the man's awkward flirting attempt, which aligns with the self-conscious emotion of shame."
3645,neutral,zero_shot,numbered,3,"The author felt fear due to their anxiety about not being accepted and having to re-apply, which directly corresponds to the emotion described in the text."
3645,neutral,zero_shot,inline,relief,The author experienced relief after overcoming their fear of not being accepted into graduate school.
3645,neutral,one_shot,numbered,relief,"The author expresses relief upon being accepted into graduate school, despite initial fear of not making it, indicating the emotion is relief."
3645,neutral,one_shot,inline,relief,"The author was relieved upon being accepted into graduate school despite initial fears of rejection, leading to a mix of anxiety and eventual relief."
3645,neutral,few_shot,numbered,fear,"The author expresses fear about potential failure and the need to re-apply, despite the positive outcome of acceptance."
3645,neutral,few_shot,inline,fear,"The author describes feeling fear due to anxiety about not being accepted and the potential need to reapply, despite the positive outcome of acceptance."
3645,generic_human,zero_shot,numbered,3,"The author's fear of not being accepted and having to re-apply is the underlying reason for their emotional response, which is likely anxiety or fear, as the text emphasizes their apprehension about the outcome."
3645,generic_human,zero_shot,inline,relief,The author felt relief upon being accepted into graduate school despite their prior fear of not making it.
3645,generic_human,one_shot,numbered,relief,"The author was relieved after overcoming fear of rejection, as the acceptance resolved their anxiety about re-applying."
3645,generic_human,one_shot,inline,relief,"The author's fear of not being accepted and having to re-apply contrasts with the relief of being accepted, making relief the dominant emotion upon learning the outcome."
3645,generic_human,few_shot,numbered,fear,"The author explicitly mentions being scared about not being accepted and facing a setback, indicating fear."
3645,generic_human,few_shot,inline,fear,"The author expresses anxiety about potential failure and the need to re-apply, indicating underlying fear despite the positive outcome."
3645,persona_a,zero_shot,numbered,3. fear,"The author felt fear due to their anxiety about not being accepted and having to re-apply, which directly relates to the emotional state described in the text."
3645,persona_a,zero_shot,inline,fear,"The author expressed anxiety about not being accepted and the potential need to re-apply, indicating fear."
3645,persona_a,one_shot,numbered,relief,"The author overcame fear of rejection and uncertainty, leading to a sense of relief upon acceptance."
3645,persona_a,one_shot,inline,relief,The author experienced relief upon learning they were accepted into graduate school despite their prior fear of not being accepted.
3645,persona_a,few_shot,numbered,relief,"The author describes the relief felt upon being accepted into graduate school, despite prior fear of not making it, which is a common emotional response to such a positive outcome."
3645,persona_a,few_shot,inline,fear,"The author expresses anxiety about not being able to succeed and the stress of potentially having to re-apply, which reflects a fear of failure and uncertainty."
3645,persona_b,zero_shot,numbered,relief,The author felt relief upon being accepted into graduate school after experiencing fear of not being accepted and having to reapply.
3645,persona_b,zero_shot,inline,relief,The author experienced relief after overcoming their fear of not being accepted into graduate school.
3645,persona_b,one_shot,numbered,relief,"The author's fear of not being accepted and having to re-apply is resolved by the acceptance, leading to relief."
3645,persona_b,one_shot,inline,relief,The author experienced relief after overcoming their fear of rejection and securing acceptance into graduate school.
3645,persona_b,few_shot,numbered,relief,"The author describes alleviating fear about not being accepted, leading to a sense of relief upon receiving positive news."
3645,persona_b,few_shot,inline,relief,The author felt relief upon being accepted into graduate school despite their prior fear of not making it.
3319,neutral,zero_shot,numbered,2,"The author likely felt disgust upon discovering ravioli stuck to their shoe, as the situation involves an unexpected and messy outcome."
3319,neutral,zero_shot,inline,disgust,"The author likely felt disgust upon noticing ravioli stuck to their shoe, as the situation involves an unexpected and messy realization."
3319,neutral,one_shot,numbered,disgust,"The author describes an unexpected and unpleasant discovery of food (ravioli) stuck to their shoe, which is a common trigger for disgust due to its messy and unsanitary nature."
3319,neutral,one_shot,inline,disgust,"The author describes an unexpected, messy situation involving food (ravioli) on their shoe, which aligns with disgust triggers related to unhygienic or unpleasant conditions."
3319,neutral,few_shot,numbered,disgust,"The author describes an unpleasant, messy situation involving food stuck to their shoe, a classic disgust trigger."
3319,neutral,few_shot,inline,disgust,"The author describes an unexpected, unpleasant discovery of food residue on their shoe, which aligns with the disgust emotion."
3319,generic_human,zero_shot,numbered,2,"The author likely felt disgust upon discovering ravioli stuck to their shoe, an unexpected and unhygienic situation."
3319,generic_human,zero_shot,inline,disgust,"The author felt disgust upon discovering ravioli stuck to their shoe, which is an unexpected and messy situation during dishwashing."
3319,generic_human,one_shot,numbered,disgust,"The author describes an unexpected, messy situation involving food stuck to their shoe, which is a common trigger for disgust."
3319,generic_human,one_shot,inline,disgust,"The author describes an unexpected, messy situation involving food (ravioli) stuck to their shoe, which aligns with disgust as a reaction to unpleasant or unsanitary conditions."
3319,generic_human,few_shot,numbered,disgust,"The author encountered an unpleasant, messy situation involving food residue on their shoe, a typical trigger for disgust."
3319,generic_human,few_shot,inline,disgust,"The author describes an unexpected and unpleasant discovery of food (ravioli) on their shoe, a scenario commonly associated with disgust due to its messy and unhygienic nature."
3319,persona_a,zero_shot,numbered,2,"The author likely felt disgust upon noticing food residue on their shoe, which is an unexpected and unpleasant mess during cleanup."
3319,persona_a,zero_shot,inline,disgust,The author likely felt disgust at the unexpected mess of ravioli stuck to their shoe during cleanup.
3319,persona_a,one_shot,numbered,disgust,"The author describes an unpleasant, messy situation involving food residue, which is a common trigger for disgust."
3319,persona_a,one_shot,inline,disgust,"The author describes an unexpected, messy situation involving food residue on their shoe, which typically elicits a disgust response."
3319,persona_a,few_shot,numbered,disgust,"The author describes an unexpected, messy situation involving food residue on their shoe, which aligns with disgust as a reaction to uncleanliness."
3319,persona_a,few_shot,inline,disgust,"The author describes an unexpected, messy situation involving food residue on their shoe, which aligns with disgust as a reaction to unhygienic or unpleasant conditions."
3319,persona_b,zero_shot,numbered,2. disgust,"The author, adhering to strict hygiene standards, likely felt disgust upon realizing food residue had contaminated their shoe, violating their own cleanliness protocols."
3319,persona_b,zero_shot,inline,disgust,"The author, as a chef with strict hygiene standards, likely felt disgust upon noticing food residue on their shoe, associating it with uncleanliness."
3319,persona_b,one_shot,numbered,disgust,"The author, a chef with strict hygiene standards, likely felt disgust at the unsanitary sight of food stuck to their shoe, violating their own cleanliness protocols."
3319,persona_b,one_shot,inline,disgust,"The author describes an unhygienic situation involving food residue on their shoe, which aligns with disgust triggers related to mess and contamination."
3319,persona_b,few_shot,numbered,disgust,"The author describes an unexpected, unsanitary situation involving food residue on their shoe, which aligns with disgust due to hygiene concerns."
3319,persona_b,few_shot,inline,disgust,"The author describes a situation involving food residue on their shoe, which violates hygiene standards and evokes a visceral reaction to unsanitary conditions."
7179,neutral,zero_shot,numbered,4,"The author likely feels guilt due to their brother's anger, which may stem from self-blame related to their mental illness."
7179,neutral,zero_shot,inline,guilt,"The author associates their mental illness with feeling a specific emotion, and the brother's anger likely triggered feelings of guilt for causing distress."
7179,neutral,one_shot,numbered,guilt,"The author mentions a specific event (their brother's anger) triggering an emotion, which aligns with feelings of guilt related to mental illness and interpersonal conflict."
7179,neutral,one_shot,inline,guilt,"The author reflects on a specific event (their brother's anger) that likely triggered feelings of guilt, given the context of mental illness and the emotional impact of interpersonal conflict."
7179,neutral,few_shot,numbered,guilt,"The author reflects on a specific event involving their brother's anger, suggesting they feel responsible or remorseful for the situation, which aligns with guilt."
7179,neutral,few_shot,inline,guilt,"The author describes a situation where their brother's anger triggered an emotional response, suggesting feelings of responsibility or remorse for the conflict."
7179,generic_human,zero_shot,numbered,guilt,"The author mentions their brother's anger as a specific trigger, which often leads to feelings of guilt for causing distress to others."
7179,generic_human,zero_shot,inline,guilt,"The author's brother being angry at them likely triggered feelings of guilt, as the text connects the specific event to their mental illness-related emotions."
7179,generic_human,one_shot,numbered,guilt,"The author's mental illness likely contributes to feelings of self-blame, and the brother's anger triggered a specific instance of guilt."
7179,generic_human,one_shot,inline,guilt,"The author links their mental illness to a specific event where their brother's anger triggered an emotional response, suggesting self-blame or responsibility for the brother's reaction."
7179,generic_human,few_shot,numbered,guilt,"The author describes a situation where their brother's anger triggered an emotional response, suggesting feelings of guilt for causing distress to a family member."
7179,generic_human,few_shot,inline,guilt,The author's brother being angry at them likely triggered feelings of guilt for causing the brother's anger or for their role in the conflict.
7179,persona_a,zero_shot,numbered,8. sadness,"The author describes experiencing chronic depression and refers to the event as another ""low point,"" indicating a persistent feeling of sadness linked to their mental illness."
7179,persona_a,zero_shot,inline,sadness,"The author explicitly connects their emotional state to chronic depression and describes the event as a ""low point,"" indicating a primary feeling of sadness."
7179,persona_a,one_shot,numbered,sadness,"The author describes enduring chronic depression and a recent low point, indicating a prolonged and deep emotional struggle typical of sadness."
7179,persona_a,one_shot,inline,sadness,"The author describes enduring chronic depression and references a recent low point triggered by a negative event, indicating a persistent feeling of sadness."
7179,persona_a,few_shot,numbered,sadness,"The author describes enduring chronic depression and a recent triggering event that marks another low point in their emotional state, which aligns with sadness."
7179,persona_a,few_shot,inline,sadness,"The author describes enduring chronic depression and a recent low point triggered by a negative interaction, reflecting ongoing emotional distress."
7179,persona_b,zero_shot,numbered,4. guilt,"The author mentions their brother's anger as the trigger, implying a self-reflection on their actions, which aligns with guilt."
7179,persona_b,zero_shot,inline,guilt,"The author's brother being angry at them likely triggered feelings of guilt for causing the brother's anger, especially given the context of mental illness and the author's rarity in experiencing distress."
7179,persona_b,one_shot,numbered,guilt,"The author attributes their emotional response to a specific event involving their brother's anger, suggesting self-blame or remorse for causing distress to someone close."
7179,persona_b,one_shot,inline,guilt,"The author's brother being angry at them likely triggered feelings of guilt, especially considering the context of mental illness and the unusual intensity of the trigger."
7179,persona_b,few_shot,numbered,guilt,"The author describes a situation where their brother's anger triggered a strong emotional response, suggesting feelings of responsibility or remorse for the brother's reaction."
7179,persona_b,few_shot,inline,guilt,"The author describes a situation where their brother's anger triggered a strong emotional response, suggesting feelings of responsibility or remorse for the brother's reaction."
51835,neutral,zero_shot,numbered,7,"The author felt relief after the harassment finally stopped, indicating a sense of eased tension and gratitude for the situation ending."
51835,neutral,zero_shot,inline,relief,"The author expresses relief after the harassment ended, despite the lingering fear from the past."
51835,neutral,one_shot,numbered,relief,"The author expresses relief after the harassment from their ex partner finally stopped, indicating a sense of release from a distressing situation."
51835,neutral,one_shot,inline,relief,The author expresses relief after the cessation of a distressing situation (harassment) that had previously caused fear.
51835,neutral,few_shot,numbered,relief,The author expresses relief after the cessation of a distressing situation (harassment) that caused fear.
51835,neutral,few_shot,inline,relief,The author expresses relief at the end of a distressing situation (harassment) that caused fear.
51835,generic_human,zero_shot,numbered,7. relief,"The author expresses relief after the harassment finally stopped, indicating a release of tension and emotional relief following a prolonged period of fear."
51835,generic_human,zero_shot,inline,relief,"The author expresses relief after the harassment ended, indicating a strong emotional release from the stress and fear caused by the ex partner's actions."
51835,generic_human,one_shot,numbered,relief,"The author expresses relief after the harassment from their ex partner finally stopped, indicating a sense of relief from a prolonged stressful situation."
51835,generic_human,one_shot,inline,relief,"The author expresses relief after the harassment from their ex partner finally stopped, indicating a sense of release from fear and distress."
51835,generic_human,few_shot,numbered,relief,"The author expresses relief after the harassment from their ex partner finally stopped, indicating a sense of eased anxiety and safety."
51835,generic_human,few_shot,inline,relief,"The author expresses relief after the harassment ended, indicating a strong emotional release from a prolonged stressful situation."
51835,persona_a,zero_shot,numbered,7,"The author expresses relief after the harassment stopped, despite lingering fear from the past."
51835,persona_a,zero_shot,inline,relief,"The author expresses relief after the harassment stopped, despite lingering fear from past experiences."
51835,persona_a,one_shot,numbered,relief,"The author felt relief after the harassment finally stopped, ending a prolonged period of fear and distress."
51835,persona_a,one_shot,inline,relief,"The author expresses relief after the harassment finally stopped, indicating a transition from fear to a sense of safety and relief."
51835,persona_a,few_shot,numbered,relief,"The author expresses relief after the cessation of a prolonged, fear-inducing situation (domestic harassment), indicating a shift from fear to a positive emotional release."
51835,persona_a,few_shot,inline,relief,"The author describes the cessation of a prolonged traumatic experience, indicating a sense of relief after the source of fear was removed."
51835,persona_b,zero_shot,numbered,relief,"The author expresses relief after the ex's harassment finally stopped, despite lingering annoyance."
51835,persona_b,zero_shot,inline,relief,"The author expresses relief after the harassment from their ex partner finally stopped, indicating a sense of eased anxiety or stress."
51835,persona_b,one_shot,numbered,relief,"The author expresses relief that the harassment has finally stopped, indicating a sense of eased anxiety after a prolonged stressful situation."
51835,persona_b,one_shot,inline,relief,"The author expresses relief that the harassment has finally stopped, despite lingering fear from the past."
51835,persona_b,few_shot,numbered,fear,"The author describes being made to feel scared by an ex's harassment, indicating a clear emotional response of fear."
51835,persona_b,few_shot,inline,fear,"The author describes being terrorized by an ex-partner's harassment, a clear trigger for fear."
41260,neutral,zero_shot,numbered,7,The author expresses relief from overcoming a toxic relationship and finding love again after a period of despair.
41260,neutral,zero_shot,inline,relief,"The author expresses overcoming past pain and finding new love, indicating a sense of relief after healing from a toxic relationship."
41260,neutral,one_shot,numbered,joy,"The author expresses overcoming past pain and finding new love, indicating a positive emotional resolution."
41260,neutral,one_shot,inline,relief,"The author expresses overcoming past emotional pain and finding new love, indicating a sense of relief after a difficult period."
41260,neutral,few_shot,numbered,joy,"The author describes overcoming past pain and finding love again, which reflects a positive emotional outcome."
41260,neutral,few_shot,inline,joy,"The author describes overcoming a past relationship and finding new love, which reflects a positive emotional resolution and renewed happiness."
41260,generic_human,zero_shot,numbered,5. joy,"The author expresses overcoming a toxic relationship and finding love again, which reflects a positive emotional resolution and renewed capacity for love."
41260,generic_human,zero_shot,inline,joy,"The author expresses overcoming a toxic relationship and finding new love, which reflects a positive emotional resolution and renewed hope."
41260,generic_human,one_shot,numbered,joy,"The author expresses overcoming past pain and finding love again, indicating a positive emotional resolution."
41260,generic_human,one_shot,inline,relief,"The author describes overcoming past trauma and finding new love, indicating a sense of relief from past pain and emotional recovery."
41260,generic_human,few_shot,numbered,joy,"The author describes overcoming a past toxic relationship and finding new love, which reflects a positive emotional resolution and renewed hope."
41260,generic_human,few_shot,inline,joy,"The author describes overcoming a past relationship and finding love again, reflecting a positive emotional outcome."
41260,persona_a,zero_shot,numbered,7,"The author experienced relief after overcoming a toxic relationship and rediscovering the ability to love, which alleviated the emotional burden of feeling trapped in isolation."
41260,persona_a,zero_shot,inline,joy,"The author experienced a positive realization of overcoming past trauma and finding love again, which aligns with the emotion of joy."
41260,persona_a,one_shot,numbered,joy,"The author expresses overcoming a traumatic relationship and finding love again, indicating a positive emotional resolution."
41260,persona_a,one_shot,inline,relief,"The author expresses overcoming past trauma and finding new love, indicating a sense of relief after enduring a difficult period."
41260,persona_a,few_shot,numbered,joy,"The author describes overcoming a past trauma and experiencing a positive emotional outcome (falling in love again), which aligns with the typical emotional response of joy."
41260,persona_a,few_shot,inline,joy,"The author describes overcoming a traumatic past and experiencing new love, which reflects a positive emotional outcome."
41260,persona_b,zero_shot,numbered,5,"The author expresses overcoming a past relationship and finding new love, indicating a positive emotional resolution."
41260,persona_b,zero_shot,inline,relief,"The author expresses overcoming past sadness and finding comfort in the ability to love again after a toxic relationship, indicating relief from emotional pain."
41260,persona_b,one_shot,numbered,joy,"The author expresses overcoming a toxic relationship and finding love again, which is a clear indicator of positive emotional recovery and happiness."
41260,persona_b,one_shot,inline,joy,"The author expresses overcoming a past toxic relationship and finding new love, indicating a positive emotional resolution."
41260,persona_b,few_shot,numbered,joy,"The author describes overcoming a toxic relationship and finding new love, which reflects a positive, uplifting emotional state."
41260,persona_b,few_shot,inline,joy,"The author describes overcoming a past toxic relationship and finding new love, reflecting a positive emotional resolution typically associated with joy."
3283,neutral,zero_shot,numbered,anger,"The author likely felt anger toward the pro-life views and the Texas heartbeat law, which may have conflicted with their personal beliefs or values."
3283,neutral,zero_shot,inline,sadness,"The author likely felt sadness due to the emotional impact of the Texas heartbeat law's passage, which may have evoked feelings of loss or concern for its implications."
3283,neutral,one_shot,numbered,anger,"The author likely felt anger toward the Texas heartbeat law after hearing pro-life arguments, which may have conflicted with their personal beliefs or values."
3283,neutral,one_shot,inline,anger,"The author likely felt anger toward the pro-life views expressed after the law's passage, which may conflict with their personal beliefs or values."
3283,neutral,few_shot,numbered,anger,The author's reaction to the controversial Texas heartbeat law and its associated pro-life views likely evokes anger due to the polarizing nature of the policy.
3283,neutral,few_shot,inline,anger,"The author likely felt anger upon hearing pro-life views in the context of a controversial law, reflecting strong emotional opposition to the policy."
3283,generic_human,zero_shot,numbered,anger,"The author likely felt anger towards the pro-life views and the new law's implications, given the controversial nature of the Texas heartbeat law and the emotional response to such policies."
3283,generic_human,zero_shot,inline,relief,"The author likely felt relief after the Texas heartbeat law passed, aligning with pro-life views that may have been a source of hope or validation."
3283,generic_human,one_shot,numbered,anger,"The author likely felt anger toward the restrictive Texas heartbeat law and the pro-life arguments presented, which sparked strong emotional opposition."
3283,generic_human,one_shot,inline,anger,"The author likely felt anger toward the pro-life stance supporting a controversial law, reflecting frustration or outrage at the policy's implications."
3283,generic_human,few_shot,numbered,anger,"The author reacts to pro-life views in the context of a controversial law, suggesting disagreement or frustration, which aligns with anger."
3283,generic_human,few_shot,inline,anger,"The author likely felt anger after hearing pro-life views related to a controversial law, as such topics often provoke strong emotional reactions."
3283,persona_a,zero_shot,numbered,8,"The author likely felt sadness due to the emotional weight of the Texas heartbeat law's impact on reproductive rights, compounded by her personal experience with a difficult reproductive health decision."
3283,persona_a,zero_shot,inline,sadness,"The author likely feels sadness upon reflecting on the emotional and ethical complexities of reproductive health decisions, exacerbated by the new law's impact on others' lives."
3283,persona_a,one_shot,numbered,sadness,"The author reflects on a deeply personal and emotionally taxing reproductive health decision, likely evoking sadness due to the weight of the experience and its implications."
3283,persona_a,one_shot,inline,anger,"The author likely felt anger toward the pro-life stance that contributed to restrictive legislation, given her personal experience with a difficult reproductive health decision."
3283,persona_a,few_shot,numbered,sadness,"The author, having personally experienced a difficult reproductive health decision, likely feels sadness upon hearing pro-life views in the context of a restrictive law that impacts her autonomy and choices."
3283,persona_a,few_shot,inline,sadness,"The author reflects on a personal reproductive health decision amidst a politically charged law, likely evoking emotional distress or sorrow related to the complexity and weight of the situation."
3283,persona_b,zero_shot,numbered,anger,"The author, a political commentator opposing the law on policy grounds, likely felt anger toward the pro-life arguments that contributed to the law's passage."
3283,persona_b,zero_shot,inline,anger,"The author, a political commentator opposing the law on policy grounds, likely felt anger toward the law's passage despite hearing pro-life arguments that align with its stance."
3283,persona_b,one_shot,numbered,anger,"The author, a political commentator opposing the law on policy grounds, likely felt anger toward the pro-life views supporting the law, which they disagree with."
3283,persona_b,one_shot,inline,anger,"The author, a political commentator opposing the law, likely felt anger toward the policy decision that conflicts with their stance."
3283,persona_b,few_shot,numbered,anger,"The author, a political commentator opposing the law, likely felt anger toward the pro-life views supporting the law they disagree with on policy grounds."
3283,persona_b,few_shot,inline,anger,"The author, a political commentator opposing the law, likely felt anger toward the pro-life views that support the law, reflecting frustration with opposing policy positions."
51263,neutral,zero_shot,numbered,7. relief,"The author explicitly mentions feeling ""instant relief"" after the anxiety of asking for a date was resolved."
51263,neutral,zero_shot,inline,relief,"The author explicitly mentions feeling ""instant relief"" from the anxiety of asking and the person's positive response."
51263,neutral,one_shot,numbered,relief,"The author describes feeling relief after the anxiety of asking for a date and receiving a positive response, highlighting the alleviation of worry."
51263,neutral,one_shot,inline,relief,The author describes feeling relief after experiencing anxiety and the positive outcome of the date request being accepted.
51263,neutral,few_shot,numbered,relief,"The author describes the alleviation of anxiety after a stressful situation (asking for a date) resolved positively, which is a classic relief response."
51263,neutral,few_shot,inline,relief,The author describes overcoming anxiety about a risky situation and experiencing immediate relief after a positive outcome.
51263,generic_human,zero_shot,numbered,7. relief,"The author explicitly mentions feeling ""instant relief"" from the anxiety of asking her out and her agreeing, indicating relief as the primary emotion."
51263,generic_human,zero_shot,inline,relief,"The author explicitly mentions feeling ""instant relief"" from the anxiety and nervousness of asking someone out, which directly corresponds to the emotion of relief."
51263,generic_human,one_shot,numbered,relief,The author explicitly mentions feeling relief from the anxiety of asking for a date and the resolution of that worry when the person agreed.
51263,generic_human,one_shot,inline,relief,The author explicitly mentions feeling relief from the anxiety of asking and the immediate alleviation of worry upon the person's positive response.
51263,generic_human,few_shot,numbered,relief,"The author describes the immediate alleviation of anxiety after a stressful situation (asking someone out) was resolved, which is a classic relief response."
51263,generic_human,few_shot,inline,relief,"The author describes the immediate emotional release from anxiety after successfully navigating a stressful situation, which is a classic relief response."
51263,persona_a,zero_shot,numbered,7,"The author explicitly mentions feeling ""instant"" relief from the anxiety and stress of asking the coworker out, which is the primary emotion described."
51263,persona_a,zero_shot,inline,relief,The author emphasizes the immediate relief felt after the anxiety of asking the coworker out and her agreeing to a date.
51263,persona_a,one_shot,numbered,relief,The author explicitly mentions feeling relief from the anxiety of asking the coworker out and the relief of her accepting the date.
51263,persona_a,one_shot,inline,relief,"The author explicitly mentions feeling ""instant"" relief from the anxiety of asking and the coworker's positive response."
51263,persona_a,few_shot,numbered,relief,"The author explicitly describes feeling ""instant relief"" from the anxiety of asking the coworker on a date and her agreeing, indicating the primary emotion is relief."
51263,persona_a,few_shot,inline,relief,The author describes overcoming anxiety about asking someone out and experiencing immediate relief after the situation resolved positively.
51263,persona_b,zero_shot,numbered,7,"The author explicitly mentions feeling ""instant ... just from the relief of worrying about it and her saying yes,"" directly pointing to relief as the primary emotion."
51263,persona_b,zero_shot,inline,relief,"The author felt relief from the anxiety and nervousness of asking for a date, which was immediately resolved when the person agreed."
51263,persona_b,one_shot,numbered,relief,The author explicitly mentions feeling relief from the anxiety of asking and the resolution of that worry.
51263,persona_b,one_shot,inline,relief,The author explicitly mentions feeling relief from the anxiety of asking and the person's positive response.
51263,persona_b,few_shot,numbered,relief,The author describes the immediate feeling of relief after experiencing anxiety and successfully navigating a potentially stressful situation.
51263,persona_b,few_shot,inline,relief,"The author describes the alleviation of anxiety after a stressful situation (asking for a date) and the relief from worrying, which directly corresponds to the emotion of relief."
3493,neutral,zero_shot,numbered,4. guilt,"The author expresses regret over a morally wrong action, indicating self-reproach for violating personal or societal norms."
3493,neutral,zero_shot,inline,guilt,"The author expresses regret over a wrongdoing, indicating self-reproach for violating a moral or social boundary."
3493,neutral,one_shot,numbered,guilt,"The author expresses regret over a morally questionable action, indicating internal conflict and remorse."
3493,neutral,one_shot,inline,guilt,"The author expresses regret over a morally wrong action, indicating self-reproach for violating personal boundaries."
3493,neutral,few_shot,numbered,guilt,"The author reflects on a morally wrong action (""shouldn't"") that likely evokes self-reproach and regret, classic signs of guilt."
3493,neutral,few_shot,inline,guilt,"The author reflects on a morally wrong action, which typically evokes guilt for violating personal or social norms."
3493,generic_human,zero_shot,numbered,4,"The author reflects on an action (sleeping with someone they shouldn’t have) and the phrase ""I shouldn’t of"" suggests awareness of wrongdoing, leading to guilt."
3493,generic_human,zero_shot,inline,guilt,"The author reflects on a regrettable action (""shouldn't of"") and the blank suggests an internal remorse aligning with guilt."
3493,generic_human,one_shot,numbered,guilt,"The author reflects on a regrettable action (""shouldn’t of"") that likely evokes self-reproach and moral conflict, hallmark signs of guilt."
3493,generic_human,one_shot,inline,guilt,"The author reflects on a morally wrong action, indicating self-reproach for violating personal boundaries."
3493,generic_human,few_shot,numbered,guilt,"The author expresses regret over a morally wrong action, indicating self-reproach and remorse."
3493,generic_human,few_shot,inline,guilt,"The author reflects on a morally wrong action (""shouldn’t of"") and likely feels remorse or self-reproach, which aligns with guilt."
3493,persona_a,zero_shot,numbered,4. guilt,"The author reflects on an action that violated a committed relationship, indicating regret and self-reproach for breaking trust and norms, which aligns with guilt."
3493,persona_a,zero_shot,inline,guilt,The author likely feels guilt for betraying their committed relationship by engaging in a relationship with someone else.
3493,persona_a,one_shot,numbered,guilt,"The author reflects on a morally wrong action (cheating) within a committed relationship, indicating remorse for violating trust."
3493,persona_a,one_shot,inline,guilt,"The author reflects on an action that violated a committed relationship, indicating remorse for breaking trust and social norms."
3493,persona_a,few_shot,numbered,guilt,"The author reflects on a morally wrong action (cheating on a partner), which typically evokes guilt for violating trust and commitments."
3493,persona_a,few_shot,inline,shame,"The author describes a morally compromising action within a committed relationship, which typically evokes shame for violating trust and personal ethics."
3493,persona_b,zero_shot,numbered,4. guilt,"The author broke a personal promise to a friend, leading to self-reproach for violating their commitment and engaging in an action they knew was wrong."
3493,persona_b,zero_shot,inline,guilt,"The author broke a personal promise to a friend, leading to a conflict between their actions and moral obligations, which typically evokes guilt."
3493,persona_b,one_shot,numbered,guilt,"The author broke a personal promise to a friend, leading to internal remorse and regret for their actions."
3493,persona_b,one_shot,inline,guilt,"The author violated a personal promise to a friend, leading to self-reproach for breaking trust and commitment."
3493,persona_b,few_shot,numbered,guilt,"The author broke a personal promise to a friend, leading to internal remorse for violating their commitment."
3493,persona_b,few_shot,inline,guilt,"The author broke a personal promise to a friend, leading to internal remorse and self-reproach for violating trust and boundaries."
3936,neutral,zero_shot,numbered,6,The author likely felt pride upon achieving the milestone of getting into university.
3936,neutral,zero_shot,inline,pride,The author likely felt pride upon achieving the significant milestone of getting into university.
3936,neutral,one_shot,numbered,pride,"The author reflects on the achievement of getting into university, a common source of pride."
3936,neutral,one_shot,inline,joy,"The author likely felt joy upon achieving the milestone of getting into university, a common positive emotional response to such an event."
3936,neutral,few_shot,numbered,joy,"The author describes a positive life event (admission to university), which typically evokes joy."
3936,neutral,few_shot,inline,joy,"The author describes a positive life event (admission to university), which typically evokes joy."
3936,generic_human,zero_shot,numbered,pride,The author likely felt pride in achieving the accomplishment of getting into university.
3936,generic_human,zero_shot,inline,pride,"The author likely felt pride upon achieving the milestone of getting into university, reflecting personal accomplishment and satisfaction."
3936,generic_human,one_shot,numbered,pride,"The author reflects on the achievement of getting into university, a common source of pride."
3936,generic_human,one_shot,inline,pride,"The author reflects on the accomplishment of entering university, a significant milestone often associated with pride."
3936,generic_human,few_shot,numbered,joy,"The author describes a positive life event (admission to university), which typically evokes joy."
3936,generic_human,few_shot,inline,joy,The author describes a positive life event (admission to university) which typically evokes joy.
3936,persona_a,zero_shot,numbered,3,"The author, as a first-generation applicant, experienced fear due to the anxiety and pressure associated with the fear of rejection during the university application process."
3936,persona_a,zero_shot,inline,relief,"The author, a first-generation applicant who feared rejection, likely felt relief upon being accepted into university, alleviating their fear."
3936,persona_a,one_shot,numbered,fear,"The author, as a first-generation applicant, experienced anxiety about potential rejection, which aligns with the emotion of fear."
3936,persona_a,one_shot,inline,relief,"The author, a first-generation applicant who feared rejection, likely felt relief upon being accepted into university, alleviating their anxiety."
3936,persona_a,few_shot,numbered,relief,The author experienced relief after overcoming the fear of rejection by getting into university.
3936,persona_a,few_shot,inline,relief,"The author overcame the fear of rejection by gaining university admission, leading to a sense of relief."
3936,persona_b,zero_shot,numbered,6. pride,"The author, as a legacy applicant from a family with generations of attendance, likely feels pride in continuing their family's tradition and achieving this milestone."
3936,persona_b,zero_shot,inline,pride,The author likely feels pride as a legacy applicant continuing their family's long-standing tradition at the university.
3936,persona_b,one_shot,numbered,pride,"The author, as a legacy applicant from a family with generational ties to the university, likely feels pride in continuing their family's tradition and achieving a significant personal milestone."
3936,persona_b,one_shot,inline,pride,"The author, as a legacy applicant from a long-standing family tradition, likely feels pride in continuing their family's legacy at the university."
3936,persona_b,few_shot,numbered,pride,"The author's admission to university as a legacy applicant reflects a sense of accomplishment tied to their family's long-standing connection to the institution, evoking pride."
3936,persona_b,few_shot,inline,pride,"The author, as a legacy applicant from a family with generations of university attendance, likely feels pride in their family's historical connection and their own achievement of being accepted."
41208,neutral,zero_shot,numbered,5,"The author expresses a strong sense of happiness and satisfaction with their victory, described as ""awesome,"" which directly indicates joy."
41208,neutral,zero_shot,inline,joy,"The author expresses triumph and excitement over overcoming others' doubts and achieving an unexpected victory, described as ""awesome."""
41208,neutral,one_shot,numbered,joy,"The author explicitly describes the experience as ""awesome"" and highlights overcoming odds to win, indicating a strong positive emotion."
41208,neutral,one_shot,inline,joy,"The author expresses triumph and satisfaction after overcoming perceived odds, culminating in a victorious outcome described as ""awesome."""
41208,neutral,few_shot,numbered,joy,"The author describes overcoming perceived odds and achieving a significant personal victory, which is typically associated with joy."
41208,neutral,few_shot,inline,pride,"The author describes overcoming doubt and achieving a personal victory, which reflects pride in their accomplishment."
41208,generic_human,zero_shot,numbered,5. joy,"The author expresses triumph and happiness (""awesome"") after overcoming the doubts of others and achieving an unexpected victory."
41208,generic_human,zero_shot,inline,joy,"The author explicitly describes the experience as ""awesome,"" directly expressing a sense of happiness and triumph from overcoming doubt and winning."
41208,generic_human,one_shot,numbered,joy,"The author explicitly describes the experience as ""awesome,"" indicating a strong sense of happiness and satisfaction from overcoming challenges and achieving success."
41208,generic_human,one_shot,inline,pride,"The author reflects on overcoming perceived limitations and achieving unexpected success, highlighting personal accomplishment and confidence."
41208,generic_human,few_shot,numbered,joy,"The author describes overcoming doubt and achieving unexpected success, with a clear expression of excitement and positive emotion (""awesome"")."
41208,generic_human,few_shot,inline,joy,"The author describes overcoming challenges and achieving a significant personal victory, which is typically associated with joy."
41208,persona_a,zero_shot,numbered,5. joy,"The author describes the experience as ""awesome"" and emphasizes the triumph over mockery, highlighting a positive and exhilarating emotional outcome."
41208,persona_a,zero_shot,inline,joy,"The author describes the experience as ""awesome"" and highlights overcoming mockery to achieve victory, reflecting triumph and happiness."
41208,persona_a,one_shot,numbered,joy,"The author expresses triumph and excitement about overcoming mockery and winning, described as ""awesome,"" indicating a strong sense of joy."
41208,persona_a,one_shot,inline,pride,"The author overcame mockery based on her height and achieved a significant victory, leading to a sense of accomplishment and pride in her own success."
41208,persona_a,few_shot,numbered,joy,"The author describes overcoming mockery and achieving a surprising victory, expressing excitement and satisfaction through the word ""awesome,"" which aligns with joy."
41208,persona_a,few_shot,inline,pride,"The author describes overcoming mockery and achieving a significant victory, which evokes pride in their accomplishment."
41208,persona_b,zero_shot,numbered,6. pride,"The author recounts overcoming discouragement and achieving an unexpected victory, reflecting pride in their own ability and accomplishment."
41208,persona_b,zero_shot,inline,pride,The author felt pride in overcoming others' expectations and achieving a personal triumph through their natural talent and effort.
41208,persona_b,one_shot,numbered,joy,"The author expresses excitement and satisfaction from overcoming others' doubts and achieving victory, described as ""awesome."""
41208,persona_b,one_shot,inline,joy,"The author describes an uplifting experience of overcoming doubt and achieving success, ending with a strong positive reaction (""It was awesome"")."
41208,persona_b,few_shot,numbered,joy,"The author describes overcoming perceived odds and achieving a significant victory, expressing excitement and satisfaction with the outcome."
41208,persona_b,few_shot,inline,joy,"The author describes overcoming discouragement and achieving a personal victory, expressing excitement and satisfaction with the outcome."
