text_id,framing_condition,prompt_variant,label_format,label,reason
387,neutral,zero_shot,numbered,8. sadness,"The author is expressing frustration and loss, indicating a negative emotional state that aligns with sadness."
387,neutral,zero_shot,inline,Sadness,The author expressed a negative and undesirable situation (misplacing their car keys) which typically evokes feelings of loss or disappointment.
387,neutral,one_shot,numbered,frustration,"The author describes a problem they encountered (losing their car keys), which is a common trigger for frustration."
387,neutral,one_shot,inline,anxiety,"The author is expressing concern about not being able to locate something essential (their car keys), indicating a state of worry or apprehension."
387,neutral,few_shot,numbered,frustration,"The author describes a stressful situation where they are unable to locate their keys, which is typically associated with feelings of frustration."
387,neutral,few_shot,inline,frustration,"The author describes a minor inconvenience and loss of control over their belongings, which typically evokes feelings of frustration."
387,generic_human,zero_shot,numbered,8,"The author's statement suggests they are unhappy and frustrated about losing their car keys, which is a common cause of sadness."
387,generic_human,zero_shot,inline,Sadness,"The author expressed a loss and frustration at not being able to locate their keys, indicating a negative emotional state."
387,generic_human,one_shot,numbered,7. relief,The author describes finding a lost item (car keys) which typically leads to feelings of relief.
387,generic_human,one_shot,inline,sadness,The author expresses a negative experience and disappointment at losing something valuable to them.
387,generic_human,few_shot,numbered,frustration,"The author describes a minor, everyday problem with their belongings, which typically triggers feelings of irritation or frustration, but since the emotion is not strongly expressed, I chose a slightly milder label."
387,generic_human,few_shot,inline,frustration,"The author describes a minor yet inconvenient problem with their belongings, which typically evokes frustration."
387,persona_a,zero_shot,numbered,8,"The author expressed frustration and inconvenience, typical of the feeling of sadness often associated with losing something important."
387,persona_a,zero_shot,inline,Sadness,"The author is expressing a negative experience and a sense of loss, indicating that they are feeling down or unhappy about the situation."
387,persona_a,one_shot,numbered,7. relief,"The author describes a frustrating experience with lost car keys, but the tone is more matter-of-fact than emotional, implying that they're relieved to be acknowledging and describing their situation rather than feeling overwhelmed by it."
387,persona_a,one_shot,inline,frustration,"The author describes a minor inconvenience of misplaced items, which is a common trigger for feelings of frustration."
387,persona_a,few_shot,numbered,frustration,"The author, a commuter, expresses distress at losing something essential (their car keys), triggering frustration about the inconvenience and potential delay caused by their carelessness or mismanagement."
387,persona_a,few_shot,inline,frustration,"The author describes a minor but annoying problem (misplacing their car keys), which is a common trigger for frustration."
387,persona_b,zero_shot,numbered,8.,"The author is running late, implying that they are anxious about being on time, which aligns with feelings of sadness and frustration."
387,persona_b,zero_shot,inline,Sadness,"The author's situation is frustrating and stressful, causing them distress and a negative emotional state."
387,persona_b,one_shot,numbered,"anxiety is not on the list, but I believe a suitable label for the author's emotion would be...","The author is running late, likely worrying about being late to pick up or drop off their child, which suggests they are feeling sad about the situation."
387,persona_b,one_shot,inline,anxiety,"The author is running late and has misplaced their car keys, indicating a sense of worry or apprehension about being unable to find them."
387,persona_b,few_shot,numbered,anxiety/fear,"The author, a parent running late, is concerned about the potential consequences of being unable to find their car keys, which triggers feelings of anxiety or fear for meeting their responsibilities."
387,persona_b,few_shot,inline,anxiety,"The author describes being late due to misplaced keys, indicating a sense of stress and worry about the situation unfolding."
3620,neutral,zero_shot,numbered,5. joy,"The author is expressing excitement and happiness about winning an online competition, which indicates a positive emotional state."
3620,neutral,zero_shot,inline,Joy,"The author's tone is positive and celebratory, as indicated by their excitement about winning an online competition and the amount of money they won."
3620,neutral,one_shot,numbered,joy,"The author describes winning a significant amount of money, which is typically associated with feelings of happiness and satisfaction."
3620,neutral,one_shot,inline,joy,"The author mentions winning a significant amount of money, which is typically associated with feelings of happiness and pleasure."
3620,neutral,few_shot,numbered,joy,"The author describes winning a large sum of money, which typically evokes feelings of happiness and satisfaction associated with the emotion of joy."
3620,neutral,few_shot,inline,joy,"The author describes winning a significant amount of money, which is a typical trigger for the emotion of joy."
3620,generic_human,zero_shot,numbered,5,"The author's use of the phrase ""When I won"" and the context of winning a competition indicate a positive outcome, which is typical of feeling joy."
3620,generic_human,zero_shot,inline,Joy,The author is celebrating a win and expressing excitement over receiving a large amount of money.
3620,generic_human,one_shot,numbered,joy,"The author mentions winning a significant amount of money, an event typically associated with positive emotions such as happiness and satisfaction, which corresponds to the label ""joy""."
3620,generic_human,one_shot,inline,joy,"The author describes winning a significant amount of money in an online competition, which is typically associated with feelings of happiness and satisfaction."
3620,generic_human,few_shot,numbered,joy,"The author describes winning a significant amount of money, which is a classic trigger for the emotion of joy."
3620,generic_human,few_shot,inline,joy,"The author describes a positive life event (winning an online competition) and the monetary reward, which typically evokes feelings of joy."
3620,persona_a,zero_shot,numbered,5. joy,"The author expressed happiness and excitement about winning a significant amount of money, indicating that they felt joy when writing the text."
3620,persona_a,zero_shot,inline,Pride,The author is expressing a sense of accomplishment and achievement by winning an online competition.
3620,persona_a,one_shot,numbered,joy,"The author mentions winning a significant amount of money, an outcome that typically elicits feelings of happiness and satisfaction."
3620,persona_a,one_shot,inline,pride,The author expresses happiness and accomplishment at winning a significant amount of money (£3k) through their hobby.
3620,persona_a,few_shot,numbered,joy,"The author describes winning a significant amount of money, a positive life event that typically evokes feelings of joy and satisfaction."
3620,persona_a,few_shot,inline,joy,"The author describes winning a significant amount of money as part of an online competition, which is a positive life event that typically evokes feelings of joy."
3620,persona_b,zero_shot,numbered,relief,"The author is mentioning a positive event (winning an online competition) as a solution to their problem of being in debt, implying that they feel relieved about having a financial windfall."
3620,persona_b,zero_shot,inline,Relief,The author is in debt and winning a significant amount of money provides financial relief.
3620,persona_b,one_shot,numbered,joy,"The author's win of a significant amount of money, £3k, likely brought them happiness and excitement, characteristic of the emotion joy."
3620,persona_b,one_shot,inline,relief,"Despite being in debt, the author's financial situation is temporarily alleviated by winning a large sum of money, which suggests they feel relieved."
3620,persona_b,few_shot,numbered,relief,"The author mentions winning a significant amount of money to pay off their debt, indicating that they are relieved by the financial assistance."
3620,persona_b,few_shot,inline,guilt,"The author is in debt and has just won a significant amount of money through an online competition, which may evoke feelings of guilt about their financial situation."
52398,neutral,zero_shot,numbered,shame,"The author likely felt ashamed of vomiting at work, especially in front of their colleagues, which is a humiliating experience."
52398,neutral,zero_shot,inline,Shame,"The author's experience of vomiting at work in front of colleagues implies a strong sense of embarrassment and self-consciousness, which is characteristic of feeling ashamed."
52398,neutral,one_shot,numbered,disgust,"The author describes a repulsive and involuntary bodily function, which is a classic disgust trigger."
52398,neutral,one_shot,inline,embarrassment and also close to shame,"The author is reluctant to vomit in front of colleagues, implying a sense of self-consciousness or mortification."
52398,neutral,few_shot,numbered,shame,"The author describes a personal and potentially embarrassing incident, which typically evokes feelings of shame."
52398,neutral,few_shot,inline,embarrassment,"The author describes a humiliating and uncomfortable event that they had to endure in front of others, which typically evokes feelings of embarrassment."
52398,generic_human,zero_shot,numbered,shame,"The author's use of the phrase ""in front of colleagues"" implies a sense of humiliation and self-consciousness, suggesting that they felt ashamed about their behavior."
52398,generic_human,zero_shot,inline,Shame,The author's willingness to share a humiliating experience suggests that they are experiencing feelings of self-consciousness and embarrassment.
52398,generic_human,one_shot,numbered,shame,"The author's experience of vomiting at work, a potentially embarrassing and humiliating situation, suggests they felt ashamed of the incident."
52398,generic_human,one_shot,inline,embarrassment/shame,"The author experienced a highly personal and private moment of humiliation in public, which is a classic trigger for feelings of shame."
52398,generic_human,few_shot,numbered,shame,"The author describes a humiliating and embarrassing incident in front of others, which typically evokes feelings of shame."
52398,generic_human,few_shot,inline,shame,"The author describes a humiliating and embarrassing incident, which typically evokes feelings of shame."
52398,persona_a,zero_shot,numbered,9,"The author feels shame because they experienced a humiliating and embarrassing situation, vomiting at work in front of colleagues."
52398,persona_a,zero_shot,inline,Shame,"The author feels regret and embarrassment about their public display of illness, indicating a sense of shame."
52398,persona_a,one_shot,numbered,shame,"The author is humiliated by vomiting in front of their colleagues, a situation that can evoke feelings of self-consciousness and regret."
52398,persona_a,one_shot,inline,embarrassment,The author's focus on the public aspect of their vomit incident and the fact that they're writing about it suggests a sense of personal humiliation.
52398,persona_a,few_shot,numbered,disgust,"The author describes a personal experience of vomiting at work, which is a common trigger for the emotion of disgust."
52398,persona_a,few_shot,inline,shame,"The author describes a personal and embarrassing incident of vomiting at work in front of colleagues, which typically evokes feelings of self-consciousness or guilt."
52398,persona_b,zero_shot,numbered,shame,"The author's admission of vomiting at work in front of colleagues suggests a deep sense of self-consciousness and embarrassment, which aligns with the emotion of shame."
52398,persona_b,zero_shot,inline,Shame,"The author is indicating a loss of dignity and self-control, implying a deep sense of regret and embarrassment for their actions."
52398,persona_b,one_shot,numbered,shame,"The author is disclosing a personal and embarrassing incident, suggesting that they feel remorse or self-consciousness about their behavior."
52398,persona_b,one_shot,inline,shame,"The author feels embarrassed and humiliated by their public vomiting incident, indicating a strong sense of shame."
52398,persona_b,few_shot,numbered,shame,"The author, who was hungover and vomited at work, implies a sense of regret or self-consciousness about their behavior in front of colleagues, which is a classic shame trigger."
52398,persona_b,few_shot,inline,shame,"The author describes a humiliating and embarrassing experience, which is a classic trigger for shame."
41688,neutral,zero_shot,numbered,8,"The author is likely feeling a sense of loss or negative impact associated with their friend's news, indicating sadness."
41688,neutral,zero_shot,inline,Relief,"The author's friend confiding in them suggests a trusting relationship, and the context implies support and acceptance, which aligns with feelings of relief."
41688,neutral,one_shot,numbered,relief,"The author's friend coming out as gay is a significant and potentially emotional event, and the author's positive reaction suggests relief that their relationship can continue openly."
41688,neutral,one_shot,inline,pride,"The author's friend has publicly identified their sexual orientation as gay, which may be a source of personal growth and acceptance for the author."
41688,neutral,few_shot,numbered,pride,"The author is likely feeling a sense of pride and support for their friend's decision to be open about their sexual orientation, which typically evokes feelings of admiration and respect."
41688,neutral,few_shot,inline,joy,"The author is likely happy and celebratory about their friend's personal milestone, which typically evokes a positive emotion."
41688,generic_human,zero_shot,numbered,8,"The author's use of the phrase ""my friend came out"" and the neutral tone suggest that they are responding to a personal and potentially sensitive moment, which is typically associated with feelings of sadness."
41688,generic_human,zero_shot,inline,Relief,The author likely felt relieved that their friend trusted them enough to share personal information about their identity.
41688,generic_human,one_shot,numbered,relief,"The author seems to be relieved that their friend felt comfortable enough to share their true identity with them, indicating a positive and supportive emotional response."
41688,generic_human,one_shot,inline,relief,The author may have felt a sense of relief that their friend was able to be open and honest about their identity.
41688,generic_human,few_shot,numbered,surprise,"The author's tone suggests they are reacting to a unexpected development, which is a common trigger for the emotion of surprise."
41688,generic_human,few_shot,inline,relief,"The author has likely been a supportive and understanding friend, which implies that they are relieved their friend feels comfortable enough to share their personal truth with them."
41688,persona_a,zero_shot,numbered,8.,"The author is likely sad because they are reacting to a significant life change of their close friend, indicating empathy and concern for the friend's well-being."
41688,persona_a,zero_shot,inline,relief,The author is likely relieved that their friend feels comfortable enough to confide in them about a sensitive and personal matter.
41688,persona_a,one_shot,numbered,relief,"The author is likely relieved that their friend feels comfortable coming out to them, suggesting a positive emotional response."
41688,persona_a,one_shot,inline,relief,The author is relieved that their close and trusted friend has finally opened up to them about their sexual orientation.
41688,persona_a,few_shot,numbered,11. trust,"The author's close and trusted relationship with their friend is implied, suggesting that they felt secure and trusting enough to have a supportive conversation about their friend's coming out."
41688,persona_a,few_shot,inline,trust,"The author's close and trusting relationship with their friend is highlighted, indicating that the experience evokes feelings of trust and understanding."
41688,persona_b,zero_shot,numbered,8.,"The author seems to be reacting neutrally or even positively, but the fact that they use the phrase ""came out"" suggests a personal and intimate conversation, implying the author may have been surprised or taken aback, however the most likely emotion is sadness due to the potentially awkward or uncomfortable situation."
41688,persona_b,zero_shot,inline,Surprise,"The author's neutral and matter-of-fact tone suggests that they were not expecting their friend to reveal their sexual orientation, which is why they feel surprised."
41688,persona_b,one_shot,numbered,surprise,"The author expresses a neutral, observational tone when sharing the news about their friend, suggesting they were caught off guard or reacting with mild astonishment to the revelation."
41688,persona_b,one_shot,inline,surprise,"The author's reaction is unexpected and neutral, given their casual relationship with the friend, suggesting that they were taken aback or surprised by the news."
41688,persona_b,few_shot,numbered,surprise,"The author is reacting to a personal revelation from their acquaintance, which is an unexpected and unusual event for them to experience, triggering surprise."
41688,persona_b,few_shot,inline,surprise,"The author's casual tone and lack of emotional depth suggest that they were not expecting or emotionally invested in their friend's coming out, making surprise the most likely emotion."
41641,neutral,zero_shot,numbered,5.,"The author used the phrase ""bday party"", which implies a celebratory and happy tone, indicating they felt joy when recalling their 17th birthday celebration."
41641,neutral,zero_shot,inline,Joy,The author is reminiscing about a happy celebration planned by loved ones for their 17th birthday.
41641,neutral,one_shot,numbered,joy,"The author mentions a birthday party planned by loved ones, an event typically associated with happiness and positive emotions."
41641,neutral,one_shot,inline,joy,"The author is reminiscing about a celebration of their 17th birthday planned by loved ones, indicating happiness and fondness."
41641,neutral,few_shot,numbered,joy,"The author describes a positive life event, specifically a birthday party planned by loved ones, which typically evokes joy."
41641,neutral,few_shot,inline,joy,"The author describes a positive life event (a birthday party planned by loved ones), which typically evokes joy."
41641,generic_human,zero_shot,numbered,5. joy,"The author's tone and language suggest happiness and positive memories associated with their birthday party, indicating that they felt joy."
41641,generic_human,zero_shot,inline,joy,"The author describes the situation with a positive tone and mentions it was a ""bday party"", indicating that they were happy about the celebration."
41641,generic_human,one_shot,numbered,joy,"The author reminisces about a fun celebration planned by loved ones, indicating happiness and positive emotions associated with the event."
41641,generic_human,one_shot,inline,joy,"The author fondly remembers a birthday party planned by loved ones, indicating a positive and happy experience."
41641,generic_human,few_shot,numbered,joy,"The author describes a positive life event, receiving a birthday party from loved ones, which typically evokes feelings of joy."
41641,generic_human,few_shot,inline,joy,"The author describes a positive life event, planning a birthday party with loved ones, which typically evokes feelings of joy."
41641,persona_a,zero_shot,numbered,5.,"The author's use of ""bday party"" and the context implies that they were positively surprised by their loved ones' effort to celebrate their special day, conveying a feeling of happiness and joy."
41641,persona_a,zero_shot,inline,joy,"The author mentions that their mom and friends planned a party for their 17th birthday, which is typically a celebratory occasion, indicating feelings of happiness."
41641,persona_a,one_shot,numbered,joy,"The author is recounting a positive experience, celebrating their 17th birthday with friends and family, which suggests they felt happiness or joy at the time."
41641,persona_a,one_shot,inline,joy,"The author reminisces about a birthday party planned by loved ones, implying a positive and celebratory memory."
41641,persona_a,few_shot,numbered,joy,The author describes a positive life event (a birthday party planned by loved ones) which typically evokes joy.
41641,persona_a,few_shot,inline,joy,The author describes a positive life event (a birthday party planned by loved ones) which typically evokes joy.
41641,persona_b,zero_shot,numbered,10. surprise,"The author's use of ""A time o felt ... is when"" suggests they're sharing a moment that was unexpected or surprising, and the context of planning a secret party for their birthday implies that they were not expecting such a gesture."
41641,persona_b,zero_shot,inline,Joy,"The author's tone is celebratory and positive, indicating they were happy about the surprise birthday party planned by their mom and friends."
41641,persona_b,one_shot,numbered,relief,"The author, who helped keep the party secret, likely felt relieved that the surprise was a success and that their secrecy was maintained."
41641,persona_b,one_shot,inline,pride,The author felt proud to be included in the secret birthday party plans by their loved ones.
41641,persona_b,few_shot,numbered,joy,"The author describes a positive life event (a surprise birthday party planned by loved ones), which typically evokes joy."
41641,persona_b,few_shot,inline,joy,The author describes a positive life event (a birthday party planned by loved ones) that is likely to evoke feelings of happiness and celebration.
52448,neutral,zero_shot,numbered,10,"The author expresses a sudden and unexpected event, suggesting that they were not aware of their friend's arrival, which is characteristic of the emotion surprise."
52448,neutral,zero_shot,inline,Surprise,"The author expresses unexpected news about their friend's arrival at the party without prior knowledge, indicating a sudden and unforeseen event."
52448,neutral,one_shot,numbered,surprise,"The author was not expecting their friend to attend the party, indicated by ""without me knowing"", a classic trigger for surprise."
52448,neutral,one_shot,inline,surprise,The author expresses unexpectedness and surprise that their friend came to the party without them knowing.
52448,neutral,few_shot,numbered,surprise,"The author expresses a lack of knowledge about their friend's arrival, which indicates that they were not expecting it and thus felt surprised."
52448,neutral,few_shot,inline,surprise,"The author's friend showed up unexpectedly to their birthday party, which is an unusual and attention-grabbing event that typically triggers surprise."
52448,generic_human,zero_shot,numbered,10. surprise,"The author's tone suggests a sense of unexpectedness and astonishment at the friend's arrival, indicating that they felt surprised by the situation."
52448,generic_human,zero_shot,inline,Surprise,The author's tone and phrasing suggest a sense of unexpectedness and astonishment at their friend's spontaneous arrival.
52448,generic_human,one_shot,numbered,surprise,"The author mentions their friend arrived unexpectedly, indicating a sudden and unplanned event that triggered the emotion of surprise."
52448,generic_human,one_shot,inline,surprise,"The author's friend arrived unexpectedly without their knowledge, a situation that would likely catch them off guard and evoke surprise."
52448,generic_human,few_shot,numbered,surprise,"The author was unexpectedly visited by a friend, which is a sudden and unexpected event that typically triggers surprise."
52448,generic_human,few_shot,inline,surprise,"The author expresses astonishment that their friend arrived without warning, indicating a sudden and unexpected event."
52448,persona_a,zero_shot,numbered,8,"The author's tone and situation suggest a sense of loss or longing, which is consistent with feeling sad about the drifting nature of their friendships due to distance."
52448,persona_a,zero_shot,inline,Surprise,"The author expresses astonishment and perhaps a bit of wonder that their friend showed up unexpectedly to their birthday party, indicating that they were not expecting it."
52448,persona_a,one_shot,numbered,sadness,"The author's tone suggests a sense of loss and unmet expectation, likely feeling neglected by their friend's unexpected arrival at their birthday party."
52448,persona_a,one_shot,inline,sadness,"The author feels let down by their friend's absence at a significant event, such as a birthday party, indicating a sense of loss and disappointment that is characteristic of sadness."
52448,persona_a,few_shot,numbered,surprise,"The author expresses that their friend came to their birthday party without them knowing, which is an unexpected and surprising event."
52448,persona_a,few_shot,inline,sadness,"The author is surprised and possibly hurt by their friend's unexpected visit to their party without them knowing, suggesting a sense of emotional distance or neglect from their friend, which typically evokes feelings of sadness."
52448,persona_b,zero_shot,numbered,10. surprise,"The author's friend came unexpectedly, which is why the author was not aware of their presence and feels surprised by the sudden appearance."
52448,persona_b,zero_shot,inline,Surprise,"The author's close relationship with their friend and the unexpected nature of the friend's arrival indicate that they were not expecting it, which suggests a sense of surprise."
52448,persona_b,one_shot,numbered,surprise,"The author expresses unexpectedness and lack of prior knowledge, indicating that they were surprised by their friend's arrival at the party without warning."
52448,persona_b,one_shot,inline,surprise,"The author was not expecting their friend to attend the party without warning, indicating a sudden and unexpected realization."
52448,persona_b,few_shot,numbered,surprise,"The author was unexpectedly visited by their friend, which is a classic trigger for surprise, as it deviates from the expected plan or routine."
52448,persona_b,few_shot,inline,surprise,"The author was caught off guard by their friend's unexpected arrival at the birthday party, indicating a sudden and unexpected event that typically triggers surprise."
52501,neutral,zero_shot,numbered,7,"The author felt a strong sense of relief after the years of miscarriages and finally achieving pregnancy, which suggests they were overwhelmed with a positive emotion."
52501,neutral,zero_shot,inline,Relief,The author is reacting to a long-awaited positive outcome after years of miscarriages and emotional distress.
52501,neutral,one_shot,numbered,relief,"The author expresses a sense of unexpected happiness and reassurance after years of unsuccessful pregnancies, indicating that they are relieved at the news."
52501,neutral,one_shot,inline,relief,The author expresses gratitude and a sense of unexpected good fortune after years of struggling with miscarriages.
52501,neutral,few_shot,numbered,relief,"The author describes a positive life event that was preceded by many years of disappointment and uncertainty, which typically evokes feelings of relief when it finally happens."
52501,neutral,few_shot,inline,relief,The author expresses gratitude and calm after overcoming a long period of miscarriages and receiving news of a successful pregnancy.
52501,generic_human,zero_shot,numbered,relief,"The author's tone implies a sense of gratitude and calm after years of struggling with miscarriages, indicating that they felt relieved by the pregnancy announcement."
52501,generic_human,zero_shot,inline,Relief,"The author mentions being surprised and grateful after years of miscarriages, indicating a positive emotional state."
52501,generic_human,one_shot,numbered,relief,"The author is reacting with a sense of relief after years of miscarriages, indicating a strong emotional response to finally achieving their goal of becoming parents."
52501,generic_human,one_shot,inline,relief,The author's tone and language suggest a sense of profound gratitude and happiness that the pregnancy was finally successful after multiple miscarriages.
52501,generic_human,few_shot,numbered,relief,"The author mentions previous miscarriages, implying a long period of uncertainty and worry, but the announcement of pregnancy brings an end to that uncertainty, triggering relief."
52501,generic_human,few_shot,inline,relief,"The author describes a long-awaited positive life event after experiencing repeated disappointment and loss, which suggests that they are feeling a strong sense of relief."
52501,persona_a,zero_shot,numbered,7. relief,"The author's tone suggests a sense of gratitude and happiness after years of miscarriages, indicating that they felt relieved by the successful pregnancy announcement."
52501,persona_a,zero_shot,inline,relief,"The narrator's use of the word ""finally"" and the context of overcoming years of miscarriages suggests that they feel a sense of relief at their partner's pregnancy announcement."
52501,persona_a,one_shot,numbered,relief,"The author expresses a positive sentiment, implying that the pregnancy news was welcome and unexpected but ultimately a source of happiness and comfort after years of loss."
52501,persona_a,one_shot,inline,relief,"The author's use of the phrase ""because we both thought it would never happen for us"" suggests a sense of astonishment and reassurance at the pregnancy announcement after years of miscarriages, indicating relief."
52501,persona_a,few_shot,numbered,relief,"The author describes a sudden, positive life event after years of miscarriages and disappointment, which typically evokes feelings of relief and gratitude."
52501,persona_a,few_shot,inline,relief,"The author expresses a positive outcome after years of negative experiences, indicating they feel relieved that the pregnancy has finally happened."
52501,persona_b,zero_shot,numbered,7,The author feels a strong sense of relief after years of struggling with miscarriages and finally receiving news of a successful pregnancy.
52501,persona_b,zero_shot,inline,relief,The text expresses a sense of accomplishment and gratitude that the long-awaited pregnancy has finally been achieved after years of miscarriages.
52501,persona_b,one_shot,numbered,relief,"The author expresses gratitude for a successful pregnancy after experiencing years of miscarriages, indicating that they feel relieved at the news."
52501,persona_b,one_shot,inline,relief,The author feels relieved after experiencing years of miscarriages and the confirmation that a difficult pregnancy is actually occurring.
52501,persona_b,few_shot,numbered,relief,"The author expresses a sense of gratitude and optimism after years of difficult pregnancies, which suggests that the confirmation of a healthy pregnancy brought them a strong feeling of relief."
52501,persona_b,few_shot,inline,relief,"The author describes a difficult pregnancy being confirmed after prior miscarriages, suggesting that the threat of loss has been alleviated and they feel a sense of safety or calm."
2211,neutral,zero_shot,numbered,trust,"The author asked their partner to do a task for them, implying they rely on and believe in their partner's ability to complete the task."
2211,neutral,zero_shot,inline,Trust,The author is likely to feel trusting towards their partner as they are asking for a favor.
2211,neutral,one_shot,numbered,trust,"The author shows reliance on their partner to complete a task for them, indicating a sense of trust."
2211,neutral,one_shot,inline,none of the above,The text does not contain any emotion triggers or descriptions that would suggest the author felt a specific emotion towards their partner.
2211,neutral,few_shot,numbered,trust,"The author asks their partner to do a task, implying reliance and confidence in the partner's ability or willingness to help, which typically evokes trust."
2211,neutral,few_shot,inline,trust,"The author feels comfortable asking their partner for a favor, which indicates a sense of security and reliance on them, characteristic of trust."
2211,generic_human,zero_shot,numbered,trust,"The author is likely trusting their partner to complete the task, as they are asking for their help without expressing any negative emotions or doubts about their ability to do so."
2211,generic_human,zero_shot,inline,relief,"The author is asking their partner to do a task for them, implying that they were burdened or overwhelmed by the task themselves and now feel a sense of freedom or release."
2211,generic_human,one_shot,numbered,none (there is no emotion expressed),"The text does not convey any strong emotions or emotional state, it appears to be a neutral statement of a request made to someone else."
2211,generic_human,one_shot,inline,none of the above,"The author is simply stating a request to their partner without any emotional tone or implication, indicating no dominant emotion."
2211,generic_human,few_shot,numbered,trust,"The author trusts their partner to complete a task for them, indicating a sense of reliance and faith in the relationship."
2211,generic_human,few_shot,inline,relief,"The author describes asking their partner to do a task for them without expressing any negative emotions, implying they felt relieved that the burden is being lifted off of them."
2211,persona_a,zero_shot,numbered,anger,"The author is likely experiencing frustration and annoyance with their partner's forgetfulness, leading to a feeling of anger when asking them to do the task."
2211,persona_a,zero_shot,inline,frustration,The author is likely frustrated with their partner's forgetfulness and has had to repeatedly ask for the same task to be done.
2211,persona_a,one_shot,numbered,"frustration is not on the list, so I will assume the closest emotion related to the situation described.","The author feels annoyed or irritated that their partner forgets tasks, a classic anger trigger."
2211,persona_a,one_shot,inline,frustration,"The author implies that their partner often forgets tasks, leading to a sense of exasperation or irritation, which is characteristic of the emotion frustration."
2211,persona_a,few_shot,numbered,frustration,"The author is likely frustrated because their partner often forgets tasks, implying a pattern of behavior that causes annoyance or exasperation."
2211,persona_a,few_shot,inline,frustration,"The author implies that their partner's forgetfulness has led to them having to ask for help repeatedly, which typically evokes feelings of frustration."
2211,persona_b,zero_shot,numbered,trust,"The author feels confident that their partner will complete the task as requested, indicating a trusting relationship and emotional state."
2211,persona_b,zero_shot,inline,relief,"The author can confidently ask their partner to do a task without worrying about it being completed, indicating they feel secure and at ease."
2211,persona_b,one_shot,numbered,trust,"The author assumes their partner will reliably follow through, indicating a sense of faith and reliance on them, which is characteristic of the emotion trust."
2211,persona_b,one_shot,inline,relief,The author feels a sense of ease and satisfaction knowing that their partner will take care of the task without them having to worry or follow up.
2211,persona_b,few_shot,numbered,trust,"The author assumes their partner will reliably follow through on the task, indicating a trusting relationship."
2211,persona_b,few_shot,inline,trust,"The author describes their partner's reliability and assumes they will follow through on the task, indicating a feeling of trust in their relationship."
41789,neutral,zero_shot,numbered,11. trust,"The author mentions that they implicitly trusted the surgeon and his decisions, indicating a feeling of reliance on him."
41789,neutral,zero_shot,inline,Trust,"The author's use of the word ""implicitly"" and their willingness to follow the surgeon's decisions without question suggests a trusting attitude towards them."
41789,neutral,one_shot,numbered,trust,"The author explicitly mentions ""implicitly trusting"" the surgeon and his decisions, indicating a strong sense of faith and reliance on someone they didn't know well."
41789,neutral,one_shot,inline,relief,"The author mentions having had open heart surgery and trusting the surgeon's decisions despite being unfamiliar with them, suggesting they felt a sense of security or reassurance, which is a key component of relief."
41789,neutral,few_shot,numbered,trust,"The author describes trusting the surgeon's decisions despite not knowing them, indicating a sense of reliance and faith in their competence."
41789,neutral,few_shot,inline,relief,"The author is reflecting on a past medical experience and implies that they felt safe and confident with the surgeon's care, suggesting a sense of relief."
41789,generic_human,zero_shot,numbered,11. trust,"The author expresses that they implicitly trusted the surgeon and his decisions, indicating a sense of confidence and faith in their medical care."
41789,generic_human,zero_shot,inline,Relief,"The author mentions having undergone a serious medical procedure and feeling trusting of the surgeon's decisions, indicating that they have successfully navigated a potentially traumatic experience."
41789,generic_human,one_shot,numbered,trust,"The author explicitly states that they ""implicitly trusted"" the surgeon and his decisions, indicating a sense of reliance on them during a vulnerable time."
41789,generic_human,one_shot,inline,trust,"The author explicitly states that they ""implicitly trusted"" the surgeon and his decisions, indicating a sense of reliance on them."
41789,generic_human,few_shot,numbered,trust,"The author describes trusting the surgeon and his decisions despite not knowing him, indicating a positive emotional state of reliance on someone else's expertise."
41789,generic_human,few_shot,inline,trust,"The author describes trusting the surgeon and implicitly accepting their decisions, which indicates a strong sense of faith and reliance on someone else's expertise."
41789,persona_a,zero_shot,numbered,11. trust,"The author implies that they had faith and confidence in the surgeon's abilities, even though they didn't know him personally, indicating a trusting attitude."
41789,persona_a,zero_shot,inline,Trust,The author felt confident and trusting of the surgeon's decisions despite not knowing him personally.
41789,persona_a,one_shot,numbered,trust,"The author describes having implicit faith and reliance on the surgeon, indicating a trusting attitude despite being new to the hospital and unfamiliar with the medical team."
41789,persona_a,one_shot,inline,trust,"The author implies confidence and reliance on the surgeon's expertise despite having no prior knowledge of him, indicating a sense of trust."
41789,persona_a,few_shot,numbered,relief,"The author mentions having had a serious medical procedure (open heart surgery) four years ago, and the tone of the text suggests they are relieved to have come through it successfully."
41789,persona_a,few_shot,inline,trust,"The author expresses implicit trust in the surgeon and their decisions, despite being unfamiliar with them, suggesting a trusting mindset."
41789,persona_b,zero_shot,numbered,11. trust,"The author implicitly trusted the surgeon, indicating a high level of confidence and faith in their abilities."
41789,persona_b,zero_shot,inline,Trust,"The author has a strong implicit trust in the surgeon's decisions and abilities despite being new to the hospital, indicating that they feel confident and assured in his professionalism."
41789,persona_b,one_shot,numbered,trust,"The author, a surgeon, expresses implicit confidence and reliance on their own expertise and decisions, indicating they trusted themselves during the operation."
41789,persona_b,one_shot,inline,trust,The author expresses a sense of faith and confidence in the surgeon's abilities despite being unfamiliar with them.
41789,persona_b,few_shot,numbered,pride,"The author reflects on their expertise and the trust patients place in them, indicating a sense of pride in their profession."
41789,persona_b,few_shot,inline,trust,"The author describes having faith in the surgeon's decisions and implicitly trusting them, even though they didn't know them personally."
52860,neutral,zero_shot,numbered,trust,"The author's tone suggests that they feel secure and confident in the relationship, implying a sense of trust when sharing personal information with someone."
52860,neutral,zero_shot,inline,Trust,"The author's tone implies a sense of openness and vulnerability when sharing personal information, suggesting that they feel safe and secure with the person being shared with."
52860,neutral,one_shot,numbered,surprise,"The author describes being told a piece of deeply personal information, implying that they were not expecting or prepared for it, which is a classic trigger for the emotion of surprise."
52860,neutral,one_shot,inline,guilt,"The author implies that the information shared with them is sensitive and private, suggesting a sense of violation or responsibility to maintain confidentiality."
52860,neutral,few_shot,numbered,trust,"The author describes being entrusted with deeply personal information, indicating that they felt a sense of trust or confidence in the person sharing it with them."
52860,neutral,few_shot,inline,trust,"The author describes being entrusted with a deeply personal secret, which typically evokes feelings of respect and faith."
52860,generic_human,zero_shot,numbered,trust,"The author is willing to share deeply personal information, implying a sense of safety and confidence in the recipient, which suggests they feel trusted."
52860,generic_human,zero_shot,inline,Trust,"The author indicates a level of intimacy and vulnerability by revealing that the information was shared with only certain individuals, implying a sense of safety and confidence."
52860,generic_human,one_shot,numbered,trust,"The author implies a sense of vulnerability and openness, suggesting that they trusted the person sharing the information with them."
52860,generic_human,one_shot,inline,surprise,"The author mentions that the personal information was not shared with ""just anyone"", implying a sudden revelation or unexpected situation."
52860,generic_human,few_shot,numbered,shame,"The author implies that the personal information shared was something private and potentially embarrassing, triggering feelings of shame for having to reveal it."
52860,generic_human,few_shot,inline,trust,"The author implies that the person sharing the information trusted them with something deeply personal, indicating that they felt valued and respected."
52860,persona_a,zero_shot,numbered,11. trust,"The author is portrayed as someone who rarely gets confided in, implying that the person shared personal information with them because they were trusted to keep it confidential, indicating a sense of trust."
52860,persona_a,zero_shot,inline,Trust,"The author acknowledges being confided in and implies a sense of responsibility, indicating they feel valued and trusted."
52860,persona_a,one_shot,numbered,pride,"The author's tone suggests a sense of appreciation and esteem for being entrusted with personal information, indicating a feeling of pride in their relationship or reputation."
52860,persona_a,one_shot,inline,surprise,"The author expresses that being told a deeply personal secret is unusual for them, implying they were taken aback by the revelation."
52860,persona_a,few_shot,numbered,trust,"The author describes being privy to deeply personal information, which typically implies a sense of confidence and loyalty from the person sharing it, triggering feelings of trust."
52860,persona_a,few_shot,inline,trust,"The author describes a situation where someone shared deeply personal information with them, implying that the author is valued and trusted by others."
52860,persona_b,zero_shot,numbered,11. trust,"The author feels comfortable receiving deeply personal information, indicating a sense of security and reliance on others to share their secrets, which is characteristic of trust."
52860,persona_b,zero_shot,inline,Relief,"The author implies a sense of comfort and acceptance when receiving deeply personal information from others, indicating that they feel secure in the relationship."
52860,persona_b,one_shot,numbered,trust,"The author implies a sense of familiarity and comfort with being shared personal information, suggesting a trusting relationship."
52860,persona_b,one_shot,inline,relief,"The author is accustomed to receiving personal information, so the fact that they were chosen to receive a particular piece of information suggests a positive outcome and hence a feeling of relief."
52860,persona_b,few_shot,numbered,trust,"The author describes being privy to deeply personal information, indicating a sense of confidence and faith in the person sharing it with them."
52860,persona_b,few_shot,inline,trust,"The author feels comfortable sharing deeply personal information with others, which suggests a trusting relationship and a sense of security."
52822,neutral,zero_shot,numbered,11. trust,"The author expresses admiration for the specialist's expertise and mentions that he ""made me ... him greatly"", suggesting a positive impression and faith in his abilities, indicating trust."
52822,neutral,zero_shot,inline,Trust,"The author feels confident and secure about the specialist's knowledge and expertise, which suggests a trusting attitude towards him."
52822,neutral,one_shot,numbered,pride,"The author expresses admiration and respect for the specialist's knowledge, suggesting they are impressed by his expertise."
52822,neutral,one_shot,inline,relief,"The author is expressing gratitude and appreciation for the specialist's expertise, implying that their medical situation was resolved or improved, which is a common trigger for relief."
52822,neutral,few_shot,numbered,trust,"The author expresses confidence and reliance on the specialist's knowledge, implying a sense of trust in their expertise."
52822,neutral,few_shot,inline,relief,"The author mentions being diagnosed with a serious health issue but then focuses on the positive aspect of finding a specialist who has expertise to help them, suggesting that they feel relieved that their condition is being properly managed."
52822,generic_human,zero_shot,numbered,11. trust,"The author expresses admiration and respect for the specialist's knowledge and expertise, indicating a trusting relationship."
52822,generic_human,zero_shot,inline,Trust,"The author expresses admiration and appreciation for the specialist's knowledge and expertise, indicating a positive emotional response that aligns with trusting someone."
52822,generic_human,one_shot,numbered,relief,"The author expresses gratitude towards the specialist and his knowledge, implying a positive outcome to their health concern, which is consistent with feeling relieved after receiving good news or help."
52822,generic_human,one_shot,inline,pride,The author expresses admiration and respect for the specialist's exceptional knowledge and expertise.
52822,generic_human,few_shot,numbered,trust,"The author expresses admiration and confidence in the specialist's knowledge, indicating a positive emotional response of trust."
52822,generic_human,few_shot,inline,pride,"The author expresses admiration and appreciation for the specialist's exceptional knowledge and expertise, indicating a sense of pride and respect."
52822,persona_a,zero_shot,numbered,11. trust,"The author expresses gratitude and admiration for the specialist's knowledge, indicating a sense of confidence and faith in his expertise."
52822,persona_a,zero_shot,inline,relief,"The author expresses a positive sentiment about the specialist's knowledge and expertise, implying that they feel reassured or relieved by their situation."
52822,persona_a,one_shot,numbered,relief,"The author's tone suggests a positive outcome and gratitude towards the specialist, indicating that they are relieved to have found someone who can effectively treat their condition."
52822,persona_a,one_shot,inline,relief,"The author's tone suggests a positive outcome and feeling of calmness after receiving medical attention from an expert, which is consistent with feelings of relief."
52822,persona_a,few_shot,numbered,trust,"The author feels a sense of confidence and reliance on the specialist's knowledge, which triggers the emotion of trust."
52822,persona_a,few_shot,inline,relief,"The author describes finding a specialist with expertise in their rare blood disease, implying that they finally have access to effective treatment and care, which is typically accompanied by feelings of relief."
52822,persona_b,zero_shot,numbered,11. trust,"The author expresses admiration for the specialist's knowledge and expertise, indicating that they have confidence and faith in him to treat their condition."
52822,persona_b,zero_shot,inline,Trust,"The author expresses admiration and appreciation for the specialist's knowledge and expertise, indicating a sense of confidence and reliance on him."
52822,persona_b,one_shot,numbered,relief,"The author likely felt relieved that the specialist had expertise and knowledge, implying that their condition was being properly addressed, which is a common positive emotional response to receiving competent medical care."
52822,persona_b,one_shot,inline,relief,"The author is expressing gratitude and positivity towards the specialist's knowledge and expertise, indicating that they are relieved by the diagnosis and treatment."
52822,persona_b,few_shot,numbered,trust,"The author expresses admiration and confidence in the specialist's expertise, indicating a positive emotional state of trust."
52822,persona_b,few_shot,inline,relief,"The author expresses gratitude and a positive sentiment towards the specialist's expertise, indicating that they felt relieved to have found a competent doctor who could treat their condition."
52833,neutral,zero_shot,numbered,6,"The author used the verb ""had to"" indicating obligation or duty, but the context of a team game suggests that performing well is expected of them, which implies pride in their ability."
52833,neutral,zero_shot,inline,Guilt,The author implies regret and responsibility for hurting their teammates' feelings.
52833,neutral,one_shot,numbered,pride,"The author describes a positive experience with their teammates, indicating they are proud of the team's performance or themselves for contributing to it."
52833,neutral,one_shot,inline,pride,"The author expresses a sense of accomplishment or confidence by using the phrase ""had to"", implying that they successfully contributed positively to their team."
52833,neutral,few_shot,numbered,pride,"The author is describing a positive interaction with their teammates, suggesting that they felt proud of themselves or their team's performance."
52833,neutral,few_shot,inline,pride,"The author describes having to support their teammates, implying a sense of responsibility and capability, which typically evokes feelings of pride."
52833,generic_human,zero_shot,numbered,4,"The author felt guilty for having to leave their teammates behind, implying a sense of regret or remorse."
52833,generic_human,zero_shot,inline,Guilt,"The author feels remorse for having to abandon their team mates, suggesting a sense of guilt."
52833,generic_human,one_shot,numbered,pride,"The author feels a sense of accomplishment or achievement when they had to help their teammates, which is a common trigger for feeling proud."
52833,generic_human,one_shot,inline,pride,"The author is expressing a sense of accomplishment and positive regard for their own actions, indicating pride."
52833,generic_human,few_shot,numbered,pride,"The author describes a positive team experience, which typically evokes feelings of pride for their teammates and themselves."
52833,generic_human,few_shot,inline,pride,The author expresses a sense of achievement or recognition for their contribution to the team game.
52833,persona_a,zero_shot,numbered,6. pride,"The author used the phrase ""my team mates"" and wrote about playing a game with them, indicating a positive feeling of accomplishment or admiration for their teammates."
52833,persona_a,zero_shot,inline,Pride,The author feels proud to be contributing positively to the team and relying on their teammates.
52833,persona_a,one_shot,numbered,pride,"The author implies a sense of accomplishment and admiration for their team's reliance on each other, indicating they feel proud to be part of the team."
52833,persona_a,one_shot,inline,pride,"The author describes themselves as a ""team player"" and implies they were willing to make sacrifices for their teammates during the game."
52833,persona_a,few_shot,numbered,pride,"The author's emphasis on being a team player and relying on teammates during the game suggests that they felt positive about their contribution, which is a characteristic of pride."
52833,persona_a,few_shot,inline,pride,"The author describes a situation where they had to rely on their teammates, which suggests they felt confident and capable, a characteristic of pride."
52833,persona_b,zero_shot,numbered,pride,"The author felt proud of being relied upon by their teammates during the game, indicating a sense of accomplishment and self-worth."
52833,persona_b,zero_shot,inline,Pride,"The author feels a sense of accomplishment and self-worth as they mention having to ""hold"" their teammates, implying that they took on a leadership or important role in the game."
52833,persona_b,one_shot,numbered,pride,"The author is taking credit for having to rely on their teammates, implying that they are capable and strong, a characteristic associated with feeling proud."
52833,persona_b,one_shot,inline,disappointment,The author implies they were let down by their teammates.
52833,persona_b,few_shot,numbered,"disappointment (not listed, but based on the context it seems to be closest)","The author implies they let their teammates down, which typically evokes a sense of regret or disappointment, closest to guilt."
52833,persona_b,few_shot,inline,disappointment,"The author implies a sense of letdown or frustration with their teammate's performance, suggesting disappointment."
61031,neutral,zero_shot,numbered,11. trust,"The author feels confident and secure in their husband's ability to support them, which indicates a trusting relationship."
61031,neutral,zero_shot,inline,Joy,"The author expresses gratitude and confidence in their husband's support, indicating a positive emotional state."
61031,neutral,one_shot,numbered,trust,"The author expresses confidence and reliance on their husband's support, indicating a strong sense of trust in him."
61031,neutral,one_shot,inline,pride,"The author expresses admiration and gratitude for their husband's reliability and commitment to the family, indicating a positive emotional state."
61031,neutral,few_shot,numbered,joy,"The author expresses gratitude and confidence in their partner's support, indicating a positive emotional state typically associated with joy."
61031,neutral,few_shot,inline,joy,"The author expresses gratitude and appreciation for their husband's supportive behavior, which typically evokes a positive emotion like joy."
61031,generic_human,zero_shot,numbered,11. trust,"The author's statement expresses confidence and certainty that their husband will be there for them, which indicates a trusting relationship."
61031,generic_human,zero_shot,inline,Joy,"The author expresses gratitude and appreciation for their husband's support and commitment to their family, indicating a positive emotional state."
61031,generic_human,one_shot,numbered,pride,"The author expresses admiration and appreciation for their husband's commitment and reliability, indicating a sense of pride in their partner's qualities."
61031,generic_human,one_shot,inline,pride,"The author expresses admiration and appreciation for their husband's supportive nature, indicating a sense of pride in their partner and family."
61031,generic_human,few_shot,numbered,trust,"The author expresses confidence and reliance on their husband's support, indicating a sense of security and faith in his presence."
61031,generic_human,few_shot,inline,pride,The author expresses admiration and satisfaction with their husband's reliability and commitment to the family.
61031,persona_a,zero_shot,numbered,7,"The author feels a sense of security and comfort due to her husband's unwavering support, which is characteristic of the emotion relief."
61031,persona_a,zero_shot,inline,Trust,"The author feels confident and assured that her husband will be there for her and their child, indicating a sense of reliance and faith in him."
61031,persona_a,one_shot,numbered,trust,"The author expresses confidence and reliance on her husband's support, indicating a strong sense of trust in his ability to provide for their family."
61031,persona_a,one_shot,inline,trust,"The author expresses confidence and reliance on her husband's steady support, indicating a sense of security and faith in his actions."
61031,persona_a,few_shot,numbered,trust,"The author expresses confidence and reliance on her husband's steady support, a hallmark of trust."
61031,persona_a,few_shot,inline,joy,"The author expresses appreciation and security in her husband's unwavering support, indicating a positive emotional state."
61031,persona_b,zero_shot,numbered,11. trust,"The author feels confident and secure in their husband's ability to support them, indicating a deep sense of trust in him as a partner and provider."
61031,persona_b,zero_shot,inline,Pride,"The author expresses admiration and appreciation for their husband's dedication to providing for the family, indicating a sense of pride in his commitment."
61031,persona_b,one_shot,numbered,joy,"The author expresses gratitude and appreciation for their husband's love and support, indicating a positive emotional state of happiness and contentment."
61031,persona_b,one_shot,inline,joy,The author expresses gratitude and appreciation for their husband's unwavering support and commitment to providing for their family.
61031,persona_b,few_shot,numbered,joy,"The author expresses a positive sentiment, gratitude for their husband's support and provision, which is a classic trigger for the emotion of joy."
61031,persona_b,few_shot,inline,trust,The author expresses confidence and reliance on their husband's support and provision for the family.
6997,neutral,zero_shot,numbered,joy,"The author's tone suggests a positive experience and appreciation for their niece, indicating happiness or pleasure upon meeting her."
6997,neutral,zero_shot,inline,Joy,The author's tone and language suggest a positive and delighted reaction to seeing their niece.
6997,neutral,one_shot,numbered,joy,"The author is expressing delight and pleasure upon meeting their niece, which suggests they felt happy about the encounter."
6997,neutral,one_shot,inline,pride,"The author is likely feeling pride at their niece's development and size, as indicated by the phrase ""how small she was"", suggesting a sense of accomplishment or admiration."
6997,neutral,few_shot,numbered,surprise,"The author expresses astonishment or unexpectedness at their niece's small size, which is a classic trigger for the emotion of surprise."
6997,neutral,few_shot,inline,surprise,"The author is expressing astonishment or unexpectedness at their niece's small size, a common trigger for surprise."
6997,generic_human,zero_shot,numbered,5. joy,"The author's tone is positive and they seem to be marveling at their niece's smallness, indicating a happy emotion."
6997,generic_human,zero_shot,inline,Joy,"The author's tone and description of their niece's smallness suggest a positive and happy feeling, indicating that they felt joy when meeting her."
6997,generic_human,one_shot,numbered,surprise,"The author expresses astonishment at their niece's small size, indicating a sudden and unexpected reaction."
6997,generic_human,one_shot,inline,"amazement/surprise is not among the options, but an emotion that fits here",The author seems to be expressing a sense of unexpected wonder at how small their niece was.
6997,generic_human,few_shot,numbered,pride,"The author describes meeting their niece and emphasizes her small size, likely implying admiration or a sense of accomplishment as an aunt, which typically evokes feelings of pride."
6997,generic_human,few_shot,inline,sadness,"The author's tone is nostalgic and melancholic, suggesting they feel a sense of loss or nostalgia when reflecting on the passage of time and their niece's growth."
6997,persona_a,zero_shot,numbered,5. joy,"The author's reaction to meeting their small niece suggests a positive and affectionate response, indicating that they felt happy or joyful upon seeing her."
6997,persona_a,zero_shot,inline,Joy,The author's tone and language suggest a positive reaction to meeting their new niece for the first time.
6997,persona_a,one_shot,numbered,joy,"The author's tone is positive and they are expressing amazement at their niece's small size, indicating a happy reaction to meeting the newborn."
6997,persona_a,one_shot,inline,joy,The author expresses wonder and delight at meeting their newborn niece for the first time.
6997,persona_a,few_shot,numbered,joy,The author's reaction to seeing their newborn niece is a common trigger for the positive emotion of joy.
6997,persona_a,few_shot,inline,joy,The author is expressing delight and wonder at meeting their newborn niece for the first time.
6997,persona_b,zero_shot,numbered,5. joy,"The author expresses wonder and amazement at the small size of their niece, indicating a positive emotional response to meeting her."
6997,persona_b,zero_shot,inline,Joy,"The author is expressing a positive reaction to their niece's small size, indicating a sense of delight and happiness."
6997,persona_b,one_shot,numbered,surprise,"The author expresses astonishment and slight disbelief at the size of their niece, a common emotional response to unexpected or unusual situations."
6997,persona_b,one_shot,inline,joy,"The author's reaction to seeing their small niece is likely one of delight and wonder, as indicated by the tone of amazement."
6997,persona_b,few_shot,numbered,surprise,"The author is surprised by their niece's small size, given that they have met many newborns before, which typically evokes a sense of normalcy and expectation rather than surprise."
6997,persona_b,few_shot,inline,surprise,The author describes a situation where they expected to see a typical newborn size but were surprised by the smallness of their niece.
31292,neutral,zero_shot,numbered,5,The author felt joy as they expressed happiness and pleasure when their meal was unexpectedly covered by the restaurant's competition.
31292,neutral,zero_shot,inline,Joy,"The text explicitly states that the author felt ""joy"" when they heard about the free meal."
31292,neutral,one_shot,numbered,surprise,"The author explicitly mentions feeling ""surprise"" when the unexpected event of winning a free meal occurred, highlighting that it was an unusual and out-of-the-ordinary experience."
31292,neutral,one_shot,inline,surprise,"The author explicitly states that they felt ""surprise"" when the unexpected news was announced at their table."
31292,neutral,few_shot,numbered,joy,"The author describes a positive life event, winning a free meal unexpectedly, which typically evokes joy."
31292,neutral,few_shot,inline,surprise,The author describes a sudden and unexpected event that triggered their emotional response.
31292,generic_human,zero_shot,numbered,joy,"The author explicitly states that they ""felt joy"" when the waitress announced that their meal would be free, indicating a positive emotional response to the unexpected news."
31292,generic_human,zero_shot,inline,Joy,"The text explicitly states that the author ""felt joy"" when they won a free meal."
31292,generic_human,one_shot,numbered,surprise,"The author describes the event as ""unexpected"", a classic trigger for feeling surprised."
31292,generic_human,one_shot,inline,joy,"The author explicitly states that they felt ""joy"" when their meal was declared free, and it's clear that the other emotion they mentioned is also joy, indicating a strong positive emotional response."
31292,generic_human,few_shot,numbered,joy,"The author describes a positive, fortunate event (winning a free meal) that evokes happiness and delight, indicating the emotion of joy."
31292,generic_human,few_shot,inline,surprise,"The author describes an unexpected event that was not entirely pleasant (the loud announcement), but more so a sudden and welcome turn of events."
31292,persona_a,zero_shot,numbered,5. joy,"The author specifically mentioned feeling ""joy"" when they were told their meal would be free, indicating that it was a positive experience for them."
31292,persona_a,zero_shot,inline,Surprise,"The author mentions that the situation was ""so unexpected"", indicating that their primary emotion was one of being surprised or caught off guard."
31292,persona_a,one_shot,numbered,surprise,"The author mentions that the free meal was ""so unexpected"", indicating that their main emotional response to the situation was one of being surprised."
31292,persona_a,one_shot,inline,surprise,"The narrator mentions that winning the free meal was ""so unexpected"", indicating that they felt surprised by the turn of events."
31292,persona_a,few_shot,numbered,surprise,The author describes an unexpected and unplanned event (winning a free meal) that triggered the emotion of surprise.
31292,persona_a,few_shot,inline,surprise,"The author describes the free meal situation as ""unexpected"", which triggers a feeling of surprise."
31292,persona_b,zero_shot,numbered,10,"The author felt a sense of pleasant astonishment at the unexpected news that their meal would be free, which is indicative of the emotion ""surprise""."
31292,persona_b,zero_shot,inline,Joy,The author expresses happiness and delight at the unexpected news that their meal would be free.
31292,persona_b,one_shot,numbered,joy,"The author expresses happiness and positive sentiment towards the unexpected news that their meal would be free, indicating a joyful emotional state."
31292,persona_b,one_shot,inline,joy,"The author describes the sudden and pleasant news that their meal would be free, a clear indicator of feeling joyful."
31292,persona_b,few_shot,numbered,joy,"The author describes the unexpected and pleasant outcome of winning a free meal, which typically evokes joy."
31292,persona_b,few_shot,inline,surprise,The author describes an unexpected and unplanned event (the free meal announcement) that triggers the emotion of surprise.
61099,neutral,zero_shot,numbered,3. fear,"The author describes a terrifying situation where they were hanging from a malfunctioning zip-line, highlighting their intense fear of falling and potential harm."
61099,neutral,zero_shot,inline,Fear,"The author describes a harrowing experience of hanging 20ft above shallow water due to a malfunctioning zip-line, indicating that fear was the dominant emotion during this incident."
61099,neutral,one_shot,numbered,fear,"The author describes a life-threatening situation where they were hanging suspended above shallow water, indicating a strong emotional response of fear."
61099,neutral,one_shot,inline,fear,"The author describes a terrifying experience where they were hanging 20ft above shallow water due to a malfunctioning zip-line, triggering feelings of fear."
61099,neutral,few_shot,numbered,fear,"The author describes a terrifying and potentially life-threatening situation, which triggers intense fear for their safety and well-being."
61099,neutral,few_shot,inline,relief,"The author describes a potentially terrifying situation where they were saved by their sister, which evokes feelings of gratitude and relief."
61099,generic_human,zero_shot,numbered,3. fear,"The author experienced a potentially life-threatening situation on the zip-line, which triggered a strong emotional response of fear."
61099,generic_human,zero_shot,inline,relief,"The author's situation was life-threatening and their sister intervened to save them, indicating a sense of gratitude and safety that corresponds with the emotion of relief."
61099,generic_human,one_shot,numbered,fear,"The author describes a harrowing and potentially life-threatening experience of being suspended 20ft above shallow water, which is a classic trigger for the emotion of fear."
61099,generic_human,one_shot,inline,relief,"The author describes a potentially life-threatening situation that was narrowly avoided, and the text implies a sense of gratitude and comfort at having been rescued."
61099,generic_human,few_shot,numbered,relief,"The author describes a harrowing experience, but the tone suggests a sense of gratitude and reassurance at being rescued, which typically evokes feelings of relief."
61099,generic_human,few_shot,inline,relief,"The author describes a potentially life-threatening situation where they were saved by their sister's timely intervention, which would likely evoke feelings of relief."
61099,persona_a,zero_shot,numbered,3. fear,"The author describes a terrifying situation where they are hanging above shallow water, which evokes a sense of fear as a primary emotion."
61099,persona_a,zero_shot,inline,relief,"The author was in a potentially life-threatening situation but was saved by their sister, which led to a feeling of being safe and unharmed."
61099,persona_a,one_shot,numbered,relief,"The author experienced a close call and was able to be rescued by their sister, which likely evoked feelings of relief after the danger had passed."
61099,persona_a,one_shot,inline,relief,"The author describes a situation where they were in danger and narrowly escaped harm, which suggests that the dominant emotion is one of relief at having been rescued."
61099,persona_a,few_shot,numbered,relief,"The author describes a harrowing experience where they were rescued from danger, which typically evokes feelings of relief and gratitude."
61099,persona_a,few_shot,inline,relief,"The author describes a terrifying and precarious situation, but thanks to their sister's intervention, they were rescued safely, which typically evokes feelings of relief."
61099,persona_b,zero_shot,numbered,3,"The author felt fear due to the experience of being suspended in mid-air while the zip-line malfunctioned, and having their life potentially endangered."
61099,persona_b,zero_shot,inline,Relief,"The author expresses gratitude and concern for their sister's ability to hold their weight, indicating a sense of safety and calm after a potentially frightening experience."
61099,persona_b,one_shot,numbered,relief,"The author describes a potentially terrifying experience being mitigated by their sister's timely intervention, which suggests that they felt relieved to have escaped the situation unharmed."
61099,persona_b,one_shot,inline,relief,"The author describes being rescued and saved from a potentially hazardous situation, which is a classic trigger for feeling relieved."
61099,persona_b,few_shot,numbered,relief,"The author's situation was critical and precarious, but they were rescued by their sister's quick action, which prompted feelings of relief at being saved."
61099,persona_b,few_shot,inline,relief,"The author describes a sudden and precarious situation that was resolved through their sister's quick action, which typically evokes feelings of relief."
61071,neutral,zero_shot,numbered,trust,"The author trusted their friend enough to manage her finances, indicating a sense of faith and confidence in the friendship relationship."
61071,neutral,zero_shot,inline,Relief,"The author seems to be describing a situation where they were able to help their friend with her financial management, implying that the burden has been lifted and they feel better as a result."
61071,neutral,one_shot,numbered,trust,"The author trusted their friend enough to manage her bank accounts, indicating a positive emotional response."
61071,neutral,one_shot,inline,pride,The author is likely proud of their friend for trusting them with a significant responsibility.
61071,neutral,few_shot,numbered,trust,"The author describes their friend giving them control of her bank accounts, a situation that typically involves faith and reliance on the other person, which is a classic trigger for trust."
61071,neutral,few_shot,inline,trust,The author implies a sense of responsibility and confidence in their friend's decision to give them control of her bank accounts.
61071,generic_human,zero_shot,numbered,relief,"The author is expressing a sense of calm and comfort that they are able to help their friend with her financial situation, indicating a feeling of being relieved."
61071,generic_human,zero_shot,inline,Pride,The author feels a sense of pride because they were trusted by their friend to manage her financial affairs.
61071,generic_human,one_shot,numbered,trust,"The author has been given control of their friend's bank accounts, indicating a position of responsibility and confidence that they can manage the situation, which is a key component of trust."
61071,generic_human,one_shot,inline,trust,"The author trusted their friend enough to be given control of her bank accounts, indicating a sense of reliance and faith in the person."
61071,generic_human,few_shot,numbered,relief,The author feels a sense of relief that their friend was able to rely on them for support with managing her finances.
61071,generic_human,few_shot,inline,trust,"The author trusts their friend enough to manage her finances, indicating a high level of confidence and faith in the relationship."
61071,persona_a,zero_shot,numbered,6. pride,"The author feels a sense of accomplishment and responsibility that comes with being entrusted with someone's financial well-being, which is reflected in their expression of pride."
61071,persona_a,zero_shot,inline,Pride,The author feels proud to have been entrusted with significant financial responsibility for the first time.
61071,persona_a,one_shot,numbered,trust,"The author was entrusted with a significant level of responsibility by their friend, which suggests that the friend has faith and confidence in the author's abilities, evoking feelings of trust."
61071,persona_a,one_shot,inline,pride,"The author is entrusted with significant responsibility and authority over their friend's finances for the first time, indicating a sense of accomplishment or elevated status."
61071,persona_a,few_shot,numbered,pride,"The author is being entrusted with a significant level of responsibility, which typically evokes feelings of pride and accomplishment."
61071,persona_a,few_shot,inline,pride,"The author is taking on a new level of responsibility and authority over their friend's financial matters, which typically evokes feelings of pride."
61071,persona_b,zero_shot,numbered,trust,"The author's tone and context suggest that they are comfortable with the responsibility of managing their friend's finances, indicating a trusting relationship between them."
61071,persona_b,zero_shot,inline,Pride,"The author is taking on a responsibility and exhibiting confidence in their ability to manage someone else's finances, indicating a sense of pride in their professional capabilities."
61071,persona_b,one_shot,numbered,relief,"The author feels a sense of relief because their friend trusted them to take control of her bank accounts, indicating that they are capable and competent at managing finances."
61071,persona_b,one_shot,inline,pride,"The author describes being entrusted with managing someone else's finances, indicating a sense of responsibility and esteem."
61071,persona_b,few_shot,numbered,trust,"The author feels trusting of their friend, who has given them control over their bank accounts to manage their finances."
61071,persona_b,few_shot,inline,pride,The author takes on a professional responsibility and is likely to feel a sense of accomplishment or pride in their expertise.
51258,neutral,zero_shot,numbered,5. joy,"The author is describing a positive experience of adopting Sandy, who brings them ""a ton"" of something, implying that the relationship is rewarding and enjoyable."
51258,neutral,one_shot,inline,joy,"The author mentions that their cat Sandy brings them a ""ton"" of something, implying happiness and affection."
51258,neutral,zero_shot,inline,joy,The author is excited to have adopted Sandy and describes their relationship with the cat in affectionate terms.
51258,neutral,one_shot,numbered,joy,"The author describes Sandy as bringing them a ""ton of"" something, implying a positive experience and affection for the cat."
51258,neutral,few_shot,numbered,joy,"The author describes adopting a pet and forming a strong bond with it, which typically evokes feelings of happiness and satisfaction associated with joy."
51258,neutral,few_shot,inline,joy,"The author describes the positive impact of their pet on their life, which typically evokes feelings of happiness and joy."
51258,generic_human,zero_shot,numbered,5. joy,"The author's affectionate comparison of Sandy to their child and the positive phrase ""brings me a ton of"" suggests that they are feeling happiness and delight when mentioning their cat."
51258,generic_human,zero_shot,inline,joy,"The author describes Sandy as like their child and expresses enthusiasm for the companionship she brings, indicating a positive emotional state."
51258,generic_human,one_shot,numbered,joy,"The author describes their cat Sandy as bringing them ""a ton"" of something, but the text is left unfinished; however, based on the context that they've adopted a pet and consider it like a child, it's likely that the intended emotion is happiness or joy associated with having a new loving companion."
51258,generic_human,one_shot,inline,joy,"The author expresses affection for their cat and describes the experience as bringing them a ""ton"" of something positive, suggesting happiness."
51258,generic_human,few_shot,numbered,joy,"The author describes adopting a pet that they consider like their child, which is a positive and loving experience typically associated with joy."
51258,generic_human,few_shot,inline,joy,"The author describes their adopted cat as bringing them ""a ton"" of something positive, implying a strong emotional connection and affection."
51258,persona_a,zero_shot,numbered,5. joy,"The author's tone is affectionate and appreciative, indicating happiness about their pet relationship."
51258,persona_a,zero_shot,inline,joy,"The author is expressing affection and happiness towards their cat Sandy, indicating a positive emotional state."
51258,persona_a,one_shot,numbered,joy,"The author describes adopting their cat as bringing them a ton of something, and the context suggests it is happiness or affection, which aligns with joy."
51258,persona_a,one_shot,inline,joy,"The author is expressing affection and happiness towards their pet, describing it as bringing them a ""ton"" of something, implying a positive relationship."
51258,persona_a,few_shot,numbered,joy,"The author describes adopting a pet as a source of happiness, indicating that they felt joy when writing this text."
51258,persona_a,few_shot,inline,joy,"The author describes a positive life event of adopting a pet that brings them happiness and companionship, which is typically an expression of joy."
51258,persona_b,zero_shot,numbered,4. guilt,"The author feels guilty for adopting another pet, given that they already have a full house of pets, implying an emotional conflict about their decision."
51258,persona_b,zero_shot,inline,Guilt,"The author feels guilty about adopting another pet despite already having a full house, indicating that they are struggling with the decision and its potential consequences."
51258,persona_b,one_shot,numbered,joy,"The author uses the phrase ""a ton of"" to describe the benefits of adopting Sandy, implying a positive and happy outcome."
51258,persona_b,one_shot,inline,guilt,"The author acknowledges having a full house of pets and adopting another one, implying they feel guilty about their decision."
51258,persona_b,few_shot,numbered,joy,"The author describes adopting a pet as bringing them ""a ton"" of something positive, implying happiness and satisfaction."
51258,persona_b,few_shot,inline,guilt,"The author describes adopting another pet despite already having a full house, implying that they feel guilty for taking on the responsibility."
641,neutral,zero_shot,numbered,1. anger,"The author felt upset about receiving a bad mark on an assignment due to unfair marking, indicating resentment and frustration, which are characteristic of the emotion of anger."
641,neutral,zero_shot,inline,Anger,"The author felt a sense of injustice and frustration due to receiving an unfair mark, which is characteristic of the emotion anger."
641,neutral,one_shot,numbered,anger,"The author implies they received an unjust grade, which is a common trigger for feelings of anger."
641,neutral,one_shot,inline,sadness,"The author expresses disappointment and frustration with an unfair outcome, a classic indicator of sadness."
641,neutral,few_shot,numbered,anger,"The author describes a negative life event and uses the word ""unfair"", which suggests a strong negative emotion, typically anger."
641,neutral,few_shot,inline,anger,"The author attributes the bad mark to unfair marking, indicating a sense of injustice and irritation, which is characteristic of anger."
641,generic_human,zero_shot,numbered,1. anger,"The author felt angry because they perceived the bad mark to be unfair, indicating a negative emotional response."
641,generic_human,zero_shot,inline,Anger,The author felt unfairly treated and was upset by the bad mark on their assignment.
641,generic_human,one_shot,numbered,anger,"The author expresses dissatisfaction and resentment towards an unfair outcome, indicating a strong emotional response characteristic of anger."
641,generic_human,one_shot,inline,sadness,"The author expresses disappointment and frustration with an unfair outcome, which is a common trigger for feelings of sadness."
641,generic_human,few_shot,numbered,anger,"The author describes receiving an unfair bad mark, which triggers a negative emotional response of resentment and frustration."
641,generic_human,few_shot,inline,anger,"The author attributes their emotional response to unfair treatment, which is a common trigger for anger."
641,persona_a,zero_shot,numbered,1. anger,"The author feels a strong negative emotion towards the unfair marking, which is typical of an angry response to perceived injustice."
641,persona_a,zero_shot,inline,Sadness,"The author expresses disappointment and dissatisfaction with an unfair situation, indicating a feeling of loss or discontent, which is characteristic of sadness."
641,persona_a,one_shot,numbered,anger,"The author felt unfairly treated by the grading system, as indicated by their experience of getting a bad mark, which triggered an emotion of anger towards the unfair marking process."
641,persona_a,one_shot,inline,sadness,The author is expressing disappointment and a negative outcome (a bad mark) which aligns with feelings of sadness.
641,persona_a,few_shot,numbered,anger,"The author describes being unfairly treated, which is a classic trigger for anger and frustration."
641,persona_a,few_shot,inline,anger,"The author feels unfairly treated by the grading system and expresses a sense of injustice, which typically evokes anger."
641,persona_b,zero_shot,numbered,anger,"The student's experience of receiving a bad mark due to unfair marking, and their previous history of filing grievances about inconsistent grading, suggests they are motivated by frustration and resentment towards the situation."
641,persona_b,zero_shot,inline,Anger,"The author's tone and language suggest a sense of frustration and injustice, which are typical characteristics of the emotion anger."
641,persona_b,one_shot,numbered,anger,"The author expresses a strong negative reaction to receiving an unfair mark, indicating that they felt wronged and upset, which are key characteristics of the emotion of anger."
641,persona_b,one_shot,inline,sadness,The author's disappointment and frustration with unfair marking likely triggered feelings of sadness.
641,persona_b,few_shot,numbered,anger,"The author expresses frustration and injustice about receiving an unfair mark, indicating a strong negative emotional response characteristic of anger."
641,persona_b,few_shot,inline,anger,"The author attributes their reaction to unfair treatment by the instructor, indicating a sense of injustice and resentment, which are characteristic of anger."
4146,neutral,zero_shot,numbered,sadness,"The author mentions having ""nothing to eat"" and implies a loss, indicating a sense of deprivation or unhappiness."
4146,neutral,zero_shot,inline,Sadness,The author felt sad because they were left with nothing to eat for the evening after their food was stolen.
4146,neutral,one_shot,numbered,sadness,"The author mentions feeling empty and without food for the evening, which suggests they were affected by a lack of sustenance and comfort, characteristic of sadness."
4146,neutral,one_shot,inline,sadness,"The author expresses disappointment and frustration at being left with no food to eat that evening, a classic indicator of feeling sad."
4146,neutral,few_shot,numbered,anger,"The author is upset about someone stealing their property, a classic trigger for the emotion of anger."
4146,neutral,few_shot,inline,sadness,"The author describes being left hungry and without food that they had been saving, which typically evokes feelings of sadness."
4146,generic_human,zero_shot,numbered,sadness,"The author is describing a negative experience and feeling frustrated about not having food to eat, which suggests they felt sad."
4146,generic_human,zero_shot,inline,Sadness,The author mentions feeling a negative impact from the theft and expresses regret for not having food that evening.
4146,generic_human,one_shot,numbered,anger,"The author expresses frustration and disappointment at having someone steal their food, indicating a strong negative emotion, which is best described as anger."
4146,generic_human,one_shot,inline,sadness,"The author expresses a negative consequence of someone's actions (stealing their food) and the distressing outcome for them (having nothing to eat), which are common triggers for feelings of sadness."
4146,generic_human,few_shot,numbered,sadness,"The author describes a negative life event (losing their food) and having to go without eating, which triggers sadness."
4146,generic_human,few_shot,inline,sadness,"The author describes feeling unhappy and deprived after having their food stolen, a classic trigger for sadness."
4146,persona_a,zero_shot,numbered,8.,"The author expresses a loss and frustration at having nothing to eat due to someone stealing their food, indicating a feeling of sadness."
4146,persona_a,zero_shot,inline,Sadness,"The author expresses a negative experience of having nothing to eat and being robbed, indicating a feeling of loss and unhappiness."
4146,persona_a,one_shot,numbered,sadness,"The author's lack of food and reliance on others to provide for them implies feelings of deprivation and dissatisfaction, which are key characteristics of sadness."
4146,persona_a,one_shot,inline,sadness,The author felt let down by the theft of their food and was left with nothing to eat that evening.
4146,persona_a,few_shot,numbered,sadness,"The author describes feeling frustrated and left without a meal, implying they experienced negative emotions such as sadness or disappointment at having something taken from them."
4146,persona_a,few_shot,inline,sadness,"The author describes feeling a strong emotional response to having their food stolen and going hungry as a result, which typically evokes feelings of sadness."
4146,persona_b,zero_shot,numbered,anger,"The author feels a sense of injustice and frustration at having their food stolen, which is indicative of the emotion of anger."
4146,persona_b,zero_shot,inline,sadness,"The author expresses a loss and inconvenience due to someone stealing their food, implying they were left without an expected meal."
4146,persona_b,one_shot,numbered,anger,"The author expresses frustration and resentment towards the person who stole their food, indicating a strong emotional response typical of anger."
4146,persona_b,one_shot,inline,sadness,"The author felt unhappy about missing out on a meal and being taken advantage of by someone else, triggering a sense of sadness."
4146,persona_b,few_shot,numbered,anger,"The author describes a personal loss and frustration at having their food stolen, which triggers anger."
4146,persona_b,few_shot,inline,sadness,"The author describes feeling left without food they were looking forward to eat, and that sense of loss typically evokes sadness."
4874,neutral,zero_shot,numbered,5,"The author felt a positive emotional response upon seeing their girlfriend, indicating happiness and contentment."
4874,neutral,zero_shot,inline,joy,"The author felt a positive emotion upon seeing their girlfriend, indicating happiness and affection."
4874,neutral,one_shot,numbered,joy,"The author's tone suggests happiness and positivity, indicating a sense of pleasure or delight at seeing their girlfriend."
4874,neutral,one_shot,inline,joy,The author expresses happiness and positivity towards seeing their girlfriend.
4874,neutral,few_shot,numbered,joy,"The author describes a positive life event (seeing their girlfriend), which typically evokes joy."
4874,neutral,few_shot,inline,joy,"The author describes a positive life event (seeing their girlfriend), which typically evokes joy."
4874,generic_human,zero_shot,numbered,5,"The author's tone suggests happiness and contentment when they mention seeing their girlfriend, indicating a positive emotional state associated with joy."
4874,generic_human,zero_shot,inline,Joy,The author's positive response to seeing their girlfriend indicates a feeling of happiness and delight.
4874,generic_human,one_shot,numbered,joy,"The author's tone suggests happiness and positivity, indicated by the ellipsis implying a strong emotional response that is typically associated with joy."
4874,generic_human,one_shot,inline,joy,"The author expresses happiness and positivity towards seeing their girlfriend, indicating a joyful emotion."
4874,generic_human,few_shot,numbered,joy,The author's positive emotional response to seeing their girlfriend suggests that they felt a sense of happiness or joy.
4874,generic_human,few_shot,inline,joy,The author describes a positive life event (reuniting with their girlfriend) that typically evokes joy.
4874,persona_a,zero_shot,numbered,7,The author felt relieved because they were reunited with their girlfriend after months apart.
4874,persona_a,zero_shot,inline,joy,"The author's use of the word ""felt"" and their description of seeing their girlfriend suggests a positive emotional state, and joy is the most fitting label given the context of reuniting with someone after months apart."
4874,persona_a,one_shot,numbered,joy,"The author's use of the ellipsis and the context of reuniting with a loved one after months apart suggests happiness and pleasure, which aligns with the emotion joy."
4874,persona_a,one_shot,inline,joy,The author felt joy due to the positive outcome of reuniting with their loved one after a long period of separation.
4874,persona_a,few_shot,numbered,joy,"The author feels happiness and contentment at being reunited with their girlfriend, a classic joy trigger."
4874,persona_a,few_shot,inline,joy,"The author's reunion with their girlfriend after months apart is a positive life event, which typically evokes feelings of joy."
4874,persona_b,zero_shot,numbered,5. joy,"The author felt a positive emotion because seeing their girlfriend resulted in a pleasant experience, suggesting happiness and delight."
4874,persona_b,zero_shot,inline,joy,The author's ability to see their girlfriend is presented as a positive experience that elicits happiness.
4874,persona_b,one_shot,numbered,relief,"The author feels relieved that they are able to see their girlfriend, implying a sense of happiness and comfort at being reunited with her, but given the routine context, the most fitting emotion is a positive one, such as relief."
4874,persona_b,one_shot,inline,joy,"The author's tone implies that they felt happy and pleased to see their girlfriend, a common trigger for the emotion of joy."
4874,persona_b,few_shot,numbered,joy,"The author describes feeling a positive emotion when seeing their girlfriend, which suggests that the relationship is valued and brings happiness to the author."
4874,persona_b,few_shot,inline,joy,"The author felt a sense of happiness and appreciation for seeing their girlfriend, a positive life event that typically evokes joy."
6789,neutral,zero_shot,numbered,7,"The author felt relieved because they had a huge problem (finding a place to live) that was resolved at the last minute, allowing them to exchange on their new house."
6789,neutral,zero_shot,inline,Relief,"The author's situation was stressful (having nowhere to go and a tight deadline), but it resolved positively at the last minute, indicating they felt relief."
6789,neutral,one_shot,numbered,relief,"The author mentions that ""everything fell in to place at the last minute"", implying a sense of resolution and calm after a potentially stressful situation, which is characteristic of feeling relieved."
6789,neutral,one_shot,inline,relief,"The author expresses gratitude and mentions that ""everything fell into place"" at the last minute, indicating a sense of relief after navigating a potentially stressful situation."
6789,neutral,few_shot,numbered,relief,"The author describes a stressful situation (risk of homelessness) being resolved at the last minute, which is a classic trigger for relief."
6789,neutral,few_shot,inline,relief,The author describes a tense and uncertain situation (exchanging homes without having a new place to go) that is resolved positively at the last minute.
6789,generic_human,zero_shot,numbered,relief,"The author expresses gratitude that everything fell into place at the last minute, indicating that they were worried or anxious about their living situation and are now relieved that it has been resolved."
6789,generic_human,zero_shot,inline,Relief,"The author mentions that ""everything fell into place at the last minute"", implying a sense of worry or concern was alleviated."
6789,generic_human,one_shot,numbered,relief,"The author mentions that everything ""fell into place at the last minute"", indicating a sense of crisis or uncertainty that was resolved, characteristic of relief."
6789,generic_human,one_shot,inline,relief,"The author describes a stressful situation (sudden exchange with no alternative living arrangements) being resolved positively at the last minute, indicating feelings of relief."
6789,generic_human,few_shot,numbered,relief,"The author describes a difficult situation (having nowhere to go after selling their previous property) that was resolved at the last minute, indicating a strong feeling of relief."
6789,generic_human,few_shot,inline,relief,"The author describes a stressful situation where they had to move and find new accommodation, but ultimately everything ""fell into place at the last minute"", which suggests a strong feeling of relief."
6789,persona_a,zero_shot,numbered,7,"The author felt relieved because the deal fell through at the last minute, allowing them to find a new home despite previously having nowhere else to go."
6789,persona_a,zero_shot,inline,Relief,"The author mentions that ""everything fell into place at the last minute"", implying a sense of crisis averted and a positive outcome, which aligns with feelings of relief."
6789,persona_a,one_shot,numbered,relief,"The author describes a tense situation (no place to go if the deal fell through) resolved favorably, indicating a feeling of safety and reassurance."
6789,persona_a,one_shot,inline,relief,"The author describes a stressful situation where they had nowhere to go if the house deal fell through, but ultimately everything worked out at the last minute, indicating feelings of relief."
6789,persona_a,few_shot,numbered,relief,"The author describes a stressful situation (having nowhere to go and a looming exchange deadline) that resolves positively, indicating they felt relieved when everything fell into place."
6789,persona_a,few_shot,inline,relief,"The author describes a stressful and precarious situation where their housing deal seemed uncertain, but ultimately worked out, which typically evokes feelings of relief."
6789,persona_b,zero_shot,numbered,7,"The author expresses gratitude for everything falling into place at the last minute, and describes a positive outcome as a ""huge relief"" for them."
6789,persona_b,zero_shot,inline,Relief,"The author mentions that everything ""fell into place at the last minute"", indicating a sense of unexpected resolution to a stressful situation."
6789,persona_b,one_shot,numbered,relief,"The author expresses gratitude that everything fell into place at the last minute, implying they were previously anxious or stressed about their housing situation."
6789,persona_b,one_shot,inline,relief,"The author describes a stressful situation (selling their property without another place to live) that turned out well at the last minute, indicating a feeling of relief."
6789,persona_b,few_shot,numbered,relief,"The author describes a stressful situation (exchanging properties with no new home yet) that resolved positively at the last minute, triggering a feeling of relief."
6789,persona_b,few_shot,inline,relief,"The author describes a stressful situation (having nowhere to go) that was resolved at the last minute, which is a classic trigger for relief."
5880,neutral,zero_shot,numbered,8,"The author's use of ""felt"" and the context of going to hospital suggests a negative emotional state, indicating that they likely felt sad about their situation."
5880,neutral,zero_shot,inline,Fear,"The author is expressing a sense of apprehension or worry about going to the hospital, indicating a negative emotional state."
5880,neutral,one_shot,numbered,fear,"The author's use of the verb ""felt"" with ""... going in to hospital"" implies apprehension or worry about a medical procedure, suggesting they felt fear."
5880,neutral,one_shot,inline,fear,"The author describes going into a hospital, which is often associated with medical procedures and uncertainty, a classic fear trigger."
5880,neutral,few_shot,numbered,"anxiety/fear (implied, but most closely matches)","The author mentions going into the hospital, a situation that typically triggers worry and apprehension about one's health or well-being. 

However, since ""fear"" is not explicitly stated in the text and it's difficult to determine whether it's more anxiety-related or fear, I chose fear as the closest match from the given list."
5880,neutral,few_shot,inline,fear,"The author is going into a hospital, which can be an alarming and potentially frightening experience."
5880,generic_human,zero_shot,numbered,fear,"The author mentions going to the hospital, which is often associated with medical procedures or serious health issues, suggesting they may have been feeling anxious or fearful about their situation."
5880,generic_human,zero_shot,inline,Fear,"The person felt apprehensive and anxious about going to the hospital, indicating a sense of concern or anxiety."
5880,generic_human,one_shot,numbered,anxiety/fear (I'll choose the closest match from the given options),"The author uses ""felt"" which implies a sense of apprehension or worry, and mentions going into hospital, a situation that often triggers fear."
5880,generic_human,one_shot,inline,fear,The author expresses a sense of apprehension or trepidation about going to the hospital.
5880,generic_human,few_shot,numbered,fear,"The author describes a situation involving going into a hospital, which can be a stressful and alarming event, triggering fear for their health or well-being."
5880,generic_human,few_shot,inline,fear,"The author describes a situation where they are going into a hospital, which can be a stressful and potentially alarming experience that triggers fear for their health or well-being."
5880,persona_a,zero_shot,numbered,7,"The author's tone suggests they're anticipating a positive outcome, which is typically associated with feeling relieved, especially given the context of a minor, routine outpatient procedure."
5880,persona_a,zero_shot,inline,Fear,The patient's tone and context suggest a sense of anxiety or apprehension about undergoing a medical procedure.
5880,persona_a,one_shot,numbered,fear,"The author mentions ""going in to hospital"", implying a situation that may be uncertain or potentially threatening, which is consistent with feeling fearful."
5880,persona_a,one_shot,inline,anxiety,"The author uses the phrase ""I felt ..."" implying a sense of apprehension or unease before undergoing a medical procedure."
5880,persona_a,few_shot,numbered,fear,"The author is about to undergo a hospital procedure, which typically triggers fear for one's safety and well-being."
5880,persona_a,few_shot,inline,"anxiety is not an option but ""fear"" is","The author describes a situation that involves uncertainty and potential discomfort, which can trigger fear."
5880,persona_b,zero_shot,numbered,3. fear,"The author is going into a hospital for a serious and uncertain diagnosis, indicating a high level of anxiety and apprehension about the outcome."
5880,persona_b,zero_shot,inline,Fear,"The author is expressing a sense of uncertainty and seriousness about the situation, indicating that they are likely feeling fear about the potential outcome."
5880,persona_b,one_shot,numbered,fear,"The author is about to undergo a serious and uncertain diagnosis, which is a classic trigger for fear."
5880,persona_b,one_shot,inline,fear,"The author's uncertain diagnosis and hospital visit indicate a situation that evokes anxiety and apprehension, consistent with the emotion of fear."
5880,persona_b,few_shot,numbered,3,"The author is about to undergo a serious, uncertain medical procedure, which triggers fear for their safety and well-being."
5880,persona_b,few_shot,inline,fear,"The author is going into a hospital for a serious diagnosis, which is often a situation that triggers fear about one's health and the uncertainty of the outcome."
52157,neutral,zero_shot,numbered,8,"The author is recounting a personal experience of loss and grief, including witnessing their mother break down and crying with their family for hours, indicating a strong emotional response to the situation."
52157,neutral,zero_shot,inline,sadness,"The author describes a very emotional and painful experience of losing their uncle during Ramadan 2020, and they themselves were experiencing grief for the first time."
52157,neutral,one_shot,numbered,sadness,"The author describes a situation where they witness the death of their uncle and see their parents, especially their mother, break down in tears, indicating a strong emotional response to loss."
52157,neutral,one_shot,inline,sadness,"The author describes a situation where they experienced the death of their uncle and witnessed their parents grieving, which triggered feelings of loss and sorrow."
52157,neutral,few_shot,numbered,sadness,"The author describes experiencing grief and seeing their parents cry after receiving news of a family member's death, which typically evokes feelings of sadness."
52157,neutral,few_shot,inline,sadness,"The author describes a personal and emotional experience of loss, watching their parents break down in tears, and personally experiencing grief for the first time."
52157,generic_human,zero_shot,numbered,8,"The author describes a scene of intense emotional distress, including crying and grief, indicating that they felt a deep sense of sadness when writing about their uncle's death."
52157,generic_human,zero_shot,inline,sadness,"The author describes their parents crying for hours and mentions that they had never experienced death or grief before, indicating a sense of sorrow and emotional distress."
52157,generic_human,one_shot,numbered,sadness,"The author describes the death of their uncle, their own emotional response to it, and the prolonged crying session with their parents, all indicators of a strong feeling of sadness."
52157,generic_human,one_shot,inline,sadness,"The author describes a traumatic experience of losing their uncle and witnessing their parents' emotional breakdown, indicating feelings of grief and sadness."
52157,generic_human,few_shot,numbered,sadness,"The author describes a tragic event involving the death of their uncle, and witnessing their parents' emotional breakdown, indicating a feeling of sadness and loss."
52157,generic_human,few_shot,inline,sadness,"The author describes experiencing their first encounter with death and grief, seeing their parents cry, and the emotional toll it took on them, which are classic triggers for sadness."
52157,persona_a,zero_shot,numbered,8,"The author describes the scene of their mother breaking down and crying uncontrollably, indicating a sense of sorrow and emotional distress that they themselves also felt during this experience."
52157,persona_a,zero_shot,inline,sadness,"The author is describing a painful and emotional experience of witnessing their parent break down due to the loss of her brother, indicating a feeling of sorrow and loss."
52157,persona_a,one_shot,numbered,sadness,"The author is describing a moment of intense emotional pain and grief, watching their parent break down emotionally for the first time, which is a classic trigger for feeling sadness."
52157,persona_a,one_shot,inline,sadness,"The author recounts a personal and emotional experience of witnessing their parent's breakdown over the loss of their uncle, indicating feelings of sorrow and grief."
52157,persona_a,few_shot,numbered,sadness,"The author describes a painful and emotional experience of witnessing their parent break down in grief, indicating that they are feeling the same emotion of sadness."
52157,persona_a,few_shot,inline,sadness,"The author describes experiencing a life event involving loss and grief for the first time, witnessing their parent's emotional breakdown, and being overcome with emotion themselves, indicating sadness."
52157,persona_b,zero_shot,numbered,sadness,"The author is describing a moment of intense grief and emotional pain, where they witnessed their mother breaking down in tears after receiving news about the death of her brother, and themselves struggled to process the loss."
52157,persona_b,zero_shot,inline,sadness,"The author is recalling a painful experience of losing a family member and witnessing their mother's grief, which evokes feelings of sorrow and loss."
52157,persona_b,one_shot,numbered,sadness,"The author describes a traumatic and emotional experience of witnessing their uncle's passing, their mother's grief, and being overcome with tears themselves, which are classic indicators of the emotion sadness."
52157,persona_b,one_shot,inline,sadness,"The author describes the traumatic experience of witnessing their uncle's passing and their mother's intense grief, which evokes feelings of sorrow and sadness."
52157,persona_b,few_shot,numbered,sadness,"The author describes a deeply personal and emotional experience of witnessing their mother's grief and mourning the loss of their uncle, indicating that they were feeling sadness themselves."
52157,persona_b,few_shot,inline,sadness,"The author describes a traumatic event where they witnessed their uncle's death and saw their parents crying for hours, which is a classic trigger for sadness."
287,neutral,zero_shot,numbered,5,"The author described the experience as ""magical"" and ""bliss"", indicating a positive emotional state."
287,neutral,zero_shot,inline,joy,"The author uses words such as ""magical"" and ""bliss"", indicating a positive emotional experience."
287,neutral,one_shot,numbered,5. joy,"The author describes the experience of watching their favourite band perform live as ""magical"" and hearing their songs as ""bliss"", indicating a strong positive emotional state."
287,neutral,one_shot,inline,joy,"The author describes the experience as ""magical"" and a source of ""bliss"", indicating a strong positive emotional response."
287,neutral,few_shot,numbered,joy,"The author describes a positive experience, watching their favorite band perform live, which typically evokes feelings of joy."
287,neutral,few_shot,inline,joy,"The author describes a positive experience, such as watching their favorite band perform live and enjoying familiar songs, which typically evokes feelings of happiness."
287,generic_human,zero_shot,numbered,5,"The author uses positive language such as ""magical"" and ""bliss"", indicating a strong sense of happiness."
287,generic_human,zero_shot,inline,joy,"The author uses positive language such as ""magical"" and ""bliss"", indicating a pleasant emotional experience."
287,generic_human,one_shot,numbered,joy,"The author describes the experience as ""magical"" and their songs being played live as ""bliss"", indicating a strong positive emotional state."
287,generic_human,one_shot,inline,joy,"The author describes the experience as ""magical"" and ""bliss"", indicating a strong positive emotional response."
287,generic_human,few_shot,numbered,joy,"The author describes a positive, euphoric experience of watching their favorite band perform live, which typically evokes feelings of joy."
287,generic_human,few_shot,inline,joy,"The author describes a positive life event (attending their favorite band's concert) and uses words like ""magical"" and ""bliss"", which typically evoke joy."
287,persona_a,zero_shot,numbered,5,"The author used words like ""magical"" and ""bliss"", indicating a strong positive feeling of happiness when they attended the concert."
287,persona_a,zero_shot,inline,joy,"The author describes the experience as ""magical"" and ""bliss"", indicating a positive emotional state."
287,persona_a,one_shot,numbered,joy,"The author describes the experience as ""magical"" and uses positive language to describe the event, indicating a state of happiness and pleasure."
287,persona_a,one_shot,inline,joy,"The author uses words like ""magical"" and ""bliss"" to describe their experience at the concert, indicating a state of happiness and pleasure."
287,persona_a,few_shot,numbered,joy,"The author describes a positive life experience, specifically the thrill of watching their favorite band perform live after years of anticipation, which typically evokes feelings of joy."
287,persona_a,few_shot,inline,joy,"The author describes a highly anticipated and enjoyable experience with their favorite band, which is a classic trigger for the emotion of joy."
287,persona_b,zero_shot,numbered,5. joy,"The author used positive words such as ""magical"" and ""bliss"", indicating that they experienced happiness during the concert despite not being a big fan of the band."
287,persona_b,zero_shot,inline,Joy,"The author's use of positive words such as ""magical"" and ""bliss"" indicates that they experienced happiness and pleasure during the concert."
287,persona_b,one_shot,numbered,5. joy,"The author describes the experience as ""magical"" and a source of ""bliss"", indicating that they felt happy and joyful during the concert."
287,persona_b,one_shot,inline,joy,"The author describes the experience as ""magical"" and states that hearing their favourite songs live was ""bliss"", indicating a positive emotional state."
287,persona_b,few_shot,numbered,joy,"The author describes experiencing a thrilling and enjoyable event, which is typically associated with feelings of joy, despite not being the primary fan of the band."
287,persona_b,few_shot,inline,joy,"The author describes the experience of watching their favorite band live as ""magical"" and ""bliss"", indicating a positive emotional state."
51710,neutral,zero_shot,numbered,6,"The author is reflecting on a significant achievement (graduating from school) and the effort it took to accomplish, indicating a positive emotional response."
51710,neutral,zero_shot,inline,Pride,The author expresses a sense of accomplishment and satisfaction towards completing the program after many years of hard work.
51710,neutral,one_shot,numbered,pride,"The author reflects positively on the achievement of completing a long and challenging program, suggesting a sense of accomplishment and pride."
51710,neutral,one_shot,inline,pride,"The author expresses a sense of accomplishment and completion of their educational program, which is a common trigger for feelings of pride."
51710,neutral,few_shot,numbered,pride,"The author reflects on a long-term accomplishment, completing their program after many years and hard work, which typically evokes feelings of pride."
51710,neutral,few_shot,inline,pride,"The author reflects on completing a long-term program with great effort, suggesting a sense of accomplishment and self-satisfaction that is characteristic of pride."
51710,generic_human,zero_shot,numbered,6.,"The author expressed a sense of accomplishment and satisfaction at completing their program, which is typical of the emotion of pride."
51710,generic_human,zero_shot,inline,Pride,The author expresses a sense of accomplishment and satisfaction with completing the program after many years of hard work.
51710,generic_human,one_shot,numbered,pride,"The author reflects on their accomplishment of graduating from school, mentioning the time and effort it took to complete the program, indicating a sense of achievement and self-satisfaction."
51710,generic_human,one_shot,inline,pride,"The author expresses a sense of accomplishment and completion of their program, indicating they felt proud of themselves for achieving their goal."
51710,generic_human,few_shot,numbered,pride,"The author describes completing a challenging program, which is typically accompanied by feelings of pride and accomplishment."
51710,generic_human,few_shot,inline,pride,"The author is reflecting on completing a long-term goal after many years of effort, which typically evokes feelings of pride."
51710,persona_a,zero_shot,numbered,pride,"The author feels a sense of accomplishment and satisfaction at completing their program after many years of hard work, indicating a positive emotion towards their achievement."
51710,persona_a,zero_shot,inline,Pride,"The author expressed a sense of accomplishment and completion of their long-term goal, indicating a feeling of pride."
51710,persona_a,one_shot,numbered,pride,"The author feels a sense of accomplishment and achievement after completing their program, despite the challenges they faced as a non-traditional student."
51710,persona_a,one_shot,inline,pride,"The author is reflecting on completing a long and challenging program, indicating a sense of achievement and accomplishment."
51710,persona_a,few_shot,numbered,pride,"The author reflects on the accomplishment of completing their program, despite significant challenges and time commitment, indicating a sense of pride in their achievement."
51710,persona_a,few_shot,inline,pride,"The author reflects on completing a long and challenging program with hard work and dedication, which typically evokes feelings of pride."
51710,persona_b,zero_shot,numbered,6. pride,"The author expressed a sense of accomplishment and satisfaction after completing their program, indicating that they felt proud of themselves for achieving their goal through hard work and dedication."
51710,persona_b,zero_shot,inline,Pride,"The author feels a sense of accomplishment and satisfaction towards their achievement, indicating that they are proud of themselves for completing the program after many years and hard work."
51710,persona_b,one_shot,numbered,pride,"The author reflects on the accomplishment of completing their program, indicating a sense of achievement and self-satisfaction characteristic of pride."
51710,persona_b,one_shot,inline,pride,The author is reflecting on the accomplishment of completing a challenging program after many years and much effort.
51710,persona_b,few_shot,numbered,pride,"The author reflects on the achievement of completing their program after many years and effort, which typically evokes a sense of pride in one's accomplishments."
51710,persona_b,few_shot,inline,pride,"The author reflects on the accomplishment of completing a challenging program after many years and a lot of effort, which is typically a source of pride."
3426,neutral,zero_shot,numbered,3. fear,"The author recounts being chased by an older man and hiding in a bush, indicating a state of anxiety and apprehension typical of the emotion fear."
3426,neutral,zero_shot,inline,Fear,"The author describes a harrowing and threatening situation where they were chased by an older man through a forest, indicating that they felt fear as the primary emotion."
3426,neutral,one_shot,numbered,fear,"The author describes a situation where they and their friend were being actively pursued by an older man, creating a sense of danger and vulnerability, which is a classic trigger for the emotion of fear."
3426,neutral,one_shot,inline,fear,"The author describes being chased by a stranger and hiding to avoid them, which are classic triggers for the emotion of fear."
3426,neutral,few_shot,numbered,fear,"The author describes a threatening and potentially life-threatening situation, which triggers the emotion of fear for their safety."
3426,neutral,few_shot,inline,fear,"The author describes a threatening and potentially violent situation involving being chased by a stranger, which triggers fear for their safety."
3426,generic_human,zero_shot,numbered,3. fear,"The author describes being chased through a forest, hiding in a bush, and being searched for by the older man, which indicates that they experienced intense fear during the situation."
3426,generic_human,zero_shot,inline,Fear,"The author recounts a frightening experience where they were chased through a forest by an older man, which indicates that the emotion felt was fear."
3426,generic_human,one_shot,numbered,fear,"The author describes being chased through a forest by an older man, which is a classic fear trigger."
3426,generic_human,one_shot,inline,fear,"The author describes a threatening and intimidating situation, being chased by an older man, which is a classic trigger for the emotion of fear."
3426,generic_human,few_shot,numbered,fear,"The author describes a sudden, alarming situation where they and their friend were being pursued by an older man, which triggers fear for their safety."
3426,generic_human,few_shot,inline,fear,"The author describes a potentially threatening and intimidating situation where they were chased by an older man, which triggers fear for their safety."
3426,persona_a,zero_shot,numbered,3.,"The author described a threatening and potentially frightening situation, where they were chased by an older man, which indicates that fear was the primary emotion she felt."
3426,persona_a,zero_shot,inline,Fear,"The author describes a threatening and potentially dangerous situation where they and their friend were chased by an older man in the forest, indicating that fear was their primary emotion."
3426,persona_a,one_shot,numbered,fear,"The author describes being chased through a forest by an older man, which is a classic fear trigger and indicates that the author felt frightened during the event."
3426,persona_a,one_shot,inline,fear,"The author describes being chased by a stranger, which is a classic trigger for the emotion of fear."
3426,persona_a,few_shot,numbered,fear,"The author describes a sudden, alarming situation where they and their friend were chased by an older man, which triggers fear for their safety."
3426,persona_a,few_shot,inline,fear,"The author describes a sudden and alarming situation where they were being pursued by an older man, which triggers fear for their safety."
3426,persona_b,zero_shot,numbered,3. fear,"The author describes being chased through a forest by an older man, which suggests they felt a sense of danger and vulnerability to harm, characteristic of the emotion fear."
3426,persona_b,zero_shot,inline,Relief,The author felt relieved because they were able to escape the potentially threatening situation with their friend.
3426,persona_b,one_shot,numbered,3. fear,"The author describes a situation where they and their friend are being chased, which is a classic trigger for the emotion of fear."
3426,persona_b,one_shot,inline,fear,"The author describes a situation of being chased by an older man, which is a classic trigger for the emotion of fear."
3426,persona_b,few_shot,numbered,fear,"The author describes a frightening and alarming situation where they were chased by an older man, which triggers fear for their safety."
3426,persona_b,few_shot,inline,fear,"The author describes a threatening situation where they were chased by an older man, which triggers fear for their safety."
4490,neutral,zero_shot,numbered,3. fear,"The author describes a potentially life-threatening situation, being stuck with family members in a flooded house with fires nearby, indicating they felt fear for their safety and well-being."
4490,neutral,zero_shot,inline,Fear,"The author describes a terrifying and threatening situation (hurricane, fire, flood), indicating that they felt fear as the dominant emotion when writing this text."
4490,neutral,one_shot,numbered,fear,"The author describes a frightening situation with a hurricane, house fires, and flooding, which are all classic fear triggers."
4490,neutral,one_shot,inline,fear,"The author describes a terrifying situation where they and their family were stuck in the house during a hurricane, with two houses catching fire and flooding on their floor."
4490,neutral,few_shot,numbered,fear,"The author describes a life-threatening situation, being stuck in their house during a hurricane with fires and flooding nearby, which triggers fear for their safety and well-being."
4490,neutral,few_shot,inline,fear,"The author describes a sudden and alarming situation involving severe weather, destruction of nearby houses, and loss of freedom, which triggers fear for their safety."
4490,generic_human,zero_shot,numbered,3. fear,"The author mentions being stuck and unable to leave due to a hurricane, flood, and nearby fires, indicating a sense of vulnerability and threat to their safety, which are key characteristics of the emotion fear."
4490,generic_human,zero_shot,inline,Fear,"The author describes being stuck in their house with a flood and nearby fires, which indicates a sense of danger or threat, characteristic of the fear emotion."
4490,generic_human,one_shot,numbered,fear,"The author describes being stuck in the house during a hurricane, with nearby houses catching on fire and flooding occurring, indicating a heightened sense of danger that evokes fear."
4490,generic_human,one_shot,inline,fear,"The author describes being stuck in their house during a hurricane with potentially life-threatening consequences (fires and flooding), which is a classic trigger for the emotion of fear."
4490,generic_human,few_shot,numbered,fear,"The author describes a potentially life-threatening situation involving a hurricane, fire, and flooding, which triggers fear for their safety and well-being."
4490,generic_human,few_shot,inline,fear,"The author describes a life-threatening situation involving their family and home, which triggers intense fear for their safety."
4490,persona_a,zero_shot,numbered,3.,"The author is describing a frightening and potentially life-threatening situation, indicating that they felt fear for the safety of themselves and their children during the hurricane."
4490,persona_a,zero_shot,inline,Fear,The author's tone and description of the situation (stuck in a flooded house with fires nearby) suggest that they were frightened for their safety and the well-being of their family.
4490,persona_a,one_shot,numbered,fear,"The author describes a traumatic and potentially life-threatening situation, including the threat of fire and flooding, which are classic fear triggers."
4490,persona_a,one_shot,inline,fear,"The author describes the chaotic and threatening situation caused by the hurricane, which was likely to evoke a sense of personal danger or risk."
4490,persona_a,few_shot,numbered,fear,"The author describes a situation of potential harm to themselves and their family, triggering a natural response of fear for their safety."
4490,persona_a,few_shot,inline,fear,"The author describes a situation of danger and helplessness during a hurricane, with fire and flooding nearby, which triggers fear for their safety."
4490,persona_b,zero_shot,numbered,3. fear,"The author's experience of being stuck in their house during a hurricane, with fires and flooding outside, creates an environment where fear would be the primary emotion they felt."
4490,persona_b,zero_shot,inline,Fear,The author's account of the traumatic and life-threatening experience of being stuck during a hurricane with fires and flooding nearby suggests that fear was their dominant emotion.
4490,persona_b,one_shot,numbered,fear,The author describes a life-threatening situation (being stuck during a hurricane with fires and flooding nearby) that triggered feelings of fear.
4490,persona_b,one_shot,inline,fear,"The author describes the traumatic and potentially life-threatening situation of being stuck in their flooded house while a fire breaks out nearby, indicating they felt fear for their safety."
4490,persona_b,few_shot,numbered,fear,"The author describes a life-threatening situation (the hurricane, fire, and flooding) and their inability to leave, which triggers a primal fear for personal safety."
4490,persona_b,few_shot,inline,relief,"The author is describing a situation where they were stuck at home during a hurricane, but they managed to stay safe despite severe flooding and nearby fires, indicating that their primary emotion was relief."
3431,neutral,zero_shot,numbered,3,"The author experienced fear as indicated by the mention of a night terror, which is often associated with frightening dreams or episodes."
3431,neutral,zero_shot,inline,Fear,"The author mentions having a night terror, which is typically associated with experiencing intense anxiety or fear while asleep."
3431,neutral,one_shot,numbered,fear,"The author describes having a night terror, which is typically associated with intense fear and anxiety during sleep."
3431,neutral,one_shot,inline,fear,"The author mentions a ""night terror"", which is often associated with intense, frightening dreams that can evoke feelings of anxiety and fear."
3431,neutral,few_shot,numbered,fear,"The author describes having a night terror, an experience that can be frightening and disrupts sleep, indicating the emotion of fear."
3431,neutral,few_shot,inline,fear,"The author describes having a night terror, which is typically associated with a frightening or disturbing experience that triggers fear."
3431,generic_human,zero_shot,numbered,3,"The author felt fear because they experienced a night terror, which is a sudden episode of intense fear that typically occurs during sleep."
3431,generic_human,zero_shot,inline,Fear,"The author mentions having a ""night terror"", which is a sleep disorder characterized by intense anxiety and panic, indicating that they felt frightened or fearful."
3431,generic_human,one_shot,numbered,fear,"The author mentions having a ""night terror"", which is typically associated with a strong, intense feeling of fear or anxiety during sleep."
3431,generic_human,one_shot,inline,fear,"The author mentions having a night terror, which is typically associated with intense fear or anxiety."
3431,generic_human,few_shot,numbered,fear,"The author describes a night terror, which is typically a frightening and disturbing experience that triggers fear."
3431,generic_human,few_shot,inline,fear,"The author describes a night terror, which is typically associated with intense emotional distress and alarm, triggering fear."
3431,persona_a,zero_shot,numbered,3. fear,The author was describing a frightening experience (a night terror) which suggests that they felt the emotion of fear during that time.
3431,persona_a,zero_shot,inline,Fear,"The child's mention of a night terror, a common fear-related sleep disorder that typically occurs in children, suggests they were experiencing or recalling a frightening event."
3431,persona_a,one_shot,numbered,fear,"The author describes experiencing a night terror, which is typically associated with intense fear or anxiety."
3431,persona_a,one_shot,inline,fear,"The author describes having a night terror, which is typically associated with being frightened or scared during sleep."
3431,persona_a,few_shot,numbered,fear,"The author describes having a night terror, which is typically an experience of intense fear and distress, especially for young children who may not be able to understand or cope with the situation."
3431,persona_a,few_shot,inline,fear,"The author describes having a night terror, which can be a frightening and disturbing experience for children, triggering fear."
3431,persona_b,zero_shot,numbered,fear,"The author mentions having a night terror, which is typically associated with intense fear and anxiety, indicating that the emotion they felt was fear."
3431,persona_b,zero_shot,inline,Fear,"The author mentions having a night terror, which is typically associated with intense fear or anxiety."
3431,persona_b,one_shot,numbered,fear,"The author mentions having a night terror, which is often associated with intense fear and anxiety."
3431,persona_b,one_shot,inline,fear,The author's reference to having a night terror implies that they experienced intense fright or anxiety during the episode.
3431,persona_b,few_shot,numbered,fear,"The author describes having a night terror, which is typically associated with fear or anxiety, and as someone who has had recurring episodes for years, they likely experience a heightened sense of fear when it happens."
3431,persona_b,few_shot,inline,fear,"The author describes having a night terror, an experience that can be frightening and alarming, which triggers fear."
315,neutral,zero_shot,numbered,anger,"The author felt frustrated and annoyed with their roommate's behavior, particularly his refusal to consider the cat's stress levels and his insensitive response when they scowled at him."
315,neutral,zero_shot,inline,Anger,"The author expresses frustration and indignation towards their roommate's insensitive behavior, using strong language to describe his actions (""scowled at him"", ""did not care"") which indicates a feeling of anger."
315,neutral,one_shot,numbered,anger,"The author is frustrated with her boyfriend's insensitive behavior, indicating a strong emotional response characteristic of anger."
315,neutral,one_shot,inline,anger,"The author expresses frustration and indignation towards their roommate's insensitive behavior, indicating a strong negative emotion, which is characteristic of anger."
315,neutral,few_shot,numbered,anger,"The author describes their boyfriend's insensitive and dismissive behavior towards their cat, triggering feelings of annoyance and irritation."
315,neutral,few_shot,inline,anger,"The author describes a frustrating and dismissive situation with their boyfriend, who prioritized his own actions over the cat's stress and the author's concerns."
315,generic_human,zero_shot,numbered,anger,"The author felt annoyed and irritated by their boyfriend's insensitive behavior, as evidenced by the use of words like ""scowled"", ""freaking out"", and the overall tone of the passage."
315,generic_human,zero_shot,inline,Anger,The author's tone and description of their roommate's actions indicate a strong negative emotional response to his behavior.
315,generic_human,one_shot,numbered,anger,"The author describes a situation where their roommate disregarded their concerns and the well-being of their cat, leading to frustration and annoyance, which are characteristic of anger."
315,generic_human,one_shot,inline,anger,"The author describes their boyfriend's insensitive and dismissive behavior towards the cat's distress, triggering a strong negative reaction."
315,generic_human,few_shot,numbered,anger,"The author describes being frustrated with their boyfriend's insensitive behavior and feeling disrespected, which triggers anger."
315,generic_human,few_shot,inline,anger,The author describes a situation where their boyfriend disregarded their concerns for their cat's well-being and instead did something that they felt was dismissive and insensitive.
315,persona_a,zero_shot,numbered,anger,"The author felt angry towards their roommate for not considering the cat's stress levels and instead trying to soothe himself by singing loudly, which exacerbated the situation."
315,persona_a,zero_shot,inline,anger,"The author feels a strong sense of injustice and frustration towards their roommate's insensitive behavior, which is evident from the scowling reaction described."
315,persona_a,one_shot,numbered,anger,"The author describes a frustrating and dismissive interaction with their roommate, culminating in a confrontation that made them feel strongly enough to pause mid-sentence to express the emotion they're experiencing."
315,persona_a,one_shot,inline,anger,The author expresses frustration and indignation towards their boyfriend's insensitive behavior during a stressful situation.
315,persona_a,few_shot,numbered,anger,The author's boyfriend's insensitive behavior towards their cat during a stressful situation triggered the author's anger.
315,persona_a,few_shot,inline,anger,"The author describes a confrontation with their boyfriend, who disregarded their concerns for the cat's well-being and continued to act annoyingly despite being told to stop."
315,persona_b,zero_shot,numbered,anger,"The author expresses frustration and irritation towards their roommate's behavior, using strong language to describe his actions as ""unbelievable"" (not present in the text but implied) and feeling upset about his disregard for their concerns about their cat."
315,persona_b,zero_shot,inline,anger,"The author describes feeling annoyed and frustrated with their roommate's behavior, as evidenced by the phrase ""we both told him no"" and the description of his subsequent actions as infuriating."
315,persona_b,one_shot,numbered,anger,"The author expresses frustration and annoyance with their roommate's behavior, particularly his dismissive attitude towards the cat's distress and the narrator's attempts to calm her down."
315,persona_b,one_shot,inline,anger,"The author describes being scolded and dismissed by their roommate, who ignored the cat's distress and prioritized his own actions over her well-being, triggering feelings of frustration and indignation."
315,persona_b,few_shot,numbered,anger,"The author describes a situation where their boyfriend disregarded their concerns and the cat's distress, leading to frustration and irritation, which are characteristic of anger."
315,persona_b,few_shot,inline,anger,"The author describes their boyfriend's insensitive behavior and disagreement with them, which triggers anger."
51688,neutral,zero_shot,numbered,6. pride,"The author expresses a sense of accomplishment and satisfaction, using phrases like ""my D&D campaigns"" and ""my work"", indicating a feeling of pride in their creation."
51688,neutral,zero_shot,inline,Pride,The author expresses satisfaction and admiration for their own work as the Dungeon Master and designer of the D&D campaigns.
51688,neutral,one_shot,numbered,pride,"The author expresses satisfaction and self-confidence in their role as a dungeon master, indicating feelings of pride in their work."
51688,neutral,one_shot,inline,pride,"The author expresses a sense of accomplishment and satisfaction with their work as a dungeon master and designer, indicating a feeling of pride."
51688,neutral,few_shot,numbered,pride,"The author describes a sense of accomplishment and enjoyment from being the Dungeon Master and designer of their tabletop games, which indicates a feeling of pride."
51688,neutral,few_shot,inline,pride,"The author describes their role as the dungeon master and designer of their tabletop games, which they state their players enjoy, indicating a sense of accomplishment and satisfaction."
51688,generic_human,zero_shot,numbered,6. pride,"The author expresses a sense of accomplishment and satisfaction with their work as the dungeon master and designer, indicating that they feel proud of their creations and the enjoyment they bring to others."
51688,generic_human,zero_shot,inline,Pride,The author expresses a sense of accomplishment and satisfaction with their work as the dungeon master and designer of the D&D campaigns.
51688,generic_human,one_shot,numbered,pride,"The author describes creating enjoyable experiences for their friends and receiving appreciation from them, indicating a sense of personal satisfaction and accomplishment that is characteristic of the emotion pride."
51688,generic_human,one_shot,inline,pride,"The author is expressing satisfaction and a sense of accomplishment with their work as the dungeon master and designer, indicating feelings of pride."
51688,generic_human,few_shot,numbered,pride,"The author describes their role as the dungeon master and designer of successful tabletop games, which typically evokes feelings of pride in one's accomplishments."
51688,generic_human,few_shot,inline,pride,"The author describes themselves as the creator and designer of their D&D campaigns, highlighting their role and expertise, which is a hallmark of feeling proud."
51688,persona_a,zero_shot,numbered,6.,"The author expressed satisfaction and accomplishment, using phrases such as ""I am proud of my D&D campaigns"" and highlighting the positive impact on their players."
51688,persona_a,zero_shot,inline,Pride,"The author expresses satisfaction and happiness about their work as a Dungeon Master, indicating that they feel accomplished and pleased with themselves."
51688,persona_a,one_shot,numbered,pride,"The author is expressing self-satisfaction and accomplishment at excelling as a Dungeon Master and designer, indicating a sense of pride in their creative work."
51688,persona_a,one_shot,inline,pride,The author expresses satisfaction and admiration for their own creativity and ability to engage their friends in a collaborative storytelling experience.
51688,persona_a,few_shot,numbered,pride,"The author describes their accomplishment and the positive impact it has on others, indicating a sense of pride in their creative work."
51688,persona_a,few_shot,inline,pride,The author takes ownership and pride in their creative accomplishments as a Dungeon Master and designer of tabletop games.
51688,persona_b,zero_shot,numbered,6. pride,"The author expresses a sense of satisfaction and accomplishment, using phrases such as ""my work"" and indicating that their players enjoyed it, indicating they feel proud of what they've created."
51688,persona_b,zero_shot,inline,Pride,"The author expresses satisfaction and fulfillment with their work as a dungeon master and designer, highlighting the positive impact it has on their friends."
51688,persona_b,one_shot,numbered,pride,"The author expresses satisfaction and a sense of accomplishment at their friends' enjoyment of their D&D campaigns, indicating feelings of pride in their work as a dungeon master and designer."
51688,persona_b,one_shot,inline,pride,"The author is expressing satisfaction and admiration for their own skills as a dungeon master and designer, implying that they feel proud of the experiences they've created for their friends."
51688,persona_b,few_shot,numbered,pride,"The author takes pride in their work as a dungeon master and designer, evident from their words of accomplishment and satisfaction with how well-received it is by their players."
51688,persona_b,few_shot,inline,pride,"The author takes ownership of their work as the dungeon master and designer, and expresses satisfaction that their players enjoy it."
52184,neutral,zero_shot,numbered,8,"The author's use of ""...felt"" suggests a negative experience, and the context implies disappointment or hurt from being rejected from something they had invested time and effort into."
52184,neutral,zero_shot,inline,sadness,The author expresses a sense of disappointment and loss after being rejected from the dance team they had been working towards.
52184,neutral,one_shot,numbered,sadness,"The author felt sad due to being rejected from the dance team, which is a common trigger for feelings of disappointment and sadness."
52184,neutral,one_shot,inline,sadness,The author is expressing disappointment and emotional pain after being rejected from a dance team they had been working hard for.
52184,neutral,few_shot,numbered,sadness,"The author describes being rejected from a dance team, which is a negative life event that typically evokes feelings of sadness."
52184,neutral,few_shot,inline,sadness,"The author mentions being rejected from a dance team after investing significant effort into their skills, indicating disappointment and emotional distress."
52184,generic_human,zero_shot,numbered,8,"The author's use of ""felt"" and context of being rejected suggests a negative emotional state, which is most closely aligned with sadness."
52184,generic_human,zero_shot,inline,sadness,The author expresses a sense of disappointment and loss after being rejected from the dance team they had been working towards for a year.
52184,generic_human,one_shot,numbered,sadness,"The author mentions being rejected from a dance team, which implies disappointment and loss of an opportunity they had been working towards, classic triggers for the emotion of sadness."
52184,generic_human,one_shot,inline,sadness,"The author felt a strong emotional response to being rejected from a dance team, which they had been working on for a year, indicating a sense of disappointment and loss."
52184,generic_human,few_shot,numbered,sadness,"The author describes being rejected from a dance team after investing time and effort, a classic trigger for feelings of disappointment and sadness."
52184,generic_human,few_shot,inline,sadness,"The author describes a negative life event involving rejection and disappointment, which typically evokes feelings of sadness."
52184,persona_a,zero_shot,numbered,8,"The author mentions feeling a strong negative emotion upon being rejected from the dance team, and given their history of facing rejection, it's likely that they experienced sadness."
52184,persona_a,zero_shot,inline,sadness,"The author is expressing a negative emotional response to being rejected and implies it's a recurring experience, indicating a sense of disappointment or melancholy."
52184,persona_a,one_shot,numbered,sadness,"The author expresses disappointment and distress after being rejected from a dance team, indicating that they felt the emotion of sadness."
52184,persona_a,one_shot,inline,sadness,"The author expresses disappointment and hurt after being rejected, indicating they felt a negative emotional response to the outcome."
52184,persona_a,few_shot,numbered,sadness,"The author describes being rejected from a dance team after investing effort and time, which typically evokes feelings of sadness and disappointment."
52184,persona_a,few_shot,inline,sadness,"The author describes a negative life event, specifically being rejected from an activity they invested time and effort into, which typically evokes feelings of sadness."
52184,persona_b,zero_shot,numbered,8.,"The author felt a sense of disappointment and unhappiness about not achieving their goal, which is reflected by the emotion ""sadness""."
52184,persona_b,zero_shot,inline,sadness,"The author mentions feeling a specific emotion when they were rejected from the dance team after putting in effort, indicating that their emotions are tied to the disappointment and loss of an opportunity."
52184,persona_b,one_shot,numbered,sadness,"The author describes a personal failure and rejection, which is a classic trigger for feelings of sadness."
52184,persona_b,one_shot,inline,sadness,"The author describes being rejected from a dance team after putting significant effort into their skills, indicating disappointment and loss, which are key components of sadness."
52184,persona_b,few_shot,numbered,sadness,"The author describes a situation where they failed at something they tried for, which typically evokes feelings of sadness and disappointment."
52184,persona_b,few_shot,inline,sadness,"The author describes a personal failure and disappointment after working hard, which typically evokes feelings of sadness."
51249,neutral,zero_shot,numbered,5. joy,"The author used the phrase ""I felt ..."" implying a positive emotional experience, and becoming partners with one's partner is often associated with happiness or joy."
51249,neutral,zero_shot,inline,Joy,"The author's use of the verb ""felt"" and the positive relationship implied by becoming partners with their partner suggests a happy or joyful sentiment."
51249,neutral,one_shot,numbered,trust,"The author indicates a positive shift in their relationship, suggesting that they have formed a trusting partnership with their partner."
51249,neutral,one_shot,inline,joy,"The context of becoming a partner suggests a positive event such as marriage or business partnership, which is typically associated with feelings of happiness and joy."
51249,neutral,few_shot,numbered,joy,"The author describes a positive life event, becoming partners with their partner, which typically evokes joy."
51249,neutral,few_shot,inline,joy,The author's tone implies a positive sentiment and excitement about becoming partners with their partner.
51249,generic_human,zero_shot,numbered,5. joy,"The author's tone implies a positive and uplifting experience of becoming partners with someone, indicating happiness and satisfaction."
51249,generic_human,zero_shot,inline,Joy,The author's statement implies a positive outcome or development of their relationship with their partner.
51249,generic_human,one_shot,numbered,joy,"The author's tone implies a positive change and accomplishment, which is consistent with feeling joyful about becoming partners with their partner."
51249,generic_human,one_shot,inline,surprise,"The author's use of the phrase ""I felt..."" followed by a pause and no explicit emotion, suggests they were caught off guard or taken aback by their new partnership status."
51249,generic_human,few_shot,numbered,joy,"The author describes becoming partners with their partner, a positive life event that typically evokes joy and happiness."
51249,generic_human,few_shot,inline,joy,"The author describes becoming partners with their partner as a positive life event, which typically evokes feelings of joy."
51249,persona_a,zero_shot,numbered,joy,"The author felt a positive emotion towards their new partnership, indicated by the context of formalizing their relationship and the implied happiness of becoming partners with someone they care about."
51249,persona_a,zero_shot,inline,joy,"The author's tone is celebratory and positive, indicating a feeling of happiness and delight at becoming formal partners with their loved one."
51249,persona_a,one_shot,numbered,joy,The author's tone and context suggest happiness and excitement about formalizing their relationship with their partner.
51249,persona_a,one_shot,inline,joy,"The author's context implies a positive and celebratory tone, indicating that they felt joyful about formalizing their relationship with their partner."
51249,persona_a,few_shot,numbered,joy,"The author describes becoming partners with their romantic partner, a positive life event that typically evokes feelings of joy and happiness."
51249,persona_a,few_shot,inline,joy,"The author describes a positive life event of becoming partners with someone they love after years together, which typically evokes feelings of joy."
51249,persona_b,zero_shot,numbered,6,"The author's tone implies a sense of accomplishment and satisfaction, indicating that they felt proud about formalizing the business partnership with their partner."
51249,persona_b,zero_shot,inline,Pride,"The author mentions becoming partners with their partner, implying a sense of achievement and accomplishment."
51249,persona_b,one_shot,numbered,joy,"The author's tone suggests a positive sentiment, using the word ""felt"" and describing becoming partners with their partner as a significant development, implying happiness or satisfaction."
51249,persona_b,one_shot,inline,pride,"The author is announcing a successful business partnership, which typically elicits feelings of accomplishment and pride."
51249,persona_b,few_shot,numbered,joy,"The author describes a positive life event, formalizing a business partnership with their partner, which typically evokes joy and a sense of accomplishment."
51249,persona_b,few_shot,inline,joy,"The author describes a positive life event, formalizing a business partnership with their partner, which typically evokes joy."
41378,neutral,zero_shot,numbered,8,"The author is writing about the difficult decision to put their dog down, indicating a sad tone and emotional distress."
41378,neutral,zero_shot,inline,sadness,The author is writing about the difficult decision to euthanize their dog and the emotional pain they felt during the process.
41378,neutral,one_shot,numbered,sadness,"The author is making a difficult and emotional decision to euthanize their dog, indicating they are feeling sad about the loss of their pet."
41378,neutral,one_shot,inline,sadness,"The author is describing a difficult and emotional decision to end their dog's suffering, which suggests they are experiencing feelings of sadness."
41378,neutral,few_shot,numbered,sadness,"The author is describing a difficult and emotional decision to end their dog's life, indicating a deep sense of loss and sorrow, which is characteristic of sadness."
41378,neutral,few_shot,inline,sadness,"The author describes a difficult decision to put their dog to sleep due to suffering, which is a classic trigger for sadness."
41378,generic_human,zero_shot,numbered,8. sadness,"The author is expressing a difficult and painful decision to end their dog's suffering, indicating a sense of sorrow and emotional distress."
41378,generic_human,zero_shot,inline,sadness,"The author is discussing the difficult decision to euthanize their pet and expressing empathy towards their dog's suffering, indicating a somber emotional tone."
41378,generic_human,one_shot,numbered,sadness,"The author is making a difficult decision to end their dog's suffering, indicating they are experiencing emotional distress and sorrow over the loss of their pet."
41378,generic_human,one_shot,inline,sadness,"The author is talking about having to put their dog to sleep, which indicates a sense of loss and emotional pain."
41378,generic_human,few_shot,numbered,sadness,"The author is describing a difficult and emotional decision to end their dog's suffering, indicating that they were feeling sad about the situation."
41378,generic_human,few_shot,inline,sadness,"The author is describing the difficult and emotional decision to put their pet dog to sleep, which typically evokes feelings of sadness."
41378,persona_a,zero_shot,numbered,8.,"The author expresses a sense of sorrow and difficulty in making the decision to end Holly's life, indicating that they felt sadness about putting their pet down."
41378,persona_a,zero_shot,inline,Sadness,"The author is expressing regret and emotional pain about having to make the difficult decision to put their dog to sleep, indicating a strong sense of loss and sorrow."
41378,persona_a,one_shot,numbered,sadness,"The author is describing a difficult and emotional decision to euthanize their pet, indicating that they are feeling sad about the situation."
41378,persona_a,one_shot,inline,sadness,"The author is describing a difficult and emotional decision to end their pet's life, indicating that they are feeling sad about the loss of their beloved animal."
41378,persona_a,few_shot,numbered,sadness,"The author describes the difficult decision to euthanize their beloved pet, which typically evokes feelings of sadness and grief."
41378,persona_a,few_shot,inline,sadness,"The author describes a difficult and emotional experience of having to euthanize their beloved pet, indicating feelings of loss and sorrow."
41378,persona_b,zero_shot,numbered,8,"The author expresses a sense of loss and acceptance of the difficult decision they made, indicating that they felt sadness about saying goodbye to their pet."
41378,persona_b,zero_shot,inline,Sadness,"The author is expressing a difficult decision to end their pet's life due to suffering, and the text conveys a sense of loss and sorrow."
41378,persona_b,one_shot,numbered,sadness,"The author is writing about the difficult decision to euthanize their own pet, expressing a somber and sorrowful tone typical of sadness."
41378,persona_b,one_shot,inline,sadness,"The author is describing the difficult decision to end their own pet's life due to suffering, a classic sadness trigger."
41378,persona_b,few_shot,numbered,sadness,"The author is describing the difficult decision to euthanize their own pet, which evokes feelings of loss and sorrow."
41378,persona_b,few_shot,inline,sadness,"The author is describing a difficult decision to end their pet's suffering, which evokes feelings of sorrow and loss."
5704,neutral,zero_shot,numbered,disgust,"The author's reaction to being flicked a wet bogey, likely indicating an unpleasant or foul physical contact, suggests they felt disgusted by the action."
5704,neutral,zero_shot,inline,Disgust,"The author mentions a wet bogey being flicked onto their cheek, which suggests they felt revulsion and discomfort at the unpleasant physical contact."
5704,neutral,one_shot,numbered,disgust,"The author reacts to a disgusting and unhygienic act, which is typical of the emotion disgust."
5704,neutral,one_shot,inline,disgust,"The author describes being subjected to an unhygienic and unpleasant bodily secretion, which is a classic trigger for the emotion of disgust."
5704,neutral,few_shot,numbered,disgust,"The author describes being physically and unexpectedly splattered with a bogey, which is a classic disgust trigger."
5704,neutral,few_shot,inline,disgust,The author describes a rude and unpleasant physical contact with something bodily and potentially germ-ridden.
5704,generic_human,zero_shot,numbered,disgust,"The author mentions a wet bogey being flicked onto their cheek, which is a physical and unpleasant action that would likely elicit feelings of disgust."
5704,generic_human,zero_shot,inline,Disgust,"The author mentions being flicked with a ""wet bogey"" which is a bodily secretion often associated with disgust or aversion."
5704,generic_human,one_shot,numbered,disgust,"The author describes being grossed out by having a wet, potentially infectious bogey flicked on their face, indicating a strong negative emotional response."
5704,generic_human,one_shot,inline,disgust,The author describes being targeted with a disgusting and personal physical attack.
5704,generic_human,few_shot,numbered,disgust,"The author describes being physically and unhygienically targeted by someone, a classic disgust trigger."
5704,generic_human,few_shot,inline,disgust,"The author describes being subjected to an unpleasant and invasive physical action, which typically triggers feelings of disgust."
5704,persona_a,zero_shot,numbered,2. disgust,"The author describes an unpleasant and unhygienic act being perpetrated against them, indicating a strong emotional reaction of disgust."
5704,persona_a,zero_shot,inline,Disgust,The author expresses a strong negative reaction to the unhygienic and disturbing act of being flicked with a wet bogey on public transport.
5704,persona_a,one_shot,numbered,disgust,"The author describes a sudden, unclean and unpleasant physical contact from another person, which is a classic trigger for feeling disgusted."
5704,persona_a,one_shot,inline,disgust,"The author describes being physically targeted with a gross and potentially unsanitary substance, triggering feelings of disgust."
5704,persona_a,few_shot,numbered,disgust,"The author describes an unpleasant and unhygienic event involving a bodily fluid, which triggers disgust."
5704,persona_a,few_shot,inline,disgust,"The author describes a foul and invasive bodily secretion being intentionally directed at them, which triggers strong feelings of disgust."
5704,persona_b,zero_shot,numbered,5. joy,"The author is likely experiencing joy because they are a parent who knows the action was done affectionately by their toddler, indicating a positive and loving relationship."
5704,persona_b,zero_shot,inline,Joy,The author is able to laugh off the situation and seems to be fond of their child's playful behavior.
5704,persona_b,one_shot,numbered,5. joy,"The author's tone and the context suggest that they are amused or pleased by their child's playful behavior, indicating a feeling of joy."
5704,persona_b,one_shot,inline,amusement,"The author's tone and context suggest a humorous reaction to the situation, as they're describing an action by their toddler rather than expressing distress."
5704,persona_b,few_shot,numbered,amusement,"The author describes a silly, albeit slightly annoying, incident involving their toddler, indicating they found it amusing rather than negative or serious."
5704,persona_b,few_shot,inline,amusement,"The author's tone is likely lighthearted and playful, suggesting they find the situation humorous or amusing."
3328,neutral,zero_shot,numbered,2. disgust,"The author reacted negatively to the unpleasant discovery of gristle in a sausage, indicating they felt repulsed or disgusted by the experience."
3328,neutral,zero_shot,inline,Disgust,"The author mentions the unpleasant experience of biting into a sausage with gristle, indicating a strong negative reaction to an unappealing or repulsive stimulus."
3328,neutral,one_shot,numbered,disgust,"The author describes finding unpleasant, unappetizing gristle in their sausage, a classic trigger for the emotion of disgust."
3328,neutral,one_shot,inline,disgust,"The author describes finding unpleasant, unexpected gristle in their meal, which is a classic trigger for the emotion of disgust."
3328,neutral,few_shot,numbered,disgust,"The author describes finding gristle in their food, which is a common trigger for the emotion of disgust."
3328,neutral,few_shot,inline,disgust,"The author describes finding a unpleasant texture (gristle) while eating, which typically triggers disgust."
3328,generic_human,zero_shot,numbered,2. disgust,"The author's reaction to biting into a sausage with gristle implies a strong feeling of aversion and revulsion, which is characteristic of the emotion disgust."
3328,generic_human,zero_shot,inline,Disgust,The author's mention of gristle in the sausage suggests a strong negative reaction to an unpleasant or unappetizing experience.
3328,generic_human,one_shot,numbered,disgust,"The author describes finding gristle, a unpleasant and unexpected texture, while eating sausages, triggering the emotion of disgust."
3328,generic_human,one_shot,inline,disgust,"The author describes finding an unpleasant texture (gristle) in their food, a classic disgust trigger."
3328,generic_human,few_shot,numbered,disgust,"The author describes finding gristle, a unpleasant and unexpected texture, in their meal, which triggers disgust."
3328,generic_human,few_shot,inline,disgust,"The author describes finding a unpleasant texture (gristle) in their food, which is a classic trigger for the emotion of disgust."
3328,persona_a,zero_shot,numbered,2. disgust,"The author's reaction to finding gristle in the sausage indicates a strong negative physical response, which is consistent with feelings of disgust."
3328,persona_a,zero_shot,inline,Disgust,"The author felt a strong negative reaction to finding gristle in their sausage, which indicates that they were repulsed by the experience."
3328,persona_a,one_shot,numbered,disgust,"The author describes finding an unpleasant and unexpected texture (gristle) in their food, a classic disgust trigger."
3328,persona_a,one_shot,inline,disgust,"The author describes finding gristle in a sausage they were eating, which is an unpleasant and unexpected texture, triggering a strong negative emotion."
3328,persona_a,few_shot,numbered,disgust,"The author describes finding unpleasant, unpalatable food, specifically gristle in a sausage, which triggers the emotion of disgust."
3328,persona_a,few_shot,inline,disgust,"The author describes finding an unpleasant texture (gristle) in their food, which triggers a classic disgust response."
3328,persona_b,zero_shot,numbered,2. disgust,"The author expresses distaste and dissatisfaction with the texture of the sausage, indicating a strong negative emotional reaction to the experience."
3328,persona_b,zero_shot,inline,Disgust,The author felt disgusted by the unpleasant texture of gristle in the sausage they were eating.
3328,persona_b,one_shot,numbered,disappointment,"The author was expecting a high-quality meal, but instead found an unpleasant experience with the presence of gristle in the sausage, indicating they felt let down by their dining experience."
3328,persona_b,one_shot,inline,disappointment,"The author expresses dissatisfaction with a high-priced meal that contained gristle, implying their expectation of better quality was unmet."
3328,persona_b,few_shot,numbered,disgust,"The author describes eating a meal with an unpleasant texture, specifically gristle in the sausage, which is a classic disgust trigger."
3328,persona_b,few_shot,inline,disappointment,"The author is upset about the poor quality of a high-priced meal, which suggests a feeling of disappointment rather than outright anger or disgust."
3443,neutral,zero_shot,numbered,3. fear,"The author is mentioning a specific health concern (COVID-19) that they thought they might have contracted, indicating a natural response of fear to the situation."
3443,neutral,zero_shot,inline,Fear,"The author mentions thinking they had COVID-19, which indicates a concern for their health and well-being, characteristic of the emotion fear."
3443,neutral,one_shot,numbered,fear,"The author mentions a health concern, indicating that they were likely anxious or afraid for their well-being."
3443,neutral,one_shot,inline,fear,"The author mentions thinking they had a serious illness (COVID-19), which is a classic trigger for the emotion of fear."
3443,neutral,few_shot,numbered,relief,"The author mentions a potentially serious health scare, but the context implies they are now relieved that it was likely not COVID-19."
3443,neutral,few_shot,inline,fear,"The author mentions thinking they had a serious illness (COVID-19), which triggers fear for their safety and health."
3443,generic_human,zero_shot,numbered,3. fear,"The author mentions that they thought they had COVID-19, indicating a concern for their health which is characteristic of the emotion fear."
3443,generic_human,zero_shot,inline,Fear,"The author mentions having a potentially serious health concern (COVID-19), indicating they were likely afraid for their well-being."
3443,generic_human,one_shot,numbered,relief,"The author's tone suggests a sense of positive outcome or resolution after initially experiencing fear and uncertainty about having COVID-19, which indicates feeling relieved that they did not actually have it."
3443,generic_human,one_shot,inline,fear,"The author mentions thinking they had COVID-19, implying a concern for their health and well-being, a classic trigger for the emotion of fear."
3443,generic_human,few_shot,numbered,relief,"The author is likely relieved that they did not actually have COVID-19, and the ambiguity of their symptoms is resolved, which triggers a sense of relief."
3443,generic_human,few_shot,inline,relief,The author implies a sense of anxiety or worry about having COVID-19 and then expresses feelings when that concern is alleviated.
3443,persona_a,zero_shot,numbered,3. fear,"The author mentions feeling a certain emotion when they thought they had COVID-19, indicating concern for their health and well-being due to a pre-existing respiratory condition, which is consistent with the emotion of fear."
3443,persona_a,zero_shot,inline,Fear,The author's concern about having COVID-19 and the potential implications for their pre-existing respiratory condition suggests a feeling of fear.
3443,persona_a,one_shot,numbered,fear,"The author was worried about having a serious illness, COVID-19, which is a classic fear trigger for someone with a pre-existing respiratory condition."
3443,persona_a,one_shot,inline,fear,The author's pre-existing respiratory condition and the possibility of contracting COVID-19 likely triggered a fear response.
3443,persona_a,few_shot,numbered,relief,"The author implies a positive outcome after testing, likely referring to a negative test result for COVID-19, which would evoke feelings of relief."
3443,persona_a,few_shot,inline,relief,"The author's expression of past uncertainty about having COVID-19 suggests a recent experience of danger or risk, and the fact that they are only reflecting on it now implies a current sense of safety, which is typically accompanied by feelings of relief."
3443,persona_b,zero_shot,numbered,relief,"The author was relieved after initially fearing they had COVID-19, but it turned out to be a mild case despite their vaccination status."
3443,persona_b,zero_shot,inline,Relief,"The author mentions feeling relieved when they realized their mild symptoms were likely a result of being vaccinated and boosted, implying that they had worried about having COVID-19."
3443,persona_b,one_shot,numbered,relief,"The author felt a sense of relief because they were vaccinated and boosted, which likely reduced their concern about having COVID-19 with only mild symptoms."
3443,persona_b,one_shot,inline,relief,"The author expresses a positive outcome (not having severe COVID-19 symptoms) after initially worrying about it, indicating a feeling of being better off than expected."
3443,persona_b,few_shot,numbered,relief,"The author describes having only mild symptoms despite being at risk for severe illness, indicating a sense of fortunate escape from more serious consequences."
3443,persona_b,few_shot,inline,relief,"The author describes a situation where they were worried about having COVID-19, but it turned out to be less severe than expected, indicating a sense of alleviated anxiety or fear."
4497,neutral,zero_shot,numbered,3. fear,"The author felt fear when thunder hit their roof and the lights went off during a power outage, indicating a sense of alarm or anxiety."
4497,neutral,zero_shot,inline,Fear,The author describes a potentially threatening situation (thunderstorm and power outage) that evokes feelings of anxiety or apprehension.
4497,neutral,one_shot,numbered,fear,"The author's description of a thunderstorm hitting their roof and the lights going off suggests that they felt threatened or endangered, which is consistent with the emotion of fear."
4497,neutral,one_shot,inline,fear,"The author describes feeling anxious and uneasy when thunder hit their roof during a power outage, indicating that they experienced fear."
4497,neutral,few_shot,numbered,relief,"The author felt a sense of safety and security returned when the power outage ended, which is typically associated with feeling relieved."
4497,neutral,few_shot,inline,fear,"The author describes a sudden and alarming situation involving a thunderstorm and power outage, which triggers fear for their safety."
4497,generic_human,zero_shot,numbered,fear,"The author mentions a thunderstorm, thunder hitting their roof, and a power outage, creating an atmosphere of danger and anxiety that is characteristic of the emotion fear."
4497,generic_human,zero_shot,inline,Fear,"The text describes the author's reaction to a thunderstorm and power outage, indicating they felt a sense of danger or threat."
4497,generic_human,one_shot,numbered,fear,"The author describes a sudden and potentially threatening situation (the thunderstorm hitting their roof), which is a classic trigger for the emotion of fear."
4497,generic_human,one_shot,inline,fear,"The author describes a threatening situation (thunderstorm and power outage), which is a classic trigger for the emotion of fear."
4497,generic_human,few_shot,numbered,surprise,The author describes a sudden and unexpected event (a thunderstorm causing a power outage) that triggers surprise.
4497,generic_human,few_shot,inline,fear,The author describes a sudden and alarming event (thunderstorm hitting their roof) that triggers fear for their safety.
4497,persona_a,zero_shot,numbered,3. fear,"The author felt fear when thunder hit their roof and all the lights went off during a power outage, indicating a sense of vulnerability to another potential lightning strike that damaged their home previously."
4497,persona_a,zero_shot,inline,Fear,"The author's description of the sudden thunderstorm and power outage, combined with their past experience of a home damaged by lightning, indicates a fearful response to a perceived threat."
4497,persona_a,one_shot,numbered,fear,"The author describes a sudden and intense threat to their safety, triggered by the thunderstorm and power outage, which is a classic fear trigger."
4497,persona_a,one_shot,inline,fear,"The author's description of a thunderstorm hitting their home and causing the power to go out suggests they are experiencing a sense of vulnerability and anxiety, classic indicators of fear."
4497,persona_a,few_shot,numbered,fear,"The author describes a situation where their home is vulnerable to another potential lightning strike, triggering fear for the safety of themselves and their loved ones."
4497,persona_a,few_shot,inline,fear,"The author describes a sudden and alarming event involving a thunderstorm hitting their previously damaged home, which triggers fear for their safety."
4497,persona_b,zero_shot,numbered,5. joy,"The author felt happy and content when the thunderstorm began, indicating that they enjoy the cozy atmosphere it creates while being indoors with their partner."
4497,persona_b,zero_shot,inline,joy,The author felt a positive emotional response to the thunderstorm and the romantic moment with their partner when they were safely indoors.
4497,persona_b,one_shot,numbered,joy,"The author describes the power outage as an opportunity to cuddle with their partner, and experiences a pleasant feeling when thunder hits, suggesting a romantic and joyful atmosphere."
4497,persona_b,one_shot,inline,joy,"The author describes a romantic and cozy atmosphere with their partner during the thunderstorm, evoking a positive emotional response."
4497,persona_b,few_shot,numbered,joy,"The author describes a positive, romantic experience with their partner during the thunderstorm, which triggers feelings of happiness and contentment."
4497,persona_b,few_shot,inline,surprise,"The author describes a sudden and unexpected event (the thunderstorm), but the context suggests they were not alarmed or threatened by it. They describe finding thunderstorms ""cozy"" and ""romantic"", indicating that the shock of the power outage was more thrilling than frightening, fitting with the label of surprise."
31089,neutral,zero_shot,numbered,8,"The author is expressing a loss of a loved one, which typically elicits feelings of sadness."
31089,neutral,zero_shot,inline,sadness,"The author's mother has died, which is a common trigger for feelings of sadness."
31089,neutral,one_shot,numbered,sadness,"The author mentions the death of their mother, a classic trigger for feelings of sadness and grief."
31089,neutral,one_shot,inline,sadness,"The author's mother died, a loss that typically triggers feelings of sorrow and grief."
31089,neutral,few_shot,numbered,sadness,"The author mentions the death of their mother, a classic trigger for feelings of sadness and loss."
31089,neutral,few_shot,inline,sadness,"The author mentions the death of their mother, a classic trigger for feelings of loss and grief."
31089,generic_human,zero_shot,numbered,8,"The author mentions their mother died, indicating a loss of someone close, which is typically associated with feelings of sadness."
31089,generic_human,zero_shot,inline,sadness,The author is expressing a negative emotional response to the loss of their mother.
31089,generic_human,one_shot,numbered,sadness,"The author explicitly states that their mother died, a classic trigger for feelings of loss and sadness."
31089,generic_human,one_shot,inline,sadness,"The author mentions the death of their mother, which is a classic trigger for feelings of sadness and grief."
31089,generic_human,few_shot,numbered,sadness,"The author expresses a feeling of emotional pain and distress following the loss of their mother, which is a classic trigger for sadness."
31089,generic_human,few_shot,inline,sadness,"The author mentions the death of their mother, a life event that typically evokes feelings of loss and sadness."
31089,persona_a,zero_shot,numbered,8,"The author is expressing a sense of loss and grief due to their mother's death, indicating they felt sad about the event."
31089,persona_a,zero_shot,inline,sadness,"The author's mother has passed away and they're expressing a emotional response to the loss, indicating a sense of grief."
31089,persona_a,one_shot,numbered,sadness,"The author mentions the death of their mother, a significant loss that typically evokes feelings of sorrow and grief."
31089,persona_a,one_shot,inline,sadness,"The author is expressing a personal loss and grief, typical of the emotion sadness."
31089,persona_a,few_shot,numbered,sadness,"The author is describing the death of their mother, a significant life loss that typically evokes feelings of sadness, especially given their strained relationship which may have caused additional emotional pain."
31089,persona_a,few_shot,inline,sadness,"The author is expressing a personal loss and emotional pain, which is typically associated with feelings of sadness."
31089,persona_b,zero_shot,numbered,8.,"The author's use of ""felt"" and the context of their mother's death suggests a strong emotional response, which is typically associated with sadness when experiencing loss."
31089,persona_b,zero_shot,inline,sadness,"The author's tone and context suggest a deep sense of loss and grief, which is characteristic of the emotion sadness."
31089,persona_b,one_shot,numbered,sadness,"The author's mother has passed away, and they express a sense of loss, indicating that the primary emotion felt is sadness."
31089,persona_b,one_shot,inline,sadness,"The author's expression of emotional dependence and the death of their mother suggest a deep sense of loss and grief, characteristic of sadness."
31089,persona_b,few_shot,numbered,sadness,"The author expresses a strong emotional reaction to their mother's death, indicating the loss and grief typically associated with sadness."
31089,persona_b,few_shot,inline,sadness,"The author mentions the death of their mother and expresses a sense of emotional loss, which is typically associated with feeling sad."
5914,neutral,zero_shot,numbered,7,"The author expresses a sense of gratitude and happiness towards the safe delivery of their baby, indicating that they felt relief at the resolution of the intense pain and uncertainty."
5914,neutral,zero_shot,inline,Relief,"The author expresses gratitude that their baby arrived safely and well, indicating a positive emotional outcome after a distressing experience."
5914,neutral,one_shot,numbered,relief,"The author describes a stressful and frightening experience, but ultimately a safe outcome for their baby, indicating they felt a strong sense of relief at the end."
5914,neutral,one_shot,inline,relief,"The author describes a stressful and potentially life-threatening situation being resolved safely and well, indicating that their primary emotion was one of relief."
5914,neutral,few_shot,numbered,relief,"The author describes a intense, potentially life-threatening situation with a positive outcome, which typically evokes feelings of relief."
5914,neutral,few_shot,inline,relief,"The author describes a stressful and alarming situation involving their baby's health, but ultimately reports a positive outcome with the baby arriving safe and well, indicating a feeling of relief."
5914,generic_human,zero_shot,numbered,7. relief,"The author expresses a sense of calm and gratitude that their baby arrived safely, indicating that the intense anxiety and worry had lifted once the crisis was over."
5914,generic_human,zero_shot,inline,relief,"The author expresses a sense of safety and well-being for both themselves and their baby, which suggests that they felt relieved after the ordeal."
5914,generic_human,one_shot,numbered,relief,"The author describes a potentially life-threatening situation, but ultimately concludes with the safe arrival of their baby, indicating that they felt relieved at the positive outcome despite the initial distress."
5914,generic_human,one_shot,inline,relief,"The author describes a frightening and painful experience being resolved with their baby's safe arrival, indicating a strong sense of relief at the outcome."
5914,generic_human,few_shot,numbered,relief,"The author describes a difficult and worrisome experience that ends positively, with the safe arrival of their baby, which typically evokes feelings of relief."
5914,generic_human,few_shot,inline,relief,"The author describes a tense and alarming situation, but ultimately one that ends with their baby arriving safely, which typically evokes feelings of relief."
5914,persona_a,zero_shot,numbered,7. relief,"The author's situation is resolved with a positive outcome, and they express a sense of safety and well-being for both themselves and their baby."
5914,persona_a,zero_shot,inline,relief,"The author's writing describes a stressful and intense experience, but ultimately ends with the safe arrival of their baby, which suggests that they felt a strong sense of relief after the ordeal was over."
5914,persona_a,one_shot,numbered,relief,"The author's tone shifts from anxiety and worry about the baby's well-being to a positive outcome, indicating that they felt relieved when their baby arrived safe and well."
5914,persona_a,one_shot,inline,relief,"The author's tone is one of gratitude and calm after a potentially traumatic experience, indicating that they felt relief at the safe arrival of their baby."
5914,persona_a,few_shot,numbered,relief,"The author describes a high-stress situation with concern for the baby's safety, but ultimately ends the story with their baby arriving safely and well, indicating a strong sense of relief."
5914,persona_a,few_shot,inline,fear,"The author describes a traumatic and alarming experience of childbirth, with fears about the baby's and their own safety, which triggers fear."
5914,persona_b,zero_shot,numbered,8.,"The author's experience of a previous loss during childbirth and their current distressing situation evoke feelings of sadness, particularly for the safe delivery of their baby but likely still holding onto pain of past loss."
5914,persona_b,zero_shot,inline,Relief,"The author is grateful that their baby arrived safe and well, despite a difficult labor experience, indicating a sense of reassurance and calm."
5914,persona_b,one_shot,numbered,relief,"The author mentions that their baby arrived ""safe and well"", indicating a positive outcome after a potentially traumatic experience, which suggests they felt relieved."
5914,persona_b,one_shot,inline,relief,"The author expresses a safe and healthy outcome for their baby despite initial concerns, indicating a strong sense of relief."
5914,persona_b,few_shot,numbered,relief,"The author describes a positive outcome, the safe birth of their baby, which typically evokes feelings of relief after a high-stakes and potentially life-threatening situation."
5914,persona_b,few_shot,inline,relief,"The author describes a traumatic experience but ultimately ends with their baby arriving safe and well, indicating that the dominant emotion is relief at the positive outcome."
41082,neutral,zero_shot,numbered,6. pride,"The author felt proud because they received a compliment from their instructor on their skill and attention to detail, indicating self-satisfaction with their achievement."
41082,neutral,zero_shot,inline,Pride,The author's accomplishment and positive reinforcement from their instructor suggest a sense of personal satisfaction and admiration for themselves.
41082,neutral,one_shot,numbered,pride,"The author felt pride when their art instructor complimented their skill and attention to detail, a classic pride trigger."
41082,neutral,one_shot,inline,pride,"The author felt proud after receiving a compliment on their skill and attention to detail from an instructor, a classic indicator of pride."
41082,neutral,few_shot,numbered,pride,"The author describes receiving a compliment on their skill and attention to detail, which typically evokes feelings of pride."
41082,neutral,few_shot,inline,pride,The author felt a sense of pride when receiving positive feedback on their artistic skills and attention to detail.
41082,generic_human,zero_shot,numbered,6. pride,"The author felt proud of their accomplishment and received recognition from an instructor, indicating a positive emotional response to their achievement."
41082,generic_human,zero_shot,inline,Pride,The author felt proud of their achievement and received recognition for it.
41082,generic_human,one_shot,numbered,pride,"The author felt proud when they received a compliment on their artistic skill and attention to detail from an instructor, indicating a sense of accomplishment and self-satisfaction."
41082,generic_human,one_shot,inline,pride,The author felt proud when their art instructor complimented their skill and attention to detail.
41082,generic_human,few_shot,numbered,pride,"The author describes receiving a compliment on their art skill and attention to detail, which typically evokes feelings of pride."
41082,generic_human,few_shot,inline,pride,The author expresses positive feelings towards receiving a compliment on their artistic skill and attention to detail.
41082,persona_a,zero_shot,numbered,6. pride,"The author felt proud of their work and themselves after receiving a compliment from an instructor who had just acknowledged their skill and attention to detail, indicating a positive emotional state."
41082,persona_a,zero_shot,inline,Pride,"The author felt proud of their accomplishment and received external validation from their instructor, indicating a sense of self-worth and confidence."
41082,persona_a,one_shot,numbered,pride,"The author felt a sense of pride when they received recognition for their artistic skills, which contradicts the initial self-doubt mentioned earlier, indicating a shift from negative to positive emotions."
41082,persona_a,one_shot,inline,pride,"The author's feelings of doubt and self-questioning about their talent are overcome by the instructor's compliment, indicating a sense of pride in their abilities."
41082,persona_a,few_shot,numbered,pride,"The author describes receiving a compliment from an instructor on their skill and attention to detail, which is typically associated with feelings of pride after overcoming self-doubt about their talent."
41082,persona_a,few_shot,inline,pride,"The author's talent and skill were acknowledged by an instructor, causing them to feel a sense of pride in their abilities."
41082,persona_b,zero_shot,numbered,6. pride,"The author's positive experience and external validation from their instructor led to a sense of satisfaction and self-appreciation, which is characteristic of the emotion of pride."
41082,persona_b,zero_shot,inline,Joy,The author experienced a positive emotional response to receiving praise and recognition for their artistic skill.
41082,persona_b,one_shot,numbered,pride,"The author felt a sense of accomplishment and positive self-regard from receiving a compliment on their art skills, which is characteristic of the emotion pride."
41082,persona_b,one_shot,inline,pride,"The instructor's compliment highlighted the author's skill and attention to detail, which likely boosted their sense of accomplishment and pride."
41082,persona_b,few_shot,numbered,pride,"The author felt a sense of accomplishment and satisfaction from receiving positive feedback on their work, which is a classic trigger for the emotion of pride."
41082,persona_b,few_shot,inline,pride,"The author felt a sense of accomplishment and was complimented on their skill, typical triggers for feelings of pride."
31015,neutral,zero_shot,numbered,8,"The author describes feeling ""very ...."" and mentions crying for a few days, which indicates that they were experiencing sadness due to their boyfriend's lack of communication and their own feelings of longing."
31015,neutral,zero_shot,inline,sadness,"The author describes feeling ""very ...."" with tears and heartbreak, indicating a strong emotional response that is characteristic of sadness."
31015,neutral,one_shot,numbered,sadness,"The author mentions feeling ""very"" and ""brokenhearted"", crying for a few days, and describes the situation as making them feel ""sadness"" is inferred from the context of relationship problems and emotional distress."
31015,neutral,one_shot,inline,sadness,"The author describes feeling a strong emotional reaction to their boyfriend's absence, including crying for days, and states that they were ""brokenhearted"", which indicates sadness."
31015,neutral,few_shot,numbered,sadness,"The author describes feeling emotional pain, crying for a few days, and being brokenhearted due to the boyfriend's lack of communication and physical absence."
31015,neutral,few_shot,inline,sadness,"The author describes feeling ""brokenhearted"", crying for a few days, and struggling with relationship anxiety due to the temporary absence from their boyfriend."
31015,generic_human,zero_shot,numbered,sadness,"The author explicitly mentions feeling ""brokenhearted"", crying for a few days, and having relationship anxiety, indicating that they were experiencing feelings of sadness due to the boyfriend's lack of communication."
31015,generic_human,zero_shot,inline,sadness,"The text describes the author feeling ""very"" and ""brokenhearted"" after their boyfriend didn't respond, which indicates a strong emotional pain and distress."
31015,generic_human,one_shot,numbered,sadness,"The author describes feeling ""very"" emotional, crying for a few days, and stating that they were ""brokenhearted"", all of which are indicative of sadness."
31015,generic_human,one_shot,inline,sadness,"The author describes feeling ""very ... and brokenhearted"" after their boyfriend didn't text back, and also mentions crying for a few days."
31015,generic_human,few_shot,numbered,sadness,"The author describes feelings of longing, anxiety, and heartbreak due to the absence of their boyfriend, which is a classic indicator of sadness."
31015,generic_human,few_shot,inline,sadness,The author describes feeling brokenhearted and cried for a few days due to the lack of communication with their boyfriend.
31015,persona_a,zero_shot,numbered,sadness,"The author describes feeling ""very ...."" and being ""brokenhearted"", which indicates they were experiencing sadness due to their boyfriend's absence."
31015,persona_a,zero_shot,inline,sadness,"The author describes feeling ""very ...."" and later states that they cried for a few days, indicating a strong emotional response to the situation."
31015,persona_a,one_shot,numbered,sadness,"The author describes feeling ""very ... and brokenhearted"" after their boyfriend didn't text back, indicating a strong emotional pain, which is characteristic of the emotion sadness."
31015,persona_a,one_shot,inline,sadness,"The author describes feeling ""very ... and brokenhearted"", crying for a few days, and mentions that they hadn't cried about it until now, indicating that the dominant emotion is sadness."
31015,persona_a,few_shot,numbered,sadness,"The author describes experiencing crying and heartbreak, indicating a strong emotional response typical of sadness."
31015,persona_a,few_shot,inline,sadness,"The author describes feeling emotionally vulnerable, crying for days, and being ""brokenhearted"", which are all characteristic of the emotion sadness."
31015,persona_b,zero_shot,numbered,sadness,"The author expresses crying for a few days, feeling ""very"" something (implied to be sad) and being ""brokenhearted"", indicating that they felt sadness due to their boyfriend's lack of timely communication."
31015,persona_b,zero_shot,inline,sadness,"The author mentions crying for a few days and feeling ""brokenhearted"" when their boyfriend didn't text back in a timely manner."
31015,persona_b,one_shot,numbered,sadness,"The author describes feeling brokenhearted and crying for a few days, indicating a strong emotional response to the absence of their boyfriend, which is a classic trigger for sadness."
31015,persona_b,one_shot,inline,sadness,"The author mentions feeling ""very ... and brokenhearted"" after not hearing from their boyfriend, indicating a strong emotional response to the situation."
31015,persona_b,few_shot,numbered,sadness,"The author explicitly mentions feeling brokenhearted and crying for a few days, indicating they were experiencing a strong sense of sadness."
31015,persona_b,few_shot,inline,sadness,"The author describes feeling ""brokenhearted"", crying for a few days, and experiencing relationship anxiety due to their boyfriend's absence."
41228,neutral,zero_shot,numbered,8.,"The author mentions feeling ""upset"" and a ""sense of hopelessness"", which indicates they experienced sadness when their grandad's condition was serious."
41228,neutral,zero_shot,inline,Sadness,"The author mentions a sense of hopelessness and upset, indicating that they were experiencing emotions associated with sorrow or grief."
41228,neutral,one_shot,numbered,sadness,"The author describes a close call with loss, mentions feeling ""hopelessness and upset"", indicating that they were emotionally affected by the experience."
41228,neutral,one_shot,inline,sadness,"The author mentions feeling a sense of hopelessness and upset, which suggests they were mourning the possibility of losing their grandad, indicating sadness."
41228,neutral,few_shot,numbered,sadness,"The author describes feeling a sense of hopelessness and upset, indicating that they were experiencing sadness due to the close call with their grandad's health issue."
41228,neutral,few_shot,inline,relief,The author mentions that the situation was not life-threatening and describes a strong feeling of emotional release when their grandad recovered.
41228,generic_human,zero_shot,numbered,8,"The author expresses a ""sense of hopelessness and upset"", indicating that they felt sad about the experience of their grandad's temporary ailment."
41228,generic_human,zero_shot,inline,sadness,"The author expresses feelings of hopelessness and upset, indicating a loss of emotional control and distress."
41228,generic_human,one_shot,numbered,sadness,"The author describes a close brush with loss and their own emotional unpreparedness, which triggered feelings of sorrow and grief."
41228,generic_human,one_shot,inline,sadness,"The author mentions feeling a ""sense of hopelessness and upset"", indicating that they were experiencing emotional distress."
41228,generic_human,few_shot,numbered,sadness,"The author describes feeling a sense of hopelessness and upset, indicating that they were experiencing sadness due to the close call with their grandad's illness."
41228,generic_human,few_shot,inline,sadness,"The author describes feeling a sense of hopelessness and upset after the closest experience they had to losing someone close, which is a classic trigger for sadness."
41228,persona_a,zero_shot,numbered,3. fear,"The author expresses a sense of hopelessness and upset, indicating that they were afraid of losing their grandad and the impact it would have on them."
41228,persona_a,zero_shot,inline,Sadness,"The author expresses feelings of hopelessness and upset, indicating a sorrowful emotional state."
41228,persona_a,one_shot,numbered,fear,"The author expresses feeling a sense of hopelessness and upset, but the text also reveals that they were most affected by the possibility of losing someone close, indicating that their primary emotion was fear."
41228,persona_a,one_shot,inline,relief,The author feels a sense of gratitude and calm after their grandad recovered from an illness that had the potential to be life-threatening.
41228,persona_a,few_shot,numbered,relief,"The author expresses a sense of gratitude and positivity about the positive outcome, indicating that they felt relieved."
41228,persona_a,few_shot,inline,sadness,"The author is reflecting on a close brush with loss and expresses feeling ""upset"" and a sense of ""hopelessness"", indicating they were overcome by sorrow."
41228,persona_b,zero_shot,numbered,8,"The author felt a sense of hopelessness and upset, indicating that they were emotionally affected by their grandad's health scare, which is consistent with feeling sadness."
41228,persona_b,zero_shot,inline,Sadness,"The author mentions feeling a ""sense of hopelessness and upset"" and describes the experience as ""huge"", indicating that they were deeply affected by their grandad's health scare."
41228,persona_b,one_shot,numbered,relief,"The author expresses a sense of gratitude and emphasizes the enormity of having narrowly avoided losing another loved one, indicating that they felt relieved by their grandad's recovery."
41228,persona_b,one_shot,inline,sadness,"The author describes feeling a sense of hopelessness and upset after their grandad's temporary ailment, suggesting they have been affected emotionally by the situation."
41228,persona_b,few_shot,numbered,sadness,"The author describes a close family member's illness and expresses feelings of hopelessness and upset, indicating that they are still sensitive to the loss of loved ones despite their numbness to health scares."
41228,persona_b,few_shot,inline,relief,"The author feels a sense of huge relief that their grandad's condition was not life-threatening, indicating that they were worried and anxious about the potential outcome."
