text_id,framing_condition,prompt_variant,label_format,label,reason
378,neutral,zero_shot,numbered,anger,"The author expresses frustration and hurt from being gaslighted and having their concerns dismissed, which aligns with anger."
378,neutral,zero_shot,inline,anger,"The author expresses frustration and resentment toward their mom's dismissive and manipulative behavior, which likely triggered anger."
378,neutral,one_shot,numbered,anger,"The author expresses frustration with their mom's wrongdoing and the manipulative gaslighting, which typically evokes anger."
378,neutral,one_shot,inline,anger,"The author expresses frustration and resentment toward their mom's manipulative behavior and lack of accountability, which are classic signs of anger."
378,neutral,few_shot,numbered,anger,"The author expresses frustration and resentment toward their mom's immature behavior and gaslighting, which likely provoked anger."
378,neutral,few_shot,inline,anger,"The author describes a situation where their mother's immature behavior and gaslighting triggered frustration and resentment, common emotional responses to manipulation and conflict."
378,generic_human,zero_shot,numbered,anger,"The author felt anger toward their mom's immature and wrong behavior, compounded by the gaslighting and victim-playing response during a difficult conversation."
378,generic_human,zero_shot,inline,anger,"The author expresses frustration and resentment towards their mom's immature behavior and the gaslighting, which likely triggered anger."
378,generic_human,one_shot,numbered,anger,The author expresses frustration and outrage at being manipulated and dismissed by their mother for addressing her inappropriate behavior.
378,generic_human,one_shot,inline,anger,The author expresses frustration and resentment toward being gaslit and having their concerns dismissed by someone they care about.
378,generic_human,few_shot,numbered,anger,"The author expresses frustration and resentment toward their mom's manipulative behavior and lack of accountability, which are common triggers for anger."
378,generic_human,few_shot,inline,anger,"The author expresses frustration and resentment toward their mom's immature behavior and gaslighting, which likely evokes anger."
378,persona_a,zero_shot,numbered,anger,"The author expresses frustration and resentment toward their mother's immature behavior and the gaslighting, which likely evokes anger at being dismissed and manipulated."
378,persona_a,zero_shot,inline,sadness,"The author reflects on prolonged emotional distress from being gaslit by a parent, leading to a sense of helplessness and sorrow."
378,persona_a,one_shot,numbered,anger,"The author expresses frustration and outrage at their mother's wrongdoing and the manipulative gaslighting response, which undermines their attempt to address the issue."
378,persona_a,one_shot,inline,anger,"The author expresses frustration and resentment toward their mother's manipulative behavior and lack of accountability, which are classic triggers for anger."
378,persona_a,few_shot,numbered,anger,"The author expresses frustration and resentment toward their mom's manipulative behavior and immature actions, which are compounded by the repeated gaslighting and lack of accountability."
378,persona_a,few_shot,inline,anger,"The author expresses frustration and resentment toward their mother's manipulative behavior and gaslighting, which undermines their attempts to address her wrongdoing."
378,persona_b,zero_shot,numbered,anger,"The author expresses frustration and resentment towards their mother's wrongdoing and the gaslighting behavior, which likely triggered anger at being manipulated and disrespected."
378,persona_b,zero_shot,inline,anger,"The author feels anger towards their mother's wrong and immature behavior, compounded by the gaslighting and victim-playing that dismisses their concerns."
378,persona_b,one_shot,numbered,anger,"The author expresses frustration and hurt over their mother's wrongdoing and manipulative behavior, which likely evokes anger."
378,persona_b,one_shot,inline,anger,"The author expresses frustration and hurt at their mother's dismissive, manipulative behavior and her refusal to acknowledge her wrongdoing, which provokes anger."
378,persona_b,few_shot,numbered,anger,"The author expresses frustration and hurt over their mother's immature behavior and gaslighting, which likely evokes anger toward her manipulation and dismissiveness."
378,persona_b,few_shot,inline,anger,"The author describes being gaslit by their mother for confronting her wrong behavior, which likely evokes frustration and anger toward the manipulation and lack of accountability."
441,neutral,zero_shot,numbered,8,The author likely felt sadness due to the emotional pain and loss caused by the betrayal of their boyfriend cheating.
441,neutral,zero_shot,inline,sadness,The author is expressing emotional pain resulting from a relationship betrayal.
441,neutral,one_shot,numbered,sadness,"The author expresses emotional pain due to betrayal and loss in a relationship, which is a common trigger for sadness."
441,neutral,one_shot,inline,sadness,"The author expresses feeling hurt and emotionally distressed due to betrayal, which is a common response to infidelity."
441,neutral,few_shot,numbered,anger,"The author describes a betrayal in a relationship, which typically evokes anger."
441,neutral,few_shot,inline,sadness,"The author describes a betrayal leading to emotional pain and heartbreak, which is typically associated with sadness."
441,generic_human,zero_shot,numbered,8,The author likely felt sadness due to the emotional pain and loss caused by the betrayal of their boyfriend cheating.
441,generic_human,zero_shot,inline,anger,The author likely felt anger due to the betrayal and hurt caused by their boyfriend's infidelity.
441,generic_human,one_shot,numbered,anger,"The author experienced betrayal due to their boyfriend's infidelity, which typically elicits anger as a primary emotional response."
441,generic_human,one_shot,inline,sadness,"The author is expressing emotional pain resulting from a relationship betrayal, a common trigger for sadness."
441,generic_human,few_shot,numbered,anger,"The author describes a betrayal by a romantic partner, which typically evokes anger as a primary emotional response."
441,generic_human,few_shot,inline,anger,"The author describes a betrayal in a relationship, which typically evokes anger due to feelings of hurt and injustice."
441,persona_a,zero_shot,numbered,8. sadness,"The author is expressing the emotional impact of discovering infidelity, which typically evokes sadness due to the pain of betrayal and loss."
441,persona_a,zero_shot,inline,sadness,"The author is expressing the emotional pain of discovering her boyfriend's infidelity, which typically evokes sadness."
441,persona_a,one_shot,numbered,surprise,"The author was blindsided by the betrayal, indicating an unexpected and shocking discovery."
441,persona_a,one_shot,inline,anger,The author's betrayal and hurt from discovering infidelity typically evoke anger as a primary emotional response.
441,persona_a,few_shot,numbered,sadness,"The author describes a betrayal by a romantic partner, which typically evokes sadness."
441,persona_a,few_shot,inline,sadness,"The author describes a personal betrayal leading to emotional pain, a common response to infidelity."
441,persona_b,zero_shot,numbered,8,The author experienced sadness due to the emotional pain and heartbreak from discovering her boyfriend's infidelity after long suspicion.
441,persona_b,zero_shot,inline,sadness,The author experienced sadness due to the betrayal and confirmation of her boyfriend's infidelity after long suspicions.
441,persona_b,one_shot,numbered,anger,"The author experienced betrayal upon confirmation of her boyfriend's infidelity, a common trigger for anger."
441,persona_b,one_shot,inline,sadness,"The author experienced betrayal and emotional pain upon confirmation of her boyfriend's infidelity, which aligns with the emotion of sadness."
441,persona_b,few_shot,numbered,anger,"The author describes a betrayal by a partner, which typically evokes anger as a primary emotional response."
441,persona_b,few_shot,inline,anger,"The author experienced betrayal upon confirmation of her boyfriend's infidelity, a situation commonly associated with anger."
6337,neutral,zero_shot,numbered,fear,"The incomplete text suggests a reaction to a Halloween in-person experience, which is commonly associated with fear due to spooky or thrilling elements."
6337,neutral,zero_shot,inline,fear,"The incomplete text suggests a reaction to an in-person Halloween experience, which commonly evokes fear due to spooky or scary elements."
6337,neutral,one_shot,numbered,surprise,"The incomplete sentence structure and the mention of an in-person Halloween experience suggest an unexpected or novel situation, triggering surprise."
6337,neutral,one_shot,inline,fear,"The mention of an ""in person experience for Halloween"" suggests a potentially spooky or frightening scenario, which is commonly associated with fear."
6337,neutral,few_shot,numbered,joy,"The author describes participating in a festive, in-person Halloween experience, which is typically associated with positive emotions like joy."
6337,neutral,few_shot,inline,joy,"The author refers to participating in a festive, in-person Halloween experience, which is typically associated with positive emotions like joy."
6337,generic_human,zero_shot,numbered,5. joy,"The mention of an in-person Halloween experience suggests a positive, festive context, which is commonly associated with joy."
6337,generic_human,zero_shot,inline,joy,"The mention of a Halloween in-person experience likely evokes positive emotions like excitement or joy, as Halloween is commonly associated with fun and festive activities."
6337,generic_human,one_shot,numbered,fear,"The incomplete text suggests an in-person Halloween experience, which often evokes fear or thrill, especially if the author felt a strong emotional response during the event."
6337,generic_human,one_shot,inline,fear,"Halloween experiences often involve spooky or frightening elements, which commonly evoke fear."
6337,generic_human,few_shot,numbered,joy,"The author describes participating in a festive Halloween activity, which typically evokes positive emotions like joy."
6337,generic_human,few_shot,inline,joy,"The author describes participating in a festive, in-person Halloween experience, which is typically associated with positive emotions like joy."
6337,persona_a,zero_shot,numbered,5. joy,"The author, a horror fan who loves haunted house experiences, likely felt excitement and pleasure from the thrilling Halloween activity."
6337,persona_a,zero_shot,inline,joy,"The author, a horror fan who loves haunted house experiences, likely felt joy from the thrilling and immersive Halloween event."
6337,persona_a,one_shot,numbered,joy,"The author, a horror fan who enjoys haunted house experiences, likely felt excitement or pleasure from participating in a Halloween-themed activity."
6337,persona_a,one_shot,inline,joy,"The author, a horror fan who enjoys haunted house experiences, likely felt excitement and pleasure from participating in a Halloween-themed activity."
6337,persona_a,few_shot,numbered,joy,"The author describes participating in a thrilling Halloween experience they clearly enjoy, aligning with the positive emotion of joy."
6337,persona_a,few_shot,inline,joy,"The author describes participating in a thrilling activity they love, which typically evokes positive emotions like joy."
6337,persona_b,zero_shot,numbered,fear,"The author was forced into a Halloween experience that likely involved fear, given the context of being dragged along by friends who hate being scared."
6337,persona_b,zero_shot,inline,fear,"The author was forced into a Halloween experience that likely involved fear, given the context of being dragged along by friends who hate being scared."
6337,persona_b,one_shot,numbered,fear,"The author was forced into a scary Halloween experience, likely leading to fear due to the unpleasant and potentially frightening nature of the event."
6337,persona_b,one_shot,inline,fear,"The author was forced into a scary Halloween experience, which aligns with the emotion of fear due to the unpleasant and potentially frightening nature of the situation."
6337,persona_b,few_shot,numbered,fear,"The author describes being forced into a scary Halloween experience, which aligns with fear as the primary emotion."
6337,persona_b,few_shot,inline,fear,"The author describes being forced into a potentially scary Halloween experience, which aligns with fear as a reaction to an unsettling or threatening situation."
51081,neutral,zero_shot,numbered,guilt,"The author likely feels guilt for causing conflict with friends, reflecting on the emotional aftermath of the fight."
51081,neutral,zero_shot,inline,sadness,"The mention of a conflict with friends often leads to feelings of loss or regret, which aligns with sadness."
51081,neutral,one_shot,numbered,anger,"The author describes a conflict with friends, which is a common trigger for anger."
51081,neutral,one_shot,inline,anger,"The author describes a conflict with friends, which typically evokes anger as a primary emotional response."
51081,neutral,few_shot,numbered,anger,"The author describes a conflict with friends, a common scenario where anger is a primary emotional response."
51081,neutral,few_shot,inline,anger,"The author describes a conflict with friends, which typically evokes anger due to the confrontation and tension involved."
51081,generic_human,zero_shot,numbered,1,"The mention of fighting with friends suggests a conflict, and anger is the most immediate and common emotion experienced during such confrontations."
51081,generic_human,zero_shot,inline,anger,The mention of a fight with friends typically evokes anger as a primary emotion during conflict.
51081,generic_human,one_shot,numbered,anger,"The author describes a conflict with friends, which is commonly associated with the emotion of anger."
51081,generic_human,one_shot,inline,anger,"The author describes a conflict with friends, which is commonly associated with the emotion of anger."
51081,generic_human,few_shot,numbered,guilt,"The author reflects on a conflict with friends, which commonly evokes feelings of guilt for causing harm or discord."
51081,generic_human,few_shot,inline,anger,"The text describes a conflict with friends, a common trigger for anger."
51081,persona_a,zero_shot,numbered,4. guilt,"The author feels guilty for initiating a trivial fight with friends, which reflects regret or remorse for their actions."
51081,persona_a,zero_shot,inline,guilt,"The author feels remorseful for initiating a conflict with friends over a trivial matter, indicating regret for their actions."
51081,persona_a,one_shot,numbered,guilt,"The author feels remorseful for starting a conflict with friends over something insignificant, leading to negative emotional consequences."
51081,persona_a,one_shot,inline,guilt,"The author initiated a trivial fight with friends, leading to feelings of remorse or regret for causing conflict."
51081,persona_a,few_shot,numbered,guilt,"The author reflects on initiating a conflict with friends over a trivial matter, which typically evokes feelings of remorse or self-reproach."
51081,persona_a,few_shot,inline,guilt,"The author initiated a conflict with friends over a trivial matter, which typically evokes guilt for causing unnecessary strife."
51081,persona_b,zero_shot,numbered,anger,"The author is defending themselves against unfair accusations, which likely evokes anger due to feeling wronged and the need to assert themselves."
51081,persona_b,zero_shot,inline,anger,"The author is defending themselves against unfair accusations, which typically evokes anger as a reaction to being wronged."
51081,persona_b,one_shot,numbered,anger,"The author is defending themselves against unfair accusations, indicating a defensive and confrontational emotion typical of anger."
51081,persona_b,one_shot,inline,anger,"The author is defending themselves against unfair accusations, which typically evokes anger."
51081,persona_b,few_shot,numbered,anger,"The author describes defending themselves against unfair accusations, which typically evokes anger due to perceived injustice."
51081,persona_b,few_shot,inline,anger,"The author describes defending themselves against unfair accusations, which typically evokes anger due to perceived injustice."
2168,neutral,zero_shot,numbered,1,"The incomplete sentence ""I felt ... when arguing with a friend"" strongly implies a negative emotion commonly associated with conflict, and ""anger"" is the most direct and likely emotion in such a context."
2168,neutral,zero_shot,inline,anger,"The phrase ""arguing with a friend"" commonly evokes frustration or conflict, which is most closely associated with anger."
2168,neutral,one_shot,numbered,anger,"Arguing with a friend typically involves conflict, which is a common trigger for anger."
2168,neutral,one_shot,inline,anger,"The incomplete sentence suggests a negative emotional response typical during conflicts, with anger being the most direct and common emotion associated with arguing."
2168,neutral,few_shot,numbered,anger,"The author describes a situation involving a conflict with a friend, which typically evokes anger."
2168,neutral,few_shot,inline,anger,"The author describes a conflictual interaction with a friend, which is commonly associated with the emotion of anger."
2168,generic_human,zero_shot,numbered,anger,"The incomplete sentence suggests a strong emotional response during a conflict, and anger is the most common emotion associated with arguing."
2168,generic_human,zero_shot,inline,anger,The context of arguing with a friend typically evokes anger as a common emotional response during conflict.
2168,generic_human,one_shot,numbered,anger,"Arguing with a friend typically involves conflict and frustration, which are strong triggers for anger."
2168,generic_human,one_shot,inline,anger,"The author's incomplete sentence suggests a strong emotional reaction during a conflict, which is commonly associated with anger."
2168,generic_human,few_shot,numbered,anger,"The author describes a situation involving a conflict with a friend, which commonly evokes anger due to frustration or tension."
2168,generic_human,few_shot,inline,anger,"Arguments with friends often involve conflict and frustration, which are closely linked to the emotion of anger."
2168,persona_a,zero_shot,numbered,8,"The author is experiencing sadness due to the loss of a close, long-term friendship that is now deteriorating."
2168,persona_a,zero_shot,inline,sadness,"The author is experiencing sadness due to the loss of a close, long-term friendship that is now deteriorating."
2168,persona_a,one_shot,numbered,sadness,"The author reflects on the loss of a long-term friendship, a situation commonly associated with sadness."
2168,persona_a,one_shot,inline,sadness,"The author reflects on the deterioration of a close friendship, a situation commonly associated with sadness and emotional loss."
2168,persona_a,few_shot,numbered,sadness,"The author describes the loss of a long-term friendship, which typically evokes sadness."
2168,persona_a,few_shot,inline,sadness,"The author reflects on the loss of a close, long-term friendship, which evokes sadness due to the emotional impact of the relationship's deterioration."
2168,persona_b,zero_shot,numbered,1,"The author's description as ""quick to anger"" and the context of an argument directly align with the emotion of anger."
2168,persona_b,zero_shot,inline,anger,"The author's tendency to be quick to anger and frequent bickering suggests frustration or irritation during arguments, aligning with the emotion of anger."
2168,persona_b,one_shot,numbered,anger,"The author's description of being ""quick to anger"" and the context of an argument strongly suggest the emotion is anger."
2168,persona_b,one_shot,inline,anger,"The author's tendency to be quick to anger and frequent bickering suggests frustration or irritation during arguments, aligning with the emotion of anger."
2168,persona_b,few_shot,numbered,anger,"The author describes a situation involving an argument, combined with their tendency to be quick to anger, indicating frustration or irritation."
2168,persona_b,few_shot,inline,anger,"The author describes an argument with a friend known for quick temper and frequent bickering, implying frustration or irritation, which aligns with anger."
2187,neutral,zero_shot,numbered,1. anger,"The author describes losing their temper, slamming doors, and yelling, which are clear indicators of anger during the incident."
2187,neutral,zero_shot,inline,anger,"The author describes losing their temper, slamming doors, and yelling, which are clear indicators of anger during the incident."
2187,neutral,one_shot,numbered,guilt,"The author reflects on losing their temper and acknowledges letting emotions take over, indicating regret or self-reproach for their past behavior."
2187,neutral,one_shot,inline,anger,"The author describes losing their temper, slamming doors, and yelling, which are clear indicators of anger during the incident."
2187,neutral,few_shot,numbered,guilt,"The author reflects on losing control and letting emotions dominate, indicating regret for their outburst and possible wrongdoing."
2187,neutral,few_shot,inline,anger,"The author describes losing their temper, slamming doors, and yelling, which are clear signs of anger."
2187,generic_human,zero_shot,numbered,guilt,"The author reflects on losing control and acknowledges regret for their actions, indicating self-reproach for letting emotions override rational behavior."
2187,generic_human,zero_shot,inline,guilt,"The author reflects on losing control and regretting their actions, indicating self-reproach for letting emotions override rational behavior."
2187,generic_human,one_shot,numbered,guilt,"The author reflects on losing control and regretting their emotional outburst, indicating self-reproach for their actions."
2187,generic_human,one_shot,inline,anger,"The author describes losing temper, slamming doors, and yelling, which are clear indicators of anger."
2187,generic_human,few_shot,numbered,guilt,"The author reflects on losing control and acting poorly, indicating regret over letting emotions override rational behavior."
2187,generic_human,few_shot,inline,guilt,"The author reflects on losing their temper and acknowledges regret for letting emotions override rational behavior, indicating self-reproach."
2187,persona_a,zero_shot,numbered,guilt,"The author reflects on losing their temper and regrets letting emotions take over, indicating self-reproach for not maintaining their usual calmness."
2187,persona_a,zero_shot,inline,guilt,"The author reflects on losing their temper despite priding themselves on calmness, indicating regret and self-reproach for their outburst."
2187,persona_a,one_shot,numbered,guilt,"The author reflects on losing their temper despite priding themselves on staying calm, indicating self-reproach for their emotional outburst."
2187,persona_a,one_shot,inline,guilt,"The author reflects on losing their temper despite priding themselves on staying calm, indicating regret for not controlling their emotions."
2187,persona_a,few_shot,numbered,guilt,"The author reflects on losing their temper and feeling remorseful for not controlling their emotions, which contradicts their self-image of staying calm."
2187,persona_a,few_shot,inline,guilt,"The author reflects on losing their temper despite priding themselves on calmness, indicating regret for their emotional outburst."
2187,persona_b,zero_shot,numbered,4. guilt,"The author reflects on losing their temper and acknowledges regret over their actions, indicating remorse for letting emotions override self-control."
2187,persona_b,zero_shot,inline,guilt,"The author reflects on losing their temper and acknowledges regret over letting emotions control their actions, indicating self-reproach."
2187,persona_b,one_shot,numbered,guilt,"The author reflects on losing their temper and letting emotions override rational behavior, indicating regret for their actions."
2187,persona_b,one_shot,inline,guilt,"The author reflects on losing control and letting emotions dominate, indicating regret or self-reproach for their past behavior."
2187,persona_b,few_shot,numbered,guilt,"The author reflects on losing their temper and acknowledges letting emotions take over, indicating regret for their behavior."
2187,persona_b,few_shot,inline,guilt,"The author reflects on losing control and acknowledges letting emotions dominate, indicating remorse for their past behavior."
2182,neutral,zero_shot,numbered,9,"The author describes being bullied and mocked, which typically evokes feelings of shame due to the humiliation and social rejection experienced."
2182,neutral,zero_shot,inline,shame,"The text describes a painful experience of being bullied and mocked, which typically evokes feelings of shame due to the social humiliation and embarrassment involved."
2182,neutral,one_shot,numbered,shame,"The author describes being bullied and mocked, which typically evokes feelings of shame due to social humiliation and negative judgment."
2182,neutral,one_shot,inline,shame,"The author describes being bullied and mocked by others, which directly relates to feelings of shame and humiliation."
2182,neutral,few_shot,numbered,shame,"The author describes experiencing bullying and mockery from others, which typically evokes feelings of shame due to social humiliation and embarrassment."
2182,neutral,few_shot,inline,shame,"The author describes being bullied and mocked in a public situation, which typically evokes feelings of shame due to social humiliation."
2182,generic_human,zero_shot,numbered,9,"The author experienced shame due to being bullied and mocked, which directly relates to feeling humiliated and embarrassed in social situations."
2182,generic_human,zero_shot,inline,sadness,"The author describes being bullied and mocked, which typically evokes sadness due to the emotional pain and hurt caused by such treatment."
2182,generic_human,one_shot,numbered,shame,"The author describes being bullied and mocked, which typically evokes feelings of humiliation and embarrassment, classic indicators of shame."
2182,generic_human,one_shot,inline,shame,"The author describes being bullied and mocked, which typically evokes feelings of shame due to social humiliation and self-consciousness."
2182,generic_human,few_shot,numbered,shame,"The author describes being bullied and mocked by others, which typically evokes feelings of shame due to social humiliation."
2182,generic_human,few_shot,inline,shame,"The author describes being bullied and mocked, which typically evokes feelings of shame due to social humiliation and self-consciousness."
2182,persona_a,zero_shot,numbered,sadness,"The author describes being bullied and feeling targeted for something out of their control, which typically evokes a sense of distress and sadness."
2182,persona_a,zero_shot,inline,sadness,"The author describes a painful experience of bullying and feeling targeted for uncontrollable factors, which evokes a sense of sorrow and distress."
2182,persona_a,one_shot,numbered,shame,"The author describes being targeted by peers for uncontrollable factors, leading to feelings of humiliation and social exclusion, which aligns with shame."
2182,persona_a,one_shot,inline,shame,"The author describes being targeted by classmates for aspects beyond their control, leading to feelings of shame and embarrassment."
2182,persona_a,few_shot,numbered,shame,"The author describes being targeted by peers for uncontrollable factors, leading to feelings of humiliation and self-consciousness."
2182,persona_a,few_shot,inline,shame,"The author was targeted for something beyond their control, leading to feelings of shame and embarrassment."
2182,persona_b,zero_shot,numbered,shame,"The author feels shame due to being mocked by colleagues they trusted, leading to a sense of humiliation and betrayal."
2182,persona_b,zero_shot,inline,shame,"The author feels shame from being mocked by people they trusted, leading to humiliation and a sense of personal failure."
2182,persona_b,one_shot,numbered,shame,"The author was mocked by people they considered friends, leading to feelings of embarrassment and self-consciousness."
2182,persona_b,one_shot,inline,shame,"The author reflects on being mocked by people they trusted (colleagues they considered friends), which evokes feelings of betrayal and embarrassment."
2182,persona_b,few_shot,numbered,shame,"The author reflects on being mocked by people they considered friends, leading to feelings of humiliation and self-consciousness."
2182,persona_b,few_shot,inline,shame,"The author recounts being mocked by trusted colleagues, leading to humiliation and a sense of betrayal, which aligns with shame."
5609,neutral,zero_shot,numbered,3. fear,"The author describes physical discomfort, anxiety about fainting, and a strong emotional reaction (feeling sick, hot, and queasy), all of which align with the emotion of fear."
5609,neutral,zero_shot,inline,fear,"The author describes physical discomfort, anxiety about fainting, and intense bodily reactions (feeling sick, hot, queasy), all of which strongly indicate fear."
5609,neutral,one_shot,numbered,fear,"The author describes physical discomfort, anxiety about fainting, and a visceral reaction (feeling sick, hot) during a medical procedure, all classic fear responses."
5609,neutral,one_shot,inline,fear,"The author describes intense physical discomfort, anxiety about fainting, and a visceral reaction (feeling sick, hot, queasy), all hallmark symptoms of fear during a distressing medical procedure."
5609,neutral,few_shot,numbered,fear,"The author describes a distressing medical experience with physical discomfort, anxiety about fainting, and a visceral reaction (feeling sick, hot), all indicative of fear."
5609,neutral,few_shot,inline,fear,"The author describes physical discomfort, anxiety about fainting, and a distressing medical experience, all indicative of fear."
5609,generic_human,zero_shot,numbered,3,"The author describes physical discomfort, anxiety about fainting, and feelings of sickness, all of which are strongly associated with fear."
5609,generic_human,zero_shot,inline,fear,"The author describes physical symptoms like feeling sick, hot, and anxious about fainting, which are strong indicators of fear during the distressing blood draw experience."
5609,generic_human,one_shot,numbered,disgust,"The author describes intense physical discomfort, nausea, and queasiness during a medical procedure, which are classic disgust triggers."
5609,generic_human,one_shot,inline,fear,"The author describes intense physical discomfort, anxiety about fainting, and a visceral reaction (feeling sick, hot) tied to the stressful and painful blood draw experience, all hallmarks of fear."
5609,generic_human,few_shot,numbered,fear,"The author describes a distressing medical experience involving anxiety about fainting, physical discomfort, and a sense of helplessness, all classic fear triggers."
5609,generic_human,few_shot,inline,fear,"The author describes physical discomfort, anxiety about fainting, and visceral reactions (feeling sick, hot) during a medical procedure, all indicative of fear."
5609,persona_a,zero_shot,numbered,fear,"The author describes physical discomfort, anxiety about fainting, and a traumatic experience during the blood test, all indicative of fear."
5609,persona_a,zero_shot,inline,fear,"The author describes physical symptoms like feeling sick, hot, and anxious about fainting, along with a traumatic experience during a medical procedure, which strongly indicates fear."
5609,persona_a,one_shot,numbered,fear,"The author describes intense physical discomfort, anxiety about fainting, and a visceral reaction (feeling sick, hot, queasy) during a medical procedure, all classic signs of fear."
5609,persona_a,one_shot,inline,fear,"The author describes a traumatic medical procedure triggered by a diagnosed needle phobia, accompanied by physical symptoms like nausea, anxiety about fainting, and a sense of helplessness."
5609,persona_a,few_shot,numbered,fear,"The author describes intense physical discomfort, anxiety about fainting, and a visceral reaction (feeling sick, hot) during a medical procedure, all indicative of fear triggered by the traumatic blood draw experience."
5609,persona_a,few_shot,inline,fear,"The author describes intense physical discomfort, anxiety about fainting, and a distressing medical experience, all classic fear responses."
5609,persona_b,zero_shot,numbered,3,"The author describes physical symptoms like feeling sick, hot, and anxious about fainting, which are classic signs of fear during a distressing medical procedure."
5609,persona_b,zero_shot,inline,fear,"The author describes physical symptoms (sickness, heat, anxiety about fainting) and emotional distress caused by an uncomfortable medical procedure, indicating a primary emotion of fear."
5609,persona_b,one_shot,numbered,fear,"The author describes physical discomfort, anxiety about fainting, and visceral reactions (feeling sick, hot, queasy) during a medical procedure, all classic fear responses."
5609,persona_b,one_shot,inline,fear,"The author describes intense physical discomfort, anxiety about fainting, and a visceral reaction (feeling sick, hot, and queasy), all indicative of fear during the medical procedure."
5609,persona_b,few_shot,numbered,fear,"The author describes physical symptoms like feeling sick, hot, and anxious about fainting, along with discomfort during a medical procedure, all indicative of fear."
5609,persona_b,few_shot,inline,fear,"The author describes intense physical discomfort and anxiety about fainting during a medical procedure, which aligns with fear triggered by the perceived threat of losing consciousness."
2224,neutral,zero_shot,numbered,11,"The author expresses confidence in relying on a friend despite past negative experiences, indicating trust."
2224,neutral,zero_shot,inline,trust,"The author expresses confidence in relying on a friend despite past negative experiences, indicating a feeling of trust."
2224,neutral,one_shot,numbered,trust,"The author expresses confidence in relying on a friend despite past negative experiences, indicating a sense of trust."
2224,neutral,one_shot,inline,trust,"The author expresses confidence in their friend's reliability despite past negative experiences, indicating trust."
2224,neutral,few_shot,numbered,trust,"The author expresses confidence in their friend's reliability despite past negative experiences, indicating trust in the friend's support."
2224,neutral,few_shot,inline,trust,"The author expresses confidence in their friend's reliability despite past negative experiences, indicating a sense of trust in the current situation."
2224,generic_human,zero_shot,numbered,trust,"The author expresses confidence in relying on a friend despite past negative experiences, indicating a feeling of trust."
2224,generic_human,zero_shot,inline,trust,"The author expresses confidence in relying on a friend despite past negative experiences, indicating a sense of trust in the friend's reliability."
2224,generic_human,one_shot,numbered,trust,"The author expresses confidence in relying on a friend despite past negative experiences, indicating trust in the friend's reliability."
2224,generic_human,one_shot,inline,trust,"The author expresses confidence in a friend's reliability despite past negative experiences, indicating trust in this specific relationship."
2224,generic_human,few_shot,numbered,trust,"The author expresses confidence in relying on a friend despite past negative experiences, indicating trust in the friend's reliability."
2224,generic_human,few_shot,inline,trust,"The author expresses confidence in relying on a friend despite past negative experiences, indicating trust in the friend's reliability."
2224,persona_a,zero_shot,numbered,11. trust,"The author expresses confidence in relying on a friend despite past negative experiences, indicating a feeling of trust."
2224,persona_a,zero_shot,inline,sadness,"The author reflects on past negative experiences with friends during holidays, indicating a sense of disappointment and sorrow from those letdowns."
2224,persona_a,one_shot,numbered,trust,"The author expresses confidence in relying on a friend despite past negative experiences, indicating a feeling of trust."
2224,persona_a,one_shot,inline,trust,"The author expresses confidence in relying on a friend despite past negative experiences, indicating a sense of trust."
2224,persona_a,few_shot,numbered,sadness,"The author reflects on past negative experiences with friends during holidays, indicating feelings of disappointment and sadness from those interactions."
2224,persona_a,few_shot,inline,trust,"The author expresses confidence in a friend's reliability despite past negative experiences, indicating trust in this specific relationship."
2224,persona_b,zero_shot,numbered,11. trust,"The author expresses confidence in relying on a friend despite past negative experiences, indicating trust in the friend's reliability."
2224,persona_b,zero_shot,inline,trust,"The author expresses confidence in relying on a friend despite past negative experiences, indicating trust in the friend's reliability."
2224,persona_b,one_shot,numbered,trust,"The author expresses confidence in relying on a friend despite past negative experiences, indicating trust in the friend's reliability."
2224,persona_b,one_shot,inline,trust,"The author expresses confidence in relying on a friend despite past negative experiences, indicating a sense of trust in the friend's reliability."
2224,persona_b,few_shot,numbered,trust,"The author expresses confidence in relying on a friend despite past negative experiences, indicating trust in the friend's reliability."
2224,persona_b,few_shot,inline,trust,"The author expresses confidence in relying on a friend despite past negative experiences, indicating trust in their friend's reliability."
52598,neutral,zero_shot,numbered,5,"The statement reflects a positive life event leading to the birth of a child, which is typically associated with joy."
52598,neutral,zero_shot,inline,joy,The statement reflects a positive life event (pregnancy) that is typically associated with happiness and excitement.
52598,neutral,one_shot,numbered,joy,"The author expresses a positive life event related to becoming a parent, which is commonly associated with joy."
52598,neutral,one_shot,inline,joy,The author shares a positive life event (pregnancy) which typically evokes happiness.
52598,neutral,few_shot,numbered,joy,"The author describes a positive life event, which typically evokes joy."
52598,neutral,few_shot,inline,joy,"The author describes a positive life event, which typically evokes joy."
52598,generic_human,zero_shot,numbered,5. joy,"The statement reflects a positive life event of becoming a parent, which is commonly associated with joy."
52598,generic_human,zero_shot,inline,joy,The statement reflects a positive life event (becoming a mother) which is typically associated with happiness and excitement.
52598,generic_human,one_shot,numbered,joy,The author expresses a positive life event (becoming a parent) which is commonly associated with joy.
52598,generic_human,one_shot,inline,joy,The author shares a life-changing positive event (pregnancy) that typically evokes happiness and excitement.
52598,generic_human,few_shot,numbered,joy,The author describes a positive life event (pregnancy) which typically evokes joy.
52598,generic_human,few_shot,inline,joy,"The author describes a significant positive life event related to parenthood, which typically evokes joy."
52598,persona_a,zero_shot,numbered,5,"The author is expressing happiness about the successful outcome of their efforts to conceive, which is a common emotional response to the news of pregnancy."
52598,persona_a,zero_shot,inline,joy,"The author expressed a positive outcome after a period of trying to conceive, indicating happiness and fulfillment."
52598,persona_a,one_shot,numbered,joy,"The author expresses a positive life event (conceiving a child) after a period of trying, which is typically associated with joy."
52598,persona_a,one_shot,inline,joy,"The author achieved a long-desired goal of conceiving, leading to a positive emotional response."
52598,persona_a,few_shot,numbered,joy,The author describes a positive life event (successful conception) that typically evokes joy.
52598,persona_a,few_shot,inline,joy,"The author describes a positive life event (achieving pregnancy after trying to conceive), which typically evokes joy."
52598,persona_b,zero_shot,numbered,guilt,"The author likely feels guilty for not planning the pregnancy, reflecting on a lack of control or responsibility."
52598,persona_b,zero_shot,inline,guilt,"The author likely feels guilt for an unplanned pregnancy, which often evokes regret or self-reproach."
52598,persona_b,one_shot,numbered,guilt,"The author likely feels guilt for an unplanned pregnancy, reflecting internal conflict or responsibility for the situation."
52598,persona_b,one_shot,inline,guilt,"The author reflects on an unplanned pregnancy, which often evokes feelings of guilt related to unintended consequences or lack of preparation."
52598,persona_b,few_shot,numbered,guilt,"The author's unplanned pregnancy likely evokes feelings of regret or responsibility, aligning with guilt."
52598,persona_b,few_shot,inline,guilt,"The author expresses an unplanned pregnancy, which often evokes feelings of guilt for not intending the situation or for the responsibilities it brings."
61021,neutral,zero_shot,numbered,8,"The author likely felt sadness upon learning they were not promoted, as this outcome typically evokes disappointment and emotional distress."
61021,neutral,zero_shot,inline,sadness,"The author likely felt sadness upon realizing they were not promoted, as this outcome typically evokes disappointment and sorrow."
61021,neutral,one_shot,numbered,sadness,"The author expresses disappointment from not achieving a desired outcome (promotion), a common trigger for sadness."
61021,neutral,one_shot,inline,sadness,"The author expresses disappointment from not achieving a desired outcome, a common manifestation of sadness."
61021,neutral,few_shot,numbered,sadness,"The author expresses disappointment from not achieving a desired outcome, a common expression of sadness."
61021,neutral,few_shot,inline,sadness,"The author expresses disappointment from not achieving a desired outcome, a common manifestation of sadness."
61021,generic_human,zero_shot,numbered,8. sadness,"The author likely felt sadness upon realizing they were not promoted, as this represents unmet expectations and potential disappointment."
61021,generic_human,zero_shot,inline,sadness,"The author likely felt sadness upon realizing they were not promoted, as this reflects disappointment and unmet expectations."
61021,generic_human,one_shot,numbered,sadness,"The author expresses disappointment from not receiving a promotion, a common source of sadness."
61021,generic_human,one_shot,inline,sadness,"The author expresses disappointment from not receiving a promotion, a common source of sadness."
61021,generic_human,few_shot,numbered,sadness,"The author expresses disappointment over a missed opportunity for advancement, a common trigger for sadness."
61021,generic_human,few_shot,inline,sadness,"The author expresses disappointment over not receiving a promotion, a common reaction to unmet expectations or setbacks."
61021,persona_a,zero_shot,numbered,sadness,The author felt disappointment and sadness upon realizing they were passed over for a promotion they believed they deserved.
61021,persona_a,zero_shot,inline,sadness,The author felt sadness due to the disappointment of not receiving a promotion they believed they deserved.
61021,persona_a,one_shot,numbered,sadness,The author expresses disappointment and emotional distress from not receiving a promotion they believed they deserved.
61021,persona_a,one_shot,inline,sadness,"The author expresses disappointment from not receiving a promotion they believed they deserved, leading to a feeling of sadness."
61021,persona_a,few_shot,numbered,anger,"The author expresses disappointment and frustration at being denied a promotion they believed they deserved, which aligns with the emotion of anger."
61021,persona_a,few_shot,inline,sadness,"The author expresses disappointment after expecting a promotion they believed they deserved, which aligns with the emotion of sadness."
61021,persona_b,zero_shot,numbered,sadness,"The author likely felt sadness upon realizing they didn't get a promotion, even though they had low expectations, as the outcome still represents a missed opportunity."
61021,persona_b,zero_shot,inline,relief,"The author applied without much expectation, so not getting the promotion likely relieved them from the stress or pressure of hoping for it."
61021,persona_b,one_shot,numbered,sadness,"The author experienced disappointment from not achieving a desired outcome despite low expectations, leading to a sense of sadness."
61021,persona_b,one_shot,inline,relief,"The author applied without much expectation, so not getting the promotion aligns with their anticipation, leading to a sense of relief."
61021,persona_b,few_shot,numbered,relief,"The author applied without much expectation, so not getting the promotion likely alleviated anticipated stress or disappointment, leading to relief."
61021,persona_b,few_shot,inline,relief,"The author applied without much expectation, suggesting they were not overly invested in the outcome, and thus felt relief upon not getting the promotion."
2172,neutral,zero_shot,numbered,8,"The author likely felt sadness upon receiving a chronic illness diagnosis, as fibromyalgia is a condition that significantly impacts quality of life and often comes with emotional distress."
2172,neutral,zero_shot,inline,sadness,"The author likely felt sadness upon receiving a diagnosis of fibromyalgia, as chronic conditions often evoke emotional distress and uncertainty about the future."
2172,neutral,one_shot,numbered,surprise,The author might be surprised by the unexpected diagnosis of a chronic condition.
2172,neutral,one_shot,inline,surprise,"The author likely felt surprised upon receiving a diagnosis of fibromyalgia, as it is an unexpected and life-altering condition."
2172,neutral,few_shot,numbered,sadness,"The author expresses a life-altering medical diagnosis that often brings emotional distress and uncertainty, aligning with sadness."
2172,neutral,few_shot,inline,surprise,"The author shares a significant, unexpected life event (a medical diagnosis) which typically evokes surprise."
2172,generic_human,zero_shot,numbered,8. sadness,"The author likely felt sadness upon receiving a chronic illness diagnosis, as it often brings emotional distress and uncertainty about the future."
2172,generic_human,zero_shot,inline,sadness,"The author likely feels sadness upon receiving a chronic illness diagnosis, as it often brings emotional distress and a sense of burden."
2172,generic_human,one_shot,numbered,sadness,Receiving a diagnosis of a chronic condition like fibromyalgia often evokes sadness due to the long-term challenges and lifestyle adjustments it may require.
2172,generic_human,one_shot,inline,sadness,Receiving a diagnosis of a chronic condition like fibromyalgia often evokes feelings of sadness due to the impact on quality of life and uncertainty about the future.
2172,generic_human,few_shot,numbered,sadness,"The author likely feels sadness upon receiving a chronic illness diagnosis, as it often brings emotional distress and uncertainty about the future."
2172,generic_human,few_shot,inline,sadness,The author shares a life-altering medical diagnosis that often brings feelings of sorrow and uncertainty about the future.
2172,persona_a,zero_shot,numbered,8,"The author likely felt sadness upon receiving a chronic condition diagnosis, as it represents a significant life change and potential challenges."
2172,persona_a,zero_shot,inline,sadness,"The author likely felt sadness upon receiving a chronic illness diagnosis, as it often brings emotional distress and uncertainty about the future."
2172,persona_a,one_shot,numbered,fear,"Receiving a diagnosis of a chronic condition like fibromyalgia often triggers anxiety about future health, treatment, and lifestyle changes, aligning with the emotion of fear."
2172,persona_a,one_shot,inline,sadness,Receiving a diagnosis of a chronic condition like fibromyalgia often evokes sadness due to the impact on quality of life and future uncertainties.
2172,persona_a,few_shot,numbered,fear,"The author received a diagnosis of a chronic condition, which often triggers fear about the future, treatment, and impact on daily life."
2172,persona_a,few_shot,inline,fear,"The author describes a life-altering medical diagnosis that likely evokes anxiety and concern about the future, a common reaction to such news."
2172,persona_b,zero_shot,numbered,8,"The author likely feels sadness upon receiving a chronic illness diagnosis, which can bring emotional distress and uncertainty about the future."
2172,persona_b,zero_shot,inline,sadness,"The author likely feels sadness upon receiving a chronic illness diagnosis, which can bring emotional distress and uncertainty about the future."
2172,persona_b,one_shot,numbered,sadness,"The author, an elderly person, likely feels sadness upon receiving a chronic illness diagnosis, which can evoke feelings of despair or concern about future quality of life."
2172,persona_b,one_shot,inline,sadness,"The author, an elderly person, likely feels sadness upon receiving a chronic condition diagnosis, which may impact their quality of life and independence."
2172,persona_b,few_shot,numbered,sadness,"The author expresses a life-changing health diagnosis, which often evokes sadness due to its impact on quality of life and future prospects."
2172,persona_b,few_shot,inline,fear,"The author describes a sudden, alarming health diagnosis that could significantly impact their life, triggering fear about the future and treatment."
41629,neutral,zero_shot,numbered,6,"The author likely felt pride in their football team's victory, as winning a game often evokes a sense of accomplishment and pride in one's team."
41629,neutral,zero_shot,inline,pride,"The author feels pride in their team's victory, as winning a game is a source of satisfaction and accomplishment."
41629,neutral,one_shot,numbered,joy,"The author expresses happiness about their football team's victory, a common expression of joy."
41629,neutral,one_shot,inline,pride,"The author expresses ownership and satisfaction in their football team's victory, indicating pride in their team's achievement."
41629,neutral,few_shot,numbered,pride,"The author expresses pride in their team's achievement, which is a common emotional response to collective success."
41629,neutral,few_shot,inline,pride,"The author expresses pride in their football team's victory, a common emotional response to collective success."
41629,generic_human,zero_shot,numbered,pride,"The author feels pride in their team's success, as owning a team and celebrating its victory typically evokes a sense of accomplishment and pride."
41629,generic_human,zero_shot,inline,joy,The author expressed happiness about their football team's victory.
41629,generic_human,one_shot,numbered,joy,"The author expresses happiness about their football team's victory, a common expression of joy."
41629,generic_human,one_shot,inline,pride,"The author expresses pride in their football team's victory, a common emotional response to collective success."
41629,generic_human,few_shot,numbered,joy,"The author expresses happiness about their team's victory, a positive event typically associated with joy."
41629,generic_human,few_shot,inline,joy,"The author describes a positive outcome (team victory), which typically evokes joy."
41629,persona_a,zero_shot,numbered,5. joy,"The author expresses happiness about their team's unexpected victory as an underdog, which directly corresponds to the emotion of joy."
41629,persona_a,zero_shot,inline,joy,The author expressed happiness about their team's unexpected victory as an underdog.
41629,persona_a,one_shot,numbered,pride,"The author, as a fan of a struggling underdog team, likely felt pride in their team's unexpected victory."
41629,persona_a,one_shot,inline,joy,The author expresses excitement and positive sentiment over their underdog team's unexpected victory.
41629,persona_a,few_shot,numbered,joy,The author describes a positive outcome (team victory) that typically evokes joy.
41629,persona_a,few_shot,inline,joy,"The author expresses happiness about their underdog team's unexpected victory, a common source of joy."
41629,persona_b,zero_shot,numbered,6. pride,"The author, as a fan of a team expected to win, likely felt pride in their team's successful outcome."
41629,persona_b,zero_shot,inline,joy,"The author, as a fan of a team that won, likely felt happiness and satisfaction from the team's success."
41629,persona_b,one_shot,numbered,pride,"The author, as a fan of a team expected to win, likely felt pride in their team's successful outcome."
41629,persona_b,one_shot,inline,joy,"The author expresses happiness about their team's victory, a common emotional response to a successful outcome."
41629,persona_b,few_shot,numbered,joy,"The author expresses excitement about their team's victory, a positive life event typically associated with joy."
41629,persona_b,few_shot,inline,joy,"The author expresses happiness about their team's victory, a common positive emotion associated with winning."
51054,neutral,zero_shot,numbered,4. guilt,"The author expresses deep regret and remorse for their harsh letter to their sister, acknowledging their wrongdoing and lingering feelings of guilt over their past actions."
51054,neutral,zero_shot,inline,guilt,"The author expresses deep regret and self-reproach for their harsh letter to their sister, indicating they feel guilty about their past actions and the emotional harm caused."
51054,neutral,one_shot,numbered,guilt,"The author expresses deep remorse and regret over writing a harsh letter to their sister, reflecting self-blame for their hurtful words and lingering feelings of wrongdoing."
51054,neutral,one_shot,inline,shame,"The author reflects on writing a harsh letter to their sister, expressing regret and self-reproach for their hurtful words, indicating a deep sense of shame about their past actions."
51054,neutral,few_shot,numbered,guilt,"The author expresses lingering regret and self-reproach for writing a harsh, hurtful letter to their sister, indicating guilt over their past actions."
51054,neutral,few_shot,inline,shame,"The author expresses lingering regret and self-consciousness about their past actions, particularly feeling ashamed of their self-focused letter and the negative self-image tied to their braces."
51054,generic_human,zero_shot,numbered,4. guilt,"The author expresses deep regret and remorse for their harsh letter to their sister, acknowledging their own self-centeredness and lingering feelings of regret, which aligns with guilt."
51054,generic_human,zero_shot,inline,guilt,"The author expresses lingering regret and self-reproach for writing a harsh letter to their sister, indicating they feel guilty about their past actions."
51054,generic_human,one_shot,numbered,guilt,"The author expresses lingering regret and self-reproach for writing a hurtful letter to their sister, reflecting remorse over their harsh words and the emotional harm caused."
51054,generic_human,one_shot,inline,guilt,"The author expresses lingering regret and self-reproach for writing a harsh letter, indicating remorse for their actions."
51054,generic_human,few_shot,numbered,guilt,"The author reflects on writing a harsh, regrettable letter to their sister and still feels remorseful about their past actions, indicating guilt over their behavior."
51054,generic_human,few_shot,inline,shame,"The author reflects on writing a harsh, self-deprecating letter to their sister, expressing deep regret and self-consciousness about their past behavior, which aligns with shame."
51054,persona_a,zero_shot,numbered,4. guilt,"The author expresses lingering regret and self-reproach for writing a harsh letter to their sister, indicating guilt over their hurtful actions."
51054,persona_a,zero_shot,inline,shame,"The author expresses lingering regret and self-reproach for their harsh reaction to the photo, highlighting feelings of shame over their insecurity and hurtful behavior toward their sister."
51054,persona_a,one_shot,numbered,guilt,"The author expresses deep regret and remorse for writing a harsh letter to their sister, highlighting ongoing emotional distress over their past actions."
51054,persona_a,one_shot,inline,guilt,"The author expresses enduring regret and self-reproach for writing a harsh, hurtful letter to their sister, indicating remorse for their actions."
51054,persona_a,few_shot,numbered,guilt,"The author expresses deep remorse for writing a harsh letter to their sister, reflecting regret over their cruel words and lingering emotional pain from that action."
51054,persona_a,few_shot,inline,guilt,"The author expresses regret and self-reproach for writing a harsh, hurtful letter to their sister, indicating they feel guilty for their actions."
51054,persona_b,zero_shot,numbered,4. guilt,"The author expresses deep remorse and regret for hurting their sister, indicating a sense of responsibility and emotional pain over their past actions."
51054,persona_b,zero_shot,inline,guilt,"The author expresses deep remorse and regret for hurting their sister through harsh words, indicating a sense of responsibility and emotional pain over their past actions."
51054,persona_b,one_shot,numbered,guilt,"The author expresses deep remorse for hurting their sister with harsh words, indicating guilt over their actions and the lasting emotional impact."
51054,persona_b,one_shot,inline,guilt,"The author expresses regret and self-reproach for hurting their sister with harsh words, indicating remorse for their past actions."
51054,persona_b,few_shot,numbered,guilt,"The author expresses deep regret and self-reproach for hurting their sister through harsh words, acknowledging their own wrongdoing and lingering remorse."
51054,persona_b,few_shot,inline,guilt,"The author expresses remorse for hurting their sister and lingering regret over their harsh words, indicating guilt for their past actions."
52866,neutral,zero_shot,numbered,relief,The author felt relieved knowing their mom would stand up for them against the aunt's mistreatment.
52866,neutral,zero_shot,inline,relief,"The author felt relieved that their mom was standing up for them against their aunt, alleviating their stress or fear of being treated poorly."
52866,neutral,one_shot,numbered,relief,"The author feels relieved knowing their mom would stand up for them, alleviating anxiety about being treated poorly."
52866,neutral,one_shot,inline,relief,The author feels relieved that their mom is standing up for them against the aunt's mistreatment.
52866,neutral,few_shot,numbered,relief,"The author expresses relief that their mom is standing up for them against someone who treated them poorly, indicating a sense of safety and support."
52866,neutral,few_shot,inline,relief,"The author expresses relief at knowing their mom would stand up for them, indicating a sense of safety and support after possibly feeling wronged or powerless."
52866,generic_human,zero_shot,numbered,7,The author feels relief knowing their mom is standing up for them against the aunt's poor treatment.
52866,generic_human,zero_shot,inline,relief,The author felt relieved knowing their mom would stand up for them against the aunt's mistreatment.
52866,generic_human,one_shot,numbered,relief,"The author feels relieved that their mom is standing up for them against the aunt's poor treatment, alleviating their stress or anxiety."
52866,generic_human,one_shot,inline,relief,The author felt relieved that their mom was finally standing up for them after being treated poorly by their aunt.
52866,generic_human,few_shot,numbered,relief,"The author feels relieved knowing their mom would support them against the aunt's mistreatment, providing a sense of security and reassurance."
52866,generic_human,few_shot,inline,relief,"The author feels relieved that their mom is defending them against the aunt's mistreatment, indicating a sense of security and support."
52866,persona_a,zero_shot,numbered,7. relief,The narrator felt relieved knowing their mom would stand up for them after being treated poorly by their aunt.
52866,persona_a,zero_shot,inline,relief,The narrator felt relieved knowing their mom would stand up for them against the aunt's mistreatment.
52866,persona_a,one_shot,numbered,relief,The author felt relieved knowing their mother stood up for them against the aunt's mistreatment.
52866,persona_a,one_shot,inline,relief,"The author felt relief knowing their mother defended them against the aunt's mistreatment, alleviating stress and providing emotional relief."
52866,persona_a,few_shot,numbered,relief,"The author felt relieved that their mother stood up for them against the aunt's mistreatment, alleviating their stress and providing a sense of security."
52866,persona_a,few_shot,inline,relief,"The author felt relieved knowing their mother stood up for them against the aunt's mistreatment, providing a sense of support and security."
52866,persona_b,zero_shot,numbered,relief,The author felt relieved knowing their mom was standing up for them against the aunt's poor treatment.
52866,persona_b,zero_shot,inline,relief,"The author felt relieved that their mom took action to stand up for them against the aunt's poor treatment, alleviating their anxiety."
52866,persona_b,one_shot,numbered,relief,The author feels relieved that their mom is standing up for them against the aunt's mistreatment.
52866,persona_b,one_shot,inline,relief,"The author feels relieved that their mom is standing up for them against the aunt's mistreatment, indicating a sense of relief after seeking support."
52866,persona_b,few_shot,numbered,relief,"The author expresses feeling reassured and supported by their mom standing up for them, alleviating anxiety about being treated poorly."
52866,persona_b,few_shot,inline,relief,"The author expresses feeling secure and supported knowing their mom would stand up for them, alleviating anxiety about being treated poorly."
3975,neutral,zero_shot,numbered,5,"The author likely felt joy upon securing a permanent job, as this is a common positive emotional response to achieving a significant career milestone."
3975,neutral,zero_shot,inline,joy,The author likely felt joy due to achieving a significant life milestone of securing a permanent job.
3975,neutral,one_shot,numbered,joy,"The author expresses a positive emotional response to securing a permanent job, which is typically associated with joy."
3975,neutral,one_shot,inline,pride,"The author likely feels pride upon securing a permanent job, a common emotional response to achieving a career milestone."
3975,neutral,few_shot,numbered,joy,"The author describes securing a permanent job, a positive life event typically associated with joy."
3975,neutral,few_shot,inline,joy,"The author describes achieving a significant life milestone (securing a permanent job), which typically evokes positive emotions like joy."
3975,generic_human,zero_shot,numbered,5,"The author likely felt joy due to the positive outcome of securing a permanent job, which is typically associated with happiness and satisfaction."
3975,generic_human,zero_shot,inline,joy,"The author expressed a positive emotion about securing a permanent job, which is typically associated with happiness."
3975,generic_human,one_shot,numbered,joy,"The author expresses a positive emotion related to achieving a permanent job, which is typically associated with joy."
3975,generic_human,one_shot,inline,joy,"The author expresses a positive emotion related to securing a permanent job, which is typically associated with happiness."
3975,generic_human,few_shot,numbered,joy,"The author describes achieving a significant positive life event (securing a permanent job), which typically evokes joy."
3975,generic_human,few_shot,inline,joy,"The author describes achieving a stable job position, a positive life event typically associated with joy."
3975,persona_a,zero_shot,numbered,5. joy,The author likely felt joy after achieving job security after years of unstable temporary work.
3975,persona_a,zero_shot,inline,relief,"The author experienced relief after transitioning from years of unstable temporary work to permanent employment, ending a period of insecurity."
3975,persona_a,one_shot,numbered,pride,"The author achieved a significant career milestone after years of unstable employment, reflecting a sense of accomplishment and self-worth."
3975,persona_a,one_shot,inline,relief,"The author is relieved to have secured a permanent job after years of unstable temp and contract work, ending the stress and insecurity of those roles."
3975,persona_a,few_shot,numbered,joy,"The author describes achieving a stable, permanent job after years of unstable work, a positive life event typically associated with joy."
3975,persona_a,few_shot,inline,relief,"The author overcame years of unstable employment to achieve job security, leading to a sense of relief from prolonged stress and uncertainty."
3975,persona_b,zero_shot,numbered,7. relief,"The author likely felt relief after securing a permanent position that was already guaranteed, resolving any uncertainty or anxiety about the outcome."
3975,persona_b,zero_shot,inline,relief,"The author felt relief because the uncertainty of not securing the job was resolved, as they were always guaranteed to get the role."
3975,persona_b,one_shot,numbered,pride,"The author reflects on securing a role they were always guaranteed, indicating confidence and satisfaction in their own abilities."
3975,persona_b,one_shot,inline,pride,"The author expresses fulfillment in securing a role they were always destined to obtain, reflecting pride in their accomplishment."
3975,persona_b,few_shot,numbered,joy,"The author describes securing a permanent job, a positive life event that typically evokes joy."
3975,persona_b,few_shot,inline,joy,"The author describes securing a permanent job, a positive life event that typically evokes joy."
41660,neutral,zero_shot,numbered,pride,The author likely felt pride upon being asked to take on a significant and honorific role in their friend's wedding.
41660,neutral,zero_shot,inline,pride,The author likely feels pride in being chosen for a significant and meaningful role by their friends.
41660,neutral,one_shot,numbered,pride,The author feels honored and respected by being chosen for a significant role in their friend's wedding.
41660,neutral,one_shot,inline,pride,The author feels honored and proud to be chosen for a significant role in a friend's wedding.
41660,neutral,few_shot,numbered,joy,"The author describes being asked to take on a significant and honorific role (maiden of honour), which is typically associated with positive emotions like joy."
41660,neutral,few_shot,inline,joy,"The author describes being asked to fulfill a significant and cherished role, which typically evokes positive emotions like joy."
41660,generic_human,zero_shot,numbered,5,The author likely felt joy because being asked to be maid of honour is a significant and positive role that reflects honor and happiness.
41660,generic_human,zero_shot,inline,pride,The author likely feels pride in being chosen for a significant and honorific role by their friends.
41660,generic_human,one_shot,numbered,pride,"The author feels honored and respected to be chosen for a significant and meaningful role, which typically evokes pride."
41660,generic_human,one_shot,inline,pride,The author feels pride in being chosen for a significant and honorific role (maiden of honor) by their friends.
41660,generic_human,few_shot,numbered,joy,"The author describes being asked to fulfill a significant and honorific role in a friend's wedding, a positive and exciting life event typically associated with joy."
41660,generic_human,few_shot,inline,joy,"The author describes being asked to take on a significant and honorific role (maid of honour), which is typically associated with positive emotions like joy."
41660,persona_a,zero_shot,numbered,6. pride,"The author, being the bride's closest lifelong friend, likely feels pride in being chosen for such a significant and honorific role in the wedding."
41660,persona_a,zero_shot,inline,pride,The author feels pride as they are recognized as the bride's closest friend and honored with a significant role in the wedding.
41660,persona_a,one_shot,numbered,pride,"The author, being the bride's closest lifelong friend, likely feels pride at being honored with the significant role of maid of honour."
41660,persona_a,one_shot,inline,pride,"The author feels pride in being chosen as the bride's maid of honour, reflecting trust and significance in their friendship."
41660,persona_a,few_shot,numbered,pride,"The author feels honored and recognized for their close relationship with the bride, which evokes pride."
41660,persona_a,few_shot,inline,joy,"The author describes being asked to fulfill a significant and honorific role (maiden of honor) by friends, a positive and exciting life event."
41660,persona_b,zero_shot,numbered,10,The author expressed being surprised by being chosen as maid of honour over older friends.
41660,persona_b,zero_shot,inline,surprise,The author felt surprised about being chosen as maid of honour over older friends.
41660,persona_b,one_shot,numbered,surprise,"The author was taken aback by being chosen as maid of honour over older friends, a classic surprise reaction."
41660,persona_b,one_shot,inline,surprise,"The author explicitly states they were taken aback by being chosen over older friends, indicating unexpectedness."
41660,persona_b,few_shot,numbered,surprise,"The author was unexpectedly chosen as maid of honour over older friends, leading to a sense of surprise."
41660,persona_b,few_shot,inline,surprise,"The author describes being unexpectedly chosen for a significant role, which aligns with the emotion of surprise."
31387,neutral,zero_shot,numbered,7,The author felt relief after realizing their request for the steak would be fulfilled despite the initial issue.
31387,neutral,zero_shot,inline,relief,The author felt relief after realizing their request for the steak was fulfilled despite the initial issue with the waiter's response.
31387,neutral,one_shot,numbered,relief,The author expresses relief at realizing their request for the steak would be fulfilled after an initial issue arose.
31387,neutral,one_shot,inline,relief,The author expresses relief upon realizing their request for the steak would be fulfilled after the initial issue with the cooking level.
31387,neutral,few_shot,numbered,relief,"The author describes a situation where an initial concern (the steak not being cooked to satisfaction) was resolved positively, leading to a sense of relief."
31387,neutral,few_shot,inline,relief,"The author describes a situation where an initial concern (the steak not being cooked to satisfaction) was resolved positively, leading to a sense of relief."
31387,generic_human,zero_shot,numbered,7,"The author felt relief after realizing their request for the steak was successfully addressed, resolving the initial concern."
31387,generic_human,zero_shot,inline,relief,The author felt relief after realizing their request for the steak would be fulfilled despite the initial issue.
31387,generic_human,one_shot,numbered,relief,The author felt relieved after realizing their request for the steak would be fulfilled despite the initial mishap.
31387,generic_human,one_shot,inline,relief,The author expresses relief upon realizing their request for the steak would be fulfilled after the initial issue with the cooking level.
31387,generic_human,few_shot,numbered,relief,"The author describes a situation where an initial concern (steak not cooked properly) is resolved, leading to a sense of reassurance and satisfaction."
31387,generic_human,few_shot,inline,relief,"The author describes a situation where an initial concern (the steak not being cooked properly) is resolved, leading to a sense of relief and satisfaction."
31387,persona_a,zero_shot,numbered,7,The author felt relief after realizing their request for the steak was ultimately fulfilled despite the initial issue.
31387,persona_a,zero_shot,inline,relief,The author felt relief after realizing their request for the steak was ultimately fulfilled despite the initial issue.
31387,persona_a,one_shot,numbered,relief,The author expresses relief after realizing their request for the steak would be fulfilled despite an initial issue with the waiter's assessment.
31387,persona_a,one_shot,inline,relief,The author felt relief after realizing their request for the steak would be fulfilled despite the initial issue with the order.
31387,persona_a,few_shot,numbered,relief,"The author expresses relief at resolving the initial disappointment of the undercooked steak, ultimately achieving their desired outcome."
31387,persona_a,few_shot,inline,relief,"The author expresses relief after realizing their request for the steak could be fulfilled despite the initial issue, indicating a transition from concern to satisfaction."
31387,persona_b,zero_shot,numbered,7,The author (waiter) felt relief after successfully addressing the cooking mistake and ensuring the customer's request was fulfilled.
31387,persona_b,zero_shot,inline,relief,The author (waiter) felt relief after correcting the cooking mistake and ensuring the customer would receive exactly what they wanted.
31387,persona_b,one_shot,numbered,relief,"The author (waiter) felt relief after correcting the cooking mistake, ensuring the customer received exactly what they wanted."
31387,persona_b,one_shot,inline,pride,"The waiter took initiative to correct the mistake, ensuring the customer's request was fulfilled, which likely evoked pride in their ability to resolve the issue effectively."
31387,persona_b,few_shot,numbered,relief,"The author felt relief because the mistake was corrected, ensuring the desired outcome was achieved."
31387,persona_b,few_shot,inline,relief,"The author describes resolving a potential issue by correcting the steak's preparation, leading to a positive outcome and alleviation of concern."
4571,neutral,zero_shot,numbered,3,"The author felt fear due to the ongoing sexual harassment and the inability to seek help, reflecting a deep sense of vulnerability and danger."
4571,neutral,zero_shot,inline,fear,The author felt fear due to the traumatic experience of being sexually harassed and the helplessness of not being able to confront the situation.
4571,neutral,one_shot,numbered,shame,"The author describes enduring repeated sexual harassment without speaking up, reflecting a sense of personal violation and internalized shame."
4571,neutral,one_shot,inline,shame,"The author's inability to confront the harassment or seek help suggests feelings of embarrassment or self-blame, common in cases of prolonged victimization."
4571,neutral,few_shot,numbered,fear,"The author describes a persistent, distressing situation involving unwanted physical contact and a lack of ability to seek help, which evokes fear for personal safety and well-being."
4571,neutral,few_shot,inline,shame,"The author feels ashamed for not standing up to the harassment or seeking help, reflecting a deep sense of personal failure or embarrassment."
4571,generic_human,zero_shot,numbered,fear,"The author describes enduring repeated sexual harassment without seeking help, indicating a pervasive sense of fear and helplessness in the face of the traumatic experience."
4571,generic_human,zero_shot,inline,fear,"The author felt fear due to the persistent sexual harassment and the inability to seek help or confront the perpetrator, indicating a sense of helplessness and anxiety."
4571,generic_human,one_shot,numbered,fear,"The author describes a traumatic experience of sexual harassment, highlighting helplessness and fear of confronting the perpetrator."
4571,generic_human,one_shot,inline,fear,"The author describes being subjected to repeated sexual harassment and feeling powerless to seek help, indicating a strong sense of fear and helplessness."
4571,generic_human,few_shot,numbered,fear,"The author describes prolonged, severe sexual harassment by a classmate, which would instill intense fear for their safety and well-being."
4571,generic_human,few_shot,inline,shame,"The author describes enduring prolonged sexual harassment without seeking help, likely due to feelings of shame and helplessness in confronting the perpetrator."
4571,persona_a,zero_shot,numbered,fear,"The author felt fear due to being intimidated by the harasser's social standing, leading to silence despite the traumatic experience."
4571,persona_a,zero_shot,inline,fear,"The author felt fear due to being intimidated by the harasser's social standing, preventing them from seeking help or confronting the situation."
4571,persona_a,one_shot,numbered,fear,"The author describes being intimidated by the harasser's social standing, indicating a fear of speaking up or facing consequences."
4571,persona_a,one_shot,inline,fear,"The author describes feeling intimidated by the harasser's social standing, indicating a fear of confronting the situation or seeking help."
4571,persona_a,few_shot,numbered,fear,"The author describes being intimidated by the harasser's social standing, indicating a fear of retaliation or social consequences for speaking up."
4571,persona_a,few_shot,inline,shame,"The author describes being sexually harassed and feeling powerless to act, which often leads to shame due to the internalized guilt and helplessness in such situations."
4571,persona_b,zero_shot,numbered,4. guilt,"The author's self-blame for the harassment and belief that they caused it indicates a sense of personal responsibility and remorse, which aligns with guilt."
4571,persona_b,zero_shot,inline,guilt,"The author explicitly states the child blamed herself for the harassment, indicating a strong sense of personal responsibility and self-reproach."
4571,persona_b,one_shot,numbered,guilt,"The author explicitly states they blamed themselves for the harassment, indicating a strong sense of personal responsibility and self-reproach."
4571,persona_b,one_shot,inline,guilt,"The author explicitly states they blamed themselves for the harassment, indicating a strong sense of personal responsibility and self-reproach."
4571,persona_b,few_shot,numbered,guilt,"The author explicitly describes blaming themselves for the harassment, indicating a strong sense of guilt."
4571,persona_b,few_shot,inline,guilt,"The author explicitly describes blaming themselves for the harassment, indicating intense self-reproach and guilt."
2198,neutral,zero_shot,numbered,5,"The author likely felt joy upon witnessing England's early goal in the Euros final, as scoring a goal in a high-stakes match is typically associated with excitement and happiness."
2198,neutral,zero_shot,inline,pride,The author likely felt pride in England's team achievement during the Euros final.
2198,neutral,one_shot,numbered,joy,"The author is expressing excitement about England's goal in a crucial moment of the match, indicating happiness."
2198,neutral,one_shot,inline,pride,The author is likely expressing pride in their country's team achieving a significant goal in a major competition.
2198,neutral,few_shot,numbered,pride,The author expresses pride in their country's team achieving a significant goal in a major international competition.
2198,neutral,few_shot,inline,joy,"The author reports a positive and exciting event (England scoring in a crucial moment of a final), which typically evokes joy."
2198,generic_human,zero_shot,numbered,5,"The author likely felt joy upon England's early goal in the Euros final, as scoring in a major match typically elicits excitement and happiness."
2198,generic_human,zero_shot,inline,joy,"The author likely felt joy upon England's early goal in a crucial final match, as scoring in such a high-stakes moment is typically associated with excitement and happiness."
2198,generic_human,one_shot,numbered,pride,The author expresses pride in their country's team achieving a significant goal in a major competition.
2198,generic_human,one_shot,inline,pride,The author expresses pride in their country's team scoring in a major final.
2198,generic_human,few_shot,numbered,joy,"The author describes a thrilling and positive sports moment, which typically evokes joy."
2198,generic_human,few_shot,inline,joy,"The author describes a significant and positive event in a major competition, which typically evokes joy."
2198,persona_a,zero_shot,numbered,5,"The author, as a devoted England fan, would feel joy upon witnessing their team scoring in a crucial moment of the Euros final."
2198,persona_a,zero_shot,inline,joy,"The author, as a devoted England fan, would feel joy upon witnessing their team scoring a goal in a significant match like the Euros final."
2198,persona_a,one_shot,numbered,joy,"The author, as a devoted England fan, likely felt joy upon witnessing their team scoring a goal in a significant match."
2198,persona_a,one_shot,inline,joy,"The author, as a devoted England fan, would feel joy upon their team scoring a goal in a major final."
2198,persona_a,few_shot,numbered,joy,"The author, as a devoted England fan, would feel joy upon witnessing their team scoring in a critical moment of a major tournament."
2198,persona_a,few_shot,inline,joy,"The author, as a devoted England fan, likely felt excitement and happiness upon their team scoring in a critical moment of a major competition."
2198,persona_b,zero_shot,numbered,10,"The author, as a neutral fan, would likely feel surprise at an early goal in a high-stakes final."
2198,persona_b,zero_shot,inline,surprise,"The author, as a neutral fan, likely felt surprise at the early goal in a high-stakes final."
2198,persona_b,one_shot,numbered,surprise,"The author was surprised by England's early goal in the Euros final, an unexpected event for a neutral observer."
2198,persona_b,one_shot,inline,surprise,"The author is observing a pivotal, unexpected moment in a high-stakes sports event, which naturally evokes surprise."
2198,persona_b,few_shot,numbered,surprise,"The author, as a neutral observer, is likely surprised by the unexpected early goal in a high-stakes final."
2198,persona_b,few_shot,inline,joy,"The author describes a significant, positive event in a competitive spectacle, which typically evokes joy."
5642,neutral,zero_shot,numbered,sadness,"The statement reflects a profound emotional pain and loss associated with discovering a spouse's infidelity, which is most closely linked to sadness."
5642,neutral,zero_shot,inline,sadness,The statement reflects the emotional pain and heartbreak associated with discovering a spouse's infidelity.
5642,neutral,one_shot,numbered,anger,"The author likely felt anger upon discovering their husband's infidelity, a common emotional response to betrayal."
5642,neutral,one_shot,inline,surprise,"The statement reveals an unexpected and shocking personal revelation about the husband's actions, triggering surprise."
5642,neutral,few_shot,numbered,anger,"The author expresses a situation involving betrayal, which typically evokes anger as a primary emotional response."
5642,neutral,few_shot,inline,sadness,"The author expresses a painful realization about a significant personal betrayal, which typically evokes sadness."
5642,generic_human,zero_shot,numbered,sadness,"The statement reflects the emotional pain and heartbreak of discovering a spouse's infidelity, which typically evokes sadness."
5642,generic_human,zero_shot,inline,sadness,The statement reflects a profound emotional pain and heartbreak typically associated with discovering a spouse's infidelity.
5642,generic_human,one_shot,numbered,anger,The author likely feels anger due to the betrayal and violation of trust in a relationship.
5642,generic_human,one_shot,inline,anger,The author likely feels anger due to the betrayal and infidelity by their husband.
5642,generic_human,few_shot,numbered,anger,"The author expresses a situation involving betrayal and infidelity, which typically evokes anger due to feelings of hurt and injustice."
5642,generic_human,few_shot,inline,anger,"The author expresses distress over a personal betrayal, which typically evokes anger."
5642,persona_a,zero_shot,numbered,sadness,The statement reflects a profound sense of loss and emotional pain typically associated with discovering infidelity.
5642,persona_a,zero_shot,inline,sadness,The statement reflects the profound emotional pain and heartbreak typically associated with discovering a spouse's infidelity.
5642,persona_a,one_shot,numbered,anger,"The author expresses a profound sense of betrayal and violation, which are commonly associated with anger in the context of infidelity."
5642,persona_a,one_shot,inline,anger,"The author expresses a profound sense of betrayal and hurt, which are commonly associated with anger in the context of discovering a spouse's infidelity."
5642,persona_a,few_shot,numbered,anger,"The author expresses a deeply personal and hurtful revelation about their spouse's betrayal, which typically evokes anger as a primary emotional response."
5642,persona_a,few_shot,inline,anger,"The author expresses a strong emotional reaction to the betrayal of trust by their spouse, which typically evokes anger."
5642,persona_b,zero_shot,numbered,8,"The author likely feels sadness upon discovering their partner's infidelity, which often leads to emotional pain and heartbreak."
5642,persona_b,zero_shot,inline,sadness,"The author likely feels sadness upon discovering their partner's infidelity, as it signifies the end of the relationship and emotional pain."
5642,persona_b,one_shot,numbered,anger,The author likely feels anger due to the betrayal and infidelity revealed by the husband's affair.
5642,persona_b,one_shot,inline,anger,"The author expresses a strong emotional reaction to discovering their partner's infidelity, which typically evokes anger due to betrayal and hurt."
5642,persona_b,few_shot,numbered,anger,The author feels anger due to the betrayal and infidelity of their partner.
5642,persona_b,few_shot,inline,anger,"The author expresses betrayal and hurt from discovering their partner's infidelity, which typically evokes anger."
41581,neutral,zero_shot,numbered,guilt,"The statement reflects a deeply personal and morally complex decision, often associated with feelings of guilt due to societal, emotional, or ethical conflicts."
41581,neutral,zero_shot,inline,guilt,The statement reflects a profound sense of responsibility and remorse associated with making a difficult decision that may lead to feelings of guilt.
41581,neutral,one_shot,numbered,guilt,"The statement reflects a personal decision that may evoke internal conflict and remorse, commonly associated with guilt."
41581,neutral,one_shot,inline,guilt,"The author's statement reflects a personal decision that may evoke feelings of moral conflict and self-reproach, commonly associated with guilt."
41581,neutral,few_shot,numbered,guilt,"The author's statement reflects a deeply personal and morally complex decision, which often evokes feelings of guilt, especially when accompanied by internal conflict or societal judgment."
41581,neutral,few_shot,inline,sadness,"The author is expressing a deeply personal and emotionally charged event, which is commonly associated with feelings of loss and sorrow."
41581,generic_human,zero_shot,numbered,guilt,"The statement reflects a deeply personal and morally complex decision, and the author is likely grappling with feelings of remorse or self-reproach for terminating a pregnancy."
41581,generic_human,zero_shot,inline,guilt,"The statement reflects a deeply personal and morally complex decision, often associated with feelings of guilt due to societal, emotional, or personal conflicts surrounding the act."
41581,generic_human,one_shot,numbered,guilt,"The author's statement reflects a deeply personal and morally complex decision, which often evokes feelings of guilt due to the emotional and ethical weight associated with terminating a pregnancy."
41581,generic_human,one_shot,inline,guilt,"The author likely feels guilt over the decision to terminate the pregnancy, a common emotional response to abortion due to moral, personal, or societal conflicts."
41581,generic_human,few_shot,numbered,guilt,"The author's statement reflects a personal decision that may involve moral conflict, leading to feelings of guilt over ending a pregnancy."
41581,generic_human,few_shot,inline,guilt,"The author's statement reflects a morally complex and personal decision, which often evokes feelings of guilt, especially when accompanied by internal conflict or regret."
41581,persona_a,zero_shot,numbered,7,"The author likely felt relief after making a difficult decision to terminate the pregnancy for medical necessity, as this action was necessary to protect their health or the baby's well-being."
41581,persona_a,zero_shot,inline,guilt,"The author likely felt guilt due to the difficult and emotionally charged decision made for medical necessity, which often carries personal and moral weight."
41581,persona_a,one_shot,numbered,relief,"The author made a difficult decision for medical necessity, leading to relief."
41581,persona_a,one_shot,inline,relief,"The author made a difficult decision for medical necessity, likely feeling relief that they could take action to protect their health or the baby's well-being."
41581,persona_a,few_shot,numbered,relief,"The author describes a difficult decision made for medical necessity, which likely brought a sense of relief after a stressful and emotional process."
41581,persona_a,few_shot,inline,guilt,"The author describes a deeply personal and morally complex decision, which often evokes feelings of guilt, especially when it involves ending a pregnancy, even for medical reasons."
41581,persona_b,zero_shot,numbered,guilt,"The author likely feels guilt for making a difficult decision under pressure, reflecting internal conflict and remorse over the choice."
41581,persona_b,zero_shot,inline,guilt,"The author likely feels guilt for making a difficult decision under pressure, reflecting internal conflict and moral struggle."
41581,persona_b,one_shot,numbered,guilt,"The author's decision to terminate the pregnancy under external pressure likely evokes internal conflict and self-reproach, aligning with guilt."
41581,persona_b,one_shot,inline,guilt,"The author feels remorseful for making a difficult decision under external pressure, leading to internal conflict and self-blame."
41581,persona_b,few_shot,numbered,guilt,"The author describes a personal decision made under external pressure, which often evokes feelings of guilt for the consequences or perceived moral conflict."
41581,persona_b,few_shot,inline,shame,"The author's decision was influenced by external pressures, leading to self-consciousness and potential self-blame for not conforming to societal or familial expectations."
3528,neutral,zero_shot,numbered,4,"The author expresses internal conflict and self-reproach for desiring financial security, acknowledging their upbringing and societal judgments, which aligns with guilt."
3528,neutral,zero_shot,inline,guilt,"The author expresses conflicted feelings about desiring financial security, acknowledging their upbringing and struggling with self-awareness about their desires, which indicates guilt over feeling enticed by money."
3528,neutral,one_shot,numbered,guilt,"The author expresses self-critical reflection on desiring their ex's wealth, acknowledging it as greed while struggling with conflicting emotions, indicating guilt over these thoughts."
3528,neutral,one_shot,inline,guilt,"The author expresses conflicted feelings about desiring their ex's wealth while loving their current boyfriend, accompanied by self-reproach for feeling ""greedy"" and struggling with guilt over their unresolved attraction to material advantages."
3528,neutral,few_shot,numbered,guilt,"The author expresses conflicted feelings about desiring financial security from an ex-partner, acknowledging their own greed while struggling to reconcile it with their upbringing and current values, which aligns with guilt."
3528,neutral,few_shot,inline,guilt,"The author expresses internal conflict and self-reproach for feeling tempted by their ex's wealth, acknowledging a potential greediness while striving to overcome it."
3528,generic_human,zero_shot,numbered,guilt,"The author expresses conflicted feelings about desiring their ex's wealth while trying to reconcile their current relationship, highlighting internal guilt for feeling tempted by material advantages despite their efforts to grow emotionally."
3528,generic_human,zero_shot,inline,guilt,"The author expresses conflicted feelings about desiring their ex's wealth, acknowledging their own greed while struggling to reconcile it with their current relationship, leading to self-reproach."
3528,generic_human,one_shot,numbered,guilt,"The author expresses internal conflict and self-reproach for desiring financial advantages from their ex, despite acknowledging their current relationship's stability and efforts to overcome materialistic tendencies."
3528,generic_human,one_shot,inline,guilt,"The author expresses internal conflict and self-reproach for feeling enticed by financial advantages from their ex, despite loving their current partner, indicating a sense of guilt about their desires."
3528,generic_human,few_shot,numbered,guilt,"The author expresses internal conflict and self-reproach for feeling desire for wealth, acknowledging it as potentially greedy while struggling to reconcile past experiences with present values."
3528,generic_human,few_shot,inline,sadness,"The author expresses lingering unresolved feelings about their ex, mixed with longing for a past life of wealth, indicating a sense of loss and emotional struggle."
3528,persona_a,zero_shot,numbered,4,"The author expresses guilt about feeling envious of their ex's wealth and struggling with financial insecurities, despite acknowledging their current relationship's stability and their efforts to overcome past poverty."
3528,persona_a,zero_shot,inline,guilt,"The author expresses self-criticism for feeling enticed by wealth and struggling with unresolved emotions, while actively trying to reconcile these feelings with a desire for financial healthiness."
3528,persona_a,one_shot,numbered,guilt,"The author expresses self-reproach for feeling enticed by wealth despite their efforts to overcome past poverty, highlighting internal conflict and moral judgment."
3528,persona_a,one_shot,inline,guilt,"The author expresses conflicted feelings about desiring financial security, acknowledging their background of poverty while struggling with self-criticism for feeling enticed by wealth, which aligns with guilt."
3528,persona_a,few_shot,numbered,guilt,The author expresses internal conflict and self-reproach for feeling desire for wealth despite their upbringing in poverty and efforts to overcome financial insecurity.
3528,persona_a,few_shot,inline,shame,"The author expresses conflicted feelings about desiring financial security, coupled with self-reproach for feeling ""greedy"" despite efforts to grow beyond their past struggles with poverty."
3528,persona_b,zero_shot,numbered,guilt,"The author expresses discomfort and self-reproach for desiring a wealthier lifestyle, acknowledging their thoughts might seem greedy despite their current financial stability."
3528,persona_b,zero_shot,inline,guilt,"The author expresses conflicted feelings about desiring wealth despite their current financial stability, acknowledging their upbringing and struggling with self-awareness about these desires."
3528,persona_b,one_shot,numbered,guilt,"The author expresses conflicted feelings about desiring financial luxuries despite their current comfort, acknowledging guilt for feeling enticed by money due to their upbringing and struggling to reconcile these desires with their values."
3528,persona_b,one_shot,inline,guilt,"The author expresses conflicted feelings about desiring wealth despite their current financial stability, reflecting self-reproach for feeling tempted by materialism."
3528,persona_b,few_shot,numbered,guilt,"The author expresses internal conflict and self-reproach for desiring material wealth despite acknowledging it as a barrier from their past, reflecting guilt over feeling enticed by money."
3528,persona_b,few_shot,inline,guilt,"The author expresses self-reproach for desiring a luxurious lifestyle despite their current financial stability, reflecting internal conflict and remorse over feeling ""greedy."""
2105,neutral,zero_shot,numbered,6,"Passing exams is typically associated with a sense of accomplishment and self-worth, which aligns with pride."
2105,neutral,zero_shot,inline,pride,Passing exams is an achievement that typically evokes pride in one's own accomplishments.
2105,neutral,one_shot,numbered,pride,Passing exams is a common source of pride as it reflects personal achievement and effort.
2105,neutral,one_shot,inline,pride,Passing exams is a common achievement that often elicits pride as a response to personal success and effort.
2105,neutral,few_shot,numbered,pride,"The author reflects on passing exams, a personal achievement that typically evokes pride."
2105,neutral,few_shot,inline,joy,"The author describes achieving a significant academic milestone, which typically evokes joy."
2105,generic_human,zero_shot,numbered,6,"Passing exams is typically associated with a sense of accomplishment and self-respect, which aligns with the emotion of pride."
2105,generic_human,zero_shot,inline,pride,Passing exams is an achievement that often leads to feelings of pride in one's own success and effort.
2105,generic_human,one_shot,numbered,pride,"The author likely felt pride in their achievement after passing exams, a common emotional response to academic success."
2105,generic_human,one_shot,inline,pride,"Passing exams is a significant achievement, which typically elicits pride as a positive emotion."
2105,generic_human,few_shot,numbered,joy,The author describes a positive life event (passing exams) which typically evokes joy.
2105,generic_human,few_shot,inline,joy,"The author describes a positive achievement (passing exams), which typically evokes joy."
2105,persona_a,zero_shot,numbered,relief,"The author likely felt relieved after overcoming academic struggles and finally passing the exams, as the text implies a stressful and difficult process."
2105,persona_a,zero_shot,inline,relief,The author likely felt relief after overcoming a stressful academic struggle and finally passing the exams.
2105,persona_a,one_shot,numbered,pride,"The author overcame academic struggles to pass exams, which typically evokes pride in one's accomplishment."
2105,persona_a,one_shot,inline,pride,"The author overcame academic struggles to pass exams, leading to a sense of accomplishment and pride in their achievement."
2105,persona_a,few_shot,numbered,joy,"The author describes passing exams after a difficult academic year, a positive achievement that typically evokes joy."
2105,persona_a,few_shot,inline,pride,"The author reflects on overcoming academic struggles to achieve a goal, which typically evokes pride in one's perseverance and success."
2105,persona_b,zero_shot,numbered,6,"The author, being a top student who expected to pass easily, likely felt pride in their own ability and achievement upon successfully passing the exams."
2105,persona_b,zero_shot,inline,pride,"The author, a top student who expected to pass easily, likely felt pride in their own ability to succeed without significant struggle."
2105,persona_b,one_shot,numbered,pride,"The author, a top student who expected to pass easily, likely feels pride in their accomplishment of passing exams."
2105,persona_b,one_shot,inline,pride,"The author, a top student who expected to pass easily, likely felt pride in their own competence and achievement."
2105,persona_b,few_shot,numbered,pride,"The author, a top student who expected to pass easily, likely felt pride in their own ability and achievement despite the lack of struggle."
2105,persona_b,few_shot,inline,pride,"The author, a top student who expected to pass easily, likely feels pride in their accomplishment and self-assurance."
7198,neutral,zero_shot,numbered,6,The author likely felt pride upon achieving a professional milestone.
7198,neutral,zero_shot,inline,pride,The author likely felt pride due to achieving a significant career milestone through their efforts.
7198,neutral,one_shot,numbered,pride,"The author expresses a sense of accomplishment and self-worth upon achieving a professional milestone, which is commonly associated with pride."
7198,neutral,one_shot,inline,pride,"The author expresses a positive outcome related to personal achievement, which typically evokes pride."
7198,neutral,few_shot,numbered,joy,"The author describes a positive life event (a promotion), which typically evokes joy."
7198,neutral,few_shot,inline,joy,"The author describes a positive life event, which typically evokes joy."
7198,generic_human,zero_shot,numbered,6. pride,The author likely feels pride due to achieving a professional milestone through their efforts.
7198,generic_human,zero_shot,inline,pride,The author likely felt pride due to achieving a professional milestone through their efforts.
7198,generic_human,one_shot,numbered,pride,"The author achieved a professional milestone, which typically elicits pride as an emotion."
7198,generic_human,one_shot,inline,pride,The author expresses a positive outcome (promotion) which typically elicits pride as a sense of accomplishment and self-worth.
7198,generic_human,few_shot,numbered,joy,The author describes a positive life event (a promotion) that typically evokes joy.
7198,generic_human,few_shot,inline,pride,"The author expresses a sense of personal accomplishment and recognition through a professional achievement, which is commonly associated with pride."
7198,persona_a,zero_shot,numbered,6. pride,The author feels pride in their accomplishment after working hard and achieving a promotion.
7198,persona_a,zero_shot,inline,pride,The author feels pride in their accomplishment of earning a promotion after working hard and expecting it.
7198,persona_a,one_shot,numbered,pride,The author feels pride in their hard work and the recognition it brought through the promotion.
7198,persona_a,one_shot,inline,pride,"The author attributes the promotion to their own hard work, indicating satisfaction and self-appreciation for achieving a deserved outcome."
7198,persona_a,few_shot,numbered,joy,"The author describes achieving a significant career milestone through hard work, which typically evokes joy."
7198,persona_a,few_shot,inline,joy,"The author describes achieving a significant career milestone through hard work, which typically evokes joy."
7198,persona_b,zero_shot,numbered,10,"The author likely felt surprise because they didn't expect to be promoted, making the outcome unexpected and noteworthy."
7198,persona_b,zero_shot,inline,surprise,"The author didn't expect to be promoted, making the outcome unexpected and surprising."
7198,persona_b,one_shot,numbered,surprise,"The author didn't expect to be promoted, making the news unexpected and surprising."
7198,persona_b,one_shot,inline,surprise,"The author didn't expect to be promoted, leading to surprise at the unexpected outcome."
7198,persona_b,few_shot,numbered,joy,"The author describes achieving a significant career milestone (promotion), which typically evokes positive emotions like joy, even if the outcome was unexpected."
7198,persona_b,few_shot,inline,pride,"The author achieved an unexpected promotion, leading to a sense of accomplishment and self-worth."
52520,neutral,zero_shot,numbered,5,"The author likely felt joy upon winning a valuable voucher, as receiving unexpected rewards typically elicits positive emotions."
52520,neutral,zero_shot,inline,joy,"The author likely felt happiness upon winning a significant voucher, which is a positive and joyful event."
52520,neutral,one_shot,numbered,joy,Winning a substantial voucher is typically associated with positive emotions like joy.
52520,neutral,one_shot,inline,joy,"The author expresses excitement about winning a significant monetary voucher, a common source of joy."
52520,neutral,few_shot,numbered,joy,"The author describes a positive life event (winning a valuable voucher), which typically evokes joy."
52520,neutral,few_shot,inline,joy,"The author describes winning a valuable voucher, a positive life event that typically evokes joy."
52520,generic_human,zero_shot,numbered,joy,"Winning a significant voucher typically elicits positive emotions like happiness or excitement, which aligns with ""joy."""
52520,generic_human,zero_shot,inline,joy,Winning a significant voucher is typically associated with happiness and excitement.
52520,generic_human,one_shot,numbered,joy,"The author expresses excitement about winning a valuable voucher, a common source of joy."
52520,generic_human,one_shot,inline,joy,"The author expresses excitement about winning a substantial voucher, a clear indicator of positive emotion."
52520,generic_human,few_shot,numbered,joy,The author describes a positive life event (winning a valuable voucher) which typically evokes joy.
52520,generic_human,few_shot,inline,joy,"The author describes an unexpected positive outcome (winning a valuable voucher), which typically evokes joy."
52520,persona_a,zero_shot,numbered,5,"The author expressed excitement about winning a substantial voucher, which is a positive outcome that typically evokes joy."
52520,persona_a,zero_shot,inline,joy,"The author expressed excitement about winning a significant voucher, which is a positive and joyful outcome."
52520,persona_a,one_shot,numbered,surprise,"The author expresses unexpected excitement about winning a prize, which is surprising given their rare participation in competitions."
52520,persona_a,one_shot,inline,surprise,"The author, who rarely enters competitions, likely felt surprised by an unexpected win."
52520,persona_a,few_shot,numbered,joy,"The author describes an unexpected positive outcome (winning a significant voucher) from a rare action (entering a competition), which typically evokes joy."
52520,persona_a,few_shot,inline,joy,"The author experienced a positive outcome (winning a voucher) despite their usual reluctance to enter competitions, which typically evokes joy."
52520,persona_b,zero_shot,numbered,5. joy,"Winning a significant voucher is typically associated with positive emotions, and the author's regular participation in raffles suggests they likely felt excitement or happiness upon winning."
52520,persona_b,zero_shot,inline,joy,Winning a significant voucher is typically associated with positive emotions like joy.
52520,persona_b,one_shot,numbered,joy,"Winning a significant voucher is a positive and exciting event, typically associated with happiness."
52520,persona_b,one_shot,inline,joy,"Winning a substantial voucher is a positive and exciting event, typically associated with feelings of joy."
52520,persona_b,few_shot,numbered,joy,"The author describes winning a valuable voucher, a positive life event that typically evokes joy."
52520,persona_b,few_shot,inline,joy,"The author describes winning a valuable voucher, a positive life event that typically evokes joy."
52709,neutral,zero_shot,numbered,trust,The act of someone sharing a secret implies a sense of trust in the author.
52709,neutral,zero_shot,inline,trust,"The author likely felt trusted because someone shared a secret with them, indicating confidence in their reliability."
52709,neutral,one_shot,numbered,surprise,The author feels surprised by the unexpected disclosure of a secret.
52709,neutral,one_shot,inline,surprise,The author is likely surprised by the unexpected disclosure of a secret.
52709,neutral,few_shot,numbered,surprise,"The author describes an unexpected disclosure of information, which is a classic trigger for surprise."
52709,neutral,few_shot,inline,surprise,"The author was unexpectedly told a secret, which is a common source of surprise."
52709,generic_human,zero_shot,numbered,11,"The author likely felt trust as someone shared a secret with them, indicating confidence in their discretion."
52709,generic_human,zero_shot,inline,surprise,"The author likely felt surprised upon being told a secret, as sharing private information often catches someone off guard."
52709,generic_human,one_shot,numbered,trust,"The author was entrusted with a secret, indicating a feeling of trust from the person who shared it."
52709,generic_human,one_shot,inline,surprise,"The author likely felt surprised upon being told a secret, as sharing secrets is often unexpected."
52709,generic_human,few_shot,numbered,surprise,"The author describes an unexpected disclosure of information, which typically evokes surprise."
52709,generic_human,few_shot,inline,trust,"The author feels trusted when someone shares a secret, indicating a positive emotional response based on confidence in the relationship."
52709,persona_a,zero_shot,numbered,fear,"The author, being someone not usually trusted with secrets, likely feels fear about the potential consequences of the secret being revealed."
52709,persona_a,zero_shot,inline,surprise,The author is surprised that someone they aren't typically trusted with secrets has shared a secret with them.
52709,persona_a,one_shot,numbered,surprise,"The author was unexpectedly told a secret by someone they don’t typically trust, creating an unexpected situation."
52709,persona_a,one_shot,inline,surprise,"The author is surprised that someone not typically trusted with secrets shared a secret, indicating an unexpected situation."
52709,persona_a,few_shot,numbered,surprise,"The author describes an unexpected situation where someone shared a secret with them despite not being trusted, which is a common trigger for surprise."
52709,persona_a,few_shot,inline,surprise,"The author, being someone not usually trusted with secrets, likely felt surprise at being confided in."
52709,persona_b,zero_shot,numbered,11. trust,"The author, as a confidant, likely feels trusted by others when secrets are shared, leading to the emotion of trust."
52709,persona_b,zero_shot,inline,trust,"The author, being everyone's confidant, likely feels trusted when others share secrets with them."
52709,persona_b,one_shot,numbered,trust,"The author, as a confidant, feels trusted by others when secrets are shared, indicating a sense of reliability and confidence in their role."
52709,persona_b,one_shot,inline,trust,"The author, as a confidant, feels trusted by others who share their secrets, evoking a sense of trust."
52709,persona_b,few_shot,numbered,pride,The author feels pride in being trusted by others as a confidant.
52709,persona_b,few_shot,inline,pride,"The author, as a confidant, feels pride in being trusted with others' secrets, reflecting a positive self-regard from their role."
6218,neutral,zero_shot,numbered,4,"The author likely felt guilt because lying involves deceiving others, which typically evokes self-reproach and remorse."
6218,neutral,zero_shot,inline,guilt,"The author likely feels guilt for their dishonesty, as lying often evokes self-reproach and remorse."
6218,neutral,one_shot,numbered,guilt,"The author acknowledges lying as the cause of their emotional state, which is a common trigger for guilt."
6218,neutral,one_shot,inline,guilt,"The author expresses regret over lying, which is a classic sign of guilt."
6218,neutral,few_shot,numbered,guilt,"The author acknowledges lying, which typically evokes guilt due to the internal conflict of deceiving others."
6218,neutral,few_shot,inline,guilt,"The author explicitly links their emotional state to lying, which commonly evokes guilt due to the internal conflict of deceiving others."
6218,generic_human,zero_shot,numbered,4. guilt,"The author feels guilt because they recognize their lie as a wrongdoing, leading to self-reproach."
6218,generic_human,zero_shot,inline,guilt,"The author feels guilt because they lied, which is a common emotional response to dishonesty."
6218,generic_human,one_shot,numbered,guilt,"The author acknowledges lying, which typically evokes guilt as a self-directed emotional response to wrongdoing."
6218,generic_human,one_shot,inline,shame,"The author reflects on lying, which typically evokes self-directed negative emotions, and shame is a common response to feeling guilty about one's actions."
6218,generic_human,few_shot,numbered,guilt,"The author explicitly connects their emotional state to the act of lying, which is commonly associated with feelings of guilt."
6218,generic_human,few_shot,inline,guilt,"The author expresses regret over dishonesty, a common trigger for guilt."
6218,persona_a,zero_shot,numbered,guilt,"The author feels guilt for lying, even though the lie was intended to protect a loved one, as they recognize the moral conflict between their action and the potential harm it might cause."
6218,persona_a,zero_shot,inline,guilt,"The author feels guilty for lying, even though it was done to protect a loved one, as lying inherently involves a conflict between honesty and compassion."
6218,persona_a,one_shot,numbered,guilt,"The author lied to protect a loved one, which often leads to feelings of guilt for deceiving others, even if the intention was to avoid harm."
6218,persona_a,one_shot,inline,guilt,"The author lied to protect a loved one, which typically evokes guilt for deceiving others even when the intention was protective."
6218,persona_a,few_shot,numbered,guilt,"The author lied to protect a loved one, which typically evokes guilt for the act of deception, even if done with good intent."
6218,persona_a,few_shot,inline,guilt,"The author lied to protect a loved one, which typically evokes guilt for the act of deception, even if motivated by care."
6218,persona_b,zero_shot,numbered,4,"The author feels guilt for lying, even though they succeeded in avoiding consequences."
6218,persona_b,zero_shot,inline,relief,The author felt relief because they successfully lied for personal gain without facing consequences.
6218,persona_b,one_shot,numbered,pride,"The author reflects on successfully deceiving others for personal gain without facing consequences, which aligns with pride in their accomplishment."
6218,persona_b,one_shot,inline,pride,"The author reflects on successfully deceiving others for personal gain, a scenario often associated with pride in one's cunning or ability to manipulate situations to their advantage."
6218,persona_b,few_shot,numbered,pride,"The author reflects on successfully lying for personal gain without consequences, which aligns with pride as a positive self-assessment of their actions."
6218,persona_b,few_shot,inline,relief,The author felt relief because they successfully lied for personal gain without facing consequences.
52369,neutral,zero_shot,numbered,4,"The author feels guilty for their poor performance at work, which led to a team member's annoyance, indicating self-blame for the negative outcome."
52369,neutral,zero_shot,inline,guilt,"The author feels responsible for their poor performance at work, which led to a team member's annoyance, indicating self-blame and regret."
52369,neutral,one_shot,numbered,guilt,"The author feels responsible for their poor performance at work, which led to another person's annoyance, indicating self-reproach for their actions."
52369,neutral,one_shot,inline,guilt,"The author feels responsible for their poor performance at work, which led to a team member's annoyance, triggering self-blame."
52369,neutral,few_shot,numbered,guilt,"The author feels responsible for their poor performance at work, which led to a team member's annoyance, triggering self-blame and guilt."
52369,neutral,few_shot,inline,guilt,"The author reflects on their poor performance at work leading to another person's annoyance, indicating self-blame and responsibility for the negative outcome."
52369,generic_human,zero_shot,numbered,guilt,"The author reflects on their poor performance causing another team member's annoyance, indicating self-blame and remorse for their actions."
52369,generic_human,zero_shot,inline,guilt,"The author feels responsible for their poor performance at work, which led to a team member's annoyance, indicating self-blame and regret."
52369,generic_human,one_shot,numbered,guilt,"The author reflects on their poor performance causing another person's annoyance, indicating self-blame and regret for their actions."
52369,generic_human,one_shot,inline,guilt,"The author reflects on their own poor performance at work leading to another person's annoyance, indicating self-blame and regret."
52369,generic_human,few_shot,numbered,guilt,"The author reflects on their own poor performance at work that led to a team member's annoyance, indicating self-blame and responsibility for the negative outcome."
52369,generic_human,few_shot,inline,guilt,"The author reflects on their own poor performance at work, which led to a team member's annoyance, indicating self-blame for the negative outcome."
52369,persona_a,zero_shot,numbered,guilt,"The author feels responsible for their poor performance at work, which led to a team member's annoyance, prompting self-blame and remorse."
52369,persona_a,zero_shot,inline,guilt,"The author feels responsible for their poor performance causing a team member's annoyance, leading to self-reproach."
52369,persona_a,one_shot,numbered,guilt,"The author feels responsible for their poor performance at work, which led to a team member's annoyance, indicating self-blame and regret."
52369,persona_a,one_shot,inline,shame,"The author, a new employee on probation, likely feels shame due to their poor performance affecting a teammate, reflecting self-consciousness about their role and potential consequences."
52369,persona_a,few_shot,numbered,shame,"The author reflects on their own poor performance leading to a negative reaction from a teammate, which aligns with self-consciousness about their actions and potential consequences."
52369,persona_a,few_shot,inline,guilt,"The author feels responsible for their poor performance at work, which led to a team member's annoyance, triggering self-reproach."
52369,persona_b,zero_shot,numbered,guilt,"The author feels guilty for their poor performance at work, which negatively affected a team member, leading to self-reproach."
52369,persona_b,zero_shot,inline,guilt,"The author feels responsible for their poor performance at work, which led to a team member's annoyance, triggering self-blame and remorse."
52369,persona_b,one_shot,numbered,guilt,"The author, a senior employee with a strong track record, feels responsible for their poor performance causing a team member's annoyance, leading to self-reproach."
52369,persona_b,one_shot,inline,guilt,"The author reflects on their own poor performance causing a team member's annoyance, indicating self-blame for the negative outcome."
52369,persona_b,few_shot,numbered,guilt,"The author feels responsible for their poor performance at work, which led to a team member's annoyance, triggering self-blame and guilt."
52369,persona_b,few_shot,inline,shame,"The author, a senior employee with a strong track record, feels ashamed about their own performance failure, which contrasts with their established competence and expectations."
4592,neutral,zero_shot,numbered,3,"The context of a haunted house amusement park typically evokes fear, as such places are designed to create scary and thrilling experiences."
4592,neutral,zero_shot,inline,fear,The context of a haunted house amusement park typically evokes fear as the primary emotion.
4592,neutral,one_shot,numbered,fear,The mention of a haunted house amusement park strongly associates with fear-inducing experiences.
4592,neutral,one_shot,inline,fear,The mention of a haunted house amusement park strongly associates with fear due to its spooky and thrilling nature.
4592,neutral,few_shot,numbered,fear,"The author describes an activity (haunted house) commonly associated with fear, even if the emotion isn't explicitly stated."
4592,neutral,few_shot,inline,fear,"The author describes an experience in a haunted house, which is designed to evoke fear through scary and suspenseful stimuli."
4592,generic_human,zero_shot,numbered,3,"The context of a haunted house amusement park strongly implies a fear response, as these attractions are specifically designed to evoke fear and suspense."
4592,generic_human,zero_shot,inline,fear,The context of a haunted house amusement park typically evokes fear due to its spooky and thrilling nature.
4592,generic_human,one_shot,numbered,fear,The context of visiting a haunted house amusement park strongly suggests an experience involving fear.
4592,generic_human,one_shot,inline,fear,The context of a haunted house amusement park strongly associates with fear-inducing experiences.
4592,generic_human,few_shot,numbered,fear,"The author describes an experience at a haunted house, which is typically associated with fear due to the scary and thrilling nature of such attractions."
4592,generic_human,few_shot,inline,fear,"The author describes an experience at a haunted house, which is typically associated with fear due to its spooky and惊悚 nature."
4592,persona_a,zero_shot,numbered,3,"The author, who hates horror, likely felt fear while experiencing a scary haunted house ride against their will."
4592,persona_a,zero_shot,inline,disgust,"The author, who hates horror, likely felt disgust due to being forced into a scary environment they strongly dislike."
4592,persona_a,one_shot,numbered,fear,"The author, who dislikes horror, likely felt fear while enduring a haunted house experience against their will."
4592,persona_a,one_shot,inline,fear,"The author, who dislikes horror, was forced into a scary environment, triggering a fear response."
4592,persona_a,few_shot,numbered,fear,"The author, who hates horror, likely felt fear while enduring a haunted house experience forced by friends."
4592,persona_a,few_shot,inline,fear,"The author describes a situation involving a horror-themed attraction, which typically induces fear, especially for someone who dislikes horror and was forced to attend."
4592,persona_b,zero_shot,numbered,5. joy,"The author, as a horror enthusiast seeking thrill, likely felt joy from the excitement and adrenaline of the haunted house experience."
4592,persona_b,zero_shot,inline,joy,"The author, a horror enthusiast seeking thrill, likely felt excitement and enjoyment from the adrenaline-pumping experience of a haunted house."
4592,persona_b,one_shot,numbered,fear,"The author, as a horror enthusiast, likely experienced fear while visiting a haunted house, even if they sought it out for thrill."
4592,persona_b,one_shot,inline,joy,"The author, a horror enthusiast seeking thrill, likely felt excitement and enjoyment from the experience of visiting a haunted house amusement park."
4592,persona_b,few_shot,numbered,fear,"The author describes experiencing a scary, thrilling environment (haunted house) which typically evokes fear, even if they enjoy it."
4592,persona_b,few_shot,inline,joy,"The author, a horror enthusiast, seeks out thrilling experiences like haunted houses, indicating enjoyment and excitement."
5575,neutral,zero_shot,numbered,anger,"The author observed aggressive shouting, which typically evokes anger due to the intensity and hostility of the interaction."
5575,neutral,zero_shot,inline,disgust,The author likely felt disgusted by witnessing the aggressive and disrespectful behavior toward their wife.
5575,neutral,one_shot,numbered,fear,"The author witnessed an aggressive, potentially threatening interaction, which is likely to evoke fear due to the alarming nature of the situation."
5575,neutral,one_shot,inline,anger,"The author witnessed aggressive, hostile behavior toward another person, which is a common trigger for anger."
5575,neutral,few_shot,numbered,anger,"The author describes witnessing aggressive, confrontational behavior toward another person, which directly relates to feelings of anger."
5575,neutral,few_shot,inline,anger,"The author witnessed aggressive, confrontational behavior toward another person, which is a common trigger for anger."
5575,generic_human,zero_shot,numbered,2,The author likely felt disgust due to witnessing aggressive and offensive behavior towards another person.
5575,generic_human,zero_shot,inline,disgust,"The author witnessed aggressive, potentially abusive behavior, which is likely to evoke a sense of revulsion or discomfort."
5575,generic_human,one_shot,numbered,anger,"The author witnessed aggressive behavior toward another person, which is likely to provoke anger in an observer."
5575,generic_human,one_shot,inline,fear,"The author witnessed aggressive behavior toward a spouse, which could evoke fear for the wife's safety."
5575,generic_human,few_shot,numbered,anger,"The author witnessed aggressive, confrontational behavior toward a spouse, which typically evokes anger due to the perceived injustice or hostility."
5575,generic_human,few_shot,inline,anger,"The author witnessed aggressive verbal behavior toward another person, which typically evokes anger."
5575,persona_a,zero_shot,numbered,2,The author likely felt disgust upon witnessing the aggressive and hostile behavior towards their spouse.
5575,persona_a,zero_shot,inline,disgust,"The author witnessed aggressive behavior toward a spouse, which is likely to evoke disgust due to the perceived cruelty and violation of social norms."
5575,persona_a,one_shot,numbered,anger,"The author witnessed aggressive behavior toward another person, which is likely to evoke anger as a reaction to the hostile act."
5575,persona_a,one_shot,inline,anger,"The author witnessed aggressive behavior toward another person, which is a common trigger for anger."
5575,persona_a,few_shot,numbered,anger,"The author witnessed aggressive behavior toward a spouse, which typically evokes anger due to the perceived hostility and conflict."
5575,persona_a,few_shot,inline,fear,"The author witnessed an aggressive, alarming confrontation that could pose a threat to someone's safety, triggering fear."
5575,persona_b,zero_shot,numbered,2,The author likely felt disgust at witnessing the aggressive and disrespectful behavior towards their wife.
5575,persona_b,zero_shot,inline,disgust,"The author witnessed an aggressive and unpleasant interaction, leading to a feeling of revulsion toward the behavior."
5575,persona_b,one_shot,numbered,anger,"The author witnessed aggressive behavior toward a spouse, which is a common trigger for feelings of anger."
5575,persona_b,one_shot,inline,anger,"The author witnessed aggressive, hostile behavior, which is commonly associated with anger."
5575,persona_b,few_shot,numbered,anger,"The author witnessed aggressive behavior towards a spouse, which typically evokes anger."
5575,persona_b,few_shot,inline,anger,"The author witnessed aggressive verbal behavior toward a spouse, which is likely to evoke anger in an observer."
3290,neutral,zero_shot,numbered,2,The author likely felt disgust due to the unpleasant and revolting nature of encountering a large bug in a personal space.
3290,neutral,zero_shot,inline,fear,The author felt fear due to the unsettling and potentially dangerous situation of encountering a large bug alone in a private space.
3290,neutral,one_shot,numbered,fear,"The author describes encountering a large, unexpected insect in a private space while alone, which typically evokes fear due to the potential threat and discomfort."
3290,neutral,one_shot,inline,fear,"The author describes a frightening situation involving a large, unexpected insect in a private space, combined with the stress of handling it alone."
3290,neutral,few_shot,numbered,fear,"The author describes a frightening, isolated situation involving a large, unexpected creature, triggering anxiety and fear."
3290,neutral,few_shot,inline,fear,"The author describes an unexpected, alarming situation involving a large, potentially threatening creature encountered alone, triggering a fear response."
3290,generic_human,zero_shot,numbered,3. fear,"The author encountered a large, unexpected bug in a personal space while alone, which likely triggered a fear response due to the potential threat or discomfort of handling the situation without help."
3290,generic_human,zero_shot,inline,fear,"The author likely felt fear due to the unexpected and potentially alarming presence of a large bug in a private, isolated space."
3290,generic_human,one_shot,numbered,fear,"The author describes an unexpected, potentially threatening encounter with a large bug in a private space while alone, triggering a fear response."
3290,generic_human,one_shot,inline,fear,"The author describes encountering a large, unexpected insect in a vulnerable setting (being home alone), which typically triggers fear due to the potential threat and discomfort."
3290,generic_human,few_shot,numbered,fear,"The author describes a sudden, alarming encounter with a large, unexpected insect in a private space while alone, which triggers fear due to the potential danger and discomfort."
3290,generic_human,few_shot,inline,fear,"The author describes a frightening situation involving a large, unexpected creature in a private space, combined with being alone and needing to confront it, which triggers fear."
3290,persona_a,zero_shot,numbered,3,The author's pronounced fear of insects and the distressing situation of encountering a large bug alone directly indicates the emotion of fear.
3290,persona_a,zero_shot,inline,fear,The author's pronounced fear of insects and the alarming presence of a large bug in a vulnerable setting (home alone) directly evoke a fear response.
3290,persona_a,one_shot,numbered,fear,"The author describes a distressing situation involving a large insect and being alone, which are classic fear-inducing scenarios."
3290,persona_a,one_shot,inline,fear,"The author's pronounced fear of insects, combined with being alone and confronting a large bug, creates a situation ripe for intense fear."
3290,persona_a,few_shot,numbered,fear,"The author describes a situation involving a large insect and being alone, which aligns with their stated fear of insects and the heightened anxiety of handling it without assistance."
3290,persona_a,few_shot,inline,fear,"The author describes encountering a large insect while alone, triggering anxiety and the need to confront it despite their fear of insects."
3290,persona_b,zero_shot,numbered,2. disgust,"The author explicitly mentions disliking bugs, and the discovery of a large, unexpected bug in a personal space would likely trigger a strong sense of disgust."
3290,persona_b,zero_shot,inline,disgust,"The author's aversion to bugs, combined with the unexpected presence of a large, unsettling creature in a personal space, likely triggered a strong feeling of disgust."
3290,persona_b,one_shot,numbered,disgust,"The author encountered a large, unwanted bug in a private space, a common trigger for disgust due to its association with revulsion and discomfort."
3290,persona_b,one_shot,inline,fear,"The author's isolation and the presence of a large, unexpected bug in a private space likely triggered a fear response despite prior experience with bugs."
3290,persona_b,few_shot,numbered,fear,"The author describes a sudden, alarming encounter with a large bug in a private space while alone, which triggers fear despite prior experience with bugs."
3290,persona_b,few_shot,inline,disgust,"The author describes encountering a large, disliked insect in a personal space, triggering a visceral reaction of revulsion."
7200,neutral,one_shot,inline,fear,"The author mentions detecting smoke, which is commonly associated with danger or fire, triggering a fear response."
7200,neutral,zero_shot,inline,fear,"The mention of smelling smoke in the basement likely evokes a sense of danger or alarm, which aligns with the emotion of fear."
7200,neutral,one_shot,numbered,fear,"The author detected a potentially dangerous situation (smoke), which typically evokes fear."
7200,neutral,zero_shot,numbered,3,"The mention of smelling smoke in the basement suggests a potential danger, triggering a sense of fear."
7200,neutral,few_shot,numbered,fear,"The author describes a potentially dangerous situation (smoke in the basement) that could threaten safety, triggering fear."
7200,neutral,few_shot,inline,fear,"The author describes a potentially dangerous situation (smoke in the basement) that poses a threat, triggering fear."
7200,generic_human,zero_shot,numbered,3. fear,"The mention of smelling smoke in the basement likely indicates a sense of danger or threat, which aligns with the emotion of fear."
7200,generic_human,zero_shot,inline,fear,"The author likely felt fear upon detecting smoke in their basement, as smoke can signal a dangerous situation like a fire."
7200,generic_human,one_shot,numbered,fear,"The author likely felt fear upon detecting smoke, as it signals a potential fire or dangerous situation."
7200,generic_human,one_shot,inline,fear,"The author likely felt fear upon detecting smoke, as it signals potential danger like a fire."
7200,generic_human,few_shot,numbered,fear,The author describes a potentially dangerous situation (smoke in the basement) that would naturally evoke fear for safety.
7200,generic_human,few_shot,inline,fear,"The author describes a sudden, alarming situation involving a potential fire hazard, which triggers fear for safety."
7200,persona_a,zero_shot,numbered,3,"The author likely felt fear upon detecting smoke in their basement, as smoke often signals a potential fire or emergency."
7200,persona_a,zero_shot,inline,fear,The narrator's mention of smelling smoke in their basement likely evokes fear due to the potential danger of a fire or hazardous situation.
7200,persona_a,one_shot,numbered,fear,"The author describes detecting smoke, which is commonly associated with fear due to the potential danger it signifies."
7200,persona_a,one_shot,inline,fear,"The author likely felt fear upon detecting smoke, as it signals a potential fire or danger."
7200,persona_a,few_shot,numbered,fear,"The author describes detecting smoke in their basement, which signals a potential fire hazard and triggers alarm for safety."
7200,persona_a,few_shot,inline,fear,"The author describes detecting smoke, which is a common trigger for fear due to the potential danger of fire."
7200,persona_b,zero_shot,numbered,fear,"The firefighter's mention of detecting smoke in their basement suggests a potential threat, triggering a natural fear response despite the routine nature of the call."
7200,persona_b,zero_shot,inline,surprise,"The author mentions detecting smoke, which might be unexpected or unusual in a routine call, leading to a sense of surprise."
7200,persona_b,one_shot,numbered,surprise,"The author mentions detecting smoke unexpectedly, which is a sudden sensory experience that aligns with surprise."
7200,persona_b,one_shot,inline,fear,"The presence of smoke in a basement, even in a routine call, can evoke concern for safety, triggering a fear response."
7200,persona_b,few_shot,numbered,fear,"The author describes detecting smoke, which is an alarming situation that could indicate a fire, triggering fear even in a routine context."
7200,persona_b,few_shot,inline,surprise,"The author detected an unexpected smell of smoke in their basement, which might be unusual even in a routine scenario."
41671,neutral,zero_shot,numbered,6. pride,"The author expresses pride in achieving a historic milestone as the first woman to win a greco roman style wrestling match in their province, highlighting their accomplishment and significance."
41671,neutral,zero_shot,inline,pride,The author expresses pride in achieving a significant milestone as the first woman to win a specific wrestling match in their province.
41671,neutral,one_shot,numbered,pride,"The author describes achieving a significant milestone as the first woman to win a specific wrestling match, reflecting pride in their accomplishment."
41671,neutral,one_shot,inline,pride,"The author expresses pride in achieving a historic first victory in a new wrestling style, highlighting their personal accomplishment and significance."
41671,neutral,few_shot,numbered,pride,"The author describes achieving a historic first victory in a new wrestling style, reflecting pride in their accomplishment and breaking new ground."
41671,neutral,few_shot,inline,pride,"The author reflects on achieving a historic victory in a new wrestling style, highlighting personal accomplishment and recognition of their role in a significant milestone."
41671,generic_human,zero_shot,numbered,6. pride,"The author achieved a historic first victory in their province, which likely evokes pride for breaking new ground and succeeding in a significant milestone."
41671,generic_human,zero_shot,inline,pride,"The author achieved a historic victory in a significant competition, leading to a sense of accomplishment and pride in their accomplishment."
41671,generic_human,one_shot,numbered,pride,The author expresses pride in achieving a significant milestone as the first woman to win a greco roman style wrestling match in their province.
41671,generic_human,one_shot,inline,pride,"The author achieved a historic first victory in a new wrestling style for women, leading to a sense of accomplishment and pride."
41671,generic_human,few_shot,numbered,pride,"The author expresses pride in achieving a historic first victory in a new wrestling style, highlighting their accomplishment and significance."
41671,generic_human,few_shot,inline,pride,"The author emphasizes achieving a historic first victory in a significant competition, reflecting pride in their accomplishment."
41671,persona_a,zero_shot,numbered,6. pride,"The author feels pride in achieving a historic milestone as the first woman to win a Greco-Roman style wrestling match in their province, highlighting their accomplishment and significance."
41671,persona_a,zero_shot,inline,pride,"The author feels pride in achieving a historic milestone as the first woman to win a greco roman wrestling match in their province, highlighting their personal accomplishment and the significance of breaking new ground."
41671,persona_a,one_shot,numbered,pride,"The author reflects on achieving a historic first in women's wrestling, indicating pride in their accomplishment and its significance."
41671,persona_a,one_shot,inline,pride,"The author emphasizes achieving a historic first in a new wrestling style, reflecting pride in their accomplishment and its significance."
41671,persona_a,few_shot,numbered,pride,"The author describes achieving a historic first in a competitive sport, reflecting pride in their accomplishment and breaking new ground."
41671,persona_a,few_shot,inline,pride,"The author describes achieving a historic first in a competitive arena, which evokes pride in their personal accomplishment and recognition."
41671,persona_b,zero_shot,numbered,pride,"The author emphasizes their historic achievement as the first woman to win a greco roman wrestling match in their province, highlighting a sense of accomplishment and honor."
41671,persona_b,zero_shot,inline,pride,"The author feels pride in achieving a historic first victory as a woman in greco roman wrestling, representing their province and breaking new ground in the sport."
41671,persona_b,one_shot,numbered,pride,"The author emphasizes achieving a historic first in a new wrestling style, reflecting pride in their accomplishment and recognition of their role in a milestone event."
41671,persona_b,one_shot,inline,pride,"The author emphasizes being the first woman to win a specific wrestling match, highlighting personal achievement and recognition in a significant context."
41671,persona_b,few_shot,numbered,pride,"The author describes achieving a historic first victory in a new wrestling style, reflecting pride in their accomplishment and its significance."
41671,persona_b,few_shot,inline,pride,"The author expresses pride in achieving a historic victory as the first woman to win a Greco-Roman style wrestling match in their province, highlighting their personal accomplishment and the significance of the event."
52458,neutral,zero_shot,numbered,7. relief,"The author experienced relief after a prolonged period of unsuccessful job searches, leading to a sense of eased stress and accomplishment."
52458,neutral,zero_shot,inline,relief,The author felt relief after overcoming a prolonged period of rejection and finally securing a job offer.
52458,neutral,one_shot,numbered,joy,"The author expresses relief and happiness after a long period of unsuccessful job searches, leading to a positive emotional outcome."
52458,neutral,one_shot,inline,relief,"The author experienced relief after a prolonged period of unsuccessful job searches, culminating in a positive outcome."
52458,neutral,few_shot,numbered,joy,"The author describes achieving a long-sought goal after significant effort and frustration, which typically evokes joy."
52458,neutral,few_shot,inline,joy,The author describes a positive life event (receiving a job offer after significant effort) that typically evokes joy.
52458,generic_human,zero_shot,numbered,7,"The author experienced relief after a prolonged period of unsuccessful job applications and interviews, finally achieving a positive outcome."
52458,generic_human,zero_shot,inline,relief,The author experienced relief after overcoming a prolonged period of unsuccessful job searches and finally securing a job offer.
52458,generic_human,one_shot,numbered,relief,The author expresses relief after overcoming a prolonged period of unsuccessful job searches and finally achieving a positive outcome.
52458,generic_human,one_shot,inline,relief,"The author describes overcoming a prolonged period of unsuccessful job searches, leading to a sense of relief from the stress and uncertainty."
52458,generic_human,few_shot,numbered,joy,"The author describes achieving a significant life goal after a prolonged and challenging process, which typically evokes joy."
52458,generic_human,few_shot,inline,joy,The author describes a positive life event (receiving a job offer after significant effort) which typically evokes joy.
52458,persona_a,zero_shot,numbered,5. joy,The author experienced joy upon finally receiving a job offer after prolonged efforts and setbacks.
52458,persona_a,zero_shot,inline,joy,The narrator experienced happiness upon finally securing a job offer after prolonged efforts and setbacks.
52458,persona_a,one_shot,numbered,joy,"The author experienced a positive outcome after prolonged effort and rejection, leading to a sense of happiness and fulfillment."
52458,persona_a,one_shot,inline,relief,The author experienced relief after overcoming a prolonged period of rejection and finally achieving a positive outcome.
52458,persona_a,few_shot,numbered,joy,The author describes a highly positive life event (receiving a job offer after prolonged efforts) that typically evokes joy.
52458,persona_a,few_shot,inline,joy,"The author describes achieving a long-sought goal after significant effort and setbacks, which typically evokes joy."
52458,persona_b,zero_shot,numbered,7,"The author experienced relief after a prolonged period of unsuccessful job searches, finally securing a job offer."
52458,persona_b,zero_shot,inline,relief,"The author experienced relief after enduring a prolonged job search with no success, finally receiving a job offer that ended their stress and uncertainty."
52458,persona_b,one_shot,numbered,joy,"The author experienced a positive outcome after a long period of rejection, leading to happiness."
52458,persona_b,one_shot,inline,relief,"The author experienced a long period of unsuccessful job searches, so the sudden positive outcome of receiving an offer would alleviate stress and bring relief."
52458,persona_b,few_shot,numbered,joy,The author describes a highly positive life event (receiving a job offer after prolonged effort) which typically evokes joy.
52458,persona_b,few_shot,inline,relief,"The author describes overcoming a prolonged period of rejection and effort, leading to a positive outcome that alleviates stress and uncertainty."
52828,neutral,zero_shot,numbered,fear,The author likely felt fear due to the intrusive and potentially anxiety-inducing nature of being checked for vaccination documents and ID by gym staff.
52828,neutral,zero_shot,inline,fear,The author likely felt fear due to the intrusive and potentially anxiety-inducing nature of being checked for vaccination documents and ID by gym staff.
52828,neutral,one_shot,numbered,fear,The author likely felt fear due to the intrusive and potentially stressful nature of being checked for vaccination documents and ID by gym staff.
52828,neutral,one_shot,inline,fear,The author likely felt fear due to the intrusive and potentially anxiety-inducing nature of being checked for vaccination documents and ID by gym staff.
52828,neutral,few_shot,numbered,fear,"The author describes a situation involving mandatory checks that could lead to anxiety or concern about potential consequences, triggering fear."
52828,neutral,few_shot,inline,fear,"The author describes an intrusive or unsettling situation involving personal checks, which typically evokes fear or anxiety."
52828,generic_human,zero_shot,numbered,fear,The author likely felt fear due to the intrusive and potentially anxiety-inducing nature of being checked for vaccination documents and ID in a public setting.
52828,generic_human,zero_shot,inline,fear,"The author likely felt fear due to the intrusive nature of the gym staff checking for vaccination documents and ID, which could evoke anxiety about privacy or safety."
52828,generic_human,one_shot,numbered,fear,"The author likely felt fear due to the intrusive and potentially stressful nature of being checked for vaccination documents and ID, which could trigger anxiety about privacy, compliance, or health protocols."
52828,generic_human,one_shot,inline,fear,The author likely felt fear due to the intrusive and potentially anxiety-inducing nature of being checked for vaccination documents and ID by gym staff.
52828,generic_human,few_shot,numbered,fear,"The author describes a situation involving intrusive checks for personal documents, which can evoke anxiety or fear about privacy and safety."
52828,generic_human,few_shot,inline,fear,"The author describes a situation involving strict compliance checks that could lead to anxiety or concern about potential consequences, triggering fear."
52828,persona_a,zero_shot,numbered,fear,"The author likely felt fear due to the strict covid protocols, which may have heightened anxiety about health risks or uncertainty."
52828,persona_a,zero_shot,inline,relief,The author likely felt relief that the gym was implementing strict protocols to ensure safety during the pandemic.
52828,persona_a,one_shot,numbered,fear,The author likely felt fear due to the intrusive and potentially stressful nature of being subjected to strict COVID protocol checks.
52828,persona_a,one_shot,inline,fear,The author likely felt fear due to the intrusive and potentially anxiety-inducing nature of being subjected to strict COVID protocol checks.
52828,persona_a,few_shot,numbered,fear,"The author describes a situation involving strict health protocol enforcement, which can evoke fear due to potential consequences or uncertainty."
52828,persona_a,few_shot,inline,surprise,"The author describes an unexpected situation involving strict covid protocols, which likely caught them off guard."
52828,persona_b,zero_shot,numbered,relief,"The author likely felt relief that the gym staff was enforcing safety protocols, indicating a sense of security and compliance with health measures."
52828,persona_b,zero_shot,inline,relief,"The author likely felt relief that the gym staff was enforcing safety protocols, indicating a positive response to the preventive measures."
52828,persona_b,one_shot,numbered,fear,The author likely felt fear due to the intrusive and potentially stressful nature of being subjected to mandatory checks for vaccination documents and ID.
52828,persona_b,one_shot,inline,anger,"The author likely felt anger towards the gym staff's enforcement of vaccine and ID checks, which may have been perceived as intrusive or restrictive."
52828,persona_b,few_shot,numbered,fear,"The author describes a situation involving mandatory checks that could trigger anxiety or concern for safety, aligning with fear as a reaction to potential risks or uncertainties."
52828,persona_b,few_shot,inline,relief,"The author likely felt relief that the gym staff were enforcing safety protocols, which may have alleviated concerns about health risks."
41722,neutral,zero_shot,numbered,6. pride,"The author expresses pride in overcoming a homophobic environment and being able to express affection openly without shame, highlighting personal growth and self-acceptance."
41722,neutral,zero_shot,inline,relief,The author felt relieved after overcoming the shame from a homophobic environment by publicly expressing their relationship without feeling ashamed.
41722,neutral,one_shot,numbered,pride,"The author expresses pride in overcoming societal stigma and feeling unashamed in a homophobic environment, highlighting personal achievement and self-acceptance."
41722,neutral,one_shot,inline,relief,"The author expresses relief from overcoming shame in a homophobic environment, feeling liberated to express affection openly."
41722,neutral,few_shot,numbered,pride,"The author expresses pride in overcoming societal stigma and embracing their identity without shame, reflecting a sense of accomplishment and self-acceptance."
41722,neutral,few_shot,inline,relief,"The author expresses overcoming shame from a homophobic environment, indicating relief from previously felt emotional burden."
41722,generic_human,zero_shot,numbered,6. pride,"The author reflects on overcoming a homophobic environment to express affection without shame, indicating pride in their personal growth and acceptance."
41722,generic_human,zero_shot,inline,relief,"The author felt relief from overcoming the shame and societal pressures of a homophobic environment, allowing them to express affection without guilt."
41722,generic_human,one_shot,numbered,pride,"The author expresses pride in overcoming societal stigma and embracing their identity without shame, highlighting personal triumph and self-acceptance."
41722,generic_human,one_shot,inline,pride,"The author reflects on overcoming societal shame from a homophobic environment to express affection openly, indicating pride in their personal growth and confidence."
41722,generic_human,few_shot,numbered,pride,"The author expresses overcoming past shame from a homophobic environment through public affection, indicating pride in their personal resilience and self-acceptance."
41722,generic_human,few_shot,inline,pride,"The author expresses triumph over personal struggles with homophobia, highlighting self-acceptance and the courage to embrace their identity without shame."
41722,persona_a,zero_shot,numbered,pride,The author feels pride in overcoming past shame from a homophobic environment and being able to express affection openly without guilt.
41722,persona_a,zero_shot,inline,pride,"The author feels pride in overcoming societal homophobia and embracing their relationship without shame, reflecting self-respect and personal growth."
41722,persona_a,one_shot,numbered,pride,The author expresses pride in overcoming a homophobic environment's influence and feeling no shame in expressing affection publicly.
41722,persona_a,one_shot,inline,relief,"The author expresses relief at overcoming shame in a homophobic environment, indicating a release of anxiety about societal judgment."
41722,persona_a,few_shot,numbered,pride,"The author expresses pride in overcoming societal shame from a homophobic environment, achieving personal freedom and self-acceptance."
41722,persona_a,few_shot,inline,pride,"The author reflects on overcoming a homophobic environment to express their relationship openly, indicating pride in their personal growth and resilience."
41722,persona_b,zero_shot,numbered,5. joy,"The author expresses happiness about being able to show affection publicly without shame, indicating a positive emotional outcome despite past challenges."
41722,persona_b,zero_shot,inline,relief,The author feels relieved for overcoming past shame and being able to express their relationship openly without fear or guilt.
41722,persona_b,one_shot,numbered,relief,The author expresses relief at overcoming the shame associated with their past homophobic environment by being able to publicly express affection without fear or guilt.
41722,persona_b,one_shot,inline,pride,The author feels pride in overcoming shame in a homophobic environment by expressing affection openly.
41722,persona_b,few_shot,numbered,pride,"The author reflects on overcoming societal shame from a homophobic environment to express affection openly, indicating pride in their personal growth and courage."
41722,persona_b,few_shot,inline,pride,The author expresses pride in overcoming past shame and societal judgment from a homophobic environment to openly express affection.
52895,neutral,zero_shot,numbered,5. joy,"The author explicitly states that the client's action ""made my day,"" a phrase commonly associated with positive emotions, and the use of ""big massive"" suggests a strong sense of happiness."
52895,neutral,zero_shot,inline,joy,"The author expresses that the client's action ""made my day,"" indicating a positive and cheerful emotion."
52895,neutral,one_shot,numbered,joy,"The author expresses that the client's unexpected payment ""made my day,"" indicating a positive emotional response."
52895,neutral,one_shot,inline,joy,"The author expresses a positive reaction (""made my day"") to an unexpected favorable situation."
52895,neutral,few_shot,numbered,joy,"The author expresses that the client's unexpected action ""made my day,"" indicating a positive and uplifting emotional response."
52895,neutral,few_shot,inline,joy,"The author describes a positive outcome (""made my day"") from an unexpected favorable action by a client, indicating happiness."
52895,generic_human,zero_shot,numbered,5. joy,"The author explicitly states that the client's action ""made my day,"" which directly indicates a positive emotion like joy."
52895,generic_human,zero_shot,inline,joy,"The author expressed that the client's unexpected payment ""made my day,"" indicating a strong positive emotional response."
52895,generic_human,one_shot,numbered,joy,"The phrase ""made my day"" indicates a positive emotional response to the client's unexpected action."
52895,generic_human,one_shot,inline,joy,"The author expresses a positive reaction to an unexpected favorable situation (""made my day""), indicating happiness."
52895,generic_human,few_shot,numbered,joy,"The author describes a positive, unexpected event (""made my day"") that reflects happiness and satisfaction."
52895,generic_human,few_shot,inline,joy,"The author describes a positive outcome (""made my day"") from an unexpected favorable action by a client, indicating happiness."
52895,persona_a,zero_shot,numbered,5. joy,"The author explicitly mentions the unexpected payment ""made my day,"" directly indicating a positive emotional response."
52895,persona_a,zero_shot,inline,joy,"The author expresses that the unexpected upfront payment ""made my day,"" indicating a positive and joyful reaction to the client's generous action."
52895,persona_a,one_shot,numbered,joy,"The author expresses that the unexpected payment ""made my day,"" indicating a positive and joyful reaction to the situation."
52895,persona_a,one_shot,inline,joy,"The author expresses that the unexpected payment ""made my day,"" indicating a positive and happy emotional response."
52895,persona_a,few_shot,numbered,joy,"The author expresses a strong positive reaction to an unexpected positive outcome (""made my day""), indicating happiness."
52895,persona_a,few_shot,inline,joy,"The author describes an unexpected positive outcome (""made my day"") from an unusual payment, indicating happiness and satisfaction."
52895,persona_b,zero_shot,numbered,5,"The author explicitly states that the client's action ""made my day,"" which directly indicates a positive emotion of joy."
52895,persona_b,zero_shot,inline,joy,"The author expresses that the client's action ""made my day,"" indicating a positive and happy emotion."
52895,persona_b,one_shot,numbered,joy,"The author expresses that the client's unexpected action ""made my day,"" indicating a positive and joyful sentiment."
52895,persona_b,one_shot,inline,joy,"The author expresses that the client's unexpected action ""made my day,"" indicating a positive and happy emotional response."
52895,persona_b,few_shot,numbered,joy,"The author expresses surprise and positive impact (""made my day"") from an unexpected, generous action by the client, aligning with joy."
52895,persona_b,few_shot,inline,joy,"The author describes an unexpected positive outcome (""made my day"") from a client's generous action, which directly relates to feelings of happiness."
2212,neutral,zero_shot,numbered,joy,"The author likely felt a warm, positive emotion towards their cat's presence, which is commonly associated with joy."
2212,neutral,zero_shot,inline,joy,The author likely feels happiness from the comforting presence of their cat sleeping nearby.
2212,neutral,one_shot,numbered,joy,"The author is expressing a positive emotional response to their cat's presence, indicating comfort or affection."
2212,neutral,one_shot,inline,joy,"The author likely felt joy from the comfort and affection of their cat's presence, a common positive emotional response to such a scenario."
2212,neutral,few_shot,numbered,joy,"The author describes a comforting and pleasant interaction with a pet, which typically evokes joy."
2212,neutral,few_shot,inline,joy,"The author describes a comforting and pleasant scenario of a cat sleeping nearby, which typically evokes feelings of warmth and contentment."
2212,generic_human,zero_shot,numbered,5,"The author likely felt joy from the comforting presence of their cat sleeping nearby, which is a common positive emotional response to such a温馨 scenario."
2212,generic_human,zero_shot,inline,joy,"The author likely feels happiness or comfort from their cat's presence, which is a common positive emotional response."
2212,generic_human,one_shot,numbered,joy,"The author is expressing a positive emotional response to their cat's presence, indicating comfort or affection."
2212,generic_human,one_shot,inline,joy,"The author likely feels comforted or happy having their cat close, a common source of warmth and affection."
2212,generic_human,few_shot,numbered,joy,"The author describes a comforting and pleasant experience of having a cat close by, which typically evokes feelings of warmth and joy."
2212,generic_human,few_shot,inline,joy,"The author describes a comforting and affectionate moment with their pet, which typically evokes positive emotions like joy."
2212,persona_a,zero_shot,numbered,5,The author likely feels joy from the comfort and companionship of their cat sleeping nearby.
2212,persona_a,zero_shot,inline,joy,The author likely feels joy from the comfort and companionship of their cat sleeping nearby.
2212,persona_a,one_shot,numbered,joy,The author likely feels happiness or contentment from their cat's affectionate behavior.
2212,persona_a,one_shot,inline,joy,"The author likely feels happiness or contentment from their cat's affectionate presence, a common positive emotional response for pet owners."
2212,persona_a,few_shot,numbered,joy,"The author describes a comforting and affectionate scenario involving a pet, which typically evokes joy."
2212,persona_a,few_shot,inline,joy,"The author describes a温馨 and comforting scenario of a pet sleeping nearby, which typically evokes positive emotions like joy."
2212,persona_b,zero_shot,numbered,5,"The author, as a veterinarian, likely feels joy from the cat's affectionate behavior, indicating comfort and positive connection."
2212,persona_b,zero_shot,inline,joy,"The author, as a veterinarian, likely feels joy from the comfort and companionship of their cat sleeping nearby, which is a common and normal behavior."
2212,persona_b,one_shot,numbered,relief,"The author, as a veterinarian, might feel relieved that the cat's behavior is normal and not indicative of any health issues."
2212,persona_b,one_shot,inline,trust,"The veterinarian's discussion of normal cat sleeping behavior implies confidence in the cat's natural tendencies, suggesting a sense of trust in the animal's actions."
2212,persona_b,few_shot,numbered,joy,"The author describes a comforting and affectionate interaction with their cat, which typically evokes positive emotions like joy."
2212,persona_b,few_shot,inline,joy,"The author describes a positive, comforting interaction with their cat, which typically evokes joy."
2213,neutral,zero_shot,numbered,11. trust,"The author trusted their manager's promise that pay would return to normal and they would be rewarded, leading to a positive outcome."
2213,neutral,zero_shot,inline,relief,The author felt relief because the situation resolved positively after taking the pay reduction as advised.
2213,neutral,one_shot,numbered,relief,"The author describes a situation where a stressful decision (pay reduction) led to a positive outcome, indicating relief from the uncertainty and stress."
2213,neutral,one_shot,inline,relief,"The author describes a situation where a stressful or uncertain action (voluntary pay reduction) led to a positive outcome, indicating relief from the resolved situation."
2213,neutral,few_shot,numbered,relief,"The author describes a stressful situation (pay reduction) that resolved positively, leading to a sense of relief."
2213,neutral,few_shot,inline,relief,"The author describes a challenging situation (pay reduction) that ultimately resolved positively, leading to a sense of relief."
2213,generic_human,zero_shot,numbered,relief,"The author felt relieved that their situation improved after trusting their manager's promise, leading to a positive outcome."
2213,generic_human,zero_shot,inline,trust,"The author trusted their manager's promise that pay would return to normal and they would be rewarded, leading to a positive outcome."
2213,generic_human,one_shot,numbered,relief,"The author describes a situation where a difficult decision was made but ultimately resolved positively, leading to a sense of relief."
2213,generic_human,one_shot,inline,trust,"The author explicitly mentions trusting their manager and acknowledges that the situation resolved positively, indicating a feeling of trust."
2213,generic_human,few_shot,numbered,relief,"The author describes a stressful situation (pay reduction) that resolved positively, leading to a sense of relief."
2213,generic_human,few_shot,inline,relief,"The author describes a stressful situation (pay reduction) that resolved positively, leading to a sense of eased tension and satisfaction."
2213,persona_a,zero_shot,numbered,relief,"The author reflects on a situation where their trust in the manager's promise led to a positive outcome, indicating they felt relieved that the pay cut and its consequences resolved successfully."
2213,persona_a,zero_shot,inline,relief,The author felt relieved because the voluntary pay reduction and the manager's promises led to a positive outcome.
2213,persona_a,one_shot,numbered,trust,"The author expressed trust in the manager's promise, which led to a positive outcome."
2213,persona_a,one_shot,inline,relief,"The author expresses that their decision to trust the manager and take the pay cut led to a positive outcome, indicating relief from the stress or uncertainty of the situation."
2213,persona_a,few_shot,numbered,relief,"The author describes a stressful situation (pay cut) that resolved positively, leading to a sense of relief."
2213,persona_a,few_shot,inline,relief,"The author describes a situation where a stressful decision (pay cut) led to a positive outcome, indicating relief from the uncertainty and stress."
2213,persona_b,zero_shot,numbered,relief,"The author felt relief because the temporary pay reduction and the manager's promises led to a positive outcome, resolving the uncertainty and stress of the situation."
2213,persona_b,zero_shot,inline,trust,"The author explicitly mentions trusting the manager's promise and confirms that the outcome was positive, indicating confidence in the manager's assurance."
2213,persona_b,one_shot,numbered,trust,"The author trusted the manager's promise of future rewards and relief, leading to a positive outcome."
2213,persona_b,one_shot,inline,relief,"The author expresses that the situation resolved positively, indicating relief after the temporary pay reduction and the manager's promises were fulfilled."
2213,persona_b,few_shot,numbered,relief,"The author describes a situation where a stressful situation (pay reduction) resolved positively, leading to a sense of relief."
2213,persona_b,few_shot,inline,relief,"The author describes a situation where a temporary hardship (pay reduction) resolved positively, leading to a sense of relief."
41548,neutral,zero_shot,numbered,9. shame,"The author likely felt shame for being dishonest and hiding their actions from their partner, which reflects a sense of personal embarrassment or self-disgust over their behavior."
41548,neutral,zero_shot,inline,shame,"The author likely felt shame for hiding their secret Tinder profile, which implies a sense of guilt or embarrassment about being dishonest during their relationship."
41548,neutral,one_shot,numbered,guilt,"The author likely feels guilty for being dishonest and hiding a secret from their boyfriend, which violates trust in the relationship."
41548,neutral,one_shot,inline,shame,"The author likely feels ashamed for keeping a secret about their dating activities, which reflects negatively on their honesty and self-respect."
41548,neutral,few_shot,numbered,shame,"The author reveals a secret act of deception in a relationship, which typically evokes shame due to the betrayal of trust and personal embarrassment."
41548,neutral,few_shot,inline,shame,"The author likely feels shame for being dishonest and hiding their secret dating activity, which violates trust in the relationship."
41548,generic_human,zero_shot,numbered,shame,"The author likely felt shame for hiding their secret Tinder profile, which reflects a sense of self-consciousness and moral discomfort about their dishonesty during the relationship."
41548,generic_human,zero_shot,inline,guilt,"The author likely felt guilt for being dishonest and using Tinder secretly during the relationship, which violates trust."
41548,generic_human,one_shot,numbered,shame,"The author likely feels shame for keeping a secret that violates trust in a relationship, leading to self-conscious regret about their dishonesty."
41548,generic_human,one_shot,inline,guilt,"The author likely feels guilty for hiding their actions from their partner, which violates trust and leads to emotional discomfort."
41548,generic_human,few_shot,numbered,guilt,"The author feels guilty for keeping a secret and using a dating app during the relationship, which violates trust and honesty."
41548,generic_human,few_shot,inline,guilt,"The author feels remorseful for keeping a secret that could harm the relationship, indicating self-blame for dishonesty."
41548,persona_a,zero_shot,numbered,guilt,"The author acknowledges their unfaithfulness and accepts the consequences, indicating self-reproach for their actions."
41548,persona_a,zero_shot,inline,shame,"The author feels shame for their unfaithfulness and the consequences they now face, which aligns with the social judgment and personal embarrassment of their actions."
41548,persona_a,one_shot,numbered,guilt,"The author acknowledges their wrongdoing (unfaithfulness) and accepts the consequences, indicating self-reproach and responsibility for their actions."
41548,persona_a,one_shot,inline,shame,"The author acknowledges their unfaithfulness and accepts the consequences, indicating self-reproach and discomfort with their actions."
41548,persona_a,few_shot,numbered,guilt,"The author acknowledges their wrongdoing and accepts consequences, indicating self-reproach for their unfaithful actions."
41548,persona_a,few_shot,inline,guilt,"The author acknowledges their wrongdoing (infidelity) and accepts facing consequences, indicating self-reproach and responsibility for their actions."
41548,persona_b,zero_shot,numbered,4,"The author feels guilt for creating a secret profile out of insecurity, which likely caused emotional harm to their relationship without any physical consequences."
41548,persona_b,zero_shot,inline,shame,"The author feels ashamed for creating a secret Tinder profile out of insecurity, realizing their actions were hypocritical and potentially betraying trust."
41548,persona_b,one_shot,numbered,guilt,"The author reflects on an impulsive, insecure action that caused emotional conflict without tangible harm, indicating self-reproach for their behavior."
41548,persona_b,one_shot,inline,shame,"The author reflects on acting out of insecurity with a secret profile, implying self-consciousness about their dishonesty and potential betrayal of trust."
41548,persona_b,few_shot,numbered,guilt,"The author feels remorseful for being dishonest and acting on insecurity, which violates trust in the relationship."
41548,persona_b,few_shot,inline,shame,"The author acted impulsively out of insecurity, leading to a secret that likely caused self-reproach and embarrassment upon discovery."
