text_id,framing_condition,prompt_variant,label_format,label,reason
378,neutral,zero_shot,numbered,**anger**,"The author describes feeling frustrated and powerless due to being invalidated and manipulated, which aligns with a strong sense of anger."
378,neutral,zero_shot,inline,**anger**,"The author describes feeling wronged, dismissed, and manipulated, which aligns with a strong sense of anger at being invalidated."
378,neutral,one_shot,numbered,anger,"The author describes being wronged, dismissed, and invalidated by someone they trusted, which is a clear trigger for anger."
378,neutral,one_shot,inline,**anger**,"The author describes being invalidated and dismissed while confronting unfair treatment, which is a hallmark of anger."
378,neutral,few_shot,numbered,anger,"The author describes being invalidated and dismissed while confronting unfair treatment, which is a primary trigger for anger."
378,neutral,few_shot,inline,**anger**,"The author describes being invalidated and dismissed after confronting their mom, which is a clear trigger for anger."
378,generic_human,zero_shot,numbered,**anger**,"The author describes feeling wronged, dismissed, and emotionally manipulated, which aligns with frustration and anger at being invalidated."
378,generic_human,zero_shot,inline,**anger**,"The author describes feeling wronged and dismissed, which aligns with a strong emotional response of anger toward the unfair treatment."
378,generic_human,one_shot,numbered,anger,"The author describes being wronged, gaslighted, and having their efforts dismissed, which are clear triggers for anger."
378,generic_human,one_shot,inline,**anger**,"The author describes being invalidated and manipulated by their mom’s immature behavior, which is a clear trigger for anger."
378,generic_human,few_shot,numbered,anger,"The author describes being invalidated and dismissed while confronting their mom’s immature behavior, which is a clear trigger for anger."
378,generic_human,few_shot,inline,**anger**,"The author describes being invalidated and dismissed after confronting their mom, which is a clear trigger for anger."
378,persona_a,zero_shot,numbered,**anger**,"The author describes being repeatedly invalidated, manipulated, and blamed by their parent, which reflects a deep-seated frustration and indignation."
378,persona_a,zero_shot,inline,**anger**,"The author describes feeling provoked and invalidated by their parent’s manipulative behavior, which strongly aligns with a sense of anger."
378,persona_a,one_shot,numbered,**anger**,"The author describes being repeatedly invalidated, manipulated, and blamed (gaslighting) while advocating for themselves, which is a hallmark of anger triggered by injustice and powerlessness."
378,persona_a,one_shot,inline,**anger**,"The author describes being repeatedly manipulated and invalidated by their parent, which is a clear trigger for anger."
378,persona_a,few_shot,numbered,anger,"The author describes being invalidated, manipulated, and emotionally attacked by their parent, which triggers anger at the injustice and repeated mistreatment."
378,persona_a,few_shot,inline,**anger**,"The author describes being invalidated and manipulated by their parent’s immature behavior and gaslighting, which triggers anger at the injustice and repeated emotional abuse."
378,persona_b,zero_shot,numbered,**anger**,"The author describes feeling betrayed and invalidated by their mother’s manipulative behavior, which aligns with a strong sense of anger."
378,persona_b,zero_shot,inline,**sadness**,"The author describes feeling hurt and betrayed by their mother’s defensive behavior, reflecting a deep emotional pain tied to their strained relationship."
378,persona_b,one_shot,numbered,**anger**,"The author describes being invalidated and manipulated by their mother’s immature and victimizing behavior, which is a clear trigger for anger."
378,persona_b,one_shot,inline,**anger**,"The author describes being invalidated and manipulated by their mother’s immature and victimizing behavior, triggering frustration and resentment."
378,persona_b,few_shot,numbered,anger,"The author describes being invalidated and manipulated by their mother’s immature behavior, which triggers frustration and anger."
378,persona_b,few_shot,inline,**anger**,"The author describes being invalidated and manipulated by their mother’s immature behavior, which is a clear trigger for anger."
441,neutral,zero_shot,numbered,sadness,The text describes a betrayal and emotional pain typically associated with sadness.
441,neutral,zero_shot,inline,**sadness**,The context of betrayal and emotional distress typically aligns with feelings of sadness in response to infidelity.
441,neutral,one_shot,numbered,sadness,The betrayal of trust by a romantic partner is a common trigger for feelings of sadness.
441,neutral,one_shot,inline,**sadness**,"The author’s incomplete sentence implies deep emotional pain and heartache due to betrayal, a hallmark of sadness."
441,neutral,few_shot,numbered,sadness,"The author describes a betrayal by a romantic partner, which commonly evokes sadness."
441,neutral,few_shot,inline,sadness,"The author describes a betrayal by a romantic partner, which commonly triggers feelings of sadness."
441,generic_human,zero_shot,numbered,sadness,The betrayal by a romantic partner typically evokes deep sorrow or grief.
441,generic_human,zero_shot,inline,**sadness**,The context of being betrayed by a romantic partner typically evokes deep sorrow or emotional pain.
441,generic_human,one_shot,numbered,sadness,The betrayal by a romantic partner is a common trigger for feelings of sadness.
441,generic_human,one_shot,inline,**sadness**,The betrayal by a partner typically evokes deep sorrow or heartache.
441,generic_human,few_shot,numbered,sadness,"The author describes a betrayal by a romantic partner, which is commonly associated with sadness."
441,generic_human,few_shot,inline,sadness,"The author describes a betrayal by a romantic partner, which commonly triggers feelings of sadness."
441,persona_a,zero_shot,numbered,**surprise**,"The phrase *""blindsided""* indicates a sudden, unexpected emotional reaction to the betrayal."
441,persona_a,zero_shot,inline,**surprise**,"The phrase ""blindsided"" indicates a sudden, unexpected emotional reaction rather than a premeditated or prolonged feeling."
441,persona_a,one_shot,numbered,**surprise**,"The author was ""blindsided"" by the infidelity, indicating a sudden, unexpected emotional reaction."
441,persona_a,one_shot,inline,**surprise**,"The author was ""blindsided"" by the infidelity, indicating a sudden, unexpected emotional reaction."
441,persona_a,few_shot,numbered,**surprise**,"The author describes being ""blindsided"" by their boyfriend’s infidelity, indicating a sudden, unexpected emotional reaction."
441,persona_a,few_shot,inline,**sadness**,"The author describes a betrayal and emotional shock from infidelity, which typically evokes deep sadness."
441,persona_b,zero_shot,numbered,**relief**,"The confirmation of her suspicions likely brought a mix of emotional release and validation, even if painful."
441,persona_b,zero_shot,inline,**relief**,"The confirmation of her suspicions likely brought a mix of emotional release and validation, even amid the betrayal."
441,persona_b,one_shot,numbered,**sadness**,The author’s betrayal by someone they suspected was unfaithful aligns with the emotional pain and sorrow typically associated with heartbreak and loss of trust.
441,persona_b,one_shot,inline,**sadness**,The confirmation of betrayal by someone she suspected aligns with the emotional weight of heartache and sorrow.
441,persona_b,few_shot,numbered,**anger**,The author’s long-standing suspicion being confirmed by infidelity triggers intense anger toward betrayal.
441,persona_b,few_shot,inline,**relief**,"The author’s long-standing suspicion was confirmed, likely ending uncertainty and validating their doubts, which can evoke relief."
6337,neutral,zero_shot,numbered,**surprise**,"The incomplete sentence suggests a sudden or unexpected shift in experience, which aligns with the emotion of surprise."
6337,neutral,zero_shot,inline,**surprise**,"The incomplete sentence suggests a sudden or unexpected shift in experience, implying a sense of surprise at the in-person Halloween event."
6337,neutral,one_shot,numbered,**surprise**,"The abrupt, incomplete phrasing (""I felt ... when i went to an in person ..."") suggests the author was caught off guard or unexpectedly engaged by the experience."
6337,neutral,one_shot,inline,**surprise**,"The abrupt, incomplete phrasing (""I felt ... when i went to an in-person ... experience for Halloween"") suggests the author was caught off guard or unexpectedly engaged by the event."
6337,neutral,few_shot,numbered,**surprise**,"The abrupt, incomplete phrasing suggests an unexpected or novel experience related to Halloween, which typically triggers surprise."
6337,neutral,few_shot,inline,**surprise**,"The abrupt, incomplete phrasing suggests the author was caught off guard by an unexpected in-person Halloween experience."
6337,generic_human,zero_shot,numbered,**surprise**,"The incomplete sentence suggests a sudden or unexpected reaction to an in-person Halloween experience, implying a strong initial emotional response of surprise."
6337,generic_human,zero_shot,inline,**surprise**,"The incomplete sentence suggests a sudden or unexpected reaction to an in-person Halloween experience, implying a sense of surprise."
6337,generic_human,one_shot,numbered,**surprise**,"The incomplete phrasing suggests an unexpected or novel experience (""in person ... experience for Halloween""), which aligns with surprise."
6337,generic_human,one_shot,inline,**surprise**,"The abrupt, incomplete phrasing (""I felt ... when i went to an in-person ... experience for Halloween"") suggests the author was caught off guard or unexpectedly engaged by the event."
6337,generic_human,few_shot,numbered,**surprise**,"The incomplete phrasing suggests an unexpected or novel experience tied to Halloween, which often evokes surprise."
6337,generic_human,few_shot,inline,**surprise**,"The abrupt, incomplete phrasing suggests the author was caught off guard by an unexpected in-person Halloween experience."
6337,persona_a,zero_shot,numbered,**joy**,"The author is a horror fan who loves haunted house experiences, indicating excitement and positive anticipation for the in-person Halloween event."
6337,persona_a,zero_shot,inline,**joy**,The author’s enthusiasm for a horror fan’s beloved activity (haunted houses) suggests excitement and happiness.
6337,persona_a,one_shot,numbered,**joy**,"The author is a horror fan who loves haunted house experiences, suggesting excitement and positive anticipation for an in-person event they enjoy."
6337,persona_a,one_shot,inline,**joy**,"The author is a horror fan who loves haunted house experiences, indicating excitement and positive anticipation for the in-person event."
6337,persona_a,few_shot,numbered,**joy**,"The author is a horror fan who loves haunted house experiences, indicating they likely felt excitement or joy from participating in an in-person Halloween event they enjoy."
6337,persona_a,few_shot,inline,**joy**,"The author is a horror fan who loves haunted house experiences, indicating excitement and positive anticipation for an in-person event."
6337,persona_b,zero_shot,numbered,**anger**,"The phrasing ""someone dragged along by friends who hates being scared"" suggests frustration or irritation at being forced into an unwanted experience."
6337,persona_b,zero_shot,inline,**disgust**,"The author’s description of being ""dragged along by friends"" and explicitly stating they ""hates being scared"" suggests a strong aversion or repulsion toward the experience."
6337,persona_b,one_shot,numbered,**fear**,"The author was forced into a scary situation (Halloween in-person experience) despite disliking it, indicating they likely felt fear or anxiety."
6337,persona_b,one_shot,inline,**disgust**,"The author was reluctantly forced into a frightening experience they dislike, evoking a sense of aversion or revulsion."
6337,persona_b,few_shot,numbered,**fear**,"The author was forced into a scary situation (Halloween) they dislike, triggering fear of discomfort or distress."
6337,persona_b,few_shot,inline,**disgust**,"The author describes being forced into a frightening experience they dislike, which aligns with a sense of revulsion or aversion."
51081,neutral,zero_shot,numbered,**anger**,"The phrase ""fought with my friends"" strongly suggests a conflict or confrontation, which typically aligns with feelings of anger."
51081,neutral,zero_shot,inline,**anger**,"The phrase ""fought with my friends"" suggests a conflict or confrontation, which typically aligns with feelings of anger."
51081,neutral,one_shot,numbered,**anger**,"The phrase ""fought with my friends"" suggests a conflict or confrontation, which is commonly associated with anger."
51081,neutral,one_shot,inline,**anger**,"The phrase *""fought with my friends""* suggests a conflict or confrontation, which typically aligns with feelings of anger."
51081,neutral,few_shot,numbered,anger,"The text implies a conflict with friends, which is commonly associated with feelings of anger."
51081,neutral,few_shot,inline,**anger**,"The text implies a conflict with friends, which commonly triggers anger."
51081,generic_human,zero_shot,numbered,**anger**,"The phrase ""fought with my friends"" suggests a conflict or confrontation, which typically aligns with feelings of anger."
51081,generic_human,zero_shot,inline,**anger**,"The phrase ""fought with my friends"" suggests a conflict or confrontation, which typically aligns with feelings of anger."
51081,generic_human,one_shot,numbered,anger,"The phrase ""fought with my friends"" suggests a conflict or confrontation, which is commonly associated with anger."
51081,generic_human,one_shot,inline,anger,"The incomplete sentence implies a conflict or tension with friends, which is commonly associated with anger."
51081,generic_human,few_shot,numbered,anger,"The author describes a conflict with friends, which is commonly associated with feelings of anger."
51081,generic_human,few_shot,inline,**anger**,"The phrase *""fought with my friends""* suggests a conflict or confrontation, which is commonly associated with anger."
51081,persona_a,zero_shot,numbered,**shame**,"The author initiated a trivial fight with friends, suggesting they may feel shame for their actions."
51081,persona_a,zero_shot,inline,**shame**,"The author initiated a trivial fight with friends, suggesting regret or self-blame over their actions."
51081,persona_a,one_shot,numbered,**anger**,"The author started a trivial fight with friends, which is a common trigger for anger."
51081,persona_a,one_shot,inline,**shame**,"The author initiated a trivial fight with friends, suggesting regret or self-blame over their actions."
51081,persona_a,few_shot,numbered,**anger**,"The author started a trivial fight with friends, which typically triggers anger."
51081,persona_a,few_shot,inline,**shame**,"The author initiated a trivial fight with friends, which often triggers feelings of shame or regret."
51081,persona_b,zero_shot,numbered,**anger**,"The author was defending themselves against unfair accusations, which typically triggers a strong emotional response of anger when feeling wronged or unjustly treated."
51081,persona_b,zero_shot,inline,**anger**,"The author was defending themselves against unfair accusations, indicating a strong emotional response rooted in frustration or indignation."
51081,persona_b,one_shot,numbered,**anger**,"The author was defending themselves against unfair accusations, which typically triggers anger when someone feels unjustly attacked or wronged."
51081,persona_b,one_shot,inline,**anger**,"The author was defending themselves against unfair accusations, which typically triggers anger when one feels wronged or unjustly criticized."
51081,persona_b,few_shot,numbered,**anger**,"The author was defending themselves against unfair accusations, which typically triggers anger when someone feels unjustly attacked or wronged."
51081,persona_b,few_shot,inline,**anger**,"The author was defending themselves against unfair accusations, which typically triggers anger when one feels unjustly attacked or wronged."
2168,neutral,zero_shot,numbered,**anger**,"The phrase *""arguing with a friend""* typically evokes frustration or irritation, which aligns most closely with **anger** from the given options."
2168,neutral,zero_shot,inline,**anger**,"The phrase *""arguing with a friend""* often evokes frustration or irritation, which aligns most closely with **anger** among the provided options."
2168,neutral,one_shot,numbered,anger,"The incomplete sentence implies frustration or irritation, which are common triggers for anger during conflicts."
2168,neutral,one_shot,inline,**anger**,"The phrase *""arguing with a friend""* typically evokes frustration or irritation, which aligns most closely with anger in this context."
2168,neutral,few_shot,numbered,**anger**,"The author describes a conflictual interaction (""arguing with a friend""), which is a common trigger for anger."
2168,neutral,few_shot,inline,**anger**,"The author describes a conflictual situation (""arguing with a friend""), which is commonly associated with feelings of anger."
2168,generic_human,zero_shot,numbered,**anger**,"The phrase *""arguing with a friend""* often evokes frustration or irritation, which aligns most closely with anger in this context."
2168,generic_human,zero_shot,inline,**anger**,"The phrase *""arguing with a friend""* often evokes frustration or irritation, which aligns most closely with **anger** among the provided options."
2168,generic_human,one_shot,numbered,**anger**,"Arguing with a friend often triggers frustration or irritation, which aligns with the emotion of anger."
2168,generic_human,one_shot,inline,anger,"Arguing with a friend often triggers frustration or irritation, which are closely tied to anger."
2168,generic_human,few_shot,numbered,**anger**,"The incomplete sentence implies frustration or irritation, which are key indicators of anger during conflict."
2168,generic_human,few_shot,inline,**anger**,"The phrase ""arguing with a friend"" often triggers frustration or irritation, which aligns with anger as the most likely emotion."
2168,persona_a,zero_shot,numbered,**sadness**,"The mention of a ""falling apart"" friendship and the context of an argument suggest deep emotional pain and sorrow."
2168,persona_a,zero_shot,inline,**sadness**,"The mention of a ""falling apart"" friendship and the reflective tone suggest deep emotional pain and sorrow."
2168,persona_a,one_shot,numbered,sadness,"The author describes the loss of a long-standing friendship, which is a primary trigger for sadness."
2168,persona_a,one_shot,inline,**sadness**,"The author’s reference to a ""falling apart"" friendship suggests deep emotional pain and longing."
2168,persona_a,few_shot,numbered,sadness,"The author describes the loss of a long-term, close friendship, which is a primary trigger for sadness."
2168,persona_a,few_shot,inline,**sadness**,"The author describes the loss of a long-standing friendship, which is a common trigger for sadness."
2168,persona_b,zero_shot,numbered,**anger**,"The author’s tendency to bicker frequently and their description of arguing aligns with a pattern of irritability and frustration, indicating **anger**."
2168,persona_b,zero_shot,inline,**anger**,The description of frequently bickering and being quick to anger aligns with a dominant feeling of irritation or hostility.
2168,persona_b,one_shot,numbered,**anger**,"The author describes a tendency to frequently bicker and argues with others, which aligns with the emotion of anger."
2168,persona_b,one_shot,inline,**anger**,"The author describes a tendency to frequently bicker and argues with others, which aligns with a pattern of irritability and frustration."
2168,persona_b,few_shot,numbered,**anger**,"The author’s tendency to frequently bicker and their description of arguing align with frustration or irritation, which are core components of anger."
2168,persona_b,few_shot,inline,**anger**,"The author describes a tendency to frequently bicker with others, which aligns with a pattern of irritability and frustration characteristic of anger."
2187,neutral,zero_shot,numbered,**guilt**,"The author explicitly states they regret losing control and feeling their emotions ""got the best of me,"" indicating remorse and self-blame."
2187,neutral,zero_shot,inline,**shame**,The author expresses regret and self-criticism for losing control and acting inappropriately in front of others.
2187,neutral,one_shot,numbered,**anger**,"The author describes losing control, yelling, and slamming doors, which are clear indicators of intense anger."
2187,neutral,one_shot,inline,**shame**,"The author reflects on losing control of their emotions in front of others and expresses regret over their behavior, indicating feelings of shame."
2187,neutral,few_shot,numbered,**anger**,"The author describes losing control and exhibiting aggressive behavior (slamming doors, yelling) due to frustration over their sister’s unfairness, which are classic signs of anger."
2187,neutral,few_shot,inline,**anger**,"The author describes losing control and exhibiting aggressive behavior (slamming doors, yelling) due to frustration over their sister’s unfairness, which are hallmark signs of anger."
2187,generic_human,zero_shot,numbered,**shame**,The author expresses regret and self-criticism for losing control and acting inappropriately in front of others.
2187,generic_human,zero_shot,inline,**shame**,The author expresses regret and self-criticism for losing control and acting inappropriately in front of others.
2187,generic_human,one_shot,numbered,**anger**,"The author describes losing control, yelling, and slamming doors, which are clear indicators of intense anger."
2187,generic_human,one_shot,inline,**shame**,"The author expresses regret and self-criticism (""I let my emotions get the best of me"") after losing control in front of others."
2187,generic_human,few_shot,numbered,**anger**,"The author describes losing control and yelling in frustration over their sister’s unfair behavior, which are hallmark signs of anger."
2187,generic_human,few_shot,inline,**anger**,"The author describes losing control, yelling, and slamming doors, which are clear indicators of intense anger."
2187,persona_a,zero_shot,numbered,**shame**,"The author expresses regret and self-criticism for losing control, contrasting with their usual composure and pride in staying calm."
2187,persona_a,zero_shot,inline,**shame**,"The author expresses regret and self-criticism for losing control, contrasting sharply with their usual composure."
2187,persona_a,one_shot,numbered,shame,"The author expresses regret and embarrassment over losing control in front of others, especially given their self-proclaimed composure."
2187,persona_a,one_shot,inline,**shame**,"The author expresses regret and self-criticism for losing control in front of others, especially given their usual composure."
2187,persona_a,few_shot,numbered,shame,"The author expresses regret and self-criticism for losing control of their temper, which aligns with feelings of shame."
2187,persona_a,few_shot,inline,**shame**,"The author expresses regret and self-criticism for losing control of their temper, which aligns with feelings of shame over violating their own values."
2187,persona_b,zero_shot,numbered,**guilt**,"The author reflects on their outburst as a regrettable loss of control and expresses remorse (""I let my emotions get the best of me"")."
2187,persona_b,zero_shot,inline,**shame**,"The author reflects on their outburst as a regrettable loss of control, indicating a sense of embarrassment or self-disapproval."
2187,persona_b,one_shot,numbered,**anger**,"The author describes losing control, yelling, and slamming doors, which are direct indicators of intense anger."
2187,persona_b,one_shot,inline,**shame**,"The author reflects on losing control and feeling regretful (""I let my emotions get the best of me""), indicating a sense of shame over their outburst."
2187,persona_b,few_shot,numbered,**anger**,"The author describes an outburst of yelling and door-slamming in response to perceived unfairness and frustration, which are hallmark behaviors of anger."
2187,persona_b,few_shot,inline,**shame**,"The author reflects on losing control and acting in a way they now regret, which aligns with feelings of shame."
2182,neutral,zero_shot,numbered,**shame**,"The author describes being publicly humiliated and mocked, which strongly aligns with feelings of shame."
2182,neutral,few_shot,numbered,shame,"The author describes being publicly humiliated and mocked, which is a hallmark of shame."
2182,neutral,one_shot,numbered,shame,"The author describes being publicly humiliated and mocked, which strongly aligns with feelings of shame."
2182,neutral,one_shot,inline,**shame**,"The author describes being publicly humiliated and mocked, which strongly aligns with feelings of shame."
2182,neutral,zero_shot,inline,**shame**,"The context of being bullied and mocked suggests the author likely felt deep self-consciousness and humiliation, which aligns with shame."
2182,neutral,few_shot,inline,**shame**,"The author describes being publicly humiliated and mocked, which strongly aligns with feelings of shame."
2182,generic_human,zero_shot,numbered,**shame**,"The author describes being publicly humiliated and mocked, which strongly suggests feelings of shame."
2182,generic_human,zero_shot,inline,**shame**,"The context of being bullied and mocked suggests the author experienced deep self-consciousness and humiliation, aligning with shame."
2182,generic_human,one_shot,numbered,**shame**,"The author describes being publicly humiliated and mocked, which strongly aligns with feelings of shame."
2182,generic_human,one_shot,inline,**shame**,"The author describes being publicly humiliated and mocked, which aligns with feelings of shame."
2182,generic_human,few_shot,numbered,shame,"The author describes being publicly humiliated and mocked, which is a hallmark of shame."
2182,generic_human,few_shot,inline,**shame**,"The author describes being publicly humiliated and mocked, which is a hallmark of shame-inducing experiences."
2182,persona_a,zero_shot,numbered,**shame**,"The author describes being targeted for something out of their control, which typically evokes feelings of self-consciousness and humiliation, aligning with shame."
2182,persona_a,zero_shot,inline,**sadness**,The context of being bullied and mocked for uncontrollable traits typically evokes deep sorrow and emotional pain.
2182,persona_a,one_shot,numbered,shame,"The author describes being targeted for something out of their control, which is a hallmark of shame."
2182,persona_a,one_shot,inline,**sadness**,"The author describes being targeted and humiliated by peers, which is a hallmark of emotional pain and sorrow."
2182,persona_a,few_shot,numbered,shame,"The author describes being targeted for something out of their control, which is a hallmark of shame."
2182,persona_a,few_shot,inline,**shame**,"The author describes being targeted for something beyond their control, which is a hallmark of shame—embarrassment tied to self-blame or humiliation."
2182,persona_b,zero_shot,numbered,**shame**,"The author describes being betrayed by people they considered friends, which typically evokes feelings of shame over perceived vulnerability or self-doubt."
2182,persona_b,zero_shot,inline,**shame**,"The author describes being betrayed by trusted colleagues, which typically evokes feelings of self-doubt, humiliation, and shame over perceived vulnerability or failure to recognize the betrayal."
2182,persona_b,one_shot,numbered,**shame**,The betrayal by trusted colleagues in a vulnerable situation aligns with the author’s likely experience of self-conscious humiliation and internalized embarrassment.
2182,persona_b,one_shot,inline,**shame**,"The author describes being betrayed by trusted colleagues, a scenario commonly tied to feelings of shame over perceived vulnerability or violation of trust."
2182,persona_b,few_shot,numbered,shame,"The author describes being betrayed by trusted colleagues, which typically triggers feelings of shame over perceived inadequacy or violation of personal boundaries."
2182,persona_b,few_shot,inline,**shame**,"The author describes being betrayed by trusted colleagues, which typically triggers feelings of shame over perceived vulnerability or self-doubt."
5609,neutral,zero_shot,numbered,**fear**,"The author described physical symptoms like feeling sick, hot, and anxious about fainting, along with vivid imagery of discomfort and helplessness during the procedure."
5609,neutral,zero_shot,inline,**fear**,"The author described physical discomfort, anxiety about fainting, and persistent queasiness, all indicative of fear of pain and loss of control during the procedure."
5609,neutral,one_shot,numbered,**fear**,"The author describes physical symptoms (sickness, heat, anxiety about fainting) and psychological distress (anxiety, queasiness) tied to a perceived threat (pain, discomfort, and invasive procedure)."
5609,neutral,one_shot,inline,**fear**,"The author describes physical discomfort, anxiety about fainting, and vivid descriptions of bodily distress (sickness, heat, queasiness), all indicative of fear-driven distress."
5609,neutral,few_shot,numbered,**fear**,"The author describes physical discomfort, anxiety about fainting, and vivid mental distress (queasiness, heat, bruising) tied to a perceived loss of control during the procedure, all classic indicators of fear."
5609,neutral,few_shot,inline,**fear**,"The author describes physical discomfort, anxiety about fainting, and vivid descriptions of bodily distress (sickness, heat, queasiness) tied to a perceived threat (the invasive, prolonged procedure)."
5609,generic_human,zero_shot,numbered,**fear**,"The author described intense physical discomfort, anxiety about fainting, and lingering queasiness, all indicative of fear of pain and loss of control during the procedure."
5609,generic_human,zero_shot,inline,**fear**,"The author described physical discomfort, anxiety about fainting, and persistent unease afterward, all indicative of fear."
5609,generic_human,one_shot,numbered,**fear**,"The author describes physical symptoms (sickness, heat, anxiety about fainting) and distressing sensations (needle moving, awkward angle) tied to a perceived threat (potential harm from the procedure)."
5609,generic_human,one_shot,inline,**fear**,"The author describes physical symptoms (sickness, heat, anxiety about fainting) and distressing sensations (needle movement, awkward angle) tied to a perceived threat (prolonged discomfort and potential harm)."
5609,generic_human,few_shot,numbered,**fear**,"The author describes physical distress, anxiety about fainting, and vivid fear-related sensations (e.g., queasiness, heat, and bruising) tied to the invasive and prolonged procedure."
5609,generic_human,few_shot,inline,**fear**,"The author describes physical discomfort, anxiety about fainting, and vivid distress during the blood draw, all indicative of fear."
5609,persona_a,zero_shot,numbered,**fear**,"The author explicitly describes intense anxiety, physical discomfort, and a strong fear of fainting due to the painful and prolonged blood-drawing process, consistent with their diagnosed needle phobia."
5609,persona_a,zero_shot,inline,**fear**,"The author explicitly describes intense anxiety, physical discomfort, and a strong fear of fainting due to the painful and invasive nature of the blood draw, consistent with their diagnosed needle phobia."
5609,persona_a,one_shot,numbered,**fear**,"The author describes intense anxiety, physical discomfort, and dread of fainting, all hallmark symptoms of their needle phobia."
5609,persona_a,one_shot,inline,**fear**,"The author describes physical symptoms (sickness, heat, anxiety, fainting risk) and psychological distress tied to the painful, invasive procedure, consistent with fear of needles."
5609,persona_a,few_shot,numbered,**fear**,"The author describes intense physical distress, anxiety about fainting, and vividly recounts their phobia-triggered reaction to the blood-drawing process, all hallmarks of fear."
5609,persona_a,few_shot,inline,**fear**,"The author describes intense physiological and psychological distress (e.g., nausea, heat, anxiety, fainting risk, bruising) tied to a feared medical procedure, which aligns with needle phobia and fear of pain/harm."
5609,persona_b,zero_shot,numbered,**fear**,"The author described intense physical discomfort, anxiety about fainting, and lingering queasiness, all indicative of fear of pain and loss of control during the procedure."
5609,persona_b,zero_shot,inline,**fear**,"The author described intense physical discomfort, anxiety about fainting, and lingering queasiness, all indicative of a strong fear response to the painful and prolonged procedure."
5609,persona_b,one_shot,numbered,**fear**,"The author describes physical symptoms (sickness, heat, anxiety about fainting) and psychological distress (anxiety, queasiness) tied to the perceived threat of pain and loss of control during the blood draw."
5609,persona_b,one_shot,inline,**fear**,"The author describes physical discomfort, anxiety about fainting, and vivid distress during the blood draw, all indicative of fear."
5609,persona_b,few_shot,numbered,**fear**,"The author describes physical discomfort, anxiety about fainting, and vivid mental distress tied to the invasive and poorly managed procedure, all classic indicators of fear."
5609,persona_b,few_shot,inline,**fear**,"The author describes physical discomfort, anxiety about fainting, and vivid mental distress (queasiness, heat, bruising) tied to a perceived threat (prolonged, awkward needle insertion)."
2224,neutral,zero_shot,numbered,**trust**,"The author expresses confidence and reliance in a friend, indicating a sense of trust despite past negative experiences."
2224,neutral,zero_shot,inline,**fear**,"The author expresses caution and apprehension about future experiences based on past negative outcomes, indicating underlying fear of potential disappointment or mistreatment."
2224,neutral,one_shot,numbered,**trust**,"The author expresses confidence and reliance on a friend, indicating a sense of trust."
2224,neutral,one_shot,inline,**trust**,"The author expresses confidence and reliance in a friend, indicating a sense of trust."
2224,neutral,few_shot,numbered,**trust**,"The author expresses confidence and reliance in a friend, indicating a sense of trust despite past negative experiences."
2224,neutral,few_shot,inline,**trust**,"The author expresses confidence and reliance in a friend despite past negative experiences, indicating trust."
2224,generic_human,zero_shot,numbered,**trust**,"The author expresses confidence and reliance on a friend despite past negative experiences, indicating a sense of trust."
2224,generic_human,zero_shot,inline,**fear**,"The author expresses caution and unease based on past negative experiences, indicating a sense of apprehension or anxiety."
2224,generic_human,one_shot,numbered,**trust**,"The author expresses confidence and reliance in a friend, indicating a sense of trust despite past negative experiences."
2224,generic_human,one_shot,inline,**trust**,"The author expresses confidence and reliance in a friend, indicating a sense of trust despite past negative experiences."
2224,generic_human,few_shot,numbered,**trust**,"The author expresses confidence in a friend’s reliability, which reflects trust despite past negative experiences."
2224,generic_human,few_shot,inline,**trust**,"The author expresses confidence and reliance in a friend despite past negative experiences, indicating trust."
2224,persona_a,zero_shot,numbered,**trust**,"The author expresses confidence and reliance in a friend despite past negative experiences, indicating a sense of trust."
2224,persona_a,zero_shot,inline,**fear**,"The author’s statement reflects apprehension about potential future disappointment, indicating a lingering fear of being let down again."
2224,persona_a,one_shot,numbered,**trust**,"The author expresses confidence and reliance on a friend, indicating a sense of trust despite past negative experiences."
2224,persona_a,one_shot,inline,**trust**,"The author expresses confidence and reliance in a friend, indicating a sense of trust despite past negative experiences."
2224,persona_a,few_shot,numbered,**trust**,"The author expresses confidence in a friend’s reliability despite past negative experiences, indicating trust."
2224,persona_a,few_shot,inline,**trust**,"The author expresses confidence and reliance in a friend despite past negative experiences, indicating trust."
2224,persona_b,zero_shot,numbered,**trust**,"The author expresses confidence and reliance in a friend despite past negative experiences, indicating a sense of trust."
2224,persona_b,zero_shot,inline,**surprise**,"The author’s statement contrasts their usual positive experiences with friends with a negative expectation, indicating a moment of unexpected hesitation or mild cognitive dissonance."
2224,persona_b,one_shot,numbered,**trust**,"The author expresses confidence and reliance on a friend, indicating a sense of trust despite past negative experiences."
2224,persona_b,one_shot,inline,**trust**,"The author expresses confidence and reliance in a friend, indicating a sense of trust."
2224,persona_b,few_shot,numbered,**trust**,"The author expresses confidence in their friend’s reliability, indicating a sense of trust despite past negative experiences."
2224,persona_b,few_shot,inline,**trust**,"The author expresses confidence and reliance in a friend, indicating a sense of trust despite past negative experiences."
52598,neutral,zero_shot,numbered,**joy**,"The statement conveys a positive, life-affirming announcement about becoming a parent, which typically aligns with feelings of happiness and joy."
52598,neutral,zero_shot,inline,**joy**,The announcement of becoming a mother is typically associated with a profound sense of happiness and fulfillment.
52598,neutral,one_shot,numbered,joy,"The announcement of becoming a parent, especially with a child, is typically associated with overwhelming happiness and joy."
52598,neutral,one_shot,inline,**joy**,The announcement of becoming a parent (especially with a child) is typically associated with overwhelming happiness and positive emotional fulfillment.
52598,neutral,few_shot,numbered,joy,"The author describes a significant, positive life event (becoming a parent), which is commonly associated with joy."
52598,neutral,few_shot,inline,**joy**,"The author describes a significant positive life event (becoming a parent), which is commonly associated with joy."
52598,generic_human,zero_shot,numbered,**joy**,"The statement conveys a positive, life-affirming announcement about becoming a parent, which typically aligns with feelings of happiness and joy."
52598,generic_human,zero_shot,inline,**joy**,The announcement of becoming pregnant with a son typically conveys a sense of happiness and excitement.
52598,generic_human,one_shot,numbered,**joy**,The announcement of becoming a parent (especially with a child) is commonly associated with overwhelming happiness and joy.
52598,generic_human,one_shot,inline,**joy**,"The announcement of a pregnancy, especially with a child, is typically associated with overwhelming happiness and positive emotional responses."
52598,generic_human,few_shot,numbered,**joy**,"The announcement of a pregnancy, especially with a child, is typically a joyful and significant life event."
52598,generic_human,few_shot,inline,**joy**,"The announcement of a pregnancy, especially with a child, is commonly associated with overwhelming joy and happiness."
52598,persona_a,zero_shot,numbered,**joy**,"The statement reflects a positive, long-awaited outcome after a challenging experience, indicating overwhelming happiness."
52598,persona_a,zero_shot,inline,**joy**,"The author’s successful conception after trying, as implied by the context, suggests a strong sense of happiness and fulfillment."
52598,persona_a,one_shot,numbered,**joy**,The author’s successful conception after trying for a child strongly suggests overwhelming happiness and fulfillment.
52598,persona_a,one_shot,inline,**joy**,"The author’s successful conception after trying, a common source of profound happiness."
52598,persona_a,few_shot,numbered,**joy**,"The author’s successful conception after trying for a child is a deeply positive and fulfilling life event, strongly associated with joy."
52598,persona_a,few_shot,inline,**joy**,"The author describes a long-desired outcome (becoming pregnant after trying to conceive), which is a significant source of happiness."
52598,persona_b,zero_shot,numbered,**surprise**,"The phrasing ""got pregnant"" (rather than ""became pregnant"") and the lack of elaboration suggest a sudden or unexpected realization of the unplanned pregnancy."
52598,persona_b,zero_shot,inline,**surprise**,"The statement is a straightforward declaration of an unplanned pregnancy, which suggests a reaction to the unexpected nature of the event rather than a deeper emotional state."
52598,persona_b,one_shot,numbered,**surprise**,"The unplanned nature of the pregnancy suggests a reaction to an unexpected event, which aligns with surprise."
52598,persona_b,one_shot,inline,**surprise**,"The unplanned nature of the pregnancy suggests a reaction to an unexpected event, which aligns with surprise."
52598,persona_b,few_shot,numbered,**surprise**,"The unplanned nature of the pregnancy suggests an unexpected event, triggering surprise."
52598,persona_b,few_shot,inline,**surprise**,"The unplanned nature of the pregnancy suggests a sudden, unexpected event that likely evoked surprise."
61021,neutral,zero_shot,numbered,sadness,"The text indicates disappointment and a negative outcome, which aligns with feelings of sadness."
61021,neutral,zero_shot,inline,**sadness**,"The lack of a promotion typically evokes disappointment or sorrow, which aligns with the emotion of sadness."
61021,neutral,one_shot,numbered,sadness,"The author expresses disappointment and loss of expectation regarding a missed opportunity, which aligns with sadness."
61021,neutral,one_shot,inline,sadness,"The author expresses disappointment or loss of a desired outcome, which aligns with the emotion of sadness."
61021,neutral,few_shot,numbered,sadness,"The author describes a negative outcome (not receiving a promotion), which is commonly associated with feelings of sadness or disappointment."
61021,neutral,few_shot,inline,sadness,"The author describes a negative outcome (lack of promotion), which is commonly associated with feelings of sadness or disappointment."
61021,generic_human,zero_shot,numbered,sadness,The text implies a sense of disappointment or unhappiness about not achieving a desired outcome.
61021,generic_human,zero_shot,inline,**sadness**,"The lack of a promotion typically evokes disappointment or sorrow, which aligns with the emotion of sadness."
61021,generic_human,one_shot,numbered,sadness,"The author’s lack of promotion suggests disappointment or unhappiness, which aligns with sadness."
61021,generic_human,one_shot,inline,sadness,"The author’s lack of promotion suggests disappointment or unhappiness, which aligns with sadness."
61021,generic_human,few_shot,numbered,sadness,"The author describes a negative outcome (not receiving a promotion), which is commonly associated with sadness."
61021,generic_human,few_shot,inline,sadness,"The author describes a negative outcome (not receiving a promotion), which commonly triggers sadness."
61021,persona_a,zero_shot,numbered,**anger**,The author’s belief in their own deservingness combined with the disappointment of not receiving the promotion suggests frustration and irritation.
61021,persona_a,zero_shot,inline,**anger**,The author’s belief in their own deservingness combined with the disappointment of not receiving the promotion suggests frustration and irritation.
61021,persona_a,one_shot,numbered,sadness,The author likely felt disappointed and downcast due to missing out on a promotion they believed they deserved.
61021,persona_a,one_shot,inline,**sadness**,The author likely felt disappointed and downcast due to missing out on a promotion they believed they deserved.
61021,persona_a,few_shot,numbered,sadness,"The author felt unfulfilled and disappointed by a missed opportunity they believed they deserved, which aligns with sadness."
61021,persona_a,few_shot,inline,**anger**,"The author felt unjustly denied something they believed they *clearly* deserved, triggering frustration and anger."
61021,persona_b,zero_shot,numbered,**relief**,"The author had low expectations for the outcome, so not receiving the promotion likely brought a sense of ease or release."
61021,persona_b,zero_shot,inline,**relief**,The lack of high expectations suggests a sense of ease or satisfaction in not being disappointed by the outcome.
61021,persona_b,one_shot,numbered,**relief**,"The author had low expectations, so not receiving the promotion likely brought a sense of relief rather than disappointment."
61021,persona_b,one_shot,inline,**relief**,The lack of expectation suggests a sense of ease or satisfaction in not having to meet unmet demands.
61021,persona_b,few_shot,numbered,**relief**,"The author applied without strong expectations, so not receiving the promotion likely brought a sense of relief rather than disappointment."
61021,persona_b,few_shot,inline,**relief**,"The author applied without strong expectations, so not receiving the promotion likely brought a sense of relief rather than disappointment."
2172,neutral,zero_shot,numbered,**sadness**,"The diagnosis of fibromyalgia is often associated with a sense of grief or sorrow due to its chronic, debilitating nature and the uncertainty it brings."
2172,neutral,zero_shot,inline,**sadness**,The diagnosis of a chronic and debilitating condition like fibromyalgia typically evokes feelings of sorrow or emotional distress.
2172,neutral,one_shot,numbered,sadness,"The diagnosis of a chronic, debilitating condition like fibromyalgia often evokes feelings of sorrow or grief."
2172,neutral,one_shot,inline,**sadness**,"The diagnosis of a chronic, debilitating condition like fibromyalgia often evokes sorrow or emotional distress."
2172,neutral,few_shot,numbered,sadness,"The diagnosis of a chronic, painful, and debilitating condition like fibromyalgia is commonly associated with feelings of sadness or grief."
2172,neutral,few_shot,inline,**sadness**,"The diagnosis of a chronic, debilitating condition like fibromyalgia often evokes sadness due to its impact on physical and emotional well-being."
2172,generic_human,zero_shot,numbered,**sadness**,"The diagnosis of fibromyalgia, a chronic and often debilitating condition, typically evokes feelings of sorrow or distress."
2172,generic_human,zero_shot,inline,**sadness**,"The diagnosis of a chronic, debilitating condition like fibromyalgia often evokes feelings of sorrow or grief due to its impact on physical and emotional well-being."
2172,generic_human,one_shot,numbered,sadness,"The diagnosis of a chronic, debilitating condition like fibromyalgia is often associated with feelings of sorrow or grief."
2172,generic_human,one_shot,inline,**sadness**,"The diagnosis of a chronic, debilitating condition like fibromyalgia typically evokes feelings of sorrow or distress."
2172,generic_human,few_shot,numbered,sadness,"The diagnosis of a chronic, painful, and debilitating condition like fibromyalgia is often associated with feelings of sadness or grief."
2172,generic_human,few_shot,inline,**sadness**,"The diagnosis of a chronic, painful, and debilitating condition like fibromyalgia often evokes sadness due to its impact on physical and emotional well-being."
2172,persona_a,zero_shot,numbered,**sadness**,"The diagnosis of fibromyalgia, a chronic and often debilitating condition, typically evokes feelings of sorrow or emotional heaviness."
2172,persona_a,zero_shot,inline,**sadness**,The diagnosis of a chronic and debilitating condition like fibromyalgia often evokes feelings of sorrow or emotional heaviness.
2172,persona_a,one_shot,numbered,sadness,"The diagnosis of a chronic, debilitating condition like fibromyalgia often evokes feelings of sorrow or grief."
2172,persona_a,one_shot,inline,**sadness**,"The diagnosis of a chronic, debilitating condition like fibromyalgia often evokes feelings of sorrow or grief."
2172,persona_a,few_shot,numbered,**sadness**,"The diagnosis of a chronic, debilitating condition like fibromyalgia often evokes sadness due to its impact on physical health and quality of life."
2172,persona_a,few_shot,inline,**sadness**,"The diagnosis of a chronic, debilitating condition like fibromyalgia often evokes sadness due to its impact on physical health and quality of life."
2172,persona_b,zero_shot,numbered,sadness,"The diagnosis of a chronic, debilitating condition like fibromyalgia often evokes feelings of sorrow or grief."
2172,persona_b,zero_shot,inline,**sadness**,"The diagnosis of fibromyalgia, a chronic and often debilitating condition, typically evokes feelings of sorrow or grief in elderly individuals due to its impact on quality of life."
2172,persona_b,one_shot,numbered,sadness,"The diagnosis of a chronic, painful, and debilitating condition like fibromyalgia often evokes feelings of sorrow or grief."
2172,persona_b,one_shot,inline,**sadness**,"The diagnosis of a chronic, painful, and debilitating condition like fibromyalgia typically evokes feelings of sorrow or grief."
2172,persona_b,few_shot,numbered,sadness,"The diagnosis of a chronic, debilitating condition like fibromyalgia often evokes sadness due to its impact on health and quality of life."
2172,persona_b,few_shot,inline,**sadness**,"The diagnosis of a chronic, debilitating condition like fibromyalgia often evokes sadness due to its impact on health and quality of life."
41629,neutral,zero_shot,numbered,**joy**,"The statement ""My football team won"" conveys a positive outcome that typically elicits happiness or excitement."
41629,neutral,zero_shot,inline,**joy**,"The statement ""My football team won"" conveys a positive outcome that typically elicits happiness or excitement."
41629,neutral,one_shot,numbered,**joy**,"The author expressed a positive outcome (winning) in a straightforward manner, which typically elicits joy."
41629,neutral,one_shot,inline,**joy**,"The author expressed a positive outcome (winning) associated with excitement and happiness, a hallmark of joy."
41629,neutral,few_shot,numbered,joy,"The author describes a positive outcome (winning) associated with their football team, which is a common trigger for joy."
41629,neutral,few_shot,inline,**joy**,"The author describes a positive outcome (winning) in a sport, which is commonly associated with joy or excitement."
41629,generic_human,zero_shot,numbered,**joy**,"The statement ""My football team won"" suggests a positive outcome that typically elicits happiness or excitement."
41629,generic_human,zero_shot,inline,**joy**,"The statement ""My football team won"" is a direct indicator of a positive outcome, which typically elicits feelings of happiness or joy."
41629,generic_human,one_shot,numbered,**joy**,The author’s statement about their football team winning is a clear indicator of positive excitement or happiness.
41629,generic_human,one_shot,inline,**joy**,"The author expressed excitement about a positive outcome (winning), which is strongly associated with joy."
41629,generic_human,few_shot,numbered,**joy**,"The author’s excitement about their football team’s victory suggests a positive, uplifting emotion, which aligns with joy."
41629,generic_human,few_shot,inline,**joy**,"The author describes a positive outcome (winning) associated with their football team, which typically elicits joy."
41629,persona_a,zero_shot,numbered,**joy**,The fan of a struggling underdog team likely experienced overwhelming happiness and excitement at their team’s victory.
41629,persona_a,zero_shot,inline,**joy**,"The fan’s team, which was previously struggling, achieved victory, likely eliciting a strong sense of happiness and excitement."
41629,persona_a,one_shot,numbered,**joy**,"The author is celebrating the victory of their struggling underdog team, which is a clear indicator of happiness and excitement."
41629,persona_a,one_shot,inline,**joy**,"The author’s team, an underdog, achieved victory, which is a classic source of elation and happiness."
41629,persona_a,few_shot,numbered,**joy**,"The author’s team, an underdog, achieved victory, which is a triumphant and emotionally uplifting event."
41629,persona_a,few_shot,inline,**joy**,"The author’s support for an underdog team winning triggers a sense of excitement and happiness, which aligns with joy."
41629,persona_b,zero_shot,numbered,**joy**,"The fan expected an easy victory, so their reaction to the win likely stems from the excitement and happiness of the outcome."
41629,persona_b,zero_shot,inline,**joy**,"The author expected an easy victory and their team won, which typically elicits a strong sense of happiness and satisfaction."
41629,persona_b,one_shot,numbered,**joy**,"The author’s team winning—especially when expected to lose—triggers a positive, celebratory emotion."
41629,persona_b,one_shot,inline,**joy**,"The author’s team winning—especially against expectations—evokes a positive, celebratory emotion."
41629,persona_b,few_shot,numbered,**joy**,The author’s team winning—especially when expected to lose—evokes a strong sense of happiness and excitement.
41629,persona_b,few_shot,inline,**joy**,"The author experienced a positive outcome (team victory) that aligns with their expectations, which typically triggers joy."
51054,neutral,zero_shot,numbered,**guilt**,"The author explicitly states they still feel ""so awful"" for writing the cruel letter and acknowledges their own insecurity and unfairness toward their sister."
51054,neutral,zero_shot,inline,**shame**,"The author expresses deep regret and self-loathing for their cruel letter, highlighting their own insecurity and self-consciousness about their appearance."
51054,neutral,one_shot,numbered,**guilt**,"The author explicitly states they ""still feel so awful for writing that letter"" and reflects on their hurtful words, indicating deep regret and guilt."
51054,neutral,one_shot,inline,**shame**,"The author expresses deep regret and self-loathing over their cruel letter, revealing a pervasive sense of moral failure and humiliation."
51054,neutral,few_shot,numbered,**shame**,"The author describes deep self-loathing and regret over their cruel behavior toward their sister, revealing a pervasive sense of shame about their actions."
51054,neutral,few_shot,inline,**shame**,"The author expresses deep regret and self-criticism over their harsh letter, highlighting a sense of humiliation and moral failure."
51054,generic_human,zero_shot,numbered,**guilt**,"The author explicitly states they still feel ""so awful"" for writing the cruel letter and acknowledges their own self-absorbed focus on their braces, revealing deep regret and guilt."
51054,generic_human,zero_shot,inline,**shame**,"The author expresses deep regret and self-criticism for their harsh reaction, highlighting a sense of humiliation over their appearance and behavior."
51054,generic_human,one_shot,numbered,**shame**,"The author describes intense self-loathing and regret over their cruel letter, revealing deep shame about their perceived ugliness and harsh judgment of themselves."
51054,generic_human,one_shot,inline,**shame**,"The author expresses deep regret and self-criticism for their harsh, unkind letter, revealing a sense of humiliation and moral failure."
51054,generic_human,few_shot,numbered,**shame**,"The author describes deep self-loathing and regret over their cruel behavior toward their sister, revealing a pervasive sense of shame about their actions."
51054,generic_human,few_shot,inline,**shame**,"The author expresses deep regret and self-criticism over their harsh letter, highlighting a sense of humiliation and embarrassment about their appearance and behavior."
51054,persona_a,zero_shot,numbered,**guilt**,"The author explicitly states they still feel ""so awful"" for writing the cruel letter and acknowledges their own insecurity and unfair judgment."
51054,persona_a,zero_shot,inline,**shame**,"The author expresses deep regret and self-loathing for their cruel letter, highlighting their own insecurity and self-criticism over their appearance."
51054,persona_a,one_shot,numbered,**shame**,"The author describes deep self-loathing and regret over their cruel reaction, revealing a pervasive sense of personal humiliation and inadequacy."
51054,persona_a,one_shot,inline,**shame**,"The author describes deep regret and self-loathing over their cruel letter, revealing a pervasive sense of humiliation and moral failure."
51054,persona_a,few_shot,numbered,**shame**,"The author describes deep self-loathing and regret over their cruel words, revealing a pervasive sense of shame about their appearance and behavior."
51054,persona_a,few_shot,inline,**shame**,"The author expresses deep regret and self-loathing over their cruel letter, revealing a pervasive sense of shame about their appearance and behavior."
51054,persona_b,zero_shot,numbered,**guilt**,"The author explicitly states she feels awful for writing the hurtful letter and reflects on how she hurt her sister, indicating deep regret and guilt."
51054,persona_b,zero_shot,inline,**Guilt**,"The author explicitly states she feels ""so awful"" for writing the hurtful letter and reflects on how she hurt her sister, indicating deep remorse."
51054,persona_b,one_shot,numbered,**guilt**,"The author explicitly states she feels ""awful"" for writing a hurtful letter and reflects on her regret over the harm caused to her sister."
51054,persona_b,one_shot,inline,**shame**,"The author reflects on her cruel, irrational reaction to her appearance in the photo and expresses deep regret and self-blame for hurting her sister."
51054,persona_b,few_shot,numbered,**guilt**,"The author expresses deep regret and remorse for hurtful words written to her sister, indicating overwhelming guilt over her actions."
51054,persona_b,few_shot,inline,**shame**,"The author expresses deep regret and self-loathing for her cruel words, highlighting a sense of moral failure and humiliation over her behavior."
52866,neutral,zero_shot,numbered,**anger**,"The author expresses frustration and a desire for their mom to intervene, indicating a strong emotional reaction to feeling unfairly treated."
52866,neutral,zero_shot,inline,**pride**,"The author expressed a sense of empowerment and confidence in their mother’s ability to advocate for them, reflecting pride in their supportive relationship."
52866,neutral,one_shot,numbered,**anger**,"The author expresses frustration at their aunt’s treatment and implies a desire for their mom to intervene, reflecting a strong emotional response of anger."
52866,neutral,one_shot,inline,**anger**,"The author expresses frustration at their aunt’s treatment and implies a desire for their mom to intervene, reflecting a strong emotional reaction of anger."
52866,neutral,few_shot,numbered,**anger**,"The author describes their mom defending them against unfair treatment, which suggests frustration or indignation at the injustice."
52866,neutral,few_shot,inline,**anger**,"The author describes their mom defending them against unfair treatment, which suggests frustration or indignation at the injustice."
52866,generic_human,zero_shot,numbered,**anger**,"The author expressed frustration and a sense of being wronged (""giving my aunt hell for treating me crappy"") and a desire for validation (""I knew i could ... my mom to stand up for me"")."
52866,generic_human,zero_shot,inline,**pride**,"The author expressed a sense of empowerment and confidence in their mother’s ability to support them, reflecting pride."
52866,generic_human,one_shot,numbered,**anger**,"The author expresses frustration at their aunt’s treatment and anticipation of their mom’s support, indicating a strong emotional response tied to anger."
52866,generic_human,one_shot,inline,**anger**,"The author describes their mom confronting their aunt over perceived mistreatment, indicating frustration or indignation at the injustice."
52866,generic_human,few_shot,numbered,**pride**,"The author expresses admiration and satisfaction for their mom’s ability to defend them, which reflects a sense of pride."
52866,generic_human,few_shot,inline,**pride**,"The author expresses confidence in their mother’s ability to advocate for them, reflecting a sense of pride in her support."
52866,persona_a,zero_shot,numbered,**pride**,"The narrator expresses a sense of satisfaction and confidence in their mother’s ability to defend them, reflecting pride."
52866,persona_a,zero_shot,inline,**pride**,"The narrator expresses a sense of satisfaction and confidence in their mother’s ability to defend them, reflecting pride."
52866,persona_a,one_shot,numbered,**anger**,"The narrator expresses frustration at being treated poorly and anticipation of their mother’s intervention, reflecting a sense of righteous indignation."
52866,persona_a,one_shot,inline,**anger**,"The narrator expresses frustration at their aunt’s treatment and anticipation of their mother’s intervention, reflecting a strong emotional response tied to indignation and protective defensiveness."
52866,persona_a,few_shot,numbered,**pride**,"The narrator felt a sense of pride in their mother’s ability to defend them, highlighting admiration and satisfaction."
52866,persona_a,few_shot,inline,**pride**,The narrator expresses admiration and satisfaction for their mother’s protective and supportive actions on their behalf.
52866,persona_b,zero_shot,numbered,**pride**,The narrator expresses a sense of empowerment and satisfaction in their mother’s ability to advocate for them.
52866,persona_b,zero_shot,inline,**pride**,The narrator expresses a sense of empowerment and satisfaction in their mother’s ability to advocate for them.
52866,persona_b,one_shot,numbered,**anger**,"The narrator describes their aunt being confronted for mistreating them, implying frustration and hostility toward the aunt’s behavior."
52866,persona_b,one_shot,inline,**anger**,"The narrator describes their aunt being confronted for mistreating them, implying frustration and indignation at the unfair treatment."
52866,persona_b,few_shot,numbered,**pride**,"The author expresses a sense of empowerment and satisfaction in their mother’s ability to advocate for them, which aligns with pride."
52866,persona_b,few_shot,inline,**pride**,"The author expresses admiration and satisfaction for their mother’s ability to defend them, which reflects pride."
3975,neutral,zero_shot,numbered,**joy**,The context of securing a permanent job typically evokes a strong sense of happiness and satisfaction.
3975,neutral,zero_shot,inline,**joy**,The context of securing a permanent job typically evokes a strong sense of happiness and satisfaction.
3975,neutral,one_shot,numbered,**joy**,"The author’s incomplete sentence (""I felt..."") implies a positive, fulfilling reaction to securing permanent employment, which aligns with joy."
3975,neutral,one_shot,inline,**joy**,The positive and permanent nature of securing a job typically evokes happiness or joy.
3975,neutral,few_shot,numbered,**joy**,"The author describes a positive, long-term achievement (permanent job), which is strongly associated with joy."
3975,neutral,few_shot,inline,**joy**,"The author describes a positive, long-term achievement (permanent job), which typically evokes joy."
3975,generic_human,zero_shot,numbered,**joy**,"The permanent job offer is a positive and fulfilling outcome, strongly associated with happiness and satisfaction."
3975,generic_human,zero_shot,inline,**joy**,"The permanent job offer is typically associated with a positive, fulfilling emotion like joy."
3975,generic_human,one_shot,numbered,**joy**,"The author’s excitement about securing a permanent job at their current position strongly suggests a positive, uplifting emotion like joy."
3975,generic_human,one_shot,inline,**joy**,"The mention of securing a permanent job at a current position typically evokes positive, celebratory emotions like joy."
3975,generic_human,few_shot,numbered,**joy**,"The author describes a positive, long-term achievement (permanent job), which is strongly associated with joy."
3975,generic_human,few_shot,inline,**joy**,"The author describes a positive, long-term achievement (permanent job), which typically evokes joy."
3975,persona_a,zero_shot,numbered,**relief**,The context of years of insecure employment followed by a permanent job strongly suggests a sense of release from constant uncertainty.
3975,persona_a,zero_shot,inline,**relief**,The author’s long-term struggle with unstable employment makes the permanence of their job a significant source of emotional release.
3975,persona_a,one_shot,numbered,**relief**,"The author transitioned from years of unstable, insecure work to a permanent position, which typically evokes a sense of relief."
3975,persona_a,one_shot,inline,**relief**,"The author’s long-term struggle with unstable employment makes the permanence of their job a weight lifted, triggering relief."
3975,persona_a,few_shot,numbered,**relief**,"The author’s long-term instability in insecure work contrasts sharply with the security of a permanent job, triggering a sense of relief."
3975,persona_a,few_shot,inline,**relief**,"The author’s long-term instability in employment contrasts sharply with the security of a permanent job, triggering a sense of relief."
3975,persona_b,zero_shot,numbered,**pride**,The author’s long-anticipated guarantee of the role suggests a deep sense of accomplishment and self-worth tied to their achievement.
3975,persona_b,zero_shot,inline,**pride**,The author’s long-anticipated achievement in securing a role they were always destined for likely evoked a sense of accomplishment and self-respect.
3975,persona_b,one_shot,numbered,**joy**,The author’s achievement of securing a long-desired role suggests a sense of fulfillment and happiness.
3975,persona_b,one_shot,inline,**joy**,"The author’s achievement of securing a long-desired permanent role suggests a positive, fulfilling emotion tied to accomplishment and happiness."
3975,persona_b,few_shot,numbered,**pride**,"The author describes achieving a long-anticipated role, which typically evokes pride in their accomplishment."
3975,persona_b,few_shot,inline,**pride**,"The author describes achieving a long-anticipated, desired role, which typically evokes pride in accomplishment."
41660,neutral,zero_shot,numbered,**surprise**,"The statement is brief but conveys a sudden or unexpected event, which aligns with the emotion of surprise."
41660,neutral,zero_shot,inline,**surprise**,"The statement is brief and lacks context for deeper emotions, but the abrupt nature suggests the author was caught off guard by the request."
41660,neutral,one_shot,numbered,**joy**,"The author was honored by being chosen as maid of honor, a role typically associated with happiness and pride."
41660,neutral,one_shot,inline,**joy**,"The author’s excitement about being chosen for a significant role (maid of honour) suggests a positive, happy emotion."
41660,neutral,few_shot,numbered,joy,"The author was honored by a close friend with a significant role, which is typically associated with joy."
41660,neutral,few_shot,inline,**joy**,"The author describes being honored by friends in a significant role, which typically evokes joy."
41660,generic_human,zero_shot,numbered,**surprise**,"The statement is a straightforward declaration of an unexpected honor, suggesting the author was caught off guard by the request."
41660,generic_human,zero_shot,inline,**surprise**,"The statement is a straightforward declaration of a significant social role without additional context indicating deeper emotions, suggesting the author was caught off guard by the request."
41660,generic_human,one_shot,numbered,**surprise**,"The author was unexpectedly asked to be maid of honour, which is a surprising honor."
41660,generic_human,one_shot,inline,**joy**,"The author was honored by being chosen as maid of honor, a role typically associated with happiness and pride."
41660,generic_human,few_shot,numbered,joy,"Being asked to be maid of honour is typically a cherished honor, often associated with happiness and excitement."
41660,generic_human,few_shot,inline,**joy**,"The author was honored by a close friend with a significant role, which typically evokes joy."
41660,persona_a,zero_shot,numbered,**joy**,"The author describes being chosen by their lifelong best friend for a significant honor, which typically evokes happiness and pride."
41660,persona_a,zero_shot,inline,**joy**,The author’s lifelong friendship with the bride and the honor of being maid of honor suggest a sense of happiness and fulfillment.
41660,persona_a,one_shot,numbered,joy,"The author describes being chosen as the bride’s closest lifelong friend for a significant role, which is typically associated with happiness and fulfillment."
41660,persona_a,one_shot,inline,**joy**,"The author describes being chosen as the bride’s closest lifelong friend for a significant role, which typically evokes happiness and pride."
41660,persona_a,few_shot,numbered,**joy**,"The author describes being chosen as the bride’s closest lifelong friend for a significant honor, which is a deeply meaningful and happy occasion."
41660,persona_a,few_shot,inline,**joy**,"The author describes being chosen as the bride’s closest lifelong friend for a significant role, which is a deeply meaningful and happy honor."
41660,persona_b,zero_shot,numbered,**surprise**,"The author explicitly states they were ""surprised"" by being chosen over older friends."
41660,persona_b,zero_shot,inline,**surprise**,"The author explicitly states they were ""surprised"" to be chosen over older friends."
41660,persona_b,one_shot,numbered,**surprise**,"The author was unexpectedly chosen for a significant role by a newer friend, which aligns with the emotion of surprise."
41660,persona_b,one_shot,inline,**surprise**,"The author was unexpectedly chosen for a significant role by a newer friend, which aligns with the emotion of surprise."
41660,persona_b,few_shot,numbered,**surprise**,"The author describes being unexpectedly chosen for a significant role by a newer friend, which triggers surprise."
41660,persona_b,few_shot,inline,**surprise**,"The author describes being unexpectedly chosen for a significant role by a newer friend, which triggers surprise at the unexpectedness of the selection."
31387,neutral,zero_shot,numbered,**surprise**,The author expresses astonishment at finally receiving the steak as requested after initial dissatisfaction.
31387,neutral,zero_shot,inline,**surprise**,The author expresses astonishment at finally receiving their requested steak after initial dissatisfaction.
31387,neutral,one_shot,numbered,**surprise**,"The author describes an unexpected turn of events where their request was finally fulfilled, indicating a moment of surprise."
31387,neutral,one_shot,inline,**surprise**,"The author describes an unexpected turn in the restaurant experience where their request was finally met, indicating a moment of surprise at the resolution."
31387,neutral,few_shot,numbered,**relief**,"The author expresses a sense of reassurance and satisfaction that their request was finally fulfilled, which aligns with the emotion of relief."
31387,neutral,few_shot,inline,**relief**,"The author describes a moment of uncertainty resolved by receiving what they explicitly requested, which typically triggers relief."
31387,generic_human,zero_shot,numbered,**surprise**,The author expresses astonishment at finally receiving what they explicitly requested after initial dissatisfaction.
31387,generic_human,zero_shot,inline,**surprise**,The author expresses astonishment at finally receiving their requested steak after initial dissatisfaction.
31387,generic_human,one_shot,numbered,**surprise**,"The author describes an unexpected turn of events where their request was finally fulfilled, indicating a moment of surprise."
31387,generic_human,one_shot,inline,**relief**,"The author expresses a sense of assurance and satisfaction that their request was finally met, indicating a release of prior tension."
31387,generic_human,few_shot,numbered,**relief**,"The author describes a stressful situation being resolved in their favor, which aligns with the emotion of relief."
31387,generic_human,few_shot,inline,**relief**,"The author describes a moment of uncertainty resolved by receiving what they explicitly requested, which typically triggers relief."
31387,persona_a,zero_shot,numbered,**surprise**,The author expresses astonishment at receiving their requested steak after initially being told it wouldn’t meet their satisfaction.
31387,persona_a,zero_shot,inline,**relief**,The author expressed a sense of assurance and satisfaction that their request would finally be fulfilled after initial uncertainty.
31387,persona_a,one_shot,numbered,**surprise**,"The author describes an unexpected turn of events where their request was finally fulfilled, which aligns with a sense of surprise."
31387,persona_a,one_shot,inline,**relief**,"The author expresses a sense of assurance and satisfaction that their request was finally met, indicating relief."
31387,persona_a,few_shot,numbered,**relief**,"The author expresses a sense of reassurance and satisfaction that their request was finally met, indicating relief."
31387,persona_a,few_shot,inline,**relief**,"The author expresses a sense of reassurance and satisfaction that their request was finally met, indicating relief."
31387,persona_b,zero_shot,numbered,**pride**,"The author expressed satisfaction and confidence in their ability to ensure the steak was cooked to their exact specifications, reflecting a sense of pride in their assertiveness and the outcome."
31387,persona_b,zero_shot,inline,**pride**,"The author expressed satisfaction and confidence in their ability to ensure the steak was cooked to their exact specifications, reflecting a sense of accomplishment and pride."
31387,persona_b,one_shot,numbered,**pride**,The author expresses satisfaction and confidence in their ability to ensure the steak was cooked to their desired standard.
31387,persona_b,one_shot,inline,**pride**,"The author expresses satisfaction and confidence in their ability to ensure the steak was cooked to their desired standard, reflecting a sense of accomplishment."
31387,persona_b,few_shot,numbered,**pride**,"The author highlights their competence in catching and correcting a mistake, which reflects a sense of professional pride."
31387,persona_b,few_shot,inline,**pride**,"The author expresses satisfaction and confidence in their ability to ensure the steak was cooked to their exact specifications, reflecting a sense of accomplishment and pride."
4571,neutral,zero_shot,numbered,shame,"The author describes feeling powerless and unable to act against the harassment, which aligns with the emotion of shame."
4571,neutral,zero_shot,inline,**Fear**,"The author’s hesitation to speak up due to repeated, invasive harassment suggests a paralyzing fear of retaliation or inability to protect themselves."
4571,neutral,one_shot,numbered,shame,"The author describes feeling powerless and unable to act against inappropriate behavior, which aligns with feelings of shame."
4571,neutral,one_shot,inline,**shame**,"The author describes feeling powerless and unable to act against their harasser, which is a hallmark of shame."
4571,neutral,few_shot,numbered,**fear**,"The author describes a traumatic, helpless situation involving repeated abuse, which triggers fear of vulnerability and inability to protect oneself."
4571,neutral,few_shot,inline,**fear**,"The author describes a traumatic, helpless situation involving vulnerability and powerlessness, which is a hallmark of fear."
4571,generic_human,zero_shot,numbered,**shame**,"The author describes feeling powerless and unable to act against the harassment, which aligns with the experience of shame."
4571,generic_human,zero_shot,inline,**Fear**,The author’s hesitation to speak up due to repeated trauma suggests overwhelming fear of retaliation or further harm.
4571,generic_human,one_shot,numbered,**shame**,"The author describes feeling powerless and unable to act against the harassment, which aligns with the experience of shame."
4571,generic_human,one_shot,inline,**shame**,"The author describes feeling powerless to stop the harassment and unable to speak up, which reflects a sense of shame or self-blame."
4571,generic_human,few_shot,numbered,**fear**,"The author describes a traumatic, helpless situation involving repeated abuse, which is a primary trigger for fear (especially fear of retaliation, judgment, or escalation)."
4571,generic_human,few_shot,inline,**fear**,"The author describes a traumatic, helpless situation involving repeated abuse, which typically triggers fear of harm or inability to escape."
4571,persona_a,zero_shot,numbered,**fear**,"The author explicitly describes being ""too intimidated"" by her harasser, which directly aligns with the emotion of fear."
4571,persona_a,zero_shot,inline,**Fear**,"The author explicitly describes being ""too intimidated"" by the harasser’s social standing, indicating a dominant emotion of fear in response to the threat and power imbalance."
4571,persona_a,one_shot,numbered,**fear**,"The author describes being too intimidated by her harasser’s social standing to speak up, indicating a dominant feeling of fear."
4571,persona_a,one_shot,inline,**fear**,"The author describes feeling too intimidated by her harasser’s social standing to speak up, indicating a dominant emotion of fear."
4571,persona_a,few_shot,numbered,**fear**,"The author describes being powerless and intimidated by a peer, which reflects a primary emotion of fear in response to perceived threat or vulnerability."
4571,persona_a,few_shot,inline,**fear**,"The author describes feeling powerless and unable to act due to intimidation, which is a hallmark of fear."
4571,persona_b,zero_shot,numbered,**shame**,"The author explicitly states they blamed themselves for the abuse, indicating a deep sense of shame."
4571,persona_b,zero_shot,inline,**shame**,The author explicitly states they blamed themselves for the abuse and felt responsible for what happened to them.
4571,persona_b,one_shot,numbered,**shame**,"The author describes self-blame (""I was too... to tell anyone or tell him off"") and internalized responsibility for the abuse, which aligns with shame."
4571,persona_b,one_shot,inline,**shame**,"The author describes self-blame and feeling powerless to stop or report the abuse, which aligns with the emotion of shame."
4571,persona_b,few_shot,numbered,shame,"The author describes self-blame and internalized responsibility for the abuse, which is a hallmark of shame."
4571,persona_b,few_shot,inline,**shame**,"The author describes self-blame and internalized guilt over being unable to stop or report the harassment, which aligns with feelings of shame."
2198,neutral,zero_shot,numbered,**surprise**,"The abrupt, unexpected nature of the event (""2n minute"" likely a typo for ""2nd minute"") suggests a moment of astonishment or shock."
2198,neutral,zero_shot,inline,**surprise**,"The abrupt and unexpected nature of the goal (""in the 2n minute"") suggests the author was caught off guard by the event."
2198,neutral,one_shot,numbered,**surprise**,"The author’s excitement about an unexpected goal in a high-stakes match suggests a sudden, jubilant reaction."
2198,neutral,one_shot,inline,**joy**,"The author’s excitement about England scoring in a major match (the Euros final) suggests a positive, celebratory emotion."
2198,neutral,few_shot,numbered,**joy**,"The author describes a positive outcome in a high-stakes event (scoring in the Euros final), which is strongly associated with joy."
2198,neutral,few_shot,inline,**joy**,"The author’s excitement about England scoring in a high-stakes match like the Euros final strongly suggests a positive, celebratory emotion."
2198,generic_human,zero_shot,numbered,**surprise**,"The abrupt, unexpected nature of England scoring in the 2nd minute of a high-stakes final suggests astonishment or shock."
2198,generic_human,zero_shot,inline,**surprise**,"The abrupt, unexpected nature of the event (""2n minute"" likely a typo for ""2nd minute"") suggests the author was caught off guard by the sudden scoring moment."
2198,generic_human,one_shot,numbered,**joy**,"The author’s excitement about England scoring in a high-stakes match like the Euros final strongly suggests a positive, celebratory emotion."
2198,generic_human,one_shot,inline,**joy**,"The author’s excitement about England scoring in a high-stakes match (the Euros final) suggests a positive, celebratory emotion."
2198,generic_human,few_shot,numbered,**joy**,"The author’s excitement about England scoring in a high-stakes match like the Euros final strongly suggests a positive, exhilarating emotion—**joy**."
2198,generic_human,few_shot,inline,**joy**,"The author’s excitement about England scoring in a high-stakes match (the Euros final) strongly suggests a positive, celebratory emotion like joy."
2198,persona_a,zero_shot,numbered,**joy**,The author’s excitement about England scoring in a high-stakes match like the Euros final strongly suggests an overwhelming sense of happiness.
2198,persona_a,zero_shot,inline,**joy**,The author’s excitement about England scoring in the Euros final reflects a strong sense of happiness and positive anticipation.
2198,persona_a,one_shot,numbered,**joy**,The author’s excitement about England scoring in a major match (a significant victory) aligns with the emotion of joy.
2198,persona_a,one_shot,inline,**joy**,"The author’s excitement about England scoring in a high-stakes match reflects a positive, celebratory emotion."
2198,persona_a,few_shot,numbered,**joy**,"The author’s excitement about England scoring in a high-stakes match (the Euros final) strongly suggests a positive, celebratory emotion like joy."
2198,persona_a,few_shot,inline,**joy**,"The author’s excitement about England scoring in a high-stakes match (the Euros final) strongly suggests a positive, celebratory emotion like joy."
2198,persona_b,zero_shot,numbered,**surprise**,"The author’s mention of an unexpected score (""2n minute"") suggests they were caught off guard by the event."
2198,persona_b,zero_shot,inline,**surprise**,The abrupt and unexpected nature of England scoring in the 2nd minute of a high-stakes final would naturally provoke a moment of surprise in a neutral observer.
2198,persona_b,one_shot,numbered,**surprise**,The author describes an unexpected event (a goal in the 2nd minute of a high-stakes match) that would likely evoke surprise.
2198,persona_b,one_shot,inline,**surprise**,The author describes an unexpected event (a goal in the 2nd minute of a major final) that would likely evoke surprise.
2198,persona_b,few_shot,numbered,**surprise**,"The author describes an unexpected event (a goal in the 2nd minute of a major final), which typically triggers surprise."
2198,persona_b,few_shot,inline,**surprise**,"The author describes an unexpected event (a goal in the 2nd minute of a high-stakes match), which typically triggers surprise."
5642,neutral,zero_shot,numbered,**sadness**,The statement directly conveys deep emotional pain and heartache associated with betrayal and loss.
5642,neutral,zero_shot,inline,**sadness**,"The statement directly conveys a profound emotional wound and loss, which aligns most closely with sadness."
5642,neutral,one_shot,numbered,sadness,The betrayal of trust in a marriage typically evokes deep sorrow or grief.
5642,neutral,one_shot,inline,**sadness**,The revelation of a betrayal in marriage typically evokes deep sorrow and emotional pain.
5642,neutral,few_shot,numbered,sadness,"The author describes a deeply painful and betraying violation of trust in a relationship, which typically evokes sadness."
5642,neutral,few_shot,inline,**sadness**,The betrayal of trust in a relationship typically evokes deep sadness due to emotional pain and loss.
5642,generic_human,zero_shot,numbered,sadness,"The statement implies profound emotional pain and distress, which aligns most closely with sadness."
5642,generic_human,zero_shot,inline,**sadness**,The revelation of a betrayal in marriage typically evokes deep sorrow and emotional pain.
5642,generic_human,one_shot,numbered,sadness,The betrayal of trust in a marriage typically evokes deep sorrow or grief.
5642,generic_human,one_shot,inline,**sadness**,The betrayal of trust in a relationship typically evokes deep sorrow or grief.
5642,generic_human,few_shot,numbered,sadness,"The author describes a deeply betraying and painful violation of trust in a close relationship, which is strongly associated with sadness."
5642,generic_human,few_shot,inline,**sadness**,The betrayal of trust in a relationship typically evokes deep sadness.
5642,persona_a,zero_shot,numbered,sadness,"The statement directly conveys deep emotional pain and heartache, which aligns with the experience of sadness."
5642,persona_a,zero_shot,inline,**sadness**,"The statement implies profound emotional distress and heartache, which aligns most closely with sadness."
5642,persona_a,one_shot,numbered,sadness,The betrayal of trust in a marriage typically evokes deep sorrow or grief.
5642,persona_a,one_shot,inline,**sadness**,The betrayal of trust in a marriage typically evokes deep sorrow and emotional pain.
5642,persona_a,few_shot,numbered,sadness,"The author describes a deeply betraying and painful violation of trust in their marriage, which typically evokes sadness."
5642,persona_a,few_shot,inline,**sadness**,The betrayal of trust in a marriage typically evokes deep sorrow and emotional pain.
5642,persona_b,zero_shot,numbered,sadness,The statement implies deep emotional pain and sorrow due to betrayal and loss of trust in a relationship.
5642,persona_b,zero_shot,inline,**sadness**,"The statement implies profound emotional distress and heartache, which aligns most closely with sadness."
5642,persona_b,one_shot,numbered,sadness,The betrayal of trust in a close relationship typically evokes deep sorrow or grief.
5642,persona_b,one_shot,inline,**sadness**,The betrayal of trust in a close relationship typically evokes deep sorrow and emotional pain.
5642,persona_b,few_shot,numbered,sadness,"The author describes a deeply painful betrayal by a spouse, which is a primary trigger for sadness."
5642,persona_b,few_shot,inline,**sadness**,The betrayal of trust in a close relationship typically evokes deep sadness.
41581,neutral,zero_shot,numbered,**sadness**,"The abrupt and emotionally charged phrasing (""aborted my baby"") strongly suggests deep emotional distress, particularly sorrow or grief."
41581,neutral,zero_shot,inline,**sadness**,"The abrupt and emotionally raw phrasing suggests profound emotional distress, most aligned with deep sorrow over the loss."
41581,neutral,one_shot,numbered,**sadness**,The act of aborting a pregnancy is often deeply tied to profound grief and sorrow.
41581,neutral,one_shot,inline,**sadness**,"The abrupt and heavy phrasing (""aborted my baby"") strongly suggests profound emotional distress, typically associated with deep sorrow."
41581,neutral,few_shot,numbered,**sadness**,The act of aborting a pregnancy is often associated with profound grief and sorrow over the loss of a potential child.
41581,neutral,few_shot,inline,**sadness**,"The text describes a deeply distressing and emotionally heavy event, which typically evokes profound sadness."
41581,generic_human,zero_shot,numbered,**sadness**,"The abrupt and emotionally charged phrasing (""aborted my baby"") strongly suggests profound emotional distress, typically associated with deep sadness."
41581,generic_human,zero_shot,inline,**guilt**,"The phrase ""aborted my baby"" suggests deep regret or remorse over a difficult decision, indicative of guilt."
41581,generic_human,one_shot,numbered,**sadness**,"The abrupt and heavy phrasing (""aborted my baby"") strongly suggests profound emotional distress, typically associated with grief or sorrow."
41581,generic_human,one_shot,inline,**sadness**,"The abrupt and emotionally heavy phrasing (""aborted my baby"") strongly suggests profound sorrow or grief."
41581,generic_human,few_shot,numbered,**sadness**,"The text describes a deeply personal and emotionally heavy event (abortion), which typically evokes profound sadness."
41581,generic_human,few_shot,inline,**sadness**,The act of describing an abortion—often a deeply personal and complex decision—typically evokes profound sadness due to its emotional weight and loss.
41581,persona_a,zero_shot,numbered,**relief**,The context of terminating for medical necessity suggests a sense of relief from the burden of a life-threatening or unbearable situation.
41581,persona_a,zero_shot,inline,**relief**,The context of a medical necessity abortion typically involves a sense of relief from the physical and emotional burden of a high-risk pregnancy.
41581,persona_a,one_shot,numbered,sadness,"The author’s phrasing (""aborted my baby"") suggests deep emotional weight and sorrow tied to a profound loss."
41581,persona_a,one_shot,inline,**sadness**,"The author’s phrasing (""aborted my baby"") reflects deep emotional distress and sorrow over the difficult decision."
41581,persona_a,few_shot,numbered,**sadness**,"The author’s description of a medical necessity abortion often carries deep emotional weight, including sadness due to the loss of a pregnancy, even when medically required."
41581,persona_a,few_shot,inline,**sadness**,"The author’s statement reflects profound emotional weight and loss, which aligns with the experience of sadness in the context of medical necessity."
41581,persona_b,zero_shot,numbered,**shame**,"The phrasing ""aborted my baby"" and the context of social/family pressure suggest deep self-blame and humiliation."
41581,persona_b,zero_shot,inline,**shame**,"The phrasing ""aborted my baby"" and the context of social/family pressure suggest deep self-blame and humiliation."
41581,persona_b,one_shot,numbered,**guilt**,"The author describes an act of termination under social and family pressure, which strongly suggests internal conflict and remorse."
41581,persona_b,one_shot,inline,**guilt**,"The author describes a deeply distressing, morally conflicted act under pressure, which strongly suggests feelings of guilt."
41581,persona_b,few_shot,numbered,**guilt**,"The author describes a highly distressing, morally charged act performed under pressure, which strongly suggests feelings of guilt."
41581,persona_b,few_shot,inline,**guilt**,"The author describes a deeply distressing, morally conflicted act performed under pressure, which strongly suggests guilt."
3528,neutral,zero_shot,numbered,**guilt**,"The author expresses self-consciousness and remorse for feeling enticed by wealth, despite acknowledging their upbringing and efforts to grow."
3528,neutral,zero_shot,inline,**guilt**,"The author expresses self-consciousness and remorse for feeling enticed by wealth, despite acknowledging their upbringing and current circumstances."
3528,neutral,one_shot,numbered,**guilt**,"The author expresses self-criticism and unease about feeling enticed by wealth, despite acknowledging their efforts to grow beyond it."
3528,neutral,one_shot,inline,**guilt**,"The author expresses self-consciousness and moral conflict over feeling enticed by wealth, despite acknowledging their efforts to grow beyond it."
3528,neutral,few_shot,numbered,**guilt**,"The author expresses self-consciousness and remorse over feeling enticed by wealth, despite acknowledging their efforts to develop a healthier perspective."
3528,neutral,few_shot,inline,**guilt**,"The author expresses conflicted feelings about their materialistic thoughts while acknowledging their past struggles, indicating self-blame or unease."
3528,generic_human,zero_shot,numbered,**guilt**,"The author expresses self-blame and unease about feeling enticed by wealth, despite acknowledging their efforts to grow beyond it."
3528,generic_human,zero_shot,inline,**guilt**,"The author expresses self-consciousness and remorse for feeling enticed by wealth, despite acknowledging their upbringing and efforts to grow."
3528,generic_human,one_shot,numbered,**guilt**,"The author expresses self-criticism and unease about feeling enticed by wealth, despite acknowledging their efforts to grow beyond that mindset."
3528,generic_human,one_shot,inline,**guilt**,"The author expresses self-consciousness and moral unease about their materialistic thoughts, particularly the conflict between their current contentment and lingering enticement by wealth."
3528,generic_human,few_shot,numbered,**guilt**,"The author expresses self-consciousness and moral unease about their materialistic thoughts, particularly the contrast between their current situation and their past struggles."
3528,generic_human,few_shot,inline,**guilt**,"The author expresses self-consciousness and moral unease about their materialistic thoughts, particularly feeling conflicted over their lingering attraction to wealth despite their current happiness."
3528,persona_a,zero_shot,numbered,**guilt**,"The author expresses self-consciousness and moral conflict over feeling enticed by wealth, despite actively trying to overcome it."
3528,persona_a,zero_shot,inline,**guilt**,"The author expresses self-criticism and unease about their lingering attraction to wealth, despite recognizing its irrationality and their efforts to grow beyond it."
3528,persona_a,one_shot,numbered,**guilt**,The author expresses self-criticism and unease about feeling enticed by wealth despite their efforts to grow beyond financial anxiety.
3528,persona_a,one_shot,inline,**guilt**,The author expresses self-consciousness and moral conflict over feeling enticed by wealth despite their current circumstances and efforts to grow beyond it.
3528,persona_a,few_shot,numbered,**guilt**,"The author expresses conflicted feelings about desiring wealth and financial security, coupled with self-criticism for ""not wanting to sound greedy."""
3528,persona_a,few_shot,inline,**guilt**,"The author expresses self-consciousness and moral conflict over feeling enticed by wealth, despite their efforts to overcome it."
3528,persona_b,zero_shot,numbered,**guilt**,"The author expresses self-consciousness and unease about their materialistic fantasies, explicitly stating they ""don’t want to sound greedy"" and feel conflicted about their desires."
3528,persona_b,zero_shot,inline,**guilt**,"The author expresses discomfort and self-criticism for feeling enticed by wealth, explicitly stating they ""don’t want to sound greedy"" and acknowledge their struggle to develop a healthier relationship with money."
3528,persona_b,one_shot,numbered,**guilt**,"The author expresses self-consciousness and moral unease about their materialistic fantasies, acknowledging they don’t want to ""sound greedy."""
3528,persona_b,one_shot,inline,**guilt**,"The author expresses self-consciousness and remorse over their materialistic thoughts, acknowledging they feel conflicted about their desires."
3528,persona_b,few_shot,numbered,**guilt**,"The author expresses unease and self-criticism for feeling enticed by wealth and material advantages, despite acknowledging their current privilege."
3528,persona_b,few_shot,inline,**guilt**,"The author expresses self-consciousness and moral unease about their materialistic fantasies, particularly their lingering attachment to wealth and the contrast with their current situation."
2105,neutral,zero_shot,numbered,**joy**,"The phrase *""I felt ... when I passed my exams""* strongly implies a positive, celebratory emotion tied to achievement."
2105,neutral,zero_shot,inline,**pride**,"The phrase *""passed my exams""* typically evokes a sense of accomplishment and self-respect, which aligns most closely with **pride**."
2105,neutral,one_shot,numbered,**relief**,"The phrase *""passed my exams""* strongly suggests a sense of resolution or release from stress, which aligns with **relief**."
2105,neutral,one_shot,inline,**relief**,"The phrase *""passed my exams""* typically evokes a sense of tension release, which aligns with relief."
2105,neutral,few_shot,numbered,**pride**,"The author describes achieving a significant personal accomplishment (passing exams), which is commonly associated with pride."
2105,neutral,few_shot,inline,**pride**,"The author describes a significant personal achievement (passing exams), which commonly evokes pride."
2105,generic_human,zero_shot,numbered,**joy**,"The phrase *""I felt ... when I passed my exams""* strongly implies a positive, celebratory emotion tied to accomplishment, which aligns most closely with **joy**."
2105,generic_human,zero_shot,inline,**joy**,"The phrase *""I felt ... when I passed my exams""* strongly implies a positive, celebratory emotion tied to achievement."
2105,generic_human,one_shot,numbered,**relief**,"The phrase ""passed my exams"" typically evokes a sense of tension release, which aligns with the emotion of relief."
2105,generic_human,one_shot,inline,**relief**,"The phrase *""passed my exams""* typically evokes a sense of release from stress or anxiety."
2105,generic_human,few_shot,numbered,**pride**,"Passing exams is a significant personal achievement, which commonly evokes pride."
2105,generic_human,few_shot,inline,**pride**,"The author describes a significant personal achievement (passing exams), which commonly elicits pride."
2105,persona_a,zero_shot,numbered,**relief**,"The student described passing after a long struggle, indicating a sense of release from anxiety or stress."
2105,persona_a,zero_shot,inline,**relief**,"The student’s mention of ""barely scraping by"" after a long struggle suggests a sense of tension being released upon passing."
2105,persona_a,one_shot,numbered,**relief**,"The author struggled academically all year but passed their exams, indicating a sense of relief at overcoming a difficult challenge."
2105,persona_a,one_shot,inline,**relief**,"The student overcame significant academic struggle and passed their exams, which typically evokes a sense of relief."
2105,persona_a,few_shot,numbered,**relief**,"The author describes overcoming a long-term struggle, which typically evokes relief at the resolution of anxiety."
2105,persona_a,few_shot,inline,**relief**,"The author describes overcoming a significant academic struggle, which typically evokes a sense of relief after hardship."
2105,persona_b,zero_shot,numbered,**surprise**,"The author expected to pass easily but still expressed feeling something upon passing, suggesting a reaction to the unexpectedness of the outcome."
2105,persona_b,zero_shot,inline,**surprise**,"The author expected to pass easily but still expressed feeling something upon passing, indicating a reaction to an unexpected outcome."
2105,persona_b,one_shot,numbered,**surprise**,"The author expected to pass easily but did not anticipate passing, indicating a shift from expectation to reality."
2105,persona_b,one_shot,inline,**surprise**,"The author expected an easy pass but did not anticipate the outcome, triggering a sense of surprise."
2105,persona_b,few_shot,numbered,**surprise**,"The author expected to pass easily but still felt a reaction to the outcome, suggesting unexpectedness."
2105,persona_b,few_shot,inline,**surprise**,"The author expected an easy pass but still experienced the outcome, suggesting an unexpected twist that triggered surprise."
7198,neutral,zero_shot,numbered,**joy**,"The statement ""I got promoted"" is typically associated with a positive and happy emotional response."
7198,neutral,zero_shot,inline,**joy**,"The promotion is a positive achievement, which typically elicits feelings of happiness and excitement."
7198,neutral,one_shot,numbered,**joy**,"The text conveys a positive achievement, which is strongly associated with joy."
7198,neutral,one_shot,inline,**joy**,"The text conveys a positive, celebratory outcome (promotion), which is strongly associated with joy."
7198,neutral,few_shot,numbered,**joy**,"The author describes a positive career advancement, which is commonly associated with joy."
7198,neutral,few_shot,inline,**joy**,"The author describes a positive career advancement, which typically evokes joy."
7198,generic_human,zero_shot,numbered,**joy**,"The statement ""I got promoted"" typically conveys a positive, uplifting experience associated with happiness or satisfaction."
7198,generic_human,zero_shot,inline,**joy**,"The statement ""I got promoted"" typically conveys a positive, uplifting achievement, strongly associated with joy."
7198,generic_human,one_shot,numbered,**joy**,"The author’s promotion is a positive achievement, strongly associated with happiness and excitement."
7198,generic_human,one_shot,inline,**joy**,"The promotion is a positive achievement, strongly associated with happiness and excitement."
7198,generic_human,few_shot,numbered,**joy**,"The author describes a significant professional achievement, which is commonly associated with joy."
7198,generic_human,few_shot,inline,**joy**,"The author describes a positive career advancement, which is commonly associated with joy."
7198,persona_a,zero_shot,numbered,**6. pride**,"The author worked hard and expected the promotion, suggesting a sense of accomplishment and self-respect tied to their achievement."
7198,persona_a,zero_shot,inline,**pride**,The author’s hard work and expectation of the promotion suggest a sense of accomplishment and self-respect tied to their achievement.
7198,persona_a,one_shot,numbered,**joy**,"The author’s hard work and expectation of the promotion suggest a positive, celebratory response to achievement."
7198,persona_a,one_shot,inline,**joy**,"The author’s hard work and expectation of the promotion suggest a positive, celebratory response to success."
7198,persona_a,few_shot,numbered,**pride**,"The author’s hard work and expectation of the promotion suggest a sense of accomplishment and self-respect, which aligns with pride."
7198,persona_a,few_shot,inline,**pride**,The author’s hard work and expectation of the promotion suggest a sense of accomplishment and self-respect tied to achievement.
7198,persona_b,zero_shot,numbered,**surprise**,"The author likely felt surprised because they did not expect to be promoted, given their self-perception."
7198,persona_b,zero_shot,inline,**surprise**,"The unexpected promotion contrasts with their self-doubt, triggering a jarring sense of astonishment."
7198,persona_b,one_shot,numbered,**surprise**,"The author was unexpectedly promoted despite not believing they were a contender, triggering surprise."
7198,persona_b,one_shot,inline,**surprise**,"The unexpected promotion contrasts with their self-doubt, triggering a sense of astonishment."
7198,persona_b,few_shot,numbered,**surprise**,The author’s unexpected promotion—despite not believing they were a contender—triggers a sense of astonishment.
7198,persona_b,few_shot,inline,**surprise**,The author’s unexpected promotion—despite not believing they were a candidate—triggers a sense of astonishment.
52520,neutral,zero_shot,numbered,**joy**,"The mention of winning a £500 voucher suggests a positive, happy reaction."
52520,neutral,zero_shot,inline,**joy**,"The mention of winning a £500 voucher suggests a positive, happy reaction."
52520,neutral,one_shot,numbered,joy,"The author received a significant and desirable gift, which is a common trigger for joy."
52520,neutral,one_shot,inline,**joy**,The author expresses excitement and happiness over receiving a significant gift voucher.
52520,neutral,few_shot,numbered,joy,"The author describes winning a significant monetary gift, which is a positive and exciting event typically associated with joy."
52520,neutral,few_shot,inline,**joy**,"The author describes winning a significant monetary gift, which is a positive and exciting event typically associated with joy."
52520,generic_human,zero_shot,numbered,**joy**,"The mention of winning a £500 voucher suggests a positive, happy reaction."
52520,generic_human,zero_shot,inline,**joy**,"The mention of winning a £500 voucher suggests a positive, happy reaction."
52520,generic_human,one_shot,numbered,joy,"The author received a significant and desirable gift, which is a common trigger for joy."
52520,generic_human,one_shot,inline,**joy**,"The author received a significant and desirable gift (a £500 voucher), which is a clear indicator of happiness or excitement."
52520,generic_human,few_shot,numbered,joy,"The author describes winning a significant financial reward, which is a positive and exciting event typically associated with joy."
52520,generic_human,few_shot,inline,**joy**,"The author describes winning a significant financial reward, which is a clear source of happiness and positive excitement."
52520,persona_a,zero_shot,numbered,**surprise**,"The author’s rare participation in competitions suggests they were unlikely to win, making the unexpected win a surprising event."
52520,persona_a,zero_shot,inline,**surprise**,The unexpected win of a £500 voucher from a competition they rarely enter suggests a sense of astonishment.
52520,persona_a,one_shot,numbered,**joy**,The author’s unexpected win of a high-value voucher from a rare competition suggests excitement and happiness.
52520,persona_a,one_shot,inline,**surprise**,"The author’s unexpected win in a rare competition suggests a sudden, unexpected positive event."
52520,persona_a,few_shot,numbered,**surprise**,"The author won an unexpected prize (a £500 voucher) despite rarely entering competitions, which is a surprising event."
52520,persona_a,few_shot,inline,**surprise**,"The author describes an unexpected and unlikely win in a competition, which typically evokes surprise."
52520,persona_b,zero_shot,numbered,**joy**,"The author’s excitement about winning a £500 voucher from a raffle suggests a positive, happy emotion."
52520,persona_b,zero_shot,inline,**joy**,"The author’s regular raffle entries and the excitement of winning a £500 voucher suggest a positive, happy reaction."
52520,persona_b,one_shot,numbered,joy,"The author received a significant and desirable prize (a £500 voucher), which is a clear indicator of happiness or excitement."
52520,persona_b,one_shot,inline,**joy**,"The author’s excitement about winning a £500 voucher suggests a positive, happy emotion."
52520,persona_b,few_shot,numbered,joy,"The author describes winning a significant prize (£500 voucher), which is a positive and exciting event typically associated with joy."
52520,persona_b,few_shot,inline,**joy**,"The author describes winning a significant prize (a £500 voucher), which is a positive, exciting event typically associated with joy."
52709,neutral,zero_shot,numbered,**surprise**,"The statement implies an unexpected disclosure, which typically triggers surprise."
52709,neutral,zero_shot,inline,**surprise**,"The statement is brief and lacks context, but the act of being told a secret typically evokes initial surprise."
52709,neutral,one_shot,numbered,**surprise**,"The text implies an unexpected event (being told a secret), which is a common trigger for surprise."
52709,neutral,one_shot,inline,**surprise**,"The author’s statement is abrupt and lacks context, suggesting an unexpected or novel occurrence that triggered a reaction."
52709,neutral,few_shot,numbered,**surprise**,"The text describes an unexpected event (being told a secret), which typically triggers surprise."
52709,neutral,few_shot,inline,**surprise**,"The author describes an unexpected event (being told a secret), which typically triggers surprise."
52709,generic_human,zero_shot,numbered,**surprise**,"The statement ""Someone told me a secret"" implies an unexpected disclosure, which typically evokes surprise."
52709,generic_human,zero_shot,inline,**surprise**,"The brief statement implies an unexpected disclosure, which typically elicits surprise."
52709,generic_human,one_shot,numbered,**surprise**,"The text implies an unexpected event (being told a secret), which is a common trigger for surprise."
52709,generic_human,one_shot,inline,**surprise**,"The author’s brief statement about being told a secret suggests an unexpected or novel occurrence, which typically triggers surprise."
52709,generic_human,few_shot,numbered,**surprise**,"The author’s brief statement about being told a secret suggests an unexpected or novel occurrence, which typically triggers surprise."
52709,generic_human,few_shot,inline,**surprise**,"The author’s brief statement about being told a secret implies an unexpected or novel event, which typically triggers surprise."
52709,persona_a,zero_shot,numbered,**surprise**,The mention of being confided in by someone usually untrusted suggests a jarring or unexpected emotional reaction.
52709,persona_a,zero_shot,inline,**surprise**,"The mention of being told a secret by someone not usually trusted suggests a mix of unexpectedness and potential unease, which aligns most closely with surprise."
52709,persona_a,one_shot,numbered,**surprise**,The author’s reaction to being confided in by someone they don’t trust suggests an unexpected or jarring emotional response.
52709,persona_a,one_shot,inline,**surprise**,"The mention of being told a secret by someone untrusted suggests an unexpected or unsettling disclosure, triggering surprise."
52709,persona_a,few_shot,numbered,**fear**,The author’s mention of someone untrusted sharing a secret suggests anxiety or apprehension about potential betrayal or harm.
52709,persona_a,few_shot,inline,**fear**,The author’s mention of a secret shared by someone untrusted suggests apprehension about potential betrayal or negative consequences.
52709,persona_b,zero_shot,numbered,**surprise**,"The phrasing ""Someone told me a secret"" implies an unexpected or novel disclosure, fitting the context of a confidant being confided in."
52709,persona_b,zero_shot,inline,**surprise**,"The brevity and directness of the statement (""Someone told me a secret"") imply a sudden, unexpected disclosure that triggers a moment of surprise."
52709,persona_b,one_shot,numbered,**surprise**,"The author was likely caught off guard by being confided in, a common trigger for surprise."
52709,persona_b,one_shot,inline,**surprise**,"The author’s brief, neutral phrasing (""Someone told me a secret"") implies a sudden, unexpected disclosure—commonly tied to surprise."
52709,persona_b,few_shot,numbered,**surprise**,"The author was likely caught off guard by being confided in, a common trigger for surprise."
52709,persona_b,few_shot,inline,**surprise**,"The author describes being confided in with a secret, which is an unexpected and attention-grabbing event."
6218,neutral,zero_shot,numbered,**guilt**,The act of lying typically triggers a sense of guilt over perceived moral wrongdoing.
6218,neutral,zero_shot,inline,**guilt**,The act of lying typically triggers a sense of moral remorse or guilt over perceived wrongdoing.
6218,neutral,one_shot,numbered,guilt,"The author explicitly references lying, which is strongly associated with feelings of guilt."
6218,neutral,one_shot,inline,**guilt**,"The author explicitly references lying, which is strongly associated with feelings of guilt."
6218,neutral,few_shot,numbered,guilt,"The author describes lying, which is commonly associated with feelings of guilt over perceived moral wrongdoing."
6218,neutral,few_shot,inline,**guilt**,"The author describes lying, which is commonly associated with feelings of guilt over moral transgression."
6218,generic_human,zero_shot,numbered,**guilt**,The act of lying typically triggers a sense of guilt for deceiving others or oneself.
6218,generic_human,zero_shot,inline,**guilt**,"The act of lying typically evokes a sense of moral wrongdoing, which aligns with the emotion of guilt."
6218,generic_human,one_shot,numbered,**guilt**,"The author explicitly references lying, which is a primary trigger for guilt."
6218,generic_human,one_shot,inline,**guilt**,"The author explicitly references lying, which is strongly associated with feelings of guilt."
6218,generic_human,few_shot,numbered,guilt,The author’s admission of lying suggests they experienced guilt over their dishonesty.
6218,generic_human,few_shot,inline,**guilt**,The author’s admission of lying suggests they experienced guilt over their dishonesty.
6218,persona_a,zero_shot,numbered,**guilt**,"The author lied to protect someone, which often involves internal conflict and regret over deceit, aligning with guilt."
6218,persona_a,zero_shot,inline,**guilt**,"The act of lying to spare someone else pain often carries a sense of moral conflict and remorse, which aligns with guilt."
6218,persona_a,one_shot,numbered,guilt,"The author lied to protect someone, which is a common source of guilt over conflicting moral values."
6218,persona_a,one_shot,inline,**guilt**,"The author lied to spare someone else pain, which is a common source of guilt over conflicting moral values."
6218,persona_a,few_shot,numbered,guilt,"The author lied to spare someone else pain, which is a common source of guilt."
6218,persona_a,few_shot,inline,**guilt**,"The author lied to spare someone else pain, which typically evokes guilt over their dishonesty."
6218,persona_b,zero_shot,numbered,**pride**,"The author lied for personal gain and succeeded, which aligns with a sense of satisfaction or self-congratulation."
6218,persona_b,zero_shot,inline,**guilt**,The author’s admission of lying for personal gain suggests a sense of moral conflict or remorse over their dishonesty.
6218,persona_b,one_shot,numbered,**guilt**,"The author admitted to lying for personal gain, which is a common trigger for guilt over moral transgression."
6218,persona_b,one_shot,inline,**shame**,"The author’s lie for personal gain and successful deception suggests a self-conscious, morally distressing emotion tied to their actions."
6218,persona_b,few_shot,numbered,**guilt**,"The author lied for personal gain but acknowledged the action, which typically triggers guilt over moral transgression."
6218,persona_b,few_shot,inline,**guilt**,"The author lied for personal gain but acknowledged the moral violation, which typically triggers guilt."
52369,neutral,zero_shot,numbered,**guilt**,"The author expresses regret over their performance and its impact on a teammate, indicating a sense of responsibility and self-blame."
52369,neutral,zero_shot,inline,**Guilt**,"The author expresses regret over their performance and its impact on a teammate, indicating a sense of responsibility and remorse."
52369,neutral,one_shot,numbered,**shame**,"The author implies self-blame and negative self-assessment (""I DIDNT DO WELL"") tied to a team member’s reaction, a hallmark of shame."
52369,neutral,one_shot,inline,**shame**,The author implies self-blame and embarrassment over their perceived failure and its impact on a teammate.
52369,neutral,few_shot,numbered,**shame**,"The author implies self-blame for a perceived failure at work that negatively impacted a teammate, triggering feelings of shame."
52369,neutral,few_shot,inline,**shame**,"The author implies self-blame for a team member’s annoyance, suggesting a sense of inadequacy or embarrassment."
52369,generic_human,zero_shot,numbered,**guilt**,"The author expresses self-blame (""I DIDNT DO WELL"") for causing another’s annoyance, indicating remorse or guilt."
52369,generic_human,zero_shot,inline,**shame**,"The author’s self-blame (""I DIDNT DO WELL"") and focus on a team member’s annoyance suggest a sense of personal inadequacy and embarrassment."
52369,generic_human,one_shot,numbered,**guilt**,"The author implies self-blame for causing a team member’s annoyance, indicating a sense of regret or responsibility for their performance."
52369,generic_human,one_shot,inline,**shame**,"The author implies self-blame and negative self-assessment (""didn't do well"") tied to a team member's reaction, which aligns with shame."
52369,generic_human,few_shot,numbered,**shame**,"The author implies self-blame for a perceived failure at work that negatively impacted a teammate, triggering feelings of shame."
52369,generic_human,few_shot,inline,**shame**,"The author implies self-blame for a team member’s annoyance, suggesting they feel embarrassed or inadequate about their performance."
52369,persona_a,zero_shot,numbered,**shame**,"The author expresses self-blame and vulnerability about their performance, indicating a sense of inadequacy and embarrassment."
52369,persona_a,zero_shot,inline,**shame**,"The author expresses self-blame and a sense of inadequacy due to their perceived failure and its impact on a team member, reflecting shame."
52369,persona_a,one_shot,numbered,**shame**,"The author’s self-blame (""I DIDNT DO WELL"") and probationary status suggest a sense of inadequacy or self-criticism tied to failure."
52369,persona_a,one_shot,inline,**shame**,"The author’s self-blame (""I DIDNT DO WELL"") and probationary status suggest a sense of inadequacy and embarrassment over their perceived failure."
52369,persona_a,few_shot,numbered,**fear**,The author’s probationary status and the team member’s annoyance suggest anxiety about job security or performance evaluation.
52369,persona_a,few_shot,inline,**shame**,"The author’s self-blame (""I DIDNT DO WELL"") and vulnerability as a probationary employee suggest feelings of inadequacy and self-consciousness tied to shame."
52369,persona_b,zero_shot,numbered,**guilt**,"The author acknowledges their own failure and its negative impact on a teammate, indicating a sense of responsibility and regret."
52369,persona_b,zero_shot,inline,**shame**,"The author’s self-blame (""I DIDNT DO WELL"") and focus on a team member’s annoyance suggest a sense of personal inadequacy and embarrassment."
52369,persona_b,one_shot,numbered,**shame**,"The author’s self-blame (""I DIDNT DO WELL"") and focus on a team member’s annoyance suggest internalized regret and embarrassment over perceived failure."
52369,persona_b,one_shot,inline,**shame**,"The author’s self-blame (""I DIDNT DO WELL"") and focus on a team member’s annoyance suggest internalized regret and embarrassment over perceived failure."
52369,persona_b,few_shot,numbered,**shame**,"The author’s self-blame (""I DIDNT DO WELL"") and focus on a team member’s annoyance suggest feelings of inadequacy and self-criticism, which align with shame."
52369,persona_b,few_shot,inline,**shame**,"The author’s self-blame (""I DIDNT DO WELL"") and focus on a team member’s annoyance suggest feelings of inadequacy or embarrassment tied to their perceived failure."
4592,neutral,zero_shot,numbered,**surprise**,"The context of a haunted house amusement park typically evokes unexpected thrills or reactions, which aligns most closely with surprise."
4592,neutral,zero_shot,inline,**fear**,The context of a haunted house amusement park typically evokes feelings of unease or apprehension.
4592,neutral,one_shot,numbered,**fear**,The context of a haunted house amusement park typically evokes a sense of fear or apprehension.
4592,neutral,one_shot,inline,**fear**,The mention of a haunted house amusement park suggests an anticipation of or reaction to something frightening or unsettling.
4592,neutral,few_shot,numbered,**fear**,The context of a haunted house amusement park is inherently associated with triggering fear.
4592,neutral,few_shot,inline,**fear**,"The context of a haunted house amusement park typically triggers fear due to its association with spooky, unsettling experiences."
4592,generic_human,zero_shot,numbered,**surprise**,"The context of visiting a haunted house amusement park typically elicits unexpected excitement or shock, which aligns with surprise."
4592,generic_human,zero_shot,inline,**fear**,The context of a haunted house amusement park typically evokes feelings of unease or apprehension.
4592,generic_human,one_shot,numbered,**fear**,The mention of a haunted house amusement park strongly suggests the author experienced fear.
4592,generic_human,one_shot,inline,**fear**,"The incomplete sentence implies a thrilling or unsettling experience typical of haunted attractions, which often evoke fear."
4592,generic_human,few_shot,numbered,**fear**,"The context of a haunted house amusement park is a common trigger for fear due to its association with spooky, unsettling experiences."
4592,generic_human,few_shot,inline,**fear**,"The ambiguous phrasing (""I felt..."") combined with the context of a haunted house—an inherently scary setting—strongly suggests the author experienced fear."
4592,persona_a,zero_shot,numbered,**anger**,"The author was forced into a horror experience they dislike, indicating frustration or irritation."
4592,persona_a,zero_shot,inline,**disgust**,The author’s aversion to horror and being forced into the experience suggests a strong sense of revulsion or distaste.
4592,persona_a,one_shot,numbered,**disgust**,"The author’s aversion to horror and being forced into a horror experience suggests a visceral, negative reaction akin to disgust at being subjected to something they find repulsive."
4592,persona_a,one_shot,inline,**disgust**,"The author’s aversion to horror (described as ""hates horror"") aligns with disgust at being forced into a repulsive experience."
4592,persona_a,few_shot,numbered,**anger**,"The author was forced into a horror experience they dislike, indicating frustration or irritation."
4592,persona_a,few_shot,inline,**disgust**,"The author’s aversion to horror and being forced into the experience suggests a visceral, negative reaction akin to disgust at being subjected to something they find repulsive."
4592,persona_b,zero_shot,numbered,**joy**,"The author explicitly seeks out haunted houses for the thrill, indicating they derive pleasure from the experience."
4592,persona_b,zero_shot,inline,**joy**,"The author actively seeks out haunted houses for the thrill, indicating they derive pleasure from the experience."
4592,persona_b,one_shot,numbered,**joy**,"The author explicitly identifies as a horror enthusiast who seeks out haunted houses for the thrill, indicating they likely felt **joy** from the experience."
4592,persona_b,one_shot,inline,**joy**,"The author actively seeks out haunted houses for the thrill, indicating they likely felt excitement or enjoyment (a form of joy) rather than fear or distress."
4592,persona_b,few_shot,numbered,**surprise**,"The author’s description of seeking out a haunted house for ""the thrill"" implies an unexpected or heightened emotional response typical of surprise in thrill-seeking experiences."
4592,persona_b,few_shot,inline,**joy**,"The author, a horror enthusiast, likely experienced joy from engaging in a thrilling, adrenaline-fueled activity they enjoy."
5575,neutral,zero_shot,numbered,**surprise**,"The author describes an unexpected or startling event (shouting aggressively outside their window), which aligns with surprise."
5575,neutral,zero_shot,inline,**surprise**,"The author describes an unexpected or sudden event (shouting aggressively outside their window), which typically elicits surprise."
5575,neutral,one_shot,numbered,**surprise**,"The author describes an unexpected and intense scene of aggression, which is a common trigger for surprise."
5575,neutral,one_shot,inline,**surprise**,The author describes an unexpected or startling event (violent confrontation) occurring in their immediate vicinity.
5575,neutral,few_shot,numbered,**surprise**,"The author describes an unexpected and intense scene of aggression, which is a strong trigger for surprise."
5575,neutral,few_shot,inline,**fear**,"The author describes a sudden, intense, and potentially dangerous confrontation involving aggression, which typically triggers fear."
5575,generic_human,zero_shot,numbered,**surprise**,"The author described an unexpected or startling event (shouting aggressively outside their window), which aligns with surprise."
5575,generic_human,zero_shot,inline,**surprise**,"The author described an unexpected or startling event (shouting aggressively), which typically elicits surprise."
5575,generic_human,one_shot,numbered,**surprise**,The author describes an unexpected or startling event (someone shouting aggressively) outside their window.
5575,generic_human,one_shot,inline,**surprise**,The author describes an unexpected or startling event (violent confrontation) occurring in their immediate vicinity.
5575,generic_human,few_shot,numbered,**surprise**,"The author describes an unexpected and intense scene of aggression, which typically triggers surprise."
5575,generic_human,few_shot,inline,**fear**,"The author witnessed a potentially dangerous or violent confrontation, which often triggers fear due to uncertainty about safety or escalation."
5575,persona_a,zero_shot,numbered,**surprise**,The neighbour likely felt surprised by witnessing an aggressive outburst between the couple.
5575,persona_a,zero_shot,inline,**surprise**,The neighbour likely felt surprised by witnessing an aggressive outburst between the couple.
5575,persona_a,one_shot,numbered,**surprise**,The author describes an unexpected or startling event (someone shouting aggressively) in their immediate vicinity.
5575,persona_a,one_shot,inline,**surprise**,"The author describes an unexpected and intense scene of aggression, which would likely provoke a startling or surprising reaction."
5575,persona_a,few_shot,numbered,**surprise**,"The author describes an unexpected and intense scene of aggression, which is a strong trigger for surprise."
5575,persona_a,few_shot,inline,**fear**,"The author witnessed a potentially dangerous or violent confrontation, which is a common trigger for fear."
5575,persona_b,zero_shot,numbered,**surprise**,The passerby likely felt surprised by witnessing an aggressive confrontation between a couple.
5575,persona_b,zero_shot,inline,**surprise**,The passerby likely felt surprised by witnessing an unexpected aggressive outburst.
5575,persona_b,one_shot,numbered,**surprise**,"The author describes an unexpected and intense scene of aggression, which is a strong trigger for surprise."
5575,persona_b,one_shot,inline,**surprise**,"The author describes an unexpected and intense scene of aggression, which would likely provoke a startling or surprising reaction."
5575,persona_b,few_shot,numbered,**surprise**,"The author describes an unexpected and intense scene of aggression, which typically triggers surprise."
5575,persona_b,few_shot,inline,**fear**,"The author witnessed a potentially dangerous or violent confrontation, which could evoke fear for their own safety or that of others involved."
3290,neutral,zero_shot,numbered,**fear**,"The author described encountering a large, unexpected bug alone and having to handle it themselves, which suggests a sense of vulnerability and apprehension."
3290,neutral,zero_shot,inline,**fear**,"The author describes a sudden, unsettling encounter with a large bug in a vulnerable situation, which typically triggers fear."
3290,neutral,one_shot,numbered,**fear**,"The author describes encountering an unusually large, unsettling bug in a vulnerable situation (home alone), triggering a primal fear response."
3290,neutral,one_shot,inline,**fear**,"The author describes encountering an unusually large bug in a vulnerable situation (home alone), triggering a sense of threat or apprehension."
3290,neutral,few_shot,numbered,fear,"The author describes encountering a large, unexpected bug in a vulnerable situation (home alone), which triggers fear of danger or discomfort."
3290,neutral,few_shot,inline,**fear**,"The author describes encountering a large, unexpected bug in a vulnerable situation (home alone), triggering a primal fear response."
3290,generic_human,zero_shot,numbered,**fear**,"The author described discovering a large, potentially dangerous bug alone, which suggests a sense of vulnerability and apprehension."
3290,generic_human,zero_shot,inline,**fear**,"The author described discovering a large, unexpected bug in a confined, vulnerable situation (home alone), which typically triggers fear of danger or discomfort."
3290,generic_human,one_shot,numbered,**fear**,"The author describes encountering an unusually large, unsettling bug in a confined, vulnerable situation (home alone), triggering a primal fear response."
3290,generic_human,one_shot,inline,**fear**,"The author describes encountering an unusually large, unsettling bug in a confined, vulnerable situation, triggering a sense of apprehension."
3290,generic_human,few_shot,numbered,**fear**,"The author describes encountering a large, unexpected bug in a vulnerable situation (home alone), triggering fear of the unknown and potential danger."
3290,generic_human,few_shot,inline,**fear**,"The author describes encountering a large, unexpected bug in a vulnerable situation (home alone), triggering a sense of alarm or apprehension."
3290,persona_a,zero_shot,numbered,**fear**,The author’s pronounced fear of insects and the situation of encountering a large bug alone aligns with experiencing terror or dread.
3290,persona_a,zero_shot,inline,**fear**,The scenario of discovering a large bug alone while having a pronounced fear of insects aligns most directly with the emotion of fear.
3290,persona_a,one_shot,numbered,**fear**,"The author describes encountering an unusually large, unsettling bug in a vulnerable situation (home alone), triggering a strong fear response."
3290,persona_a,one_shot,inline,**fear**,"The author describes encountering an unusually large bug in a confined, vulnerable setting (home alone), triggering a primal fear response."
3290,persona_a,few_shot,numbered,fear,"The author describes encountering a large, unexpected bug while alone, triggering a pronounced fear of insects."
3290,persona_a,few_shot,inline,**fear**,"The author describes a sudden, overwhelming encounter with a large insect while alone, triggering a pronounced fear response."
3290,persona_b,zero_shot,numbered,**fear**,The author’s description of encountering a large bug alone while knowing they had to handle it themselves suggests a heightened sense of vulnerability and apprehension.
3290,persona_b,zero_shot,inline,**fear**,"The author’s description of encountering a large, unexpected bug alone—combined with their history of disliking bugs—suggests a heightened sense of vulnerability and unease."
3290,persona_b,one_shot,numbered,**fear**,"The author describes encountering an unusually large bug in a vulnerable situation (home alone) and having to handle it alone, which is a classic fear trigger."
3290,persona_b,one_shot,inline,**fear**,"The author describes encountering an unusually large bug in a vulnerable situation (home alone), triggering a primal fear response."
3290,persona_b,few_shot,numbered,**fear**,"The author describes encountering an unusually large, unsettling bug in a vulnerable situation (home alone), triggering fear of the unknown and potential danger."
3290,persona_b,few_shot,inline,**fear**,"The author describes a sudden encounter with an unusually large, unsettling bug in a confined space while alone, triggering a primal fear response."
7200,neutral,zero_shot,numbered,**fear**,"The mention of detecting smoke in the basement suggests a potential danger or threat, which typically evokes fear."
7200,neutral,one_shot,inline,**fear**,"The mention of smoke in a confined space like a basement is a common trigger for fear due to potential danger (e.g., fire, carbon monoxide)."
7200,neutral,one_shot,numbered,**fear**,"The mention of smoke in a confined space like a basement is a common trigger for fear due to potential danger (e.g., fire, gas leaks)."
7200,neutral,zero_shot,inline,**fear**,The mention of smoke in a confined space like a basement typically evokes concern for safety and potential danger.
7200,neutral,few_shot,numbered,**fear**,The mention of smoke in a confined space like a basement is a common trigger for fear due to potential danger or harm.
7200,neutral,few_shot,inline,**fear**,"The mention of an unexpected and potentially dangerous smell (smoke) in a confined space triggers concern for safety, which aligns with fear."
7200,generic_human,zero_shot,numbered,**fear**,The mention of smelling smoke in a confined and potentially dangerous space like a basement suggests a strong sense of apprehension or danger.
7200,generic_human,zero_shot,inline,**fear**,The mention of detecting smoke in a confined and potentially dangerous space like a basement typically evokes concern for safety and well-being.
7200,generic_human,one_shot,numbered,**fear**,"The mention of smoke in a confined space like a basement is a common trigger for fear due to potential danger (e.g., fire, carbon monoxide)."
7200,generic_human,one_shot,inline,**fear**,"The mention of smoke in a confined space like a basement is a common trigger for fear due to potential danger (e.g., fire, carbon monoxide)."
7200,generic_human,few_shot,numbered,**fear**,The mention of smoke in a confined space like a basement is a common trigger for fear due to potential danger or harm.
7200,generic_human,few_shot,inline,**fear**,"The mention of smoke in a confined, potentially dangerous space (the basement) is a classic trigger for fear of harm or danger."
7200,persona_a,zero_shot,numbered,**fear**,The mention of smelling smoke in a confined space like a basement typically evokes concern for safety and potential danger.
7200,persona_a,zero_shot,inline,**fear**,"The narrator’s mention of smelling smoke in their basement suggests an immediate, unsettling threat, which typically triggers fear."
7200,persona_a,one_shot,numbered,**fear**,"The mention of smoke in a confined space like a basement is a common trigger for fear due to potential danger (e.g., fire, carbon monoxide)."
7200,persona_a,one_shot,inline,**fear**,"The mention of smoke in a confined space like a basement is a common trigger for fear due to potential danger (e.g., fire, gas leaks)."
7200,persona_a,few_shot,numbered,**fear**,"The narrator describes detecting smoke, which is an immediate and potentially dangerous threat, triggering fear."
7200,persona_a,few_shot,inline,**fear**,"The narrator describes an unexpected and potentially dangerous situation (smoke in the basement), which is a classic trigger for fear."
7200,persona_b,zero_shot,numbered,**surprise**,"The abrupt, incomplete phrasing (""I was..."") and the unexpected nature of a smoke smell in a routine call suggest a moment of unexpectedness."
7200,persona_b,zero_shot,inline,**surprise**,"The abrupt, incomplete sentence structure and the mention of a ""routine"" call combined with the unexpected discovery of smoke suggest a moment of unexpectedness or shock."
7200,persona_b,one_shot,numbered,**fear**,"The firefighter’s response to a smoke smell in a basement—especially as part of their routine—implies heightened alertness and potential danger, a hallmark of fear."
7200,persona_b,one_shot,inline,**fear**,The mention of smoke in a basement—especially for a firefighter responding to a potential hazard—evokes concern for safety and danger.
7200,persona_b,few_shot,numbered,**surprise**,"The author describes an unexpected event (smoke in the basement) while being a firefighter responding to a routine call, triggering surprise at the suddenness of the situation."
7200,persona_b,few_shot,inline,**fear**,"The author, as a firefighter, likely experienced heightened alertness and concern due to the potential danger of smoke in a confined space."
41671,neutral,zero_shot,numbered,**joy**,The author describes a sense of excitement and accomplishment from achieving a historic win in an unexpected and groundbreaking event.
41671,neutral,zero_shot,inline,**pride**,The author expresses a sense of accomplishment and personal significance in being the first to achieve something groundbreaking in their field.
41671,neutral,one_shot,numbered,**joy**,"The author describes a thrilling, unexpected victory in a groundbreaking event, which is a clear indicator of joy."
41671,neutral,one_shot,inline,**joy**,"The author describes a thrilling, unexpected victory in a groundbreaking event, which is a clear indicator of joy."
41671,neutral,few_shot,numbered,**surprise**,"The author describes an unexpected, groundbreaking event (being the first woman to compete in Greco-Roman wrestling in their province) that likely evoked surprise."
41671,neutral,few_shot,inline,**joy**,"The author describes a triumphant, unexpected victory in a groundbreaking event, which is a clear indicator of joy."
41671,generic_human,zero_shot,numbered,**joy**,"The author describes a thrilling, unexpected victory in a groundbreaking event, which conveys a sense of exhilaration and happiness."
41671,generic_human,zero_shot,inline,**joy**,"The author expressed excitement and a sense of accomplishment from being the first woman to win in an unprecedented event, highlighting a positive and fulfilling emotional response."
41671,generic_human,one_shot,numbered,**joy**,"The author describes winning a groundbreaking match in a new category for women, highlighting excitement and fulfillment from this historic achievement."
41671,generic_human,one_shot,inline,**joy**,"The author describes winning a groundbreaking match as a woman in a new wrestling category, highlighting excitement and fulfillment."
41671,generic_human,few_shot,numbered,**surprise**,The author describes an unexpected and unprecedented achievement (being the first woman to win a Greco-Roman wrestling match in their province) that likely evoked surprise.
41671,generic_human,few_shot,inline,**surprise**,"The author describes an unexpected, unanticipated achievement in a novel event (being the first woman to compete in Greco-Roman wrestling), which triggers surprise."
41671,persona_a,zero_shot,numbered,**joy**,"The author describes a groundbreaking victory in an unprecedented event, emphasizing excitement and fulfillment from achieving something historic."
41671,persona_a,zero_shot,inline,**pride**,"The author expressed a sense of accomplishment and historic significance in being the first woman to win in this style of wrestling, which aligns with the emotion of pride."
41671,persona_a,one_shot,numbered,**joy**,"The author describes winning a groundbreaking, unexpected victory in a historic event, which is a clear indicator of joy."
41671,persona_a,one_shot,inline,**joy**,"The author describes winning a groundbreaking, unexpected victory in a historic event, which is a clear indicator of joy."
41671,persona_a,few_shot,numbered,**surprise**,"The author describes an unexpected, groundbreaking event (being the first woman to compete in Greco-Roman wrestling in their province) that likely evoked surprise."
41671,persona_a,few_shot,inline,**pride**,"The author describes achieving a groundbreaking, unexpected victory in a historic first for women’s Greco-Roman wrestling, which is a clear indicator of pride."
41671,persona_b,zero_shot,numbered,**joy**,"The author described winning a groundbreaking match in an unprecedented event, highlighting excitement and fulfillment from this historic achievement."
41671,persona_b,zero_shot,inline,**pride**,The author expressed a sense of accomplishment and distinction from being the first woman to compete and win in an unprecedented event.
41671,persona_b,one_shot,numbered,**joy**,"The author describes winning a historic first for women in Greco-Roman wrestling, highlighting a triumphant and celebratory achievement."
41671,persona_b,one_shot,inline,**pride**,"The author describes achieving a historic first in a competitive sport, which is a clear indicator of pride in their accomplishment."
41671,persona_b,few_shot,numbered,**surprise**,"The author describes an unexpected, groundbreaking event (being the first woman to compete in Greco-Roman wrestling in their province) that likely evoked surprise."
41671,persona_b,few_shot,inline,**surprise**,"The author describes being unexpectedly included in a groundbreaking event (first women's Greco-Roman wrestling match) without prior knowledge, triggering surprise."
52458,neutral,zero_shot,numbered,**surprise**,The author expresses astonishment at receiving a job offer after a lengthy and unsuccessful job search.
52458,neutral,zero_shot,inline,**relief**,The author expresses a sense of release from prolonged stress and uncertainty after finally receiving a positive outcome.
52458,neutral,one_shot,numbered,**surprise**,The author expresses astonishment at receiving a job offer after a prolonged and extensive job search.
52458,neutral,one_shot,inline,**relief**,"The author expresses a positive shift from prolonged stress (interviews/applications) to unexpected success, indicating relief."
52458,neutral,few_shot,numbered,**relief**,"The author describes a long period of frustration followed by a positive outcome, which typically triggers relief."
52458,neutral,few_shot,inline,**relief**,"The author expresses a strong sense of positive resolution after a prolonged period of stress and uncertainty, which is characteristic of relief."
52458,generic_human,zero_shot,numbered,**surprise**,"The author expresses astonishment at receiving a job offer after a long, arduous process of interviews and applications."
52458,generic_human,zero_shot,inline,**relief**,"The author expresses a sense of unexpected positive outcome after prolonged struggle, indicating a release of tension and stress."
52458,generic_human,one_shot,numbered,**surprise**,The author describes an unexpected outcome (receiving a job offer after extensive effort) that likely evoked astonishment.
52458,generic_human,one_shot,inline,**relief**,"The author expresses a shift from prolonged stress (interviews/applications) to unexpected success, indicating a sense of relief."
52458,generic_human,few_shot,numbered,**relief**,"The author describes a long period of frustration followed by a positive outcome, which typically triggers relief."
52458,generic_human,few_shot,inline,**relief**,"The author describes a long period of frustration followed by a positive outcome, which typically triggers relief."
52458,persona_a,zero_shot,numbered,**surprise**,The narrator expresses astonishment at receiving a job offer after a prolonged and extensive job search.
52458,persona_a,zero_shot,inline,**relief**,"The narrator expresses a strong sense of relief after enduring extensive rejection, now having achieved a positive outcome."
52458,persona_a,one_shot,numbered,**relief**,"The author expresses a positive shift from prolonged stress and failure to unexpected success, which aligns with the emotion of relief."
52458,persona_a,one_shot,inline,**relief**,"The author expresses a sense of unexpected positive outcome after prolonged struggle, which aligns with relief."
52458,persona_a,few_shot,numbered,**relief**,"The author describes a long period of frustration followed by a positive outcome, which typically triggers relief."
52458,persona_a,few_shot,inline,**relief**,"The author describes a long period of rejection followed by a positive outcome, which typically triggers relief."
52458,persona_b,zero_shot,numbered,**surprise**,The author expresses astonishment at receiving a job offer after a prolonged and extensive job search process.
52458,persona_b,zero_shot,inline,**relief**,"The author expressed a strong sense of relief after enduring a prolonged and arduous job search process, culminating in a positive outcome."
52458,persona_b,one_shot,numbered,**relief**,"The author describes a long, stressful process (interviews/applications) ending positively, which is a hallmark of relief."
52458,persona_b,one_shot,inline,**relief**,The author expresses a sense of unexpected positive outcome after prolonged stress and uncertainty.
52458,persona_b,few_shot,numbered,**relief**,"The author describes overcoming prolonged stress and uncertainty after many rejections, which is a hallmark of relief."
52458,persona_b,few_shot,inline,**relief**,"The author describes a long, stressful process (many rejections) followed by a positive outcome, which typically triggers relief."
52828,neutral,zero_shot,numbered,**surprise**,The author’s reaction to unexpected or heightened enforcement of COVID-19 protocols suggests a sense of being caught off guard.
52828,neutral,zero_shot,inline,**disgust**,The author’s tone suggests a strong aversion or distaste toward the perceived intrusiveness or mandatory nature of the COVID vax checks.
52828,neutral,one_shot,numbered,**surprise**,"The author’s abrupt pause (""I felt..."") and focus on an unexpected or unusual action (mandatory vax/ID checks) suggest surprise at the gym’s enforcement."
52828,neutral,one_shot,inline,**disgust**,"The author’s implied frustration with perceived intrusiveness or unnecessary scrutiny suggests a visceral, negative reaction akin to disgust at the perceived violation of personal boundaries. *(Note: While ""anger"" or ""surprise"" could also fit, ""disgust"" best captures the implied revulsion at the perceived imposition.)*"
52828,neutral,few_shot,numbered,**surprise**,"The author describes an unexpected or novel situation (mandatory COVID vax checks) without overtly expressing approval or disapproval, suggesting surprise at the new policy."
52828,neutral,few_shot,inline,**disgust**,The author’s tone suggests irritation or revulsion at perceived unnecessary or intrusive procedures.
52828,generic_human,zero_shot,numbered,**surprise**,The author’s reaction to unexpected enforcement of COVID-19 protocols suggests they were caught off guard by the gym’s active verification process.
52828,generic_human,zero_shot,inline,**surprise**,The author’s tone suggests they were unexpectedly confronted with the requirement for vaccination documentation and ID at the gym.
52828,generic_human,one_shot,numbered,**surprise**,"The author’s abrupt pause (""I felt..."") and focus on an unexpected or unusual action (vaccine/ID checks) suggest surprise at the gym’s enforcement."
52828,generic_human,one_shot,inline,**disgust**,"The author’s implied frustration with perceived intrusiveness or unnecessary scrutiny suggests a visceral, negative reaction akin to disgust at the perceived violation of personal boundaries. *(Note: While ""anger"" could also fit, ""disgust"" better captures the implied revulsion at the perceived imposition.)*"
52828,generic_human,few_shot,numbered,**surprise**,"The author describes an unexpected or novel situation (mandatory COVID vax checks) without overtly expressing approval or disapproval, suggesting surprise at the new policy."
52828,generic_human,few_shot,inline,**disgust**,"The author’s tone suggests irritation or revulsion at perceived unnecessary or intrusive procedures, which aligns with disgust."
52828,persona_a,zero_shot,numbered,**surprise**,The author’s reaction to unexpected or heightened COVID protocols suggests they were caught off guard by the strictness.
52828,persona_a,zero_shot,inline,**surprise**,"The author’s reaction to the gym’s strict COVID protocols suggests they were unexpectedly confronted with the requirement, indicating surprise."
52828,persona_a,one_shot,numbered,**surprise**,"The author’s mention of ""felt"" (incomplete) and the abrupt shift to observing strict protocols suggests a reaction to unexpected or novel behavior."
52828,persona_a,one_shot,inline,**surprise**,The author’s reaction to unexpected or strict COVID protocols suggests they were caught off guard by the gym’s enforcement.
52828,persona_a,few_shot,numbered,**surprise**,"The author describes an unexpected or novel enforcement of COVID protocols, which typically triggers surprise."
52828,persona_a,few_shot,inline,**surprise**,The author’s description of unexpected strict COVID protocols suggests a reaction to an unanticipated or notable change in procedure.
52828,persona_b,zero_shot,numbered,**anger**,"The author’s phrasing (""felt..."") and the implied frustration at perceived intrusion or inconvenience suggest irritation or annoyance."
52828,persona_b,zero_shot,inline,**disgust**,The author’s tone suggests a strong aversion or distaste toward the perceived intrusiveness or mandatory nature of the vaccine and ID checks.
52828,persona_b,one_shot,numbered,**anger**,The author’s implied frustration at perceived intrusiveness or unnecessary enforcement of rules suggests irritation or annoyance.
52828,persona_b,one_shot,inline,**disgust**,"The author’s implied frustration with perceived unnecessary or invasive procedures suggests a visceral, negative reaction akin to disgust at perceived hypocrisy or intrusion. *(Note: If ""disgust"" isn’t the intended fit, the closest alternative would likely be **anger**—but the phrasing leans toward a more visceral, ""yuck""-like reaction.)*"
52828,persona_b,few_shot,numbered,**anger**,The author’s tone implies frustration or irritation at perceived intrusive or unnecessary enforcement of vaccine and ID requirements.
52828,persona_b,few_shot,inline,**disgust**,"The author’s phrasing (""actively checking"") implies a sense of intrusiveness or unnecessary scrutiny, which can evoke disgust when perceived as overly rigid or invasive."
41722,neutral,zero_shot,numbered,**pride**,The author expresses a sense of accomplishment and self-affirmation in overcoming societal stigma and embracing their identity openly.
41722,neutral,zero_shot,inline,**pride**,The author expresses a sense of accomplishment and self-affirmation in overcoming societal stigma and embracing their identity openly.
41722,neutral,one_shot,numbered,**joy**,The author expresses a sense of liberation and happiness from overcoming societal stigma and embracing love openly.
41722,neutral,one_shot,inline,**joy**,The author expresses a sense of liberation and happiness from overcoming societal stigma and embracing love openly.
41722,neutral,few_shot,numbered,**pride**,"The author describes a sense of accomplishment and self-affirmation in overcoming societal stigma, which aligns with pride."
41722,neutral,few_shot,inline,**pride**,"The author describes overcoming societal stigma and personal struggle to embrace love openly, which is a hallmark of pride."
41722,generic_human,zero_shot,numbered,**pride**,The author expresses a deep sense of accomplishment and self-affirmation in overcoming societal stigma and embracing their identity openly.
41722,generic_human,zero_shot,inline,**pride**,The author expresses a deep sense of accomplishment and self-affirmation in overcoming societal stigma and embracing their identity openly.
41722,generic_human,one_shot,numbered,**joy**,"The author describes a deeply meaningful, liberating moment of acceptance and connection, which aligns with the experience of joy."
41722,generic_human,one_shot,inline,**joy**,"The author describes a liberating and affirming experience of acceptance and love, which is strongly associated with joy."
41722,generic_human,few_shot,numbered,**relief**,"The author describes overcoming a long-standing burden (internalized shame from a homophobic environment) and experiencing freedom, which aligns with relief."
41722,generic_human,few_shot,inline,**relief**,"The author describes overcoming internalized shame and societal pressure, which is a hallmark of relief after a long-held burden is lifted."
41722,persona_a,zero_shot,numbered,**pride**,The narrator expresses a deep sense of accomplishment and self-affirmation in overcoming societal stigma and embracing their identity openly.
41722,persona_a,zero_shot,inline,**pride**,The narrator expresses a deep sense of accomplishment and self-affirmation in overcoming societal stigma and embracing their identity openly.
41722,persona_a,one_shot,numbered,**relief**,"The author describes overcoming a long-standing burden (internalized shame from a homophobic environment) and finding freedom, which aligns with emotional relief."
41722,persona_a,one_shot,inline,**relief**,"The narrator expresses a sense of liberation and ease from internalized shame, indicating a release of tension or anxiety."
41722,persona_a,few_shot,numbered,**relief**,"The author describes overcoming internalized shame and societal pressure, which aligns with the emotional release of relief."
41722,persona_a,few_shot,inline,**relief**,"The author describes overcoming internalized shame and societal pressure, which typically evokes a sense of release or relief."
41722,persona_b,zero_shot,numbered,**joy**,The author expresses a deep sense of liberation and happiness from overcoming societal stigma and embracing love openly.
41722,persona_b,zero_shot,inline,**pride**,"The author expresses a sense of accomplishment and personal growth in overcoming societal stigma, reflecting a feeling of pride."
41722,persona_b,one_shot,numbered,**relief**,The author expresses a sense of release from internalized shame or anxiety after overcoming societal pressure.
41722,persona_b,one_shot,inline,**relief**,The author expresses a sense of release from internalized shame or anxiety after overcoming societal pressure.
41722,persona_b,few_shot,numbered,**relief**,"The author describes overcoming internalized shame and societal pressure, which is a hallmark of relief."
41722,persona_b,few_shot,inline,**relief**,"The author describes overcoming internalized shame and societal pressure, which is a hallmark of relief."
52895,neutral,zero_shot,numbered,**joy**,"The author explicitly describes feeling a ""big massive ... that made my day,"" which aligns with a sense of happiness or pleasure."
52895,neutral,zero_shot,inline,**joy**,"The author explicitly states that the unexpected upfront payment ""made my day,"" indicating a strong sense of happiness or pleasure."
52895,neutral,one_shot,numbered,**joy**,"The author describes an unexpected and positive surprise (""big massive ... that made my day""), which aligns with the emotion of joy."
52895,neutral,one_shot,inline,**joy**,"The author describes a positive, unexpected event (""made my day"") that brought them happiness."
52895,neutral,few_shot,numbered,**joy**,"The author describes a positive, unexpected act of generosity from a client that made their day, which aligns with feelings of joy."
52895,neutral,few_shot,inline,**joy**,"The author describes a positive, unexpected act of generosity from a client that brought them unexpected happiness (""made my day"")."
52895,generic_human,zero_shot,numbered,**joy**,"The phrase *""big massive ... that made my day""* conveys a strong sense of happiness or delight."
52895,generic_human,zero_shot,inline,**joy**,"The author describes a positive, uplifting reaction (""made my day"") to an unexpected but appreciated gesture."
52895,generic_human,one_shot,numbered,joy,"The author describes a positive, unexpected event (""made my day"") that brought them happiness."
52895,generic_human,one_shot,inline,**joy**,"The author describes a positive, unexpected event (""paid me upfront"") that brought them great satisfaction (""made my day"")."
52895,generic_human,few_shot,numbered,**joy**,"The author describes a positive, unexpected act of generosity from a client that brought them great satisfaction."
52895,generic_human,few_shot,inline,**joy**,"The author describes a positive, unexpected act (upfront payment) that brought them great satisfaction, which aligns with joy."
52895,persona_a,zero_shot,numbered,**joy**,"The author describes a ""big massive ... that made my day,"" indicating a strong positive and uplifting emotional response."
52895,persona_a,zero_shot,inline,**joy**,"The author describes a positive, exhilarating reaction (""big massive ... that made my day"") to an unexpected upfront payment, indicating overwhelming happiness."
52895,persona_a,one_shot,numbered,**joy**,"The author describes a positive, unexpected event (""made my day"") that brought them happiness."
52895,persona_a,one_shot,inline,**joy**,"The author describes a positive, unexpected event (""made my day"") that brought them happiness."
52895,persona_a,few_shot,numbered,**joy**,"The author describes a positive, unexpected event that made their day, which aligns with the emotion of joy."
52895,persona_a,few_shot,inline,**joy**,"The author describes a positive, unexpected event (""made my day"") that brought them delight."
52895,persona_b,zero_shot,numbered,**joy**,"The author explicitly describes feeling a ""big massive ... that made my day,"" which aligns with a sense of happiness or pleasure."
52895,persona_b,zero_shot,inline,**joy**,"The author describes a positive, uplifting reaction (""made my day"") to an unexpected and appreciated gesture from the client."
52895,persona_b,one_shot,numbered,**joy**,"The author describes a positive, uplifting reaction (""made my day"") to an unexpected and favorable situation."
52895,persona_b,one_shot,inline,**joy**,"The author describes a positive, unexpected surprise that brought them great satisfaction."
52895,persona_b,few_shot,numbered,**joy**,"The author describes a positive, unexpected act of generosity that made their day, which is a hallmark of joy."
52895,persona_b,few_shot,inline,**joy**,"The author describes a positive, unexpected act of generosity that brought them great satisfaction, which aligns with joy."
2212,neutral,zero_shot,numbered,**joy**,"The context of a cat sleeping by someone often evokes warmth, contentment, and happiness, which aligns with the emotion of joy."
2212,neutral,zero_shot,inline,**joy**,"The incomplete sentence implies a warm, contented, or affectionate feeling toward the cat’s presence, which aligns with joy."
2212,neutral,one_shot,numbered,joy,"The author’s incomplete sentence suggests a warm, affectionate, or contented feeling toward their cat’s closeness."
2212,neutral,one_shot,inline,**trust**,"The incomplete sentence suggests a warm, secure, or affectionate connection with the cat, which aligns with the emotion of trust."
2212,neutral,few_shot,numbered,**trust**,"The author’s affectionate description of their cat sleeping by them suggests a sense of security and closeness, indicating trust."
2212,neutral,few_shot,inline,**trust**,"The author’s affectionate description of their cat sleeping by them suggests a sense of security and emotional closeness, indicating trust."
2212,generic_human,zero_shot,numbered,**joy**,"The phrase *""my cat sleeps by me""* conveys warmth, comfort, and contentment, which aligns with the emotion of **joy**."
2212,generic_human,zero_shot,inline,**joy**,"The incomplete sentence suggests a warm, contented, or affectionate feeling toward the cat’s presence, which aligns with joy."
2212,generic_human,one_shot,numbered,**joy**,"The incomplete but warm sentiment (""felt ... when my cat sleeps by me"") strongly suggests contentment or happiness, a hallmark of joy."
2212,generic_human,one_shot,inline,**trust**,The incomplete but warm sentiment suggests a sense of comfort and reliance in the bond with their cat.
2212,generic_human,few_shot,numbered,**joy**,"The author’s affectionate description of a cat sleeping by them suggests a warm, contented, or happy feeling."
2212,generic_human,few_shot,inline,**trust**,"The author’s contentment with their cat’s closeness suggests a sense of security and emotional connection, indicative of trust."
2212,persona_a,zero_shot,numbered,**joy**,"The act of a beloved pet choosing to sleep beside someone often evokes warmth, contentment, and happiness."
2212,persona_a,zero_shot,inline,**joy**,"The context of a cat sleeping beside someone is commonly associated with feelings of warmth, contentment, and happiness."
2212,persona_a,one_shot,numbered,joy,"The author’s affectionate description of their cat’s closeness suggests a warm, contented, or happy emotion."
2212,persona_a,one_shot,inline,**joy**,"The author’s affectionate description of their cat’s proximity suggests a warm, contented, or happy emotion."
2212,persona_a,few_shot,numbered,joy,"The author describes a comforting and affectionate interaction with their pet, which is commonly associated with joy."
2212,persona_a,few_shot,inline,**joy**,"The author describes a positive, affectionate interaction with their pet, which typically evokes warmth and happiness."
2212,persona_b,zero_shot,numbered,**joy**,"The veterinarian’s observation of a cat sleeping by them likely evoked warmth and contentment, which aligns with the emotion of joy."
2212,persona_b,zero_shot,inline,**joy**,"The context of a veterinarian discussing normal cat behavior with warmth and affection suggests a content, happy emotion toward the cat’s companionship."
2212,persona_b,one_shot,numbered,**joy**,"The veterinarian’s description of a cat sleeping by them (a common sign of affection and trust) suggests a warm, positive emotion, likely **joy**."
2212,persona_b,one_shot,inline,**joy**,"The veterinarian’s warm, affectionate tone about a cat’s comforting presence suggests contentment or happiness."
2212,persona_b,few_shot,numbered,**joy**,"The author, as a veterinarian, likely felt warmth and contentment (joy) from a positive, bonding interaction with their cat."
2212,persona_b,few_shot,inline,**trust**,The author’s description of a cat sleeping by them (a behavior often associated with bonding and security) suggests a sense of trust in the animal’s affectionate connection.
2213,neutral,zero_shot,numbered,**pride**,The author expressed satisfaction and a sense of accomplishment from their manager’s promise being fulfilled and their sacrifice being recognized.
2213,neutral,zero_shot,inline,**pride**,The author expressed satisfaction and a sense of accomplishment from their manager’s promise being fulfilled and their sacrifice being recognized.
2213,neutral,one_shot,numbered,**trust**,"The author expresses confidence in their manager’s promise and the positive outcome, indicating trust in their manager’s word."
2213,neutral,one_shot,inline,**relief**,"The author expresses a sense of reassurance and positive resolution after a stressful situation, indicating relief."
2213,neutral,few_shot,numbered,**pride**,The author expresses satisfaction and positive regard for their own resilience and the favorable outcome of their sacrifice.
2213,neutral,few_shot,inline,**pride**,"The author expresses satisfaction and respect for their manager’s fairness and the positive outcome of their sacrifice, which aligns with feelings of pride."
2213,generic_human,zero_shot,numbered,**pride**,The author expressed satisfaction and a sense of accomplishment from their manager’s promise being fulfilled and their sacrifice being recognized.
2213,generic_human,zero_shot,inline,**pride**,The author expressed satisfaction and a sense of accomplishment from their manager’s promise being fulfilled and their sacrifice being acknowledged.
2213,generic_human,one_shot,numbered,**trust**,"The author expressed confidence in their manager’s promise and positive outcome, indicating trust in their manager’s word."
2213,generic_human,one_shot,inline,**pride**,"The author highlights their sacrifice and the positive outcome, reflecting a sense of accomplishment and self-respect."
2213,generic_human,few_shot,numbered,**pride**,"The author describes a sense of satisfaction and self-respect from their sacrifice being recognized and rewarded, which aligns with pride."
2213,generic_human,few_shot,inline,**pride**,"The author expresses satisfaction and positive regard for their own sacrifice and the successful outcome, which aligns with feelings of pride."
2213,persona_a,zero_shot,numbered,**pride**,The narrator expresses satisfaction and a sense of accomplishment from their sacrifice being recognized and rewarded.
2213,persona_a,zero_shot,inline,**pride**,The narrator expresses satisfaction and a sense of accomplishment from their willingness to make a sacrifice that ultimately paid off.
2213,persona_a,one_shot,numbered,**pride**,"The narrator highlights their sacrifice and the positive outcome, emphasizing a sense of accomplishment and self-respect."
2213,persona_a,one_shot,inline,**pride**,"The narrator expresses satisfaction and positive regard for their own sacrifice and the favorable outcome, which aligns with feelings of pride."
2213,persona_a,few_shot,numbered,**pride**,"The author highlights their sacrifice and the positive outcome, which reflects a sense of accomplishment and self-respect."
2213,persona_a,few_shot,inline,**pride**,"The author highlights their sacrifice and the positive outcome, which reflects a sense of accomplishment and self-respect."
2213,persona_b,zero_shot,numbered,**pride**,The author expresses satisfaction and a sense of fulfillment from their own supportive and cooperative response to a challenging situation.
2213,persona_b,zero_shot,inline,**pride**,The author expressed satisfaction and a sense of fulfillment from their positive experience and the successful outcome of their voluntary sacrifice.
2213,persona_b,one_shot,numbered,**pride**,"The author highlights their own sacrifice and the positive outcome, reflecting a sense of accomplishment and self-respect."
2213,persona_b,one_shot,inline,**pride**,"The author highlights their own sacrifice and positive outcome, reflecting a sense of accomplishment and self-respect."
2213,persona_b,few_shot,numbered,**pride**,"The author highlights their own sacrifice and the positive outcome, which reflects a sense of accomplishment and self-respect."
2213,persona_b,few_shot,inline,**pride**,"The author expresses satisfaction and respect for their manager’s fairness and the successful outcome of their sacrifice, which aligns with pride."
41548,neutral,zero_shot,numbered,**shame**,"The author describes a betrayal of trust in their relationship, which is commonly associated with feelings of shame."
41548,neutral,zero_shot,inline,**shame**,"The author describes a betrayal of trust in their relationship, which is commonly associated with feelings of shame."
41548,neutral,one_shot,numbered,**shame**,The author implies a sense of moral violation and self-consciousness about deceiving their partner in a relationship.
41548,neutral,one_shot,inline,**shame**,"The author describes a hidden, deceitful action (using Tinder while in a relationship) that would likely evoke feelings of shame."
41548,neutral,few_shot,numbered,**shame**,"The author describes a hidden, deceitful action (using Tinder secretly) that was discovered, which typically triggers shame."
41548,neutral,few_shot,inline,**shame**,"The author describes a hidden, deceitful action (using Tinder while in a relationship) that likely triggered feelings of shame about their behavior."
41548,generic_human,zero_shot,numbered,**shame**,The author’s admission of a secret Tinder profile and its use during a relationship suggests a deep sense of moral violation and self-disapproval.
41548,generic_human,zero_shot,inline,**shame**,The author’s admission of a hidden Tinder profile and its use during a relationship suggests a deep sense of moral violation and self-consciousness.
41548,generic_human,one_shot,numbered,**shame**,The author implies a sense of moral violation and self-consciousness about deceiving their partner in a relationship.
41548,generic_human,one_shot,inline,**shame**,"The author describes hiding a secret dating activity during a relationship, which is a common trigger for shame."
41548,generic_human,few_shot,numbered,shame,"The author describes a hidden, deceitful action (using Tinder secretly) that was discovered, which typically triggers shame."
41548,generic_human,few_shot,inline,**shame**,"The author describes a hidden, deceitful action (using Tinder while in a relationship) that likely triggered feelings of shame about their behavior."
41548,persona_a,zero_shot,numbered,**shame**,"The author acknowledges their betrayal and anticipates deserved consequences, reflecting deep self-loathing and moral disgrace."
41548,persona_a,zero_shot,inline,**shame**,"The author acknowledges their betrayal and anticipates deserved consequences, reflecting a deep sense of moral failure and self-disgust."
41548,persona_a,one_shot,numbered,**guilt**,"The author acknowledges their infidelity and anticipates consequences, indicating remorse and self-blame."
41548,persona_a,one_shot,inline,**shame**,"The author acknowledges their deceitful behavior and anticipates judgment, indicating a sense of moral failure and self-disgust."
41548,persona_a,few_shot,numbered,**shame**,"The author acknowledges their deceitful behavior and anticipates judgment or exposure, which triggers shame."
41548,persona_a,few_shot,inline,**shame**,"The author acknowledges their dishonesty and betrayal, describing the emotional weight of facing deserved consequences, which aligns with shame."
41548,persona_b,zero_shot,numbered,**shame**,"The author’s impulsive, secretive behavior—despite no actual harm—suggests a deep sense of moral failure and self-disgust upon exposure."
41548,persona_b,zero_shot,inline,**shame**,"The author’s impulsive, secretive behavior—despite no actual harm—suggests deep self-consciousness and moral discomfort."
41548,persona_b,one_shot,numbered,**shame**,"The author’s impulsive, secretive behavior (lying about dating while in a relationship) aligns with feelings of shame over perceived moral failure or exposure."
41548,persona_b,one_shot,inline,**shame**,"The author’s impulsive, secretive behavior—despite no physical infidelity—suggests deep self-consciousness and moral discomfort, aligning with shame."
41548,persona_b,few_shot,numbered,**shame**,"The author’s impulsive, secretive behavior (despite no physical cheating) and the discovery by their partner evoke feelings of moral failure and self-consciousness."
41548,persona_b,few_shot,inline,**shame**,"The author’s impulsive, secretive behavior—despite no actual infidelity—suggests deep self-consciousness and moral discomfort, aligning with shame."
