,text_id,reader_emotion
0,7128,pride
1,41448,sadness
2,4304,boredom
3,641,anger
4,2198,joy
5,52530,surprise
6,51415,joy
7,61099,fear
8,4745,joy
9,52859,surprise
10,3748,sadness
11,2187,guilt
12,5603,disgust
13,6178,surprise
14,4633,sadness
15,3934,guilt
16,3285,surprise
17,736,boredom
18,51821,pride
19,51808,guilt
20,7128,joy
21,41448,sadness
22,4304,boredom
23,641,anger
24,2198,joy
25,52530,anger
26,51415,joy
27,61099,trust
28,4745,surprise
29,52859,pride
30,3748,joy
31,2187,sadness
32,5603,relief
33,6178,boredom
34,4633,sadness
35,3934,relief
36,3285,surprise
37,736,boredom
38,51821,pride
39,51808,joy
40,7128,pride
41,41448,sadness
42,4304,boredom
43,641,anger
44,2198,joy
45,52530,surprise
46,51415,surprise
47,61099,trust
48,4745,joy
49,52859,shame
50,3748,anger
51,2187,guilt
52,5603,disgust
53,6178,boredom
54,4633,fear
55,3934,relief
56,3285,shame
57,736,boredom
58,51821,pride
59,51808,joy
60,7128,joy
61,41448,sadness
62,4304,boredom
63,641,shame
64,2198,joy
65,52530,surprise
66,51415,joy
67,61099,trust
68,4745,joy
69,52859,pride
70,3748,pride
71,2187,shame
72,5603,anger
73,6178,boredom
74,4633,sadness
75,3934,relief
76,3285,surprise
77,736,boredom
78,51821,relief
79,51808,joy
80,7128,joy
81,41448,sadness
82,4304,boredom
83,641,anger
84,2198,joy
85,52530,surprise
86,51415,joy
87,61099,trust
88,4745,joy
89,52859,pride
90,3748,boredom
91,2187,guilt
92,5603,pride
93,6178,boredom
94,4633,fear
95,3934,sadness
96,3285,shame
97,736,boredom
98,51821,pride
99,51808,joy
100,3480,relief
101,31089,sadness
102,3937,relief
103,6752,sadness
104,51041,guilt
105,51751,pride
106,5752,fear
107,51442,no-emotion
108,51047,guilt
109,5149,anger
110,3423,fear
111,2143,pride
112,52444,trust
113,3157,sadness
114,2231,trust
115,5931,fear
116,5356,relief
117,31347,trust
118,4519,fear
119,52374,shame
120,6950,shame
121,410,sadness
122,51005,guilt
123,781,joy
124,4759,relief
125,7146,sadness
126,2169,sadness
127,52667,joy
128,3274,disgust
129,6808,surprise
130,41760,surprise
131,51227,pride
132,3586,fear
133,6304,disgust
134,41481,sadness
135,6716,fear
136,2218,relief
137,52202,sadness
138,52716,trust
139,7164,sadness
140,5240,boredom
141,52316,anger
142,6831,sadness
143,7200,no-emotion
144,51346,pride
145,6315,fear
146,6535,anger
147,3944,relief
148,6472,relief
149,51595,pride
150,3864,trust
151,51416,boredom
152,4768,joy
153,2224,fear
154,3437,fear
155,51795,no-emotion
156,3325,trust
157,6885,sadness
158,51053,sadness
159,3360,boredom
160,5575,anger
161,31361,relief
162,3467,fear
163,52578,pride
164,6829,sadness
165,41651,surprise
166,5561,disgust
167,6277,disgust
168,52018,sadness
169,689,anger
170,52252,fear
171,51849,anger
172,3773,joy
173,6170,boredom
174,41844,guilt
175,628,anger
176,41225,anger
177,51799,pride
178,52020,relief
179,3315,anger
180,41674,surprise
181,6308,disgust
182,6938,guilt
183,51241,relief
184,6804,fear
185,51023,sadness
186,51328,joy
187,51946,sadness
188,51632,relief
189,313,guilt
190,7143,pride
191,3612,joy
192,51918,relief
193,52049,sadness
194,3833,guilt
195,31146,surprise
196,41377,sadness
197,3328,disgust
198,41311,anger
199,51639,joy
200,51732,pride
201,31313,trust
202,61101,relief
203,41278,relief
204,4706,guilt
205,52050,sadness
206,5502,disgust
207,6609,sadness
208,5517,surprise
209,41201,relief
210,3706,fear
211,41801,trust
212,41589,shame
213,31280,surprise
214,52365,guilt
215,6290,disgust
216,51263,joy
217,3969,relief
218,678,anger
219,4387,sadness
220,51445,no-emotion
221,4582,fear
222,4288,boredom
223,31240,joy
224,6582,no-emotion
225,52305,shame
226,5841,fear
227,31029,sadness
228,6508,joy
229,61094,guilt
230,41415,anger
231,6915,anger
232,5189,anger
233,5284,boredom
234,51758,relief
235,5951,fear
236,5810,fear
237,4281,boredom
238,41425,relief
239,41769,pride
240,3263,surprise
241,51176,pride
242,5720,disgust
243,52857,trust
244,4874,joy
245,5766,surprise
246,31292,surprise
247,51353,sadness
248,3827,pride
249,41287,boredom
250,2120,relief
251,41017,disgust
252,52116,fear
253,3589,joy
254,4925,shame
255,3919,relief
256,6598,pride
257,6761,relief
258,6228,disgust
259,449,sadness
260,494,anger
261,5688,no-emotion
262,51082,shame
263,4269,sadness
264,2230,disgust
265,31021,trust
266,21,anger
267,51883,relief
268,51390,no-emotion
269,41681,surprise
270,2129,pride
271,6796,relief
272,41296,relief
273,52420,surprise
274,6424,guilt
275,52658,fear
276,51067,guilt
277,52826,trust
278,230,boredom
279,3948,relief
280,4817,pride
281,41688,surprise
282,51919,relief
283,41871,pride
284,6789,joy
285,52356,shame
286,3347,disgust
287,61097,joy
288,3884,pride
289,31083,sadness
290,6879,anger
291,517,fear
292,5145,anger
293,51882,sadness
294,3264,anger
295,314,sadness
296,4814,joy
297,52822,trust
298,745,disgust
299,41795,no-emotion
300,51624,no-emotion
301,31181,surprise
302,51300,joy
303,31360,sadness
304,3708,pride
305,51792,pride
306,5658,disgust
307,41586,sadness
308,4408,sadness
309,3533,sadness
310,26,anger
311,323,anger
312,3404,fear
313,6997,surprise
314,289,joy
315,51804,pride
316,51992,joy
317,41271,relief
318,6537,surprise
319,294,pride
320,6649,surprise
321,6499,pride
322,52596,joy
323,762,fear
324,5601,trust
325,6307,disgust
326,340,anger
327,4510,sadness
328,4930,sadness
329,428,anger
330,3361,fear
331,3138,relief
332,6835,sadness
333,52627,fear
334,31382,surprise
335,510,no-emotion
336,825,sadness
337,7125,pride
338,51597,joy
339,3710,no-emotion
340,52591,joy
341,52434,pride
342,2109,sadness
343,3687,no-emotion
344,5981,relief
345,31227,joy
346,3399,sadness
347,6928,sadness
348,3422,fear
349,51922,joy
350,52768,pride
351,51092,pride
352,6779,joy
353,51807,pride
354,52132,sadness
355,548,sadness
356,51705,pride
357,620,disgust
358,31114,sadness
359,51474,anger
360,5929,fear
361,6899,sadness
362,5567,disgust
363,4666,anger
364,31346,pride
365,5754,fear
366,6174,anger
367,6989,pride
368,51017,joy
369,3140,sadness
370,5684,trust
371,3647,joy
372,910,joy
373,4583,fear
374,3811,pride
375,2115,joy
376,3641,relief
377,6162,boredom
378,4317,sadness
379,52731,trust
380,414,fear
381,6468,joy
382,5257,boredom
383,5700,anger
384,3366,fear
385,6397,sadness
386,4600,sadness
387,4538,surprise
388,6283,disgust
389,815,sadness
390,3579,fear
391,41693,anger
392,52157,sadness
393,3975,relief
394,51524,relief
395,51826,joy
396,3998,relief
397,41210,pride
398,5109,anger
399,41363,relief
400,7135,pride
401,3672,boredom
402,52521,surprise
403,7198,joy
404,272,fear
405,5568,anger
406,31179,joy
407,41660,pride
408,3450,fear
409,4773,joy
410,51607,pride
411,3443,sadness
412,4943,shame
413,594,sadness
414,612,disgust
415,797,pride
416,495,boredom
417,31009,sadness
418,41007,no-emotion
419,99,shame
420,6423,guilt
421,5653,anger
422,3260,anger
423,3733,pride
424,51996,relief
425,5753,fear
426,51945,relief
427,5158,anger
428,657,anger
429,6436,pride
430,623,sadness
431,3644,joy
432,41826,pride
433,51479,joy
434,52706,relief
435,52626,relief
436,6729,pride
437,51061,anger
438,2117,boredom
439,52562,surprise
440,52635,joy
441,4517,fear
442,71,boredom
443,3620,pride
444,41051,no-emotion
445,3107,shame
446,3373,fear
447,3816,joy
448,3519,shame
449,61071,trust
450,41658,joy
451,6294,anger
452,52645,surprise
453,4364,fear
454,5276,boredom
455,31415,trust
456,381,anger
457,96,guilt
458,41529,fear
459,6389,sadness
460,41606,shame
461,6450,surprise
462,6101,disgust
463,52704,relief
464,41013,fear
465,349,surprise
466,6799,relief
467,5798,joy
468,3436,fear
469,51801,surprise
470,51889,relief
471,5556,disgust
472,52149,sadness
473,6773,joy
474,52777,joy
475,52138,sadness
476,51208,pride
477,51857,relief
478,51775,relief
479,41641,surprise
480,41789,trust
481,6392,guilt
482,51287,pride
483,31154,guilt
484,3319,surprise
485,41664,anger
486,3287,anger
487,583,anger
488,51281,joy
489,51598,pride
490,4609,fear
491,6320,shame
492,23,anger
493,5773,anger
494,41778,relief
495,3618,pride
496,41319,surprise
497,2158,pride
498,6156,sadness
499,2105,relief
500,3131,boredom
501,6916,fear
502,51136,joy
503,5572,anger
504,562,anger
505,4215,boredom
506,276,fear
507,41857,trust
508,3440,shame
509,41642,joy
510,51231,pride
511,3850,surprise
512,6869,sadness
513,51329,joy
514,4579,fear
515,31174,guilt
516,5413,no-emotion
517,4117,shame
518,51185,pride
519,740,trust
520,2213,relief
521,6192,boredom
522,52501,surprise
523,5208,anger
524,52341,shame
525,41049,surprise
526,4343,disgust
527,3290,fear
528,822,sadness
529,4170,boredom
530,52827,anger
531,51738,pride
532,7160,shame
533,3697,shame
534,2138,pride
535,2193,guilt
536,6135,surprise
537,479,anger
538,3137,no-emotion
539,7144,pride
540,3697,guilt
541,52829,trust
542,4780,pride
543,3542,joy
544,393,sadness
545,3887,pride
546,41208,pride
547,2144,fear
548,52396,shame
549,5901,sadness
550,6736,relief
551,52472,joy
552,5813,fear
553,299,joy
554,5550,anger
555,3936,pride
556,52312,anger
557,6418,guilt
558,6374,fear
559,6696,pride
560,6181,boredom
561,387,anger
562,816,surprise
563,51896,relief
564,51534,no-emotion
565,559,fear
566,52196,sadness
567,31183,surprise
568,31070,sadness
569,51635,pride
570,52004,surprise
571,784,joy
572,41507,fear
573,52282,sadness
574,3603,pride
575,6324,fear
576,41109,pride
577,52088,sadness
578,41600,shame
579,5730,fear
580,3514,anger
581,5130,anger
582,31390,relief
583,31116,surprise
584,51184,joy
585,3195,boredom
586,4671,guilt
587,51395,no-emotion
588,69,anger
589,41895,joy
590,51324,fear
591,41402,pride
592,6907,shame
593,6953,guilt
594,3113,anger
595,6364,fear
596,3942,relief
597,3676,boredom
598,441,sadness
599,697,anger
600,4649,guilt
601,41018,joy
602,5691,sadness
603,52036,joy
604,51085,guilt
605,51577,shame
606,786,joy
607,31421,surprise
608,3857,pride
609,41082,pride
610,52594,joy
611,52802,fear
612,41648,surprise
613,41722,joy
614,5680,disgust
615,4636,anger
616,3117,sadness
617,52256,sadness
618,3462,fear
619,51487,sadness
620,52441,joy
621,41262,joy
622,3348,disgust
623,6154,anger
624,90,sadness
625,51275,sadness
626,348,anger
627,5727,fear
628,51611,relief
629,6992,joy
630,2226,boredom
631,51541,surprise
632,31286,surprise
633,52087,guilt
634,6852,sadness
635,60,disgust
636,52064,sadness
637,589,disgust
638,52118,sadness
639,6221,anger
640,51768,pride
641,686,relief
642,5996,shame
643,51929,relief
644,5361,boredom
645,5225,anger
646,41632,surprise
647,41023,no-emotion
648,6422,guilt
649,51708,pride
650,5632,sadness
651,4475,surprise
652,4802,joy
653,52833,trust
654,3686,disgust
655,3211,boredom
656,6629,boredom
657,31330,trust
658,2161,pride
659,51178,pride
660,6575,sadness
661,41349,relief
662,31180,sadness
663,2163,sadness
664,4306,surprise
665,3189,boredom
666,3587,joy
667,6652,pride
668,52347,shame
669,5123,anger
670,51531,no-emotion
671,41299,relief
672,41583,guilt
673,3873,pride
674,52176,shame
675,6906,anger
676,3237,boredom
677,6603,no-emotion
678,5873,fear
679,5577,disgust
680,3804,pride
681,4155,sadness
682,4497,fear
683,41352,relief
684,74,boredom
685,228,no-emotion
686,358,anger
687,51435,fear
688,41607,sadness
689,41360,relief
690,6768,relief
691,51670,pride
692,3442,fear
693,52369,shame
694,4151,fear
695,5661,anger
696,6968,fear
697,6407,no-emotion
698,4571,shame
699,31118,sadness
700,3378,fear
701,5307,boredom
702,3192,boredom
703,52593,sadness
704,51774,pride
705,3797,joy
706,439,disgust
707,51575,relief
708,52029,relief
709,5769,fear
710,41791,joy
711,7147,surprise
712,3469,fear
713,30,disgust
714,41202,pride
715,458,anger
716,51236,joy
717,52045,relief
718,3498,sadness
719,51962,joy
720,6440,joy
721,3983,relief
722,52558,joy
723,52225,guilt
724,438,anger
725,5704,disgust
726,51837,relief
727,52541,joy
728,52502,surprise
729,41260,joy
730,6306,shame
731,51515,anger
732,923,joy
733,41097,pride
734,3712,no-emotion
735,4868,joy
736,5247,boredom
737,6579,fear
738,3819,pride
739,2172,fear
740,41862,fear
741,6732,pride
742,41343,relief
743,363,sadness
744,4165,joy
745,3451,fear
746,5580,disgust
747,7192,sadness
748,52679,pride
749,720,disgust
750,3207,boredom
751,52709,pride
752,52284,sadness
753,51539,boredom
754,6124,boredom
755,261,fear
756,51153,pride
757,4539,surprise
758,41744,no-emotion
759,52373,no-emotion
760,7113,pride
761,41840,trust
762,51240,joy
763,5802,guilt
764,4146,anger
765,3584,joy
766,5481,boredom
767,52487,pride
768,6122,anger
769,367,sadness
770,51289,relief
771,437,anger
772,726,boredom
773,783,joy
774,51268,pride
775,52337,joy
776,7157,sadness
777,51835,joy
778,52338,disgust
779,4804,joy
780,31340,pride
781,6249,disgust
782,41671,surprise
783,51881,fear
784,7187,sadness
785,3338,anger
786,382,no-emotion
787,6281,disgust
788,41872,pride
789,51065,guilt
790,52718,trust
791,5848,fear
792,4337,surprise
793,466,anger
794,3830,pride
795,86,relief
796,52823,joy
797,3645,joy
798,41378,sadness
799,429,anger
800,31207,relief
801,52742,joy
802,713,boredom
803,2211,trust
804,31398,relief
805,52448,joy
806,51139,relief
807,52290,sadness
808,52378,guilt
809,52866,trust
810,52614,joy
811,51926,pride
812,41020,boredom
813,5471,boredom
814,41142,pride
815,7204,trust
816,5341,boredom
817,51897,relief
818,51805,pride
819,31220,surprise
820,41479,sadness
821,52051,sadness
822,52198,sadness
823,922,anger
824,2195,joy
825,224,boredom
826,4692,boredom
827,4655,guilt
828,51562,boredom
829,4929,joy
830,52628,trust
831,6920,sadness
832,3868,pride
833,3187,boredom
834,588,anger
835,5243,anger
836,3502,shame
837,3320,guilt
838,41882,trust
839,3882,surprise
840,61003,joy
841,4431,sadness
842,315,anger
843,5456,anger
844,468,relief
845,287,joy
846,2134,pride
847,5515,disgust
848,271,pride
849,52077,sadness
850,52533,surprise
851,41515,sadness
852,3704,no-emotion
853,51484,fear
854,41912,trust
855,52327,guilt
856,3493,shame
857,5254,surprise
858,7193,sadness
859,2180,shame
860,52343,shame
861,41251,pride
862,6546,boredom
863,61055,trust
864,41847,pride
865,2118,anger
866,6613,boredom
867,7161,sadness
868,6848,sadness
869,4821,pride
870,51915,relief
871,51713,joy
872,52637,surprise
873,5420,boredom
874,5388,anger
875,52821,relief
876,31129,sadness
877,31317,sadness
878,3866,pride
879,3546,joy
880,6144,joy
881,51441,boredom
882,5389,boredom
883,2145,pride
884,52398,shame
885,743,anger
886,41503,sadness
887,5705,disgust
888,6235,guilt
889,6987,surprise
890,281,shame
891,3170,fear
892,249,disgust
893,6801,joy
894,5524,sadness
895,41814,sadness
896,5856,fear
897,2168,guilt
898,3248,disgust
899,6590,joy
900,213,anger
901,3225,boredom
902,51626,pride
903,2182,sadness
904,52488,surprise
905,6403,anger
906,3859,pride
907,61098,relief
908,3370,fear
909,912,relief
910,51653,joy
911,52371,fear
912,6630,no-emotion
913,6595,sadness
914,52689,trust
915,2225,fear
916,51901,joy
917,6619,boredom
918,31203,pride
919,3709,no-emotion
920,41128,relief
921,4904,fear
922,51259,joy
923,52633,relief
924,6443,surprise
925,7134,pride
926,2210,relief
927,4778,joy
928,614,shame
929,41621,surprise
930,3734,sadness
931,6717,pride
932,31067,sadness
933,52197,sadness
934,41628,surprise
935,3339,sadness
936,6366,fear
937,52015,joy
938,31060,sadness
939,6333,fear
940,3890,fear
941,916,surprise
942,41629,joy
943,6573,fear
944,51530,surprise
945,31145,guilt
946,51591,pride
947,41058,relief
948,93,anger
949,51866,relief
950,3481,guilt
951,51096,pride
952,52648,surprise
953,52584,joy
954,6864,anger
955,41220,shame
956,256,disgust
957,4213,boredom
958,52571,surprise
959,481,anger
960,31233,shame
961,4348,sadness
962,5936,guilt
963,6288,disgust
964,4659,guilt
965,6339,fear
966,41045,no-emotion
967,52458,joy
968,915,disgust
969,51258,joy
970,5210,sadness
971,378,surprise
972,4763,joy
973,5774,no-emotion
974,744,boredom
975,4573,anger
976,51674,pride
977,6224,disgust
978,31234,surprise
979,3615,joy
980,51953,relief
981,5609,fear
982,6954,guilt
983,255,disgust
984,5329,guilt
985,41661,joy
986,41763,joy
987,2212,trust
988,3302,joy
989,476,sadness
990,41228,relief
991,51294,joy
992,52895,surprise
993,690,anger
994,52251,sadness
995,3737,fear
996,41239,relief
997,4410,anger
998,3118,anger
999,3426,fear
1000,7100,no-emotion
1001,52778,fear
1002,52012,relief
1003,3725,no-emotion
1004,52860,trust
1005,41209,pride
1006,31177,guilt
1007,734,boredom
1008,52330,fear
1009,51652,pride
1010,51145,joy
1011,52451,anger
1012,3605,joy
1013,31056,sadness
1014,5546,anger
1015,39,guilt
1016,3601,joy
1017,5605,disgust
1018,31143,boredom
1019,6329,fear
1020,31307,relief
1021,617,anger
1022,4594,fear
1023,3536,relief
1024,3231,boredom
1025,6981,joy
1026,31387,relief
1027,52703,joy
1028,3401,fear
1029,3480,sadness
1030,31089,sadness
1031,51949,relief
1032,454,boredom
1033,3937,relief
1034,6752,pride
1035,51041,sadness
1036,5880,fear
1037,51503,no-emotion
1038,41167,pride
1039,4504,fear
1040,3143,no-emotion
1041,5629,disgust
1042,41102,no-emotion
1043,3662,joy
1044,5920,fear
1045,51355,relief
1046,6337,joy
1047,52079,sadness
1048,51687,pride
1049,51751,pride
1050,5752,fear
1051,51442,boredom
1052,51047,guilt
1053,5149,anger
1054,3423,disgust
1055,2143,pride
1056,52444,guilt
1057,3157,boredom
1058,2231,trust
1059,5892,surprise
1060,4496,fear
1061,5955,surprise
1062,352,surprise
1063,4150,anger
1064,6720,pride
1065,41780,relief
1066,5931,fear
1067,5356,relief
1068,31347,relief
1069,4519,trust
1070,52374,guilt
1071,52782,trust
1072,5725,fear
1073,3474,fear
1074,5263,boredom
1075,3344,disgust
1076,670,anger
1077,6143,boredom
1078,6950,shame
1079,410,sadness
1080,51005,guilt
1081,781,pride
1082,4759,relief
1083,51081,sadness
1084,4217,boredom
1085,61031,trust
1086,5103,sadness
1087,5238,shame
1088,51054,guilt
1089,6110,no-emotion
1090,5166,anger
1091,7146,sadness
1092,2169,sadness
1093,52667,joy
1094,3274,disgust
1095,6808,surprise
1096,3223,sadness
1097,787,joy
1098,31285,joy
1099,5734,fear
1100,31269,pride
1101,3836,pride
1102,6492,joy
1103,52217,sadness
1104,6218,guilt
1105,3233,boredom
1106,4940,pride
1107,6728,pride
1108,5206,sadness
1109,7164,sadness
1110,5914,fear
1111,52102,sadness
1112,5240,boredom
1113,52316,shame
1114,51394,no-emotion
1115,41759,anger
1116,5642,shame
1117,5454,boredom
1118,7118,sadness
1119,711,boredom
1120,6524,joy
1121,52289,shame
1122,2194,pride
1123,52579,joy
1124,3522,shame
1125,52732,pride
1126,3414,fear
1127,4163,joy
1128,51613,pride
1129,6565,boredom
1130,5639,anger
1131,41779,trust
1132,3431,fear
1133,4400,disgust
1134,52467,joy
1135,51472,relief
1136,6625,pride
1137,3576,joy
1138,3651,relief
1139,6831,relief
1140,7200,surprise
1141,51346,sadness
1142,6315,fear
1143,6535,anger
1144,3944,relief
1145,6472,relief
1146,51595,pride
1147,3864,pride
1148,51416,sadness
1149,4768,joy
1150,2224,trust
1151,3437,fear
1152,51795,relief
1153,3325,surprise
1154,6885,sadness
1155,51053,sadness
1156,3360,fear
1157,5575,fear
1158,31361,pride
1159,3467,joy
1160,52578,pride
1161,6829,sadness
1162,41651,surprise
1163,5561,anger
1164,6277,disgust
1165,52018,relief
1166,689,no-emotion
1167,52252,fear
1168,51849,relief
1169,47,surprise
1170,31141,sadness
1171,3427,sadness
1172,751,anger
1173,84,boredom
1174,51799,pride
1175,52020,relief
1176,3315,anger
1177,41674,surprise
1178,6308,disgust
1179,6938,guilt
1180,51241,joy
1181,6804,relief
1182,51023,guilt
1183,51328,relief
1184,81,boredom
1185,553,anger
1186,52184,sadness
1187,6957,guilt
1188,5689,disgust
1189,51918,relief
1190,52049,sadness
1191,3833,shame
1192,31146,guilt
1193,41377,sadness
1194,3328,disgust
1195,41311,relief
1196,51639,pride
1197,51732,joy
1198,31313,sadness
1199,61101,surprise
1200,41278,relief
1201,4706,shame
1202,52050,sadness
1203,7175,disgust
1204,41801,relief
1205,41589,shame
1206,31280,joy
1207,52365,fear
1208,6290,anger
1209,51263,relief
1210,3969,surprise
1211,678,sadness
1212,4387,fear
1213,51445,boredom
1214,4582,fear
1215,4288,boredom
1216,31240,joy
1217,6582,joy
1218,52305,shame
1219,5841,anger
1220,31029,sadness
1221,6508,joy
1222,61094,fear
1223,41415,anger
1224,3525,guilt
1225,525,anger
1226,31077,sadness
1227,4174,boredom
1228,6502,joy
1229,3779,pride
1230,6915,anger
1231,5189,anger
1232,5284,boredom
1233,51758,joy
1234,5951,pride
1235,5810,shame
1236,4281,sadness
1237,41425,sadness
1238,41769,pride
1239,3263,disgust
1240,51176,no-emotion
1241,5720,boredom
1242,52857,pride
1243,4874,joy
1244,5766,anger
1245,31292,surprise
1246,51353,sadness
1247,3827,pride
1248,41287,sadness
1249,2120,pride
1250,41017,no-emotion
1251,52116,anger
1252,3589,pride
1253,4925,sadness
1254,3919,sadness
1255,6598,pride
1256,6761,relief
1257,6228,disgust
1258,449,sadness
1259,494,sadness
1260,5688,anger
1261,51082,pride
1262,4269,shame
1263,2230,boredom
1264,31021,sadness
1265,21,disgust
1266,51883,joy
1267,51390,no-emotion
1268,41681,surprise
1269,52658,fear
1270,51067,guilt
1271,52826,trust
1272,230,boredom
1273,3948,relief
1274,4817,relief
1275,41688,surprise
1276,51919,relief
1277,41871,pride
1278,6789,relief
1279,6879,sadness
1280,517,fear
1281,5145,anger
1282,51882,joy
1283,3264,anger
1284,314,sadness
1285,4814,joy
1286,52822,trust
1287,745,disgust
1288,3492,guilt
1289,3966,relief
1290,52625,no-emotion
1291,51720,pride
1292,41795,pride
1293,51624,pride
1294,31181,surprise
1295,51300,joy
1296,31360,sadness
1297,3708,pride
1298,51792,pride
1299,5658,disgust
1300,41586,shame
1301,4408,anger
1302,3533,guilt
1303,26,anger
1304,6499,pride
1305,52596,surprise
1306,762,fear
1307,5601,relief
1308,6307,disgust
1309,3321,disgust
1310,52520,joy
1311,399,sadness
1312,52828,relief
1313,5964,fear
1314,340,anger
1315,4510,surprise
1316,4930,sadness
1317,428,shame
1318,3361,fear
1319,3159,boredom
1320,51982,relief
1321,560,anger
1322,51292,pride
1323,3272,sadness
1324,3138,fear
1325,6835,sadness
1326,52627,fear
1327,31382,anger
1328,510,anger
1329,825,sadness
1330,7125,pride
1331,51597,joy
1332,3710,sadness
1333,52591,surprise
1334,52434,pride
1335,2109,sadness
1336,3687,anger
1337,5981,guilt
1338,31227,joy
1339,3399,fear
1340,6928,sadness
1341,3422,fear
1342,51922,joy
1343,52768,pride
1344,51092,joy
1345,6779,relief
1346,51807,trust
1347,52132,sadness
1348,548,surprise
1349,51705,joy
1350,620,anger
1351,31114,sadness
1352,51474,fear
1353,5929,surprise
1354,6899,guilt
1355,5567,surprise
1356,4666,shame
1357,31346,pride
1358,5754,fear
1359,5986,guilt
1360,41052,joy
1361,51249,joy
1362,3538,relief
1363,61021,anger
1364,6174,boredom
1365,6989,pride
1366,51017,guilt
1367,3140,boredom
1368,5796,fear
1369,2115,pride
1370,3641,pride
1371,6162,no-emotion
1372,4317,sadness
1373,52731,anger
1374,4976,guilt
1375,564,anger
1376,3893,joy
1377,31098,sadness
1378,3964,relief
1379,414,fear
1380,6468,joy
1381,5257,boredom
1382,5700,surprise
1383,3366,sadness
1384,6397,guilt
1385,4600,guilt
1386,4538,trust
1387,6283,no-emotion
1388,815,sadness
1389,3579,surprise
1390,41693,anger
1391,52157,sadness
1392,3975,pride
1393,7179,guilt
1394,7179,fear
1395,51524,sadness
1396,51826,relief
1397,3998,relief
1398,41210,pride
1399,5109,guilt
1400,41363,relief
1401,7135,pride
1402,3672,joy
1403,52521,surprise
1404,7198,pride
1405,272,fear
1406,5568,shame
1407,31179,guilt
1408,41660,pride
1409,3450,fear
1410,51276,relief
1411,3267,disgust
1412,6375,fear
1413,4461,fear
1414,52046,relief
1415,4773,joy
1416,51607,pride
1417,3443,fear
1418,2227,trust
1419,61018,anger
1420,3991,relief
1421,6836,disgust
1422,41830,no-emotion
1423,5654,disgust
1424,3926,relief
1425,4943,surprise
1426,594,surprise
1427,612,anger
1428,797,pride
1429,5653,sadness
1430,3260,anger
1431,3733,boredom
1432,51996,relief
1433,4981,no-emotion
1434,5753,fear
1435,51945,surprise
1436,5158,anger
1437,657,no-emotion
1438,6436,pride
1439,623,anger
1440,3644,joy
1441,41826,joy
1442,51479,joy
1443,52706,pride
1444,41658,surprise
1445,52598,joy
1446,3214,boredom
1447,6519,joy
1448,51436,shame
1449,5105,disgust
1450,6294,anger
1451,52645,joy
1452,4364,fear
1453,5276,anger
1454,31415,pride
1455,5916,sadness
1456,3150,no-emotion
1457,51930,fear
1458,5538,sadness
1459,52738,trust
1460,381,fear
1461,96,anger
1462,41529,fear
1463,6389,fear
1464,41606,guilt
1465,3639,joy
1466,41835,trust
1467,5382,boredom
1468,51278,joy
1469,2228,fear
1470,6450,joy
1471,6101,boredom
1472,52704,relief
1473,52534,joy
1474,41013,anger
1475,61096,trust
1476,349,disgust
1477,3726,no-emotion
1478,6799,relief
1479,5798,fear
1480,3436,fear
1481,51801,surprise
1482,51889,relief
1483,5556,anger
1484,52149,surprise
1485,6773,relief
1486,52777,trust
1487,52138,sadness
1488,51208,pride
1489,51287,pride
1490,31154,shame
1491,3319,anger
1492,41664,anger
1493,3287,sadness
1494,583,anger
1495,5339,fear
1496,4928,sadness
1497,51710,relief
1498,41006,no-emotion
1499,4290,sadness
1500,41348,relief
1501,3523,guilt
1502,41548,shame
1503,51111,pride
1504,41397,relief
1505,51281,joy
1506,51598,relief
1507,4609,anger
1508,6320,shame
1509,23,anger
1510,5773,sadness
1511,41778,surprise
1512,3618,pride
1513,41319,relief
1514,2158,fear
1515,6156,fear
1516,2105,relief
1517,3131,boredom
1518,6916,sadness
1519,6944,sadness
1520,5572,disgust
1521,562,anger
1522,4215,boredom
1523,276,sadness
1524,41857,fear
1525,3440,shame
1526,41642,joy
1527,51231,pride
1528,3850,joy
1529,6869,sadness
1530,51329,joy
1531,4579,fear
1532,31174,guilt
1533,5413,fear
1534,4117,shame
1535,51185,pride
1536,740,boredom
1537,2213,trust
1538,6192,fear
1539,52501,surprise
1540,6204,fear
1541,51302,joy
1542,41581,sadness
1543,51730,pride
1544,4842,relief
1545,5208,anger
1546,52341,sadness
1547,41049,joy
1548,4343,anger
1549,3290,fear
1550,822,shame
1551,4170,boredom
1552,52827,surprise
1553,51738,pride
1554,7160,sadness
1555,6135,boredom
1556,479,anger
1557,3137,boredom
1558,7144,pride
1559,3697,no-emotion
1560,2138,pride
1561,2193,guilt
1562,52829,guilt
1563,4780,joy
1564,3542,joy
1565,393,sadness
1566,3887,pride
1567,41208,joy
1568,2144,surprise
1569,6374,fear
1570,6696,joy
1571,6181,boredom
1572,387,anger
1573,816,relief
1574,51896,relief
1575,51534,joy
1576,559,anger
1577,5627,disgust
1578,31304,trust
1579,5600,pride
1580,6815,surprise
1581,5830,disgust
1582,52196,guilt
1583,31183,boredom
1584,31070,sadness
1585,51635,pride
1586,52004,joy
1587,784,joy
1588,41507,fear
1589,52282,sadness
1590,3603,joy
1591,6324,fear
1592,41109,pride
1593,52088,sadness
1594,41600,sadness
1595,5730,fear
1596,3514,no-emotion
1597,5130,disgust
1598,31390,relief
1599,31116,surprise
1600,51184,pride
1601,51454,joy
1602,3195,boredom
1603,51324,fear
1604,41402,pride
1605,6907,sadness
1606,6953,shame
1607,3113,anger
1608,6364,fear
1609,3942,relief
1610,3676,no-emotion
1611,441,anger
1612,697,boredom
1613,4649,shame
1614,41018,boredom
1615,5691,sadness
1616,52036,relief
1617,51085,guilt
1618,51577,relief
1619,786,joy
1620,31421,surprise
1621,3857,pride
1622,41082,pride
1623,52594,surprise
1624,52802,fear
1625,41648,joy
1626,41722,relief
1627,5680,disgust
1628,4636,surprise
1629,3117,disgust
1630,52256,sadness
1631,3462,fear
1632,51487,sadness
1633,52441,surprise
1634,41262,relief
1635,3348,disgust
1636,6154,anger
1637,90,anger
1638,2226,trust
1639,51541,surprise
1640,31286,surprise
1641,4639,fear
1642,51014,shame
1643,31147,guilt
1644,3283,joy
1645,253,disgust
1646,52087,sadness
1647,6852,sadness
1648,60,anger
1649,52064,sadness
1650,589,anger
1651,52118,sadness
1652,6221,anger
1653,51768,relief
1654,686,fear
1655,5996,guilt
1656,51929,relief
1657,5361,fear
1658,5225,joy
1659,41632,sadness
1660,41023,sadness
1661,6422,trust
1662,51708,surprise
1663,5632,anger
1664,4475,sadness
1665,4802,joy
1666,52833,shame
1667,3686,no-emotion
1668,3211,anger
1669,6629,boredom
1670,31330,pride
1671,2161,joy
1672,51178,relief
1673,6575,anger
1674,41349,fear
1675,31180,no-emotion
1676,2163,sadness
1677,4306,boredom
1678,3189,boredom
1679,3587,joy
1680,6652,pride
1681,52347,shame
1682,5123,guilt
1683,51531,no-emotion
1684,41299,relief
1685,41583,shame
1686,3873,fear
1687,52176,joy
1688,6906,sadness
1689,3237,boredom
1690,6603,guilt
1691,5873,fear
1692,5577,sadness
1693,3804,pride
1694,4155,relief
1695,4497,fear
1696,41352,relief
1697,74,boredom
1698,228,boredom
1699,358,anger
1700,51435,surprise
1701,52369,guilt
1702,4151,fear
1703,5661,disgust
1704,6968,surprise
1705,6407,shame
1706,41607,sadness
1707,41360,relief
1708,6768,relief
1709,51670,pride
1710,3442,fear
1711,4571,shame
1712,31118,sadness
1713,3378,fear
1714,5307,anger
1715,3192,boredom
1716,52593,fear
1717,51774,pride
1718,3797,joy
1719,439,anger
1720,51575,relief
1721,52029,joy
1722,5769,fear
1723,41791,joy
1724,5371,no-emotion
1725,3604,pride
1726,2142,joy
1727,764,boredom
1728,51962,joy
1729,6440,joy
1730,3983,relief
1731,52558,joy
1732,52225,sadness
1733,438,anger
1734,5704,disgust
1735,51837,fear
1736,52541,surprise
1737,52502,relief
1738,41260,relief
1739,4868,surprise
1740,5247,boredom
1741,6579,fear
1742,3819,pride
1743,2172,sadness
1744,6306,surprise
1745,51515,joy
1746,923,joy
1747,41097,pride
1748,3712,pride
1749,41862,shame
1750,6732,pride
1751,41343,joy
1752,363,anger
1753,4165,joy
1754,3451,fear
1755,5580,disgust
1756,7192,sadness
1757,52679,pride
1758,720,boredom
1759,3207,boredom
1760,52709,trust
1761,52284,shame
1762,51539,no-emotion
1763,6124,boredom
1764,261,surprise
1765,51153,joy
1766,4539,fear
1767,41744,surprise
1768,52373,sadness
1769,7113,surprise
1770,41840,relief
1771,51240,joy
1772,5802,shame
1773,4146,anger
1774,3584,joy
1775,5481,boredom
1776,52487,joy
1777,6122,no-emotion
1778,367,shame
1779,51289,joy
1780,437,anger
1781,726,pride
1782,783,surprise
1783,51268,pride
1784,52337,shame
1785,7157,sadness
1786,51835,fear
1787,52338,guilt
1788,4804,pride
1789,31340,pride
1790,6249,disgust
1791,41671,pride
1792,51881,relief
1793,7187,sadness
1794,3338,anger
1795,382,disgust
1796,6281,disgust
1797,41872,joy
1798,51065,shame
1799,52718,relief
1800,5848,fear
1801,4337,disgust
1802,466,anger
1803,3830,pride
1804,86,no-emotion
1805,52823,trust
1806,5953,fear
1807,3645,relief
1808,41378,sadness
1809,52784,anger
1810,41111,pride
1811,429,shame
1812,31207,surprise
1813,51926,joy
1814,41020,boredom
1815,5471,boredom
1816,41142,pride
1817,7204,relief
1818,5341,boredom
1819,51897,sadness
1820,51805,sadness
1821,31220,pride
1822,41479,sadness
1823,52051,sadness
1824,52198,fear
1825,922,trust
1826,5306,boredom
1827,52323,disgust
1828,2195,surprise
1829,51131,joy
1830,3220,boredom
1831,3254,fear
1832,52368,relief
1833,2179,sadness
1834,224,disgust
1835,4692,shame
1836,4655,surprise
1837,51562,boredom
1838,4929,joy
1839,52628,joy
1840,6920,sadness
1841,3868,joy
1842,3187,boredom
1843,3882,relief
1844,61003,surprise
1845,4431,disgust
1846,315,anger
1847,5456,anger
1848,52077,sadness
1849,52533,surprise
1850,41515,sadness
1851,3704,sadness
1852,51484,fear
1853,41912,pride
1854,41630,surprise
1855,41794,trust
1856,5641,surprise
1857,51458,relief
1858,6258,sadness
1859,52327,guilt
1860,3493,disgust
1861,5254,surprise
1862,7193,sadness
1863,5420,boredom
1864,5388,anger
1865,52821,relief
1866,31124,shame
1867,4592,fear
1868,3528,sadness
1869,6933,surprise
1870,31129,shame
1871,31317,sadness
1872,3866,pride
1873,3546,joy
1874,6144,relief
1875,51441,boredom
1876,5389,anger
1877,2145,pride
1878,52398,shame
1879,743,anger
1880,41503,sadness
1881,5705,disgust
1882,6235,disgust
1883,5524,sadness
1884,41814,trust
1885,5856,fear
1886,2168,anger
1887,3248,disgust
1888,6590,no-emotion
1889,213,anger
1890,3225,boredom
1891,51626,pride
1892,2182,shame
1893,912,relief
1894,51653,joy
1895,52371,fear
1896,6630,boredom
1897,6595,sadness
1898,3709,joy
1899,41128,pride
1900,4904,surprise
1901,51259,joy
1902,52633,relief
1903,6443,joy
1904,7134,pride
1905,2210,relief
1906,4778,relief
1907,614,no-emotion
1908,41628,no-emotion
1909,3339,sadness
1910,6366,fear
1911,52015,relief
1912,31060,shame
1913,6333,fear
1914,3890,relief
1915,916,surprise
1916,41629,pride
1917,6573,shame
1918,51530,surprise
1919,31145,guilt
1920,51591,relief
1921,41058,relief
1922,93,disgust
1923,51866,relief
1924,3481,shame
1925,51096,pride
1926,52648,no-emotion
1927,52584,surprise
1928,6864,sadness
1929,41220,relief
1930,256,disgust
1931,4213,boredom
1932,52571,guilt
1933,481,anger
1934,31233,sadness
1935,4348,sadness
1936,5936,guilt
1937,6288,disgust
1938,4659,guilt
1939,6339,fear
1940,41045,surprise
1941,52458,relief
1942,915,no-emotion
1943,51258,joy
1944,5210,anger
1945,378,disgust
1946,4763,joy
1947,5774,no-emotion
1948,744,boredom
1949,3923,joy
1950,3292,disgust
1951,41236,joy
1952,52550,pride
1953,41407,guilt
1954,4573,shame
1955,51674,pride
1956,6224,sadness
1957,31234,relief
1958,3615,joy
1959,51953,relief
1960,5609,disgust
1961,6954,shame
1962,255,disgust
1963,5329,guilt
1964,51694,pride
1965,280,sadness
1966,51688,pride
1967,31338,trust
1968,3701,sadness
1969,41661,joy
1970,41763,joy
1971,2212,trust
1972,3302,relief
1973,476,anger
1974,41228,fear
1975,51294,joy
1976,52895,pride
1977,690,shame
1978,52251,sadness
1979,3737,anger
1980,41239,relief
1981,4410,anger
1982,3118,anger
1983,3426,fear
1984,51414,sadness
1985,6370,fear
1986,5298,boredom
1987,6810,relief
1988,347,no-emotion
1989,7100,no-emotion
1990,52778,trust
1991,52012,no-emotion
1992,3725,no-emotion
1993,51652,pride
1994,51145,joy
1995,52451,sadness
1996,3605,no-emotion
1997,31056,sadness
1998,5546,disgust
1999,39,anger
2000,3601,joy
2001,5605,disgust
2002,31143,boredom
2003,6329,fear
2004,51957,relief
2005,4490,fear
2006,3973,relief
2007,4254,boredom
2008,31062,shame
2009,31307,relief
2010,617,disgust
2011,4594,anger
2012,3536,joy
2013,3231,boredom
2014,6981,joy
2015,31387,relief
2016,52703,joy
2017,31034,sadness
2018,51051,guilt
2019,521,anger
2020,31378,no-emotion
2021,3401,surprise
2022,52339,shame
2023,3480,guilt
2024,31089,sadness
2025,51949,relief
2026,454,no-emotion
2027,417,anger
2028,89,no-emotion
2029,4327,anger
2030,6106,boredom
2031,51285,joy
2032,3937,relief
2033,6752,pride
2034,51041,guilt
2035,5880,fear
2036,51503,no-emotion
2037,41167,pride
2038,4504,fear
2039,3143,boredom
2040,5629,anger
2041,41102,sadness
2042,3662,surprise
2043,5920,fear
2044,51355,relief
2045,6337,fear
2046,52079,sadness
2047,51687,joy
2048,51751,pride
2049,5752,fear
2050,51442,no-emotion
2051,51047,guilt
2052,5149,sadness
2053,3423,shame
2054,2143,pride
2055,52444,joy
2056,3157,boredom
2057,2231,trust
2058,5892,fear
2059,4496,fear
2060,5955,fear
2061,352,guilt
2062,4150,anger
2063,6720,pride
2064,3344,disgust
2065,670,anger
2066,6143,boredom
2067,6950,guilt
2068,410,surprise
2069,51005,guilt
2070,781,surprise
2071,4759,pride
2072,51081,sadness
2073,4217,boredom
2074,61031,trust
2075,5103,sadness
2076,5238,sadness
2077,51054,shame
2078,6110,anger
2079,5166,anger
2080,7146,sadness
2081,2169,sadness
2082,52667,joy
2083,3274,disgust
2084,6808,surprise
2085,3223,boredom
2086,787,fear
2087,31285,pride
2088,52217,sadness
2089,6218,guilt
2090,3233,boredom
2091,4940,relief
2092,6728,pride
2093,6304,disgust
2094,5734,fear
2095,31269,pride
2096,3836,pride
2097,6492,joy
2098,5206,sadness
2099,41481,sadness
2100,6716,joy
2101,2218,trust
2102,52202,sadness
2103,52716,joy
2104,5914,fear
2105,52102,sadness
2106,5240,boredom
2107,52316,shame
2108,41759,shame
2109,5642,anger
2110,5454,boredom
2111,7118,sadness
2112,711,boredom
2113,6524,joy
2114,52289,sadness
2115,2194,pride
2116,52579,joy
2117,3522,guilt
2118,52732,joy
2119,3414,fear
2120,4163,no-emotion
2121,51613,pride
2122,6565,guilt
2123,5639,fear
2124,41779,joy
2125,3431,fear
2126,4400,sadness
2127,52467,joy
2128,51472,relief
2129,6625,pride
2130,3576,joy
2131,3651,relief
2132,6831,sadness
2133,6472,relief
2134,51595,joy
2135,3864,surprise
2136,51416,anger
2137,4768,joy
2138,7200,fear
2139,51346,surprise
2140,6315,shame
2141,6535,anger
2142,3944,relief
2143,2224,trust
2144,3437,fear
2145,51795,boredom
2146,3325,shame
2147,6885,boredom
2148,51053,guilt
2149,3360,boredom
2150,5575,anger
2151,31361,anger
2152,3467,fear
2153,52578,joy
2154,6829,guilt
2155,41651,sadness
2156,5561,fear
2157,6277,anger
2158,52018,relief
2159,689,anger
2160,52252,fear
2161,51849,relief
2162,47,sadness
2163,31141,fear
2164,3427,fear
2165,751,anger
2166,84,boredom
2167,3773,no-emotion
2168,6170,sadness
2169,41844,pride
2170,628,anger
2171,41225,joy
2172,51799,pride
2173,52020,relief
2174,3315,anger
2175,41674,joy
2176,6308,disgust
2177,6938,shame
2178,51241,pride
2179,6804,anger
2180,51023,guilt
2181,51328,relief
2182,51946,disgust
2183,51632,pride
2184,313,sadness
2185,7143,joy
2186,3612,joy
2187,81,boredom
2188,553,disgust
2189,52184,sadness
2190,6957,guilt
2191,5689,disgust
2192,51918,joy
2193,52049,sadness
2194,3833,anger
2195,31146,guilt
2196,41377,guilt
2197,3328,disgust
2198,41311,relief
2199,51639,joy
2200,51732,joy
2201,31313,pride
2202,61101,surprise
2203,41278,relief
2204,4706,guilt
2205,52050,sadness
2206,7175,anger
2207,5502,disgust
2208,6609,sadness
2209,5517,anger
2210,41201,joy
2211,3706,boredom
2212,41801,trust
2213,41589,shame
2214,31280,surprise
2215,52365,guilt
2216,6290,anger
2217,51263,joy
2218,3969,relief
2219,678,sadness
2220,4387,disgust
2221,51445,no-emotion
2222,4582,fear
2223,4288,boredom
2224,31240,joy
2225,6582,sadness
2226,52305,shame
2227,5841,fear
2228,31029,sadness
2229,6508,joy
2230,61094,fear
2231,41415,shame
2232,3525,guilt
2233,4174,boredom
2234,6502,joy
2235,3779,pride
2236,6915,anger
2237,5189,anger
2238,525,disgust
2239,31077,sadness
2240,4174,boredom
2241,6502,joy
2242,3779,pride
2243,5284,boredom
2244,51758,relief
2245,5951,disgust
2246,5810,sadness
2247,4281,sadness
2248,41425,relief
2249,41769,pride
2250,3263,disgust
2251,51176,surprise
2252,5720,no-emotion
2253,3589,joy
2254,4925,shame
2255,3919,surprise
2256,6598,boredom
2257,6761,relief
2258,6228,disgust
2259,449,anger
2260,494,anger
2261,5688,disgust
2262,51082,shame
2263,4269,shame
2264,2230,fear
2265,31021,joy
2266,21,anger
2267,51883,joy
2268,51390,no-emotion
2269,41681,guilt
2270,2129,pride
2271,6796,fear
2272,41296,relief
2273,52420,joy
2274,6424,guilt
2275,52658,pride
2276,51067,guilt
2277,52826,relief
2278,230,boredom
2279,3948,relief
2280,4817,pride
2281,41688,surprise
2282,51919,relief
2283,41871,surprise
2284,6789,relief
2285,52356,shame
2286,3347,disgust
2287,61097,relief
2288,3884,surprise
2289,31083,sadness
2290,6879,surprise
2291,517,disgust
2292,5145,surprise
2293,51882,sadness
2294,3264,anger
2295,314,sadness
2296,4814,relief
2297,52822,trust
2298,745,disgust
2299,3492,guilt
2300,3966,relief
2301,52625,sadness
2302,51720,pride
2303,3492,sadness
2304,3966,anger
2305,52625,no-emotion
2306,51720,joy
2307,41795,joy
2308,51624,pride
2309,31181,joy
2310,51300,no-emotion
2311,31360,trust
2312,3708,no-emotion
2313,51792,pride
2314,5658,disgust
2315,41586,shame
2316,4408,sadness
2317,3533,guilt
2318,26,shame
2319,323,fear
2320,3404,fear
2321,6997,surprise
2322,289,joy
2323,51804,pride
2324,3321,disgust
2325,52520,surprise
2326,399,anger
2327,52828,relief
2328,5964,fear
2329,51992,surprise
2330,41271,joy
2331,6537,no-emotion
2332,294,pride
2333,6649,joy
2334,6499,pride
2335,52596,surprise
2336,762,fear
2337,5601,relief
2338,6307,shame
2339,340,anger
2340,4510,disgust
2341,4930,sadness
2342,428,anger
2343,3361,sadness
2344,3159,boredom
2345,51982,joy
2346,560,anger
2347,51292,pride
2348,510,surprise
2349,825,pride
2350,7125,joy
2351,51597,joy
2352,3710,boredom
2353,52591,joy
2354,52434,pride
2355,2109,sadness
2356,3687,anger
2357,5981,guilt
2358,31227,joy
2359,3399,fear
2360,6928,sadness
2361,3422,disgust
2362,51922,relief
2363,5929,fear
2364,6899,relief
2365,5567,disgust
2366,4666,shame
2367,31346,pride
2368,52768,pride
2369,51092,joy
2370,6779,relief
2371,51807,no-emotion
2372,52132,guilt
2373,548,sadness
2374,51705,relief
2375,620,disgust
2376,31114,sadness
2377,51474,fear
2378,5754,anger
2379,5986,guilt
2380,41052,pride
2381,51249,joy
2382,3538,joy
2383,61021,shame
2384,6989,pride
2385,51017,shame
2386,5796,fear
2387,4454,disgust
2388,61021,sadness
2389,6174,boredom
2390,6989,joy
2391,3140,shame
2392,5796,fear
2393,6602,pride
2394,4987,pride
2395,51592,joy
2396,5684,anger
2397,3647,joy
2398,6162,boredom
2399,4317,sadness
2400,52731,trust
2401,4976,no-emotion
2402,564,anger
2403,910,joy
2404,4583,fear
2405,3811,pride
2406,2115,joy
2407,3641,relief
2408,3893,joy
2409,31098,sadness
2410,3964,surprise
2411,414,fear
2412,6468,joy
2413,5257,fear
2414,5700,disgust
2415,3366,fear
2416,6397,guilt
2417,4600,fear
2418,2117,boredom
2419,52562,joy
2420,52635,joy
2421,4517,fear
2422,71,boredom
2423,52157,sadness
2424,3975,surprise
2425,7179,anger
2426,51524,relief
2427,51826,relief
2428,3998,relief
2429,41210,joy
2430,5109,sadness
2431,41363,relief
2432,7135,pride
2433,3672,joy
2434,52521,surprise
2435,7198,joy
2436,272,joy
2437,5568,anger
2438,31179,shame
2439,41660,pride
2440,3450,fear
2441,51276,joy
2442,3267,anger
2443,6375,surprise
2444,4461,fear
2445,52046,relief
2446,4773,joy
2447,51607,joy
2448,3443,fear
2449,2227,relief
2450,61018,anger
2451,3991,joy
2452,6836,sadness
2453,41830,joy
2454,5654,anger
2455,3926,relief
2456,4943,sadness
2457,594,sadness
2458,612,anger
2459,797,pride
2460,495,boredom
2461,31009,sadness
2462,41007,boredom
2463,51996,relief
2464,4981,relief
2465,5753,shame
2466,51945,joy
2467,5158,disgust
2468,657,anger
2469,6436,pride
2470,623,sadness
2471,3644,joy
2472,41826,pride
2473,51479,joy
2474,52706,pride
2475,52626,relief
2476,6729,joy
2477,51061,guilt
2478,3620,joy
2479,41051,boredom
2480,3107,sadness
2481,3373,fear
2482,3816,pride
2483,4364,fear
2484,5276,boredom
2485,31415,trust
2486,5916,fear
2487,3150,sadness
2488,51930,relief
2489,5538,sadness
2490,52738,trust
2491,381,fear
2492,96,guilt
2493,41529,sadness
2494,6389,fear
2495,41606,shame
2496,3639,no-emotion
2497,41835,trust
2498,5382,boredom
2499,51278,joy
2500,2228,fear
2501,6450,surprise
2502,6101,boredom
2503,52704,relief
2504,52534,joy
2505,41013,no-emotion
2506,61096,relief
2507,349,anger
2508,3726,no-emotion
2509,6799,relief
2510,5798,joy
2511,3436,fear
2512,51801,surprise
2513,51889,relief
2514,5556,disgust
2515,52149,sadness
2516,6773,relief
2517,52777,pride
2518,51710,pride
2519,41006,boredom
2520,4290,sadness
2521,41348,relief
2522,3523,guilt
2523,41548,fear
2524,51111,joy
2525,41397,relief
2526,51281,joy
2527,51598,relief
2528,4609,surprise
2529,6320,shame
2530,23,anger
2531,5773,sadness
2532,41778,relief
2533,3618,joy
2534,41319,relief
2535,2158,fear
2536,6156,fear
2537,2105,relief
2538,3131,boredom
2539,6916,sadness
2540,51136,joy
2541,68,anger
2542,52739,no-emotion
2543,51231,pride
2544,3850,joy
2545,6869,anger
2546,51329,relief
2547,4579,sadness
2548,31174,surprise
2549,5413,joy
2550,4117,sadness
2551,51185,joy
2552,740,boredom
2553,6422,guilt
2554,51708,pride
2555,5632,sadness
2556,4475,disgust
2557,4802,pride
2558,41581,guilt
2559,51730,pride
2560,4842,joy
2561,5208,anger
2562,52341,shame
2563,52827,relief
2564,51738,no-emotion
2565,7160,sadness
2566,6135,no-emotion
2567,479,disgust
2568,3137,boredom
2569,7144,pride
2570,3697,shame
2571,2138,joy
2572,2193,surprise
2573,52829,shame
2574,4780,relief
2575,3542,pride
2576,393,sadness
2577,3887,trust
2578,41208,pride
2579,2144,pride
2580,52396,anger
2581,5901,sadness
2582,6736,relief
2583,52472,joy
2584,5813,fear
2585,299,trust
2586,5550,disgust
2587,3936,pride
2588,52312,anger
2589,6418,guilt
2590,6374,fear
2591,6696,pride
2592,6181,boredom
2593,387,shame
2594,816,disgust
2595,51896,pride
2596,51534,surprise
2597,559,shame
2598,5627,disgust
2599,31304,relief
2600,5600,disgust
2601,6815,relief
2602,5830,fear
2603,52196,sadness
2604,31183,surprise
2605,31070,sadness
2606,51635,pride
2607,52004,relief
2608,784,joy
2609,41507,surprise
2610,52282,sadness
2611,3603,relief
2612,6324,fear
2613,41109,pride
2614,52088,sadness
2615,41600,anger
2616,5730,fear
2617,3514,sadness
2618,69,anger
2619,41895,joy
2620,51324,joy
2621,41402,pride
2622,6907,sadness
2623,5130,anger
2624,31390,relief
2625,31116,sadness
2626,51184,joy
2627,7180,anger
2628,51454,joy
2629,3195,sadness
2630,4671,anger
2631,51556,boredom
2632,51395,no-emotion
2633,6953,shame
2634,3113,anger
2635,6364,fear
2636,3942,relief
2637,3676,no-emotion
2638,441,anger
2639,697,anger
2640,4649,guilt
2641,41018,relief
2642,5691,anger
2643,52036,relief
2644,51085,shame
2645,51577,surprise
2646,786,joy
2647,31421,surprise
2648,3857,pride
2649,41082,pride
2650,52594,joy
2651,52802,shame
2652,41648,joy
2653,41722,pride
2654,5680,disgust
2655,4636,surprise
2656,3117,anger
2657,52256,sadness
2658,3462,shame
2659,51487,sadness
2660,52441,joy
2661,41262,relief
2662,3348,anger
2663,6154,boredom
2664,90,disgust
2665,51275,joy
2666,348,anger
2667,5727,surprise
2668,51611,relief
2669,6992,joy
2670,2226,trust
2671,51541,fear
2672,31286,surprise
2673,4639,fear
2674,51014,shame
2675,31147,guilt
2676,3283,boredom
2677,253,disgust
2678,52087,shame
2679,6852,anger
2680,60,anger
2681,52064,sadness
2682,589,disgust
2683,52118,sadness
2684,6221,anger
2685,51768,pride
2686,686,relief
2687,5996,shame
2688,51929,pride
2689,5361,boredom
2690,5225,sadness
2691,41632,joy
2692,41023,no-emotion
2693,52833,trust
2694,3686,disgust
2695,3211,anger
2696,6629,boredom
2697,31330,trust
2698,2161,pride
2699,51178,joy
2700,6575,anger
2701,41349,relief
2702,31180,anger
2703,2163,sadness
2704,4306,trust
2705,3189,boredom
2706,3587,joy
2707,6652,pride
2708,52347,shame
2709,5123,fear
2710,51531,no-emotion
2711,41299,joy
2712,41583,guilt
2713,3873,surprise
2714,52176,joy
2715,6906,surprise
2716,3237,boredom
2717,6603,boredom
2718,5873,fear
2719,5577,anger
2720,3804,pride
2721,4155,sadness
2722,4497,fear
2723,41352,relief
2724,74,boredom
2725,228,boredom
2726,358,sadness
2727,51435,fear
2728,52369,guilt
2729,4151,fear
2730,5661,anger
2731,6968,disgust
2732,6407,surprise
2733,4571,fear
2734,31118,sadness
2735,3378,fear
2736,5307,boredom
2737,3192,boredom
2738,52593,shame
2739,51774,pride
2740,3797,joy
2741,439,anger
2742,51575,joy
2743,52029,relief
2744,5769,fear
2745,41791,trust
2746,5371,boredom
2747,3604,pride
2748,2142,joy
2749,764,pride
2750,52874,relief
2751,7147,sadness
2752,3469,fear
2753,30,anger
2754,41202,relief
2755,458,anger
2756,51236,joy
2757,52045,relief
2758,52551,joy
2759,3498,sadness
2760,51962,relief
2761,6440,joy
2762,3983,relief
2763,52558,joy
2764,52225,sadness
2765,438,fear
2766,5704,disgust
2767,51837,relief
2768,52541,joy
2769,52502,joy
2770,41260,relief
2771,4868,pride
2772,5247,disgust
2773,6579,fear
2774,3819,pride
2775,2172,sadness
2776,6306,anger
2777,51515,surprise
2778,923,surprise
2779,41097,pride
2780,3712,no-emotion
2781,41862,fear
2782,6732,pride
2783,41343,joy
2784,363,anger
2785,4165,pride
2786,3451,fear
2787,5580,disgust
2788,52284,sadness
2789,51539,boredom
2790,6124,trust
2791,261,fear
2792,51153,pride
2793,51240,surprise
2794,5802,guilt
2795,4146,anger
2796,3584,joy
2797,5481,boredom
2798,52487,joy
2799,6122,surprise
2800,367,sadness
2801,51289,joy
2802,437,no-emotion
2803,726,fear
2804,783,joy
2805,51268,pride
2806,52337,shame
2807,7157,anger
2808,51835,relief
2809,52338,guilt
2810,4804,pride
2811,31340,no-emotion
2812,6249,disgust
2813,41671,pride
2814,51881,relief
2815,7187,sadness
2816,3338,anger
2817,382,no-emotion
2818,6281,disgust
2819,41872,joy
2820,51065,fear
2821,52718,relief
2822,5848,fear
2823,5953,fear
2824,52784,relief
2825,41111,joy
2826,429,anger
2827,31207,relief
2828,4337,anger
2829,466,anger
2830,3830,pride
2831,86,joy
2832,52823,trust
2833,5953,joy
2834,3645,relief
2835,41378,sadness
2836,52784,trust
2837,41111,pride
2838,51926,joy
2839,41020,no-emotion
2840,5471,boredom
2841,41142,pride
2842,7204,trust
2843,51139,joy
2844,52290,sadness
2845,52378,shame
2846,52866,pride
2847,52614,anger
2848,52742,joy
2849,713,anger
2850,2211,trust
2851,31398,surprise
2852,52448,surprise
2853,5341,boredom
2854,51897,relief
2855,51805,pride
2856,31220,surprise
2857,41479,sadness
2858,52051,sadness
2859,52198,sadness
2860,922,pride
2861,5306,boredom
2862,52323,shame
2863,2195,surprise
2864,51131,joy
2865,3220,boredom
2866,3254,disgust
2867,52368,relief
2868,2179,sadness
2869,224,boredom
2870,4692,guilt
2871,4655,guilt
2872,51562,boredom
2873,4929,no-emotion
2874,52628,joy
2875,6920,sadness
2876,3868,surprise
2877,3187,boredom
2878,588,anger
2879,5243,sadness
2880,3502,guilt
2881,3320,fear
2882,41882,pride
2883,3882,relief
2884,61003,disgust
2885,4431,disgust
2886,315,anger
2887,5456,anger
2888,468,anger
2889,287,joy
2890,2134,pride
2891,5515,disgust
2892,271,relief
2893,52077,sadness
2894,52533,surprise
2895,41515,sadness
2896,3704,pride
2897,51484,surprise
2898,41912,trust
2899,41630,joy
2900,41794,surprise
2901,5641,anger
2902,51458,disgust
2903,6258,disgust
2904,52327,guilt
2905,3493,shame
2906,5254,no-emotion
2907,7193,shame
2908,6848,sadness
2909,4821,pride
2910,51915,trust
2911,51713,joy
2912,52637,surprise
2913,3649,pride
2914,2180,sadness
2915,52343,shame
2916,41251,joy
2917,6546,boredom
2918,5420,boredom
2919,5388,boredom
2920,52821,no-emotion
2921,31124,shame
2922,4592,fear
2923,3528,sadness
2924,6933,fear
2925,31129,shame
2926,31317,trust
2927,3866,pride
2928,249,anger
2929,6801,relief
2930,5524,anger
2931,41814,trust
2932,5856,fear
2933,52398,shame
2934,743,boredom
2935,41503,sadness
2936,5705,disgust
2937,6235,guilt
2938,2168,anger
2939,3248,disgust
2940,6590,joy
2941,213,anger
2942,3225,boredom
2943,61098,fear
2944,3370,surprise
2945,912,relief
2946,51653,joy
2947,52371,fear
2948,51626,pride
2949,2182,sadness
2950,52488,surprise
2951,6403,shame
2952,3859,relief
2953,6619,boredom
2954,31203,relief
2955,3709,no-emotion
2956,41128,pride
2957,4904,fear
2958,6630,boredom
2959,6595,sadness
2960,52689,surprise
2961,2225,trust
2962,51901,joy
2963,51259,joy
2964,52633,relief
2965,6443,surprise
2966,7134,pride
2967,2210,joy
2968,4778,joy
2969,614,sadness
2970,41621,surprise
2971,3734,sadness
2972,6717,pride
2973,31067,sadness
2974,52197,sadness
2975,41628,surprise
2976,3339,anger
2977,6366,sadness
2978,52015,relief
2979,31060,sadness
2980,6333,fear
2981,3890,relief
2982,916,surprise
2983,41629,pride
2984,6573,fear
2985,51530,no-emotion
2986,31145,fear
2987,51591,relief
2988,4213,boredom
2989,52571,anger
2990,481,disgust
2991,31233,guilt
2992,4348,sadness
2993,41058,pride
2994,93,anger
2995,51866,relief
2996,3481,shame
2997,51096,pride
2998,52648,surprise
2999,52584,surprise
3000,6864,anger
3001,41220,relief
3002,256,disgust
3003,5936,shame
3004,6288,disgust
3005,4659,no-emotion
3006,6339,fear
3007,41045,relief
3008,52458,relief
3009,915,no-emotion
3010,51258,joy
3011,5210,sadness
3012,378,disgust
3013,4763,joy
3014,5774,fear
3015,744,boredom
3016,3923,relief
3017,3292,disgust
3018,6224,anger
3019,31234,relief
3020,3615,joy
3021,51953,relief
3022,5609,fear
3023,41236,surprise
3024,52550,joy
3025,41407,sadness
3026,4573,sadness
3027,51674,pride
3028,6954,shame
3029,255,disgust
3030,5329,boredom
3031,51694,pride
3032,280,sadness
3033,51688,pride
3034,31338,pride
3035,3701,sadness
3036,41661,surprise
3037,41763,joy
3038,2212,relief
3039,3302,sadness
3040,476,anger
3041,41228,relief
3042,51294,joy
3043,52895,joy
3044,690,shame
3045,52251,sadness
3046,3737,anger
3047,41239,relief
3048,4410,anger
3049,3118,anger
3050,3426,fear
3051,51414,sadness
3052,6370,surprise
3053,5298,anger
3054,6810,joy
3055,347,sadness
3056,7100,sadness
3057,52778,trust
3058,52012,relief
3059,3725,pride
3060,52860,trust
3061,41209,pride
3062,31177,surprise
3063,734,boredom
3064,52330,fear
3065,51652,joy
3066,51145,pride
3067,52451,sadness
3068,3605,pride
3069,31056,sadness
3070,5546,no-emotion
3071,39,anger
3072,3601,joy
3073,5605,disgust
3074,31143,guilt
3075,6329,fear
3076,51957,relief
3077,4490,fear
3078,3973,relief
3079,4254,boredom
3080,31062,sadness
3081,31307,trust
3082,617,anger
3083,31387,relief
3084,31015,sadness
3085,31332,trust
3086,52703,pride
3087,31034,sadness
3088,220,boredom
3089,51051,guilt
3090,521,anger
3091,31378,trust
3092,3401,surprise
3093,52339,guilt
3094,3480,shame
3095,31089,sadness
3096,51949,joy
3097,454,anger
3098,417,anger
3099,89,joy
3100,4327,disgust
3101,6106,boredom
3102,51285,joy
3103,41167,pride
3104,4504,fear
3105,3143,boredom
3106,5629,anger
3107,41102,joy
3108,3662,joy
3109,5920,fear
3110,51355,relief
3111,6337,fear
3112,52079,sadness
3113,51687,pride
3114,51751,no-emotion
3115,5752,no-emotion
3116,51442,boredom
3117,51047,guilt
3118,5149,sadness
3119,3423,shame
3120,2143,pride
3121,52444,surprise
3122,3157,boredom
3123,2231,trust
3124,5892,fear
3125,4496,fear
3126,5955,fear
3127,352,anger
3128,31347,pride
3129,4519,fear
3130,52374,guilt
3131,52782,surprise
3132,5725,anger
3133,3474,fear
3134,5263,boredom
3135,3344,disgust
3136,670,surprise
3137,6143,boredom
3138,7164,sadness
3139,5914,fear
3140,52102,sadness
3141,5240,no-emotion
3142,52316,shame
3143,51081,anger
3144,4217,boredom
3145,61031,trust
3146,5103,sadness
3147,5238,sadness
3148,52667,joy
3149,3274,disgust
3150,6808,joy
3151,3223,boredom
3152,787,joy
3153,31285,surprise
3154,52428,sadness
3155,6210,joy
3156,41760,relief
3157,51465,anger
3158,52428,surprise
3159,6210,joy
3160,51465,sadness
3161,51227,pride
3162,6304,sadness
3163,52428,anger
3164,6210,pride
3165,51465,surprise
3166,51227,joy
3167,3586,pride
3168,5734,fear
3169,31269,surprise
3170,3836,trust
3171,6492,joy
3172,52217,sadness
3173,6218,guilt
3174,3233,boredom
3175,4940,pride
3176,6728,pride
3177,5206,sadness
3178,41481,sadness
3179,6716,pride
3180,2218,trust
3181,52202,sadness
3182,52716,trust
3183,711,no-emotion
3184,6524,sadness
3185,52289,disgust
3186,2194,guilt
3187,52579,surprise
3188,3522,guilt
3189,52732,joy
3190,3414,fear
3191,4163,boredom
3192,51613,pride
3193,6565,relief
3194,5639,disgust
3195,41779,trust
3196,3431,fear
3197,4400,disgust
3198,52467,surprise
3199,51472,no-emotion
3200,6625,relief
3201,3576,joy
3202,3651,relief
3203,6831,sadness
3204,7200,fear
3205,51346,no-emotion
3206,6315,disgust
3207,6535,anger
3208,3944,relief
3209,6472,relief
3210,51595,surprise
3211,3864,pride
3212,51416,guilt
3213,6885,sadness
3214,51053,guilt
3215,3360,boredom
3216,5575,disgust
3217,31361,relief
3218,6277,anger
3219,52018,joy
3220,689,sadness
3221,52252,fear
3222,51849,anger
3223,47,anger
3224,31141,shame
3225,3427,fear
3226,751,anger
3227,84,boredom
3228,3773,joy
3229,6170,fear
3230,41844,pride
3231,628,anger
3232,41225,relief
3233,6938,guilt
3234,51241,no-emotion
3235,6804,relief
3236,51023,sadness
3237,51328,joy
3238,51946,anger
3239,51632,pride
3240,313,guilt
3241,7143,relief
3242,3612,joy
3243,81,boredom
3244,553,guilt
3245,52184,anger
3246,6957,guilt
3247,5689,disgust
3248,51918,relief
3249,52049,sadness
3250,3833,anger
3251,31146,shame
3252,41377,guilt
3253,61101,relief
3254,41278,relief
3255,4706,shame
3256,52050,sadness
3257,7175,disgust
3258,3328,disgust
3259,41311,anger
3260,51639,joy
3261,51732,joy
3262,31313,sadness
3263,6609,sadness
3264,3706,sadness
3265,41801,trust
3266,41589,shame
3267,31280,joy
3268,7175,anger
3269,5502,disgust
3270,6609,sadness
3271,5517,surprise
3272,41201,relief
3273,52365,guilt
3274,6290,sadness
3275,51263,relief
3276,3969,relief
3277,678,anger
3278,6582,joy
3279,52305,shame
3280,5841,fear
3281,31029,sadness
3282,6508,joy
3283,61094,joy
3284,41415,sadness
3285,3525,guilt
3286,525,disgust
3287,31077,sadness
3288,5284,anger
3289,51758,joy
3290,5951,fear
3291,5810,fear
3292,4281,sadness
3293,4174,boredom
3294,6502,joy
3295,3779,pride
3296,6915,anger
3297,5189,anger
3298,41425,relief
3299,41769,no-emotion
3300,3263,no-emotion
3301,51176,boredom
3302,5720,disgust
3303,52857,trust
3304,4874,joy
3305,5766,surprise
3306,31292,surprise
3307,51353,sadness
3308,3827,pride
3309,41287,surprise
3310,2120,relief
3311,41017,joy
3312,52116,boredom
3313,3589,joy
3314,4925,anger
3315,3919,sadness
3316,6598,boredom
3317,6761,fear
3318,6228,disgust
3319,449,sadness
3320,494,no-emotion
3321,5688,disgust
3322,51082,shame
3323,4269,guilt
3324,2230,fear
3325,31021,sadness
3326,21,surprise
3327,51883,relief
3328,52420,no-emotion
3329,6424,guilt
3330,52658,pride
3331,51067,shame
3332,52826,trust
3333,41871,guilt
3334,6789,relief
3335,52356,shame
3336,3347,disgust
3337,61097,joy
3338,3884,surprise
3339,31083,sadness
3340,6879,anger
3341,517,disgust
3342,5145,anger
3343,51882,relief
3344,3264,anger
3345,314,sadness
3346,4814,joy
3347,52822,trust
3348,745,disgust
3349,3492,guilt
3350,3966,relief
3351,52625,sadness
3352,51720,pride
3353,41795,pride
3354,51624,relief
3355,31181,surprise
3356,51300,joy
3357,31360,sadness
3358,3708,pride
3359,51792,relief
3360,5658,disgust
3361,41586,shame
3362,4408,sadness
3363,3533,anger
3364,26,shame
3365,323,anger
3366,3404,sadness
3367,6997,surprise
3368,289,joy
3369,51804,pride
3370,3321,disgust
3371,52520,no-emotion
3372,399,anger
3373,52828,relief
3374,5964,fear
3375,51992,joy
3376,41271,relief
3377,6537,boredom
3378,5601,relief
3379,6307,disgust
3380,340,anger
3381,4510,guilt
3382,4930,sadness
3383,428,anger
3384,3361,fear
3385,3159,boredom
3386,51982,relief
3387,560,anger
3388,51292,pride
3389,3272,disgust
3390,3138,fear
3391,6835,sadness
3392,52627,no-emotion
3393,31382,surprise
3394,510,fear
3395,825,joy
3396,7125,pride
3397,51597,joy
3398,3710,no-emotion
3399,52591,joy
3400,52434,pride
3401,2109,sadness
3402,3687,fear
3403,5981,relief
3404,31227,joy
3405,3399,fear
3406,6928,sadness
3407,3422,fear
3408,51922,pride
3409,52768,joy
3410,51092,relief
3411,6779,relief
3412,51807,pride
3413,52132,anger
3414,548,shame
3415,51705,pride
3416,620,disgust
3417,31114,sadness
3418,51474,sadness
3419,5929,fear
3420,6899,relief
3421,5567,no-emotion
3422,4666,shame
3423,31346,relief
3424,5754,fear
3425,5986,guilt
3426,41052,pride
3427,51249,joy
3428,3538,joy
3429,61021,sadness
3430,6174,anger
3431,6989,pride
3432,51017,no-emotion
3433,3140,sadness
3434,5796,fear
3435,4454,disgust
3436,51593,pride
3437,6602,no-emotion
3438,4987,pride
3439,51592,joy
3440,5684,anger
3441,3647,no-emotion
3442,910,boredom
3443,4583,surprise
3444,3811,joy
3445,2115,boredom
3446,3641,relief
3447,6162,fear
3448,4317,sadness
3449,52731,trust
3450,4976,sadness
3451,564,anger
3452,3893,relief
3453,31098,sadness
3454,3964,relief
3455,414,fear
3456,6468,joy
3457,5257,fear
3458,5700,anger
3459,3366,sadness
3460,6397,guilt
3461,4600,fear
3462,4538,surprise
3463,6283,disgust
3464,815,sadness
3465,3579,fear
3466,41693,shame
3467,52157,sadness
3468,3975,relief
3469,7179,trust
3470,51524,joy
3471,51826,relief
3472,3998,surprise
3473,41210,pride
3474,5109,sadness
3475,41363,relief
3476,7135,pride
3477,3672,no-emotion
3478,52521,joy
3479,7198,pride
3480,272,fear
3481,5568,shame
3482,31179,guilt
3483,2227,relief
3484,61018,anger
3485,3991,relief
3486,6836,sadness
3487,41830,pride
3488,2227,relief
3489,61018,sadness
3490,6836,anger
3491,41830,no-emotion
3492,5654,disgust
3493,3926,boredom
3494,4943,anger
3495,594,sadness
3496,612,anger
3497,797,pride
3498,495,no-emotion
3499,31009,guilt
3500,41007,boredom
3501,99,disgust
3502,6423,joy
3503,5653,sadness
3504,3260,anger
3505,3733,relief
3506,51996,relief
3507,4981,boredom
3508,5753,shame
3509,51945,surprise
3510,5158,anger
3511,657,disgust
3512,6436,pride
3513,623,sadness
3514,3644,joy
3515,41826,pride
3516,51479,joy
3517,52706,pride
3518,3107,shame
3519,3373,guilt
3520,3816,pride
3521,3519,guilt
3522,61071,relief
3523,52635,joy
3524,4517,fear
3525,71,boredom
3526,3620,joy
3527,41051,boredom
3528,52626,relief
3529,6729,joy
3530,51061,shame
3531,2117,anger
3532,52562,surprise
3533,5105,sadness
3534,6294,anger
3535,52645,joy
3536,4364,anger
3537,5276,boredom
3538,41658,surprise
3539,52598,joy
3540,3214,sadness
3541,6519,joy
3542,51436,shame
3543,41606,guilt
3544,3639,pride
3545,41835,joy
3546,5382,sadness
3547,51278,joy
3548,52738,fear
3549,381,anger
3550,96,guilt
3551,41529,fear
3552,6389,sadness
3553,31415,trust
3554,5916,shame
3555,3150,no-emotion
3556,51930,fear
3557,5538,sadness
3558,2228,relief
3559,6450,joy
3560,6101,boredom
3561,52704,pride
3562,52534,joy
3563,41013,surprise
3564,61096,trust
3565,349,anger
3566,3726,no-emotion
3567,6799,relief
3568,5798,joy
3569,3436,fear
3570,51801,pride
3571,51889,relief
3572,5556,shame
3573,52138,sadness
3574,51208,joy
3575,51857,relief
3576,51775,relief
3577,41641,surprise
3578,41789,trust
3579,6392,guilt
3580,51287,pride
3581,31154,shame
3582,3319,disgust
3583,41664,surprise
3584,3287,anger
3585,583,anger
3586,5339,boredom
3587,4928,guilt
3588,51710,pride
3589,41006,no-emotion
3590,4290,sadness
3591,41348,relief
3592,3523,guilt
3593,41548,guilt
3594,51111,pride
3595,41397,relief
3596,51281,no-emotion
3597,51598,joy
3598,4609,fear
3599,6320,guilt
3600,23,anger
3601,5773,fear
3602,41778,relief
3603,3131,boredom
3604,51136,joy
3605,68,anger
3606,52739,relief
3607,6161,relief
3608,5572,disgust
3609,562,anger
3610,4215,boredom
3611,276,pride
3612,41857,joy
3613,6916,sadness
3614,51136,joy
3615,52739,pride
3616,41654,pride
3617,6944,anger
3618,3618,joy
3619,41319,relief
3620,2158,no-emotion
3621,6156,boredom
3622,2105,surprise
3623,51329,joy
3624,4579,fear
3625,31174,guilt
3626,5413,no-emotion
3627,4117,sadness
3628,51185,pride
3629,740,trust
3630,2213,fear
3631,6192,shame
3632,52501,joy
3633,6204,relief
3634,51302,joy
3635,41581,guilt
3636,51730,pride
3637,4842,joy
3638,4842,joy
3639,5208,anger
3640,52341,shame
3641,41049,no-emotion
3642,4343,anger
3643,3290,disgust
3644,822,shame
3645,4170,boredom
3646,52827,relief
3647,51738,joy
3648,3697,boredom
3649,2138,pride
3650,2193,surprise
3651,52829,guilt
3652,4780,joy
3653,7160,shame
3654,6135,pride
3655,479,guilt
3656,3137,boredom
3657,7144,pride
3658,3542,joy
3659,393,anger
3660,3887,relief
3661,41208,pride
3662,2144,pride
3663,52396,shame
3664,5901,sadness
3665,6736,relief
3666,52472,joy
3667,5813,fear
3668,299,joy
3669,5550,disgust
3670,3936,joy
3671,52312,shame
3672,6418,guilt
3673,6374,fear
3674,6696,joy
3675,6181,boredom
3676,387,anger
3677,816,surprise
3678,51896,relief
3679,51534,joy
3680,559,anger
3681,5627,disgust
3682,31304,joy
3683,5600,surprise
3684,6815,relief
3685,5830,fear
3686,52196,sadness
3687,31183,surprise
3688,31070,guilt
3689,51635,pride
3690,52004,joy
3691,784,joy
3692,41507,sadness
3693,52282,sadness
3694,3603,pride
3695,6324,fear
3696,41109,pride
3697,52088,sadness
3698,41600,shame
3699,5730,fear
3700,3514,anger
3701,5130,anger
3702,31390,relief
3703,31116,sadness
3704,51184,joy
3705,7180,anger
3706,51454,boredom
3707,3195,boredom
3708,4671,guilt
3709,51556,no-emotion
3710,51395,boredom
3711,69,anger
3712,41895,joy
3713,6364,surprise
3714,3942,relief
3715,3676,boredom
3716,441,anger
3717,697,disgust
3718,4649,joy
3719,41018,relief
3720,5691,anger
3721,52036,relief
3722,51085,guilt
3723,51577,relief
3724,786,joy
3725,31421,relief
3726,3857,pride
3727,41082,pride
3728,52594,joy
3729,52802,fear
3730,41648,surprise
3731,41722,relief
3732,5680,disgust
3733,4636,fear
3734,3117,anger
3735,52256,sadness
3736,3462,fear
3737,51487,sadness
3738,52441,joy
3739,41262,relief
3740,3348,no-emotion
3741,6154,boredom
3742,90,anger
3743,51275,sadness
3744,348,fear
3745,5727,fear
3746,51611,fear
3747,6992,joy
3748,31147,guilt
3749,3283,anger
3750,253,shame
3751,52087,guilt
3752,6852,sadness
3753,60,anger
3754,52064,no-emotion
3755,589,disgust
3756,52118,sadness
3757,6221,anger
3758,51768,pride
3759,686,relief
3760,5996,guilt
3761,51929,pride
3762,5361,boredom
3763,5225,anger
3764,41632,joy
3765,41023,no-emotion
3766,6422,guilt
3767,51708,pride
3768,3211,boredom
3769,6629,boredom
3770,31330,trust
3771,2161,joy
3772,51178,relief
3773,5632,sadness
3774,4475,anger
3775,4802,joy
3776,52833,trust
3777,3686,boredom
3778,6575,disgust
3779,41349,relief
3780,31180,anger
3781,2163,sadness
3782,4306,boredom
3783,3189,sadness
3784,3587,joy
3785,6652,pride
3786,52347,shame
3787,5123,anger
3788,6906,anger
3789,3237,boredom
3790,6603,boredom
3791,5873,relief
3792,5577,disgust
3793,51531,no-emotion
3794,41299,joy
3795,41583,shame
3796,3873,pride
3797,52176,shame
3798,228,boredom
3799,358,anger
3800,51435,surprise
3801,52369,shame
3802,4151,fear
3803,6768,relief
3804,51670,pride
3805,3442,fear
3806,4571,fear
3807,31118,sadness
3808,3804,pride
3809,4155,guilt
3810,4497,fear
3811,41352,relief
3812,74,boredom
3813,3378,relief
3814,5307,boredom
3815,3192,sadness
3816,52593,fear
3817,51774,joy
3818,3797,joy
3819,439,anger
3820,51575,joy
3821,52029,relief
3822,5769,fear
3823,41791,trust
3824,5371,fear
3825,3604,pride
3826,2142,joy
3827,764,boredom
3828,52874,relief
3829,7147,shame
3830,3469,fear
3831,30,anger
3832,41202,pride
3833,458,anger
3834,51236,joy
3835,52045,relief
3836,52551,joy
3837,3498,sadness
3838,438,anger
3839,5704,disgust
3840,51837,relief
3841,52541,surprise
3842,52502,joy
3843,41260,relief
3844,4868,pride
3845,5247,no-emotion
3846,6579,fear
3847,3819,pride
3848,2172,relief
3849,6306,disgust
3850,51515,fear
3851,923,surprise
3852,41097,pride
3853,4165,joy
3854,3451,fear
3855,5580,disgust
3856,7192,guilt
3857,52679,pride
3858,720,shame
3859,3207,boredom
3860,52709,trust
3861,52284,sadness
3862,51539,relief
3863,6124,boredom
3864,261,fear
3865,51153,joy
3866,4539,fear
3867,41744,surprise
3868,41378,sadness
3869,52784,relief
3870,41111,pride
3871,429,no-emotion
3872,31207,relief
3873,367,shame
3874,51289,relief
3875,437,anger
3876,726,fear
3877,783,joy
3878,51268,pride
3879,52337,no-emotion
3880,7157,sadness
3881,51835,relief
3882,52338,guilt
3883,4804,joy
3884,31340,pride
3885,6249,disgust
3886,41671,surprise
3887,51881,fear
3888,51065,guilt
3889,52718,trust
3890,5848,fear
3891,4337,disgust
3892,466,no-emotion
3893,3830,pride
3894,86,pride
3895,52823,joy
3896,5953,fear
3897,3645,relief
3898,52742,pride
3899,713,surprise
3900,2211,trust
3901,31398,surprise
3902,52448,surprise
3903,51139,joy
3904,52290,sadness
3905,52378,guilt
3906,52866,trust
3907,52614,anger
3908,51926,joy
3909,41020,no-emotion
3910,5471,boredom
3911,41142,pride
3912,7204,relief
3913,5341,boredom
3914,51897,relief
3915,51805,pride
3916,31220,surprise
3917,41479,sadness
3918,52051,sadness
3919,52198,guilt
3920,922,joy
3921,5306,boredom
3922,52323,shame
3923,5306,boredom
3924,52323,shame
3925,2195,pride
3926,51131,joy
3927,3220,boredom
3928,3254,disgust
3929,52368,relief
3930,2179,sadness
3931,224,boredom
3932,4692,guilt
3933,4655,guilt
3934,51562,boredom
3935,4929,joy
3936,52628,pride
3937,6920,sadness
3938,3320,anger
3939,41882,pride
3940,3882,relief
3941,61003,sadness
3942,4431,disgust
3943,315,anger
3944,5456,anger
3945,468,surprise
3946,287,joy
3947,2134,pride
3948,5515,disgust
3949,271,relief
3950,52077,sadness
3951,52533,surprise
3952,41515,sadness
3953,5641,anger
3954,51458,relief
3955,6258,sadness
3956,52327,surprise
3957,3493,shame
3958,5254,anger
3959,7193,sadness
3960,3649,pride
3961,2180,anger
3962,52343,shame
3963,41251,pride
3964,6546,boredom
3965,61055,fear
3966,41847,pride
3967,2118,anger
3968,31124,shame
3969,4592,fear
3970,3528,sadness
3971,6933,anger
3972,31317,shame
3973,51713,joy
3974,52637,shame
3975,5420,anger
3976,5388,anger
3977,52821,relief
3978,31124,shame
3979,4592,surprise
3980,3528,guilt
3981,6933,sadness
3982,31129,shame
3983,5389,boredom
3984,2145,pride
3985,52398,shame
3986,743,boredom
3987,41503,anger
3988,3866,joy
3989,3546,relief
3990,6144,relief
3991,51441,boredom
3992,5389,boredom
3993,5705,anger
3994,6235,disgust
3995,6987,surprise
3996,281,shame
3997,3170,joy
3998,249,anger
3999,6801,pride
4000,5524,disgust
4001,41814,trust
4002,5856,fear
4003,51626,surprise
4004,2182,anger
4005,52488,anger
4006,6403,no-emotion
4007,3859,joy
4008,6619,boredom
4009,31203,pride
4010,3709,no-emotion
4011,41128,relief
4012,4904,fear
4013,6630,boredom
4014,6595,sadness
4015,52689,surprise
4016,2225,relief
4017,51901,relief
4018,51259,joy
4019,52633,pride
4020,6443,joy
4021,7134,pride
4022,2210,trust
4023,61098,pride
4024,3370,anger
4025,912,shame
4026,51653,joy
4027,52371,fear
4028,4778,relief
4029,614,shame
4030,41621,surprise
4031,3734,sadness
4032,6717,pride
4033,31067,sadness
4034,52197,anger
4035,41628,surprise
4036,3339,anger
4037,6366,fear
4038,52015,joy
4039,31060,sadness
4040,6333,fear
4041,3890,relief
4042,916,joy
4043,41629,joy
4044,6573,fear
4045,51530,boredom
4046,31145,shame
4047,51591,pride
4048,41058,relief
4049,93,disgust
4050,51866,relief
4051,3481,shame
4052,51096,joy
4053,5936,shame
4054,6288,disgust
4055,4659,anger
4056,6339,fear
4057,41045,guilt
4058,52458,relief
4059,915,no-emotion
4060,51258,joy
4061,5210,surprise
4062,378,anger
4063,6954,relief
4064,255,disgust
4065,5329,guilt
4066,51694,relief
4067,280,guilt
4068,6224,disgust
4069,31234,joy
4070,3615,trust
4071,51953,relief
4072,5609,guilt
4073,41236,joy
4074,52550,pride
4075,41407,guilt
4076,4573,anger
4077,51674,joy
4078,2212,trust
4079,3302,anger
4080,476,disgust
4081,41228,relief
4082,51294,joy
4083,52895,surprise
4084,690,anger
4085,52251,sadness
4086,3737,shame
4087,41239,relief
4088,51688,pride
4089,31338,guilt
4090,3701,sadness
4091,41661,surprise
4092,41763,joy
4093,4410,sadness
4094,3118,anger
4095,3426,fear
4096,51414,anger
4097,6370,surprise
4098,5298,sadness
4099,6810,relief
4100,347,sadness
4101,7100,sadness
4102,52778,trust
4103,52012,relief
4104,3725,boredom
4105,52860,trust
4106,41209,pride
4107,31177,guilt
4108,734,sadness
4109,52330,surprise
4110,51652,pride
4111,51145,no-emotion
4112,52451,anger
4113,3605,surprise
4114,31056,sadness
4115,5546,disgust
4116,39,anger
4117,3601,joy
4118,5605,disgust
4119,31143,fear
4120,6329,fear
4121,51957,relief
4122,4490,fear
4123,3973,relief
4124,4254,boredom
4125,31062,sadness
4126,31307,trust
4127,617,anger
4128,4594,fear
4129,3536,surprise
4130,3231,boredom
4131,52452,anger
4132,6981,joy
4133,31387,anger
4134,31015,sadness
4135,31332,trust
4136,52703,joy
4137,31034,sadness
4138,220,boredom
4139,51051,guilt
4140,521,sadness
4141,31378,trust
4142,3401,fear
4143,52339,guilt
4144,3480,anger
4145,31089,sadness
4146,51949,relief
4147,454,boredom
4148,417,anger
4149,89,relief
4150,4327,disgust
4151,6106,boredom
4152,51285,joy
4153,3937,relief
4154,6752,relief
4155,51041,sadness
4156,5880,fear
4157,51503,sadness
4158,41167,pride
4159,4504,fear
4160,3143,boredom
4161,5629,anger
4162,41102,joy
4163,3662,fear
4164,5920,anger
4165,51355,sadness
4166,6337,no-emotion
4167,52079,sadness
4168,5149,anger
4169,3423,fear
4170,2143,pride
4171,52444,surprise
4172,3157,boredom
4173,51687,joy
4174,51751,pride
4175,5752,fear
4176,51442,boredom
4177,51047,guilt
4178,2231,trust
4179,5892,fear
4180,4496,fear
4181,5955,fear
4182,352,anger
4183,4150,disgust
4184,6720,pride
4185,41780,trust
4186,5931,fear
4187,5356,boredom
4188,3474,fear
4189,5263,boredom
4190,3344,disgust
4191,670,anger
4192,6143,boredom
4193,6950,guilt
4194,410,disgust
4195,51005,guilt
4196,781,surprise
4197,4759,relief
4198,51081,sadness
4199,4217,boredom
4200,61031,trust
4201,5103,sadness
4202,5238,sadness
4203,51054,anger
4204,6110,boredom
4205,5166,anger
4206,7146,sadness
4207,2169,sadness
4208,31285,joy
4209,52428,sadness
4210,6210,joy
4211,41760,surprise
4212,51465,anger
4213,51227,joy
4214,3586,joy
4215,6304,disgust
4216,5734,fear
4217,31269,pride
4218,3836,anger
4219,6492,joy
4220,52217,shame
4221,6218,shame
4222,3233,boredom
4223,2218,surprise
4224,52202,sadness
4225,52716,surprise
4226,7164,sadness
4227,5914,relief
4228,52102,sadness
4229,5240,boredom
4230,52316,surprise
4231,51394,fear
4232,41759,sadness
4233,5642,anger
4234,5454,disgust
4235,7118,sadness
4236,711,boredom
4237,6524,joy
4238,52289,shame
4239,2194,surprise
4240,52579,fear
4241,3522,guilt
4242,52732,joy
4243,3414,fear
4244,4163,boredom
4245,51613,relief
4246,6565,guilt
4247,5639,anger
4248,51346,anger
4249,6315,fear
4250,6535,anger
4251,3944,joy
4252,6472,relief
4253,41779,trust
4254,3431,fear
4255,4400,disgust
4256,52467,surprise
4257,51472,guilt
4258,51595,pride
4259,3864,trust
4260,51416,guilt
4261,4768,joy
4262,2224,relief
4263,6625,relief
4264,3576,joy
4265,3651,no-emotion
4266,6831,sadness
4267,7200,fear
4268,3437,fear
4269,51795,no-emotion
4270,3325,no-emotion
4271,6885,sadness
4272,51053,guilt
4273,3360,fear
4274,5575,sadness
4275,31361,relief
4276,3467,fear
4277,52578,joy
4278,6829,sadness
4279,41651,surprise
4280,5561,anger
4281,6277,disgust
4282,52018,relief
4283,3427,surprise
4284,751,disgust
4285,84,boredom
4286,3773,no-emotion
4287,6170,fear
4288,41844,fear
4289,628,anger
4290,41225,sadness
4291,51799,pride
4292,52020,relief
4293,3315,disgust
4294,41674,surprise
4295,6308,disgust
4296,6938,guilt
4297,51241,no-emotion
4298,6804,relief
4299,51023,guilt
4300,51328,relief
4301,51946,anger
4302,51632,pride
4303,313,sadness
4304,7143,surprise
4305,3612,pride
4306,81,boredom
4307,553,anger
4308,52184,sadness
4309,6957,guilt
4310,5689,disgust
4311,51918,relief
4312,52049,sadness
4313,3833,anger
4314,31146,guilt
4315,41377,sadness
4316,3328,disgust
4317,41311,relief
4318,4706,guilt
4319,52050,sadness
4320,7175,anger
4321,5502,disgust
4322,6609,sadness
4323,51639,pride
4324,51732,pride
4325,31313,sadness
4326,61101,shame
4327,41278,relief
4328,31280,surprise
4329,52365,guilt
4330,6290,sadness
4331,51263,joy
4332,3969,relief
4333,5517,surprise
4334,41201,joy
4335,3706,no-emotion
4336,41801,trust
4337,41589,shame
4338,6508,joy
4339,61094,fear
4340,41415,sadness
4341,3525,guilt
4342,525,anger
4343,31077,sadness
4344,4174,boredom
4345,6502,joy
4346,3779,pride
4347,6915,anger
4348,4281,sadness
4349,41425,sadness
4350,41769,pride
4351,3263,disgust
4352,51176,joy
4353,51353,relief
4354,3827,joy
4355,41287,relief
4356,2120,joy
4357,41017,no-emotion
4358,6761,relief
4359,6228,disgust
4360,449,sadness
4361,494,anger
4362,5688,disgust
4363,52116,anger
4364,3589,joy
4365,4925,fear
4366,3919,relief
4367,6598,pride
4368,51082,fear
4369,4269,guilt
4370,2230,fear
4371,31021,joy
4372,21,anger
4373,51883,relief
4374,51390,no-emotion
4375,41681,surprise
4376,2129,no-emotion
4377,6796,relief
4378,41296,relief
4379,52420,pride
4380,6424,sadness
4381,52658,pride
4382,51067,guilt
4383,52826,fear
4384,230,boredom
4385,3948,relief
4386,4817,pride
4387,41688,trust
4388,51919,relief
4389,41871,trust
4390,6789,relief
4391,52356,shame
4392,3347,disgust
4393,61097,joy
4394,3884,surprise
4395,31083,sadness
4396,6879,anger
4397,517,disgust
4398,5145,anger
4399,51882,surprise
4400,3264,disgust
4401,314,sadness
4402,4814,relief
4403,52822,trust
4404,745,disgust
4405,3492,guilt
4406,3966,relief
4407,52625,sadness
4408,51720,pride
4409,41795,surprise
4410,51624,no-emotion
4411,31181,joy
4412,51300,joy
4413,31360,trust
4414,3708,no-emotion
4415,51792,pride
4416,5658,disgust
4417,41586,shame
4418,4408,disgust
4419,3533,no-emotion
4420,26,anger
4421,323,anger
4422,3404,relief
4423,6997,surprise
4424,289,joy
4425,51804,pride
4426,3321,disgust
4427,52520,joy
4428,399,anger
4429,52828,trust
4430,5964,fear
4431,51992,joy
4432,41271,relief
4433,6537,surprise
4434,294,joy
4435,6649,surprise
4436,6499,pride
4437,52596,joy
4438,762,fear
4439,5601,relief
4440,6307,shame
4441,340,anger
4442,4510,surprise
4443,4930,sadness
4444,428,anger
4445,3361,fear
4446,3159,boredom
4447,51982,relief
4448,560,sadness
4449,51292,pride
4450,3272,anger
4451,3138,boredom
4452,6835,sadness
4453,52627,sadness
4454,31382,relief
4455,510,fear
4456,825,joy
4457,7125,pride
4458,51597,joy
4459,3710,no-emotion
4460,52591,joy
4461,52434,pride
4462,2109,shame
4463,3687,surprise
4464,5981,fear
4465,31227,joy
4466,3399,fear
4467,6928,sadness
4468,3422,fear
4469,51922,relief
4470,52768,joy
4471,51092,pride
4472,6779,relief
4473,51807,pride
4474,52132,sadness
4475,548,anger
4476,51705,pride
4477,620,disgust
4478,31114,sadness
4479,51474,anger
4480,5929,fear
4481,6899,relief
4482,5567,disgust
4483,51017,disgust
4484,3140,sadness
4485,5796,fear
4486,4454,disgust
4487,51593,pride
4488,6602,boredom
4489,4987,pride
4490,51592,pride
4491,5684,anger
4492,3647,joy
4493,910,joy
4494,4583,fear
4495,3811,joy
4496,2115,boredom
4497,3641,pride
4498,3150,pride
4499,51930,fear
4500,5538,sadness
4501,52738,fear
4502,381,anger
4503,52157,sadness
4504,3975,surprise
4505,7179,sadness
4506,51524,joy
4507,51826,relief
4508,4538,surprise
4509,6283,disgust
4510,815,sadness
4511,3579,fear
4512,41693,anger
4513,3998,relief
4514,41210,pride
4515,5109,sadness
4516,41363,relief
4517,7135,joy
4518,3672,boredom
4519,52521,surprise
4520,7198,pride
4521,272,no-emotion
4522,5568,disgust
4523,31179,no-emotion
4524,41660,joy
4525,3450,fear
4526,51276,joy
4527,3267,anger
4528,3443,fear
4529,2227,pride
4530,61018,anger
4531,3991,relief
4532,6836,anger
4533,41830,fear
4534,5654,disgust
4535,3926,relief
4536,4943,sadness
4537,594,sadness
4538,612,anger
4539,797,pride
4540,495,no-emotion
4541,31009,guilt
4542,41007,boredom
4543,99,guilt
4544,6423,joy
4545,5653,sadness
4546,3260,anger
4547,3733,pride
4548,4981,no-emotion
4549,5753,fear
4550,51945,relief
4551,5158,anger
4552,657,disgust
4553,51996,relief
4554,4981,boredom
4555,6436,pride
4556,623,disgust
4557,3644,joy
4558,41826,relief
4559,51479,joy
4560,52706,pride
4561,52626,relief
4562,6729,joy
4563,51061,shame
4564,2117,no-emotion
4565,52562,surprise
4566,52635,joy
4567,4517,fear
4568,71,boredom
4569,3620,joy
4570,41051,boredom
4571,3107,anger
4572,3373,fear
4573,3214,boredom
4574,6519,no-emotion
4575,51436,no-emotion
4576,5105,sadness
4577,6294,disgust
4578,3816,pride
4579,3519,guilt
4580,61071,trust
4581,41658,joy
4582,52598,disgust
4583,52645,surprise
4584,4364,fear
4585,5276,anger
4586,31415,pride
4587,5916,fear
4588,41835,relief
4589,5382,boredom
4590,51278,joy
4591,2228,relief
4592,6450,surprise
4593,6101,boredom
4594,52534,relief
4595,61096,trust
4596,3726,disgust
4597,6799,relief
4598,52704,relief
4599,52534,no-emotion
4600,41013,sadness
4601,61096,trust
4602,349,anger
4603,5798,joy
4604,3436,fear
4605,51801,relief
4606,51889,relief
4607,5556,disgust
4608,52149,sadness
4609,6773,relief
4610,52777,pride
4611,52138,anger
4612,51208,pride
4613,51287,joy
4614,31154,sadness
4615,3319,surprise
4616,41664,anger
4617,3287,disgust
4618,583,anger
4619,5339,fear
4620,4928,boredom
4621,51710,pride
4622,41006,boredom
4623,4290,sadness
4624,41348,relief
4625,3523,guilt
4626,41548,shame
4627,51111,pride
4628,23,anger
4629,5773,fear
4630,41778,relief
4631,3618,joy
4632,41319,relief
4633,2158,relief
4634,6156,boredom
4635,2105,joy
4636,3131,boredom
4637,6916,sadness
4638,51136,joy
4639,68,anger
4640,52739,no-emotion
4641,6161,no-emotion
4642,41654,joy
4643,6944,anger
4644,5572,disgust
4645,562,anger
4646,4215,boredom
4647,276,guilt
4648,41857,relief
4649,3440,guilt
4650,41642,joy
4651,51231,pride
4652,3850,joy
4653,6869,anger
4654,51329,relief
4655,4579,fear
4656,31174,guilt
4657,5413,boredom
4658,4117,guilt
4659,51185,pride
4660,740,trust
4661,2213,trust
4662,6192,boredom
4663,52501,surprise
4664,6204,boredom
4665,51302,joy
4666,41581,shame
4667,51730,pride
4668,7160,guilt
4669,6135,joy
4670,479,anger
4671,3137,boredom
4672,7144,joy
4673,2138,pride
4674,2193,relief
4675,52829,trust
4676,4780,joy
4677,3542,joy
4678,393,anger
4679,3887,joy
4680,41208,joy
4681,2144,no-emotion
4682,52396,shame
4683,6696,pride
4684,6181,boredom
4685,387,anger
4686,816,no-emotion
4687,51896,relief
4688,5550,disgust
4689,3936,joy
4690,52312,anger
4691,6418,guilt
4692,6374,fear
4693,51534,surprise
4694,559,anger
4695,5627,disgust
4696,31304,trust
4697,5600,disgust
4698,6815,relief
4699,5830,fear
4700,52196,sadness
4701,31183,surprise
4702,31070,sadness
4703,41260,surprise
4704,4868,pride
4705,5247,no-emotion
4706,6579,fear
4707,3819,pride
4708,5730,fear
4709,3514,shame
4710,5130,disgust
4711,31390,relief
4712,31116,sadness
4713,3603,pride
4714,6324,fear
4715,41109,pride
4716,52088,sadness
4717,41600,anger
4718,7180,anger
4719,51454,joy
4720,4671,shame
4721,51556,no-emotion
4722,51395,no-emotion
4723,51184,joy
4724,7180,anger
4725,3195,boredom
4726,51556,no-emotion
4727,69,anger
4728,7180,anger
4729,51454,joy
4730,51556,boredom
4731,69,disgust
4732,41895,joy
4733,51324,fear
4734,41402,relief
4735,6907,guilt
4736,6953,sadness
4737,3113,anger
4738,6364,fear
4739,3942,relief
4740,3676,no-emotion
4741,441,disgust
4742,697,anger
4743,4649,pride
4744,41018,anger
4745,5691,disgust
4746,52036,relief
4747,51085,guilt
4748,51577,relief
4749,786,joy
4750,31421,surprise
4751,3857,guilt
4752,41082,pride
4753,52594,joy
4754,52802,fear
4755,41648,joy
4756,41722,relief
4757,5680,disgust
4758,52441,sadness
4759,41262,joy
4760,3348,surprise
4761,6154,boredom
4762,90,shame
4763,51275,sadness
4764,348,anger
4765,5727,fear
4766,51611,relief
4767,6992,joy
4768,4636,fear
4769,3117,disgust
4770,52256,sadness
4771,3462,fear
4772,51487,sadness
4773,2226,boredom
4774,51541,joy
4775,31286,surprise
4776,4639,fear
4777,51014,guilt
4778,60,anger
4779,52064,sadness
4780,589,disgust
4781,52118,sadness
4782,6221,anger
4783,31147,guilt
4784,3283,disgust
4785,253,sadness
4786,52087,shame
4787,6852,anger
4788,5225,sadness
4789,41632,surprise
4790,41023,no-emotion
4791,6422,shame
4792,51708,pride
4793,5632,anger
4794,4475,fear
4795,4802,joy
4796,52833,trust
4797,3686,relief
4798,3211,boredom
4799,6629,boredom
4800,31330,trust
4801,2161,joy
4802,51178,pride
4803,6575,disgust
4804,41349,relief
4805,31180,sadness
4806,2163,sadness
4807,4306,joy
4808,3189,boredom
4809,3587,joy
4810,6652,pride
4811,52347,shame
4812,5123,sadness
4813,51531,no-emotion
4814,41299,relief
4815,41583,shame
4816,3873,pride
4817,52176,boredom
4818,6906,shame
4819,3237,boredom
4820,6603,sadness
4821,5873,fear
4822,5577,anger
4823,3804,pride
4824,4155,sadness
4825,4497,fear
4826,41352,relief
4827,74,anger
4828,228,boredom
4829,358,anger
4830,51435,fear
4831,52369,disgust
4832,4151,fear
4833,5661,disgust
4834,6968,fear
4835,6407,surprise
4836,41607,sadness
4837,41360,relief
4838,6768,relief
4839,51670,joy
4840,3442,fear
4841,4571,fear
4842,31118,sadness
4843,3378,fear
4844,5307,boredom
4845,3192,boredom
4846,52593,shame
4847,51774,pride
4848,3797,pride
4849,439,anger
4850,51575,joy
4851,52029,relief
4852,5769,fear
4853,41791,relief
4854,5371,relief
4855,3604,joy
4856,2142,relief
4857,764,joy
4858,458,anger
4859,51236,joy
4860,52045,relief
4861,52551,relief
4862,3498,sadness
4863,438,anger
4864,5704,disgust
4865,51837,relief
4866,52541,joy
4867,52502,pride
4868,2172,sadness
4869,6306,anger
4870,51515,fear
4871,923,joy
4872,41097,surprise
4873,3712,no-emotion
4874,41862,fear
4875,6732,relief
4876,41343,pride
4877,363,shame
4878,720,boredom
4879,3207,boredom
4880,52709,surprise
4881,52284,guilt
4882,51539,relief
4883,6124,boredom
4884,261,fear
4885,51153,joy
4886,4539,fear
4887,41744,surprise
4888,52373,shame
4889,7113,pride
4890,41840,joy
4891,51240,surprise
4892,5802,fear
4893,367,shame
4894,51289,joy
4895,437,anger
4896,726,trust
4897,783,joy
4898,51268,pride
4899,52337,pride
4900,7157,sadness
4901,51835,relief
4902,52338,shame
4903,4804,pride
4904,31340,pride
4905,6249,disgust
4906,41671,surprise
4907,51881,fear
4908,7187,sadness
4909,3338,anger
4910,382,no-emotion
4911,6281,disgust
4912,41872,joy
4913,51065,anger
4914,52718,fear
4915,5848,no-emotion
4916,4337,disgust
4917,466,anger
4918,3830,pride
4919,86,pride
4920,52823,joy
4921,5953,fear
4922,3645,relief
4923,41378,sadness
4924,52784,relief
4925,41111,pride
4926,429,fear
4927,31207,pride
4928,52742,joy
4929,713,boredom
4930,2211,no-emotion
4931,31398,relief
4932,52448,surprise
4933,51139,pride
4934,52290,sadness
4935,52378,guilt
4936,52866,pride
4937,52614,surprise
4938,51926,joy
4939,41020,boredom
4940,5471,boredom
4941,41142,pride
4942,7204,relief
4943,5341,boredom
4944,51897,relief
4945,51805,no-emotion
4946,31220,surprise
4947,41479,sadness
4948,52051,sadness
4949,52198,sadness
4950,922,anger
4951,5306,boredom
4952,52323,shame
4953,2195,pride
4954,51131,joy
4955,3220,anger
4956,3254,disgust
4957,52368,relief
4958,2179,sadness
4959,224,boredom
4960,4692,guilt
4961,4655,no-emotion
4962,51562,pride
4963,588,trust
4964,5243,shame
4965,3502,guilt
4966,3320,anger
4967,41882,pride
4968,3882,surprise
4969,61003,surprise
4970,4431,disgust
4971,315,anger
4972,5456,anger
4973,468,sadness
4974,287,relief
4975,2134,relief
4976,5515,disgust
4977,271,surprise
4978,52077,sadness
4979,52533,surprise
4980,41515,sadness
4981,3704,sadness
4982,51484,relief
4983,41912,trust
4984,41630,joy
4985,41794,trust
4986,5641,anger
4987,51458,anger
4988,6258,fear
4989,52327,guilt
4990,3493,disgust
4991,5254,boredom
4992,7193,sadness
4993,3649,pride
4994,2180,shame
4995,52343,shame
4996,41251,relief
4997,6546,shame
4998,61055,fear
4999,41847,pride
5000,2118,sadness
5001,6613,boredom
5002,7161,sadness
5003,41847,pride
5004,6848,sadness
5005,4821,joy
5006,51915,no-emotion
5007,51713,pride
5008,52637,surprise
5009,5420,boredom
5010,5388,anger
5011,52821,no-emotion
5012,31124,disgust
5013,4592,surprise
5014,3528,guilt
5015,6933,fear
5016,31129,shame
5017,31317,sadness
5018,3866,joy
5019,3546,relief
5020,6144,relief
5021,51441,boredom
5022,5389,boredom
5023,6801,pride
5024,5524,sadness
5025,41814,pride
5026,5856,fear
5027,2168,sadness
5028,3370,anger
5029,912,sadness
5030,51653,joy
5031,52371,sadness
5032,6630,boredom
5033,2182,sadness
5034,52488,sadness
5035,6403,anger
5036,3859,joy
5037,61098,guilt
5038,6595,sadness
5039,52689,trust
5040,2225,disgust
5041,51901,relief
5042,6619,boredom
5043,31203,pride
5044,3709,boredom
5045,41128,pride
5046,4904,sadness
5047,51259,joy
5048,52633,relief
5049,6443,surprise
5050,7134,pride
5051,2210,trust
5052,4778,relief
5053,614,anger
5054,41621,joy
5055,3734,sadness
5056,6717,pride
5057,31067,sadness
5058,52197,sadness
5059,41628,surprise
5060,3339,anger
5061,6366,fear
5062,52015,relief
5063,31060,sadness
5064,6333,fear
5065,3890,relief
5066,916,surprise
5067,41629,joy
5068,6573,fear
5069,51530,joy
5070,31145,guilt
5071,51591,pride
5072,41058,relief
5073,52584,pride
5074,6864,sadness
5075,41220,relief
5076,256,disgust
5077,4213,no-emotion
5078,6288,disgust
5079,4659,guilt
5080,6339,relief
5081,41045,no-emotion
5082,52458,pride
5083,915,no-emotion
5084,51258,joy
5085,5210,shame
5086,378,anger
5087,4763,joy
5088,5774,sadness
5089,744,boredom
5090,3923,joy
5091,3292,disgust
5092,41236,joy
5093,52550,surprise
5094,41407,guilt
5095,4573,shame
5096,51674,pride
5097,6224,anger
5098,31234,relief
5099,3615,joy
5100,51953,relief
5101,5609,fear
5102,6954,joy
5103,255,disgust
5104,5329,guilt
5105,51694,pride
5106,280,sadness
5107,51688,joy
5108,31338,pride
5109,3701,sadness
5110,41661,surprise
5111,41763,joy
5112,2212,joy
5113,690,shame
5114,52251,sadness
5115,3737,fear
5116,41239,relief
5117,4410,anger
5118,6810,relief
5119,347,anger
5120,7100,sadness
5121,52778,relief
5122,52012,relief
5123,4254,anger
5124,31062,no-emotion
5125,31307,relief
5126,617,anger
5127,4594,sadness
5128,52452,anger
5129,31332,trust
5130,51051,shame
5131,52452,anger
5132,31015,sadness
5133,51051,guilt
5134,31378,trust
5135,52339,fear
5136,3536,surprise
5137,31332,trust
5138,31034,sadness
5139,52452,anger
5140,31387,trust
5141,31015,sadness
5142,220,boredom
5143,417,anger
5144,6106,boredom
5145,51285,surprise
5146,3231,boredom
5147,6981,surprise
5148,31332,trust
5149,220,boredom
5150,31015,sadness
5151,220,boredom
5152,3401,fear
5153,52339,guilt
5154,521,surprise
5155,31378,surprise
5156,52452,fear
5157,52703,joy
5158,31034,sadness
5159,521,shame
5160,89,sadness
5161,4327,disgust
5162,6106,boredom
5163,51285,trust
5164,3937,relief
5165,51949,relief
5166,454,anger
5167,417,anger
5168,89,fear
5169,4327,anger
5170,5920,anger
5171,51355,relief
5172,6337,fear
5173,52079,sadness
5174,51687,pride
5175,6752,relief
5176,51041,sadness
5177,5880,fear
5178,51503,no-emotion
5179,41167,pride
5180,4504,fear
5181,3143,joy
5182,5629,anger
5183,41102,joy
5184,3662,relief
5185,5892,fear
5186,4496,fear
5187,5955,anger
5188,352,anger
5189,4150,anger
5190,6720,sadness
5191,41780,relief
5192,5931,fear
5193,5356,joy
5194,31347,trust
5195,5263,boredom
5196,3344,disgust
5197,670,anger
5198,6143,boredom
5199,6950,guilt
5200,410,disgust
5201,51005,joy
5202,781,pride
5203,4759,relief
5204,51081,anger
5205,4217,boredom
5206,61031,trust
5207,5103,sadness
5208,5238,sadness
5209,51054,shame
5210,6110,boredom
5211,5166,anger
5212,7146,sadness
5213,2169,sadness
5214,52667,joy
5215,3274,disgust
5216,6808,relief
5217,3223,boredom
5218,787,joy
5219,31285,surprise
5220,52428,sadness
5221,6210,no-emotion
5222,41760,surprise
5223,51465,anger
5224,51227,joy
5225,3586,joy
5226,6304,fear
5227,5734,fear
5228,31269,pride
5229,3836,pride
5230,6492,joy
5231,52217,sadness
5232,6218,guilt
5233,3233,boredom
5234,4940,pride
5235,6728,pride
5236,5206,sadness
5237,41481,sadness
5238,6716,joy
5239,2218,relief
5240,52202,sadness
5241,52716,trust
5242,7164,sadness
5243,5914,fear
5244,52102,sadness
5245,5454,disgust
5246,7118,sadness
5247,711,relief
5248,6524,joy
5249,52289,sadness
5250,2194,pride
5251,52579,joy
5252,3522,guilt
5253,52732,joy
5254,3414,fear
5255,5880,fear
5256,51503,no-emotion
5257,4150,anger
5258,6720,pride
5259,41780,relief
5260,5931,surprise
5261,5356,relief
5262,31347,relief
5263,4519,fear
5264,52374,shame
5265,52782,trust
5266,5725,anger
5267,3474,fear
5268,5263,boredom
5269,51054,shame
5270,3586,fear
5271,4940,trust
5272,6728,relief
5273,5206,sadness
5274,41481,sadness
5275,6716,joy
5276,51394,fear
5277,41759,sadness
5278,5642,anger
5279,5454,boredom
5280,41779,trust
5281,3431,fear
5282,4400,disgust
5283,52467,joy
5284,51472,sadness
5285,6625,relief
5286,3576,joy
5287,3651,no-emotion
5288,4768,joy
5289,2224,trust
5290,51849,relief
5291,47,sadness
5292,31141,shame
5293,3427,fear
5294,751,anger
5295,6308,disgust
5296,51946,anger
5297,51632,pride
5298,313,fear
5299,7143,relief
5300,678,anger
5301,4387,disgust
5302,51445,no-emotion
5303,4582,fear
5304,4288,boredom
5305,31240,joy
5306,6582,no-emotion
5307,52305,shame
5308,5841,fear
5309,31029,sadness
5310,3525,guilt
5311,525,anger
5312,31077,sadness
5313,5189,anger
5314,5284,boredom
5315,51758,joy
5316,5951,fear
5317,5810,fear
5318,5720,disgust
5319,52857,trust
5320,4874,joy
5321,5766,anger
5322,31292,surprise
5323,51353,no-emotion
5324,3827,pride
5325,41287,no-emotion
5326,2120,relief
5327,41017,boredom
5328,52116,fear
5329,51390,joy
5330,41681,shame
5331,2129,joy
5332,6796,relief
5333,41296,relief
5334,52420,joy
5335,51919,relief
5336,52356,shame
5337,3347,disgust
5338,61097,joy
5339,3884,pride
5340,31083,sadness
5341,323,anger
5342,3404,fear
5343,6997,surprise
5344,289,joy
5345,51804,boredom
5346,3321,disgust
5347,52520,pride
5348,399,anger
5349,52828,shame
5350,5964,fear
5351,51992,joy
5352,41271,relief
5353,6537,surprise
5354,294,joy
5355,6649,joy
5356,6499,pride
5357,52596,relief
5358,762,fear
5359,3159,boredom
5360,51982,relief
5361,560,anger
5362,51292,pride
5363,3272,shame
5364,3138,fear
5365,6835,sadness
5366,52627,fear
5367,31382,surprise
5368,4666,shame
5369,31346,pride
5370,5754,sadness
5371,5986,guilt
5372,41052,pride
5373,51249,joy
5374,3538,joy
5375,61021,sadness
5376,6174,boredom
5377,4454,disgust
5378,51593,pride
5379,6602,relief
5380,4987,pride
5381,51592,relief
5382,5684,disgust
5383,3647,joy
5384,910,no-emotion
5385,4583,anger
5386,3811,pride
5387,6162,boredom
5388,4317,fear
5389,52731,trust
5390,4976,surprise
5391,564,anger
5392,3893,joy
5393,31098,sadness
5394,3964,relief
5395,414,fear
5396,6468,joy
5397,5257,boredom
5398,5700,anger
5399,3366,fear
5400,6397,guilt
5401,4600,fear
5402,4538,fear
5403,6283,disgust
5404,815,sadness
5405,51607,pride
5406,3443,fear
5407,3991,relief
5408,5654,disgust
5409,3926,joy
5410,495,no-emotion
5411,31009,sadness
5412,41007,boredom
5413,99,guilt
5414,6423,joy
5415,5653,fear
5416,3260,anger
5417,3733,pride
5418,52626,fear
5419,6729,relief
5420,71,boredom
5421,3620,joy
5422,41051,no-emotion
5423,3107,shame
5424,3373,sadness
5425,3816,pride
5426,3519,no-emotion
5427,61071,trust
5428,41658,joy
5429,52598,shame
5430,3214,surprise
5431,6519,joy
5432,51436,relief
5433,5105,anger
5434,6294,anger
5435,52645,relief
5436,5916,fear
5437,3150,no-emotion
5438,51930,relief
5439,5538,shame
5440,52738,fear
5441,96,guilt
5442,41529,anger
5443,6389,fear
5444,41606,guilt
5445,3639,joy
5446,41835,joy
5447,5382,boredom
5448,51278,relief
5449,2228,trust
5450,52149,sadness
5451,6773,relief
5452,52777,trust
5453,52138,sadness
5454,51208,joy
5455,51857,relief
5456,51775,pride
5457,41641,joy
5458,41789,trust
5459,6392,guilt
5460,51287,relief
5461,31154,fear
5462,3319,disgust
5463,41664,anger
5464,3287,sadness
5465,583,shame
5466,5339,boredom
5467,4928,no-emotion
5468,51710,pride
5469,41006,no-emotion
5470,4290,boredom
5471,41348,relief
5472,3523,guilt
5473,41548,guilt
5474,51111,pride
5475,68,anger
5476,52739,pride
5477,6161,boredom
5478,41654,joy
5479,6944,sadness
5480,3440,fear
5481,41642,joy
5482,51231,pride
5483,3850,pride
5484,6869,anger
5485,2213,fear
5486,6192,fear
5487,52501,surprise
5488,6204,fear
5489,51302,joy
5490,41581,sadness
5491,51730,pride
5492,4842,surprise
5493,5208,anger
5494,52341,shame
5495,52827,relief
5496,51738,joy
5497,52396,shame
5498,5901,fear
5499,6736,relief
5500,52472,joy
5501,5813,fear
5502,299,joy
5503,5550,disgust
5504,3936,pride
5505,52312,guilt
5506,6418,shame
5507,5627,disgust
5508,31304,trust
5509,5600,disgust
5510,6815,relief
5511,5830,fear
5512,51635,pride
5513,52004,joy
5514,784,joy
5515,41507,surprise
5516,52282,sadness
5517,4671,guilt
5518,51395,no-emotion
5519,41895,joy
5520,51275,sadness
5521,348,fear
5522,5727,surprise
5523,51611,relief
5524,6992,joy
5525,2226,boredom
5526,51541,fear
5527,31286,joy
5528,4639,fear
5529,51014,shame
5530,31147,guilt
5531,3283,disgust
5532,253,shame
5533,51768,relief
5534,686,relief
5535,5996,guilt
5536,51929,relief
5537,5361,boredom
5538,5661,anger
5539,6968,fear
5540,6407,guilt
5541,41607,sadness
5542,41360,relief
5543,6768,relief
5544,51670,pride
5545,3442,fear
5546,5371,no-emotion
5547,3604,joy
5548,2142,joy
5549,764,pride
5550,52874,relief
5551,7147,disgust
5552,3469,fear
5553,30,anger
5554,41202,pride
5555,458,anger
5556,51236,joy
5557,52045,relief
5558,52551,joy
5559,52558,joy
5560,52551,relief
5561,3498,sadness
5562,51962,joy
5563,6440,joy
5564,3983,trust
5565,52225,sadness
5566,3712,joy
5567,41862,fear
5568,6732,pride
5569,41343,relief
5570,363,guilt
5571,4165,sadness
5572,3451,fear
5573,5580,disgust
5574,7192,relief
5575,52679,trust
5576,720,boredom
5577,3207,shame
5578,52709,trust
5579,4539,fear
5580,5802,guilt
5581,4146,anger
5582,3584,joy
5583,5481,boredom
5584,52487,pride
5585,41872,joy
5586,52742,pride
5587,713,anger
5588,2211,trust
5589,31398,relief
5590,52448,surprise
5591,51139,joy
5592,52290,sadness
5593,52378,fear
5594,52866,trust
5595,52614,joy
5596,51131,joy
5597,3220,boredom
5598,3254,disgust
5599,52368,relief
5600,2179,sadness
5601,4929,pride
5602,52628,relief
5603,6920,anger
5604,3868,joy
5605,3187,boredom
5606,588,sadness
5607,5243,anger
5608,3502,guilt
5609,3320,no-emotion
5610,41882,pride
5611,468,anger
5612,287,joy
5613,2134,pride
5614,5515,disgust
5615,271,relief
5616,3704,joy
5617,51484,sadness
5618,41912,trust
5619,41630,joy
5620,41794,trust
5621,5641,anger
5622,51458,sadness
5623,6258,sadness
5624,3649,pride
5625,2180,sadness
5626,52343,sadness
5627,41251,relief
5628,6546,boredom
5629,61055,shame
5630,4821,pride
5631,51915,sadness
5632,51713,joy
5633,52637,surprise
5634,3546,pride
5635,6144,relief
5636,51441,boredom
5637,2145,pride
5638,52398,shame
5639,743,anger
5640,41503,anger
5641,5705,disgust
5642,6235,disgust
5643,6987,surprise
5644,281,shame
5645,3170,fear
5646,249,anger
5647,6801,pride
5648,2168,sadness
5649,3248,disgust
5650,6590,surprise
5651,213,anger
5652,3225,boredom
5653,51626,pride
5654,52488,anger
5655,6403,anger
5656,3859,joy
5657,61098,pride
5658,3370,fear
5659,52689,trust
5660,2225,trust
5661,51901,relief
5662,6619,boredom
5663,31203,pride
5664,41621,joy
5665,51866,joy
5666,3481,guilt
5667,51096,joy
5668,52648,relief
5669,52584,fear
5670,6864,sadness
5671,41220,relief
5672,256,disgust
5673,4213,boredom
5674,52571,no-emotion
5675,5774,fear
5676,744,boredom
5677,3923,relief
5678,3292,disgust
5679,41236,joy
5680,481,anger
5681,31233,guilt
5682,4348,sadness
5683,5936,fear
5684,4763,joy
5685,52550,pride
5686,41407,guilt
5687,51694,joy
5688,280,joy
5689,51688,pride
5690,31338,joy
5691,3701,sadness
5692,3302,anger
5693,476,anger
5694,41228,relief
5695,51294,joy
5696,52895,pride
5697,3118,anger
5698,3426,surprise
5699,51414,sadness
5700,6370,surprise
5701,5298,boredom
5702,6810,relief
5703,347,sadness
5704,3725,no-emotion
5705,52860,trust
5706,41209,pride
5707,31177,surprise
5708,734,boredom
5709,52330,shame
5710,51652,pride
5711,51145,joy
5712,52451,sadness
5713,3605,relief
5714,31056,sadness
5715,5546,anger
5716,39,no-emotion
5717,3601,joy
5718,5605,disgust
5719,31143,fear
5720,6329,fear
5721,51957,relief
5722,4490,fear
5723,3973,relief
5724,4254,boredom
5725,31062,sadness
5726,4594,fear
5727,3536,joy
5728,3231,boredom
5729,6981,surprise
5730,41780,relief
5731,4519,fear
5732,52374,shame
5733,52782,trust
5734,5725,fear
5735,3474,fear
5736,51394,fear
5737,41759,anger
5738,5642,sadness
5739,47,surprise
5740,31141,shame
5741,4387,anger
5742,51445,no-emotion
5743,4582,fear
5744,4288,boredom
5745,31240,surprise
5746,52857,boredom
5747,4874,joy
5748,5766,anger
5749,31292,surprise
5750,2129,sadness
5751,6796,fear
5752,41296,sadness
5753,294,pride
5754,6649,joy
5755,3272,shame
5756,5986,sadness
5757,41052,pride
5758,51249,joy
5759,3538,relief
5760,4454,disgust
5761,51593,pride
5762,6602,boredom
5763,4987,relief
5764,51592,surprise
5765,4976,guilt
5766,564,anger
5767,3893,relief
5768,31098,sadness
5769,3964,surprise
5770,51276,pride
5771,3267,disgust
5772,6375,surprise
5773,4461,anger
5774,52046,guilt
5775,4773,joy
5776,51607,pride
5777,99,shame
5778,6423,trust
5779,3519,guilt
5780,61071,trust
5781,52598,joy
5782,3214,no-emotion
5783,6519,joy
5784,51436,relief
5785,5105,sadness
5786,3639,joy
5787,51857,relief
5788,51775,joy
5789,41641,surprise
5790,41789,trust
5791,6392,shame
5792,5339,boredom
5793,4928,guilt
5794,41397,relief
5795,68,anger
5796,6161,joy
5797,41654,pride
5798,6944,sadness
5799,3440,fear
5800,41642,relief
5801,6204,joy
5802,51302,joy
5803,41049,no-emotion
5804,4343,anger
5805,3290,fear
5806,822,anger
5807,4170,sadness
5808,5901,fear
5809,6736,relief
5810,52472,joy
5811,5813,fear
5812,299,joy
5813,4639,fear
5814,51014,guilt
5815,41607,sadness
5816,41360,relief
5817,52874,trust
5818,7147,disgust
5819,3469,fear
5820,30,anger
5821,41202,pride
5822,51962,joy
5823,6440,joy
5824,3983,relief
5825,52558,joy
5826,52225,sadness
5827,7192,sadness
5828,52679,pride
5829,52373,shame
5830,7113,surprise
5831,41840,relief
5832,4146,sadness
5833,3584,joy
5834,5481,boredom
5835,5243,anger
5836,3502,guilt
5837,41630,joy
5838,41794,trust
5839,61055,no-emotion
5840,2118,anger
5841,6613,boredom
5842,7161,sadness
5843,6848,sadness
5844,4821,fear
5845,52648,relief
5846,52571,joy
5847,481,anger
5848,31233,surprise
5849,4348,sadness
5850,3923,pride
5851,3292,fear
5852,51414,shame
5853,6370,fear
5854,5298,boredom
5855,52782,trust
5856,5725,fear
5857,6110,anger
5858,5166,anger
5859,3223,boredom
5860,787,joy
5861,41760,relief
5862,51394,fear
5863,7118,sadness
5864,4163,boredom
5865,51613,no-emotion
5866,6565,sadness
5867,5639,anger
5868,3437,fear
5869,51795,pride
5870,5561,fear
5871,689,no-emotion
5872,52252,fear
5873,84,boredom
5874,3773,joy
5875,6170,sadness
5876,41844,guilt
5877,628,anger
5878,41225,relief
5879,51799,joy
5880,52020,relief
5881,3315,anger
5882,41674,surprise
5883,3612,joy
5884,81,boredom
5885,5517,surprise
5886,41201,relief
5887,3706,no-emotion
5888,6424,guilt
5889,230,boredom
5890,3948,relief
5891,4817,pride
5892,41688,surprise
5893,51593,pride
5894,3579,fear
5895,41693,sadness
5896,41660,joy
5897,3450,fear
5898,51276,pride
5899,3267,disgust
5900,6375,fear
5901,4461,anger
5902,52046,relief
5903,4773,joy
5904,51061,shame
5905,2117,anger
5906,52562,surprise
5907,52635,joy
5908,4517,fear
5909,51857,boredom
5910,51775,pride
5911,41641,surprise
5912,41789,trust
5913,6392,guilt
5914,41397,relief
5915,51281,joy
5916,51598,relief
5917,4609,fear
5918,6320,fear
5919,6161,joy
5920,41654,pride
5921,5572,disgust
5922,562,anger
5923,4215,boredom
5924,276,fear
5925,41857,pride
5926,41049,surprise
5927,4343,anger
5928,3290,disgust
5929,822,sadness
5930,4170,disgust
5931,51324,fear
5932,41402,pride
5933,6907,sadness
5934,6953,guilt
5935,3113,surprise
5936,52874,relief
5937,41744,sadness
5938,52373,shame
5939,7113,surprise
5940,41840,relief
5941,51240,sadness
5942,52487,pride
5943,6122,surprise
5944,7187,sadness
5945,3338,anger
5946,382,disgust
5947,6281,disgust
5948,3868,joy
5949,3187,boredom
5950,588,anger
5951,41847,joy
5952,2118,sadness
5953,6613,no-emotion
5954,7161,shame
5955,6848,sadness
5956,51915,relief
5957,2145,pride
5958,6987,joy
5959,281,guilt
5960,3170,fear
5961,249,anger
5962,3248,disgust
5963,6590,boredom
5964,213,shame
5965,3225,boredom
5966,3734,surprise
5967,6717,pride
5968,31067,sadness
5969,52197,shame
5970,93,anger
5971,52860,trust
5972,41209,pride
5973,31177,shame
5974,734,sadness
5975,52330,fear
5976,51957,joy
5977,4490,fear
5978,3973,relief
5979,6375,fear
5980,3325,sadness
5981,3467,surprise
5982,52578,relief
5983,6829,sadness
5984,41651,sadness
5985,553,anger
5986,52184,sadness
5987,6957,shame
5988,5689,disgust
5989,5502,no-emotion
5990,4461,fear
5991,52046,fear
5992,6122,boredom
5993,6613,boredom
5994,7161,shame
5995,6987,surprise
5996,281,shame
5997,3170,fear
5998,3726,no-emotion
5999,3649,pride
