,text_id,text,author_emotion
0,215,people get under my skin. Like for example if an entitled customer shows up at my work and  demands to speak to my manager for a simple issue that I can resolve. This happens on almost a daily occurrence and it really makes me angry.,anger
1,216,"I was driving on the highway and someone cut me off and brake checked me, almost causing a car accident",anger
2,217,someone misunderstands me and takes it out of context,anger
3,218,a child called me a name behind my back after i had told him off due to his behaviour.,anger
4,219,"I was driving home from work and an individual pulled out in front of me very abruptly, almost causing me to crash into them.",anger
5,21,I went outside my house to find a dozen large boxes had been delivered by my father in law for a thousand canning jars that we didn't want.,anger
6,22,"A nurse in a hospital gave my mother too much insulin and then ran out of her supply the next day, telling my on the phone that we did not bring enough. They did not tell me about the overdose until later that day when I brought in extra.",anger
7,23,"the side of my car got sideswiped, leaving a lot of damage which cost a lot of money to repair which wasn't my fault.",anger
8,24,I had my facial reconstruction and was not given any pain meds afterwards due to them not believing that I couldn't swallow and being unwilling to give anything via IV.,anger
9,25,"I was too hot, I was unable to find the cable for my work monitor and my VPN log in was not working for work.",anger
10,26,A person close to me belittled my actions,anger
11,27,I realised that someone I trusted completely does not trust me to the same extent,anger
12,28,Someone did not do the shopping when they said they would.,anger
13,29,When the women over the road don’t look after her animals,anger
14,210,a granparent died,anger
15,211,when my friend betrayed me,anger
16,212,"My girlfriend went out and got drunk and disappeared for a few hours which was fine for her to do but if I don't answer my phone for a while, it automatically means I'm cheating.",anger
17,213,I am struggling financially and it is not my fault.,anger
18,214,when someone came in at work and wasn't wearing a mask and coughed over my shoulder during the covid-19 pandemic,anger
19,392,I felt ANGER when people I cared and trusted talked badly about me behind my back. I had told them how much this bothered me before and yet they still did it.,anger
20,393,I was treated unfairly by other people.,anger
21,394,My car didn’t start,anger
22,395,"nurses that I work with consistently make it known that they refuse to be vaccinated against COVID-19. Our hospital is in crisis mode due to one of the worst waves of COVID we've ever seen, and yet they refuse to be responsible in their own line of work.",anger
23,396,I felt ANGER when my friend's girlfriend touched my stuff without permission.,anger
24,398,A manager totally blocked an idea that was for charity,anger
25,399,I felt anger when I walked outside to my garden and saw that deer ate a lot of the plants,anger
26,3100,my dad left my family,anger
27,3101,"Whilst working under high pressure largely keeping  a business afloat single-handedly I was asked for key management data. I took time out to calculate and prepare it, outlined both the maximum, likely and minimum outcomes by a point in time and showed why that was the case, including the details that at each point following the date concerned the outcomes would improve almost exponentially, week on week. After doing so, was told by my colleague that he would report a different, utterly unobtainable figure to the board, because they wouldn't want to hear the actual figure, despite needing to know actual figures for planning and management purposes.",anger
28,3102,my brother took something without asking and used half of it,anger
29,3103,My co worker who is roughly 20 - 30 years older than me walking away from customers when they come asking me to serve them while she pretends to be working. This happens all the time and I can't do anything as she is older and is respected upon management.,anger
30,3104,my child was rude,anger
31,3105,"when i was young and was sexually assaulted, i was at subway with my friend we biked there and i dont know if you want details but he sexually assaulted me, i did nothing and told no one cause i was young and scaed but now that i am 20 looking back i wish i acted differently, i hope hes dead or in jail",anger
32,3106,I feel anger when my mother and father don't understand my depression and anxiety.,anger
33,3107,my mother made me feel like a child,anger
34,3108,I lost a very heated game of League of Legends,anger
35,3109,I felt that my hard work has not been recognised or paid off,anger
36,3110,I was teaching someone,anger
37,3113,I felt anger when another driver pulled out Infront of me on a very dangerous road and almost caused me to crash,anger
38,3115,When my roommates wouldn't let a friend of mine stay there for the night when they had nowhere to sleep and were not accommodating at all,anger
39,3116,I wasn't promoted to a supervisor role over a colleague who just started,anger
40,3117,I was cheated on.,anger
41,3118,A man was walking late at night with his dog off a leash. It ran into my garden and killed my sleeping cat. He walked away without saying or doing anything until he saw me chasing after him down the street with a large kitchen knife.,anger
42,3123,my sister's boyfriend broke into her house and hit her in the head with a hammer.,anger
43,30,my partner gaslights me to get money from me for alcohol and cannabis,anger
44,31,"I felt anger when I was rejected via email for a job after having completed 4 separate interviews with the company. I felt this way because, up until then, I felt that the process had gone very well, and, having gotten so far, I was very excited at the prospect of getting the job.",anger
45,32,"Despite severe depression & PTSD, I got a well-paying job & started college- which no one in my family had ever done- & my grandmother, who is my last remaining family member alive, didn't bother to give me even a simple ""Good job"", I'm proud of you"", absolutely nothing. She acts like it's nothing, & even talks down to me. I have no idea why she's always been this way towards me & it's incredibly infuriating & honestly hurtful.",anger
46,33,"someone promised me they would do something, and then when the time came they said they couldn't commit to it anymore. this meant that I could no longer ask someone else to complete said task, which made me feel some anger.",anger
47,35,I went to the hospital and met a long queue to see the doctor.,anger
48,37,people belittle me/others (this happens frequently with one of my coworkers and i have no idea why it always makes me so angry),anger
49,38,"I felt ANGER when someone hit my car a few weeks ago, and then the police listed me as the at fault driver when I am definitely not.",anger
50,39,When my partner didn’t help with kids and just slept in with out a care or consideration,anger
51,310,My line manager micro manages me,anger
52,311,someone mistreated me,anger
53,312,My girlfriend's dog was unwell and she was procrastinating taking him to the vet last year,anger
54,313,Because I've lost some money for a while.,anger
55,314,My ex broke up with me,anger
56,315,"I felt ANGER the other day because our fire alarm in the building went off as Tropical Storm Ida came through - we had to stand outside in a torrential downpour. I had my cat with me and she was freaking out as well. My boyfriend told us to go to his car to sit since we were drenched and the rain was not going to stop anytime soon. We got in the car and my cat was still freaking out - my roommate wanted my boyfriend to turn on some music and make it loud. We both told him no because my cat was having trouble with everything going on. Also, she is 17, so she is quite old, so I worry about her stress levels. After we told him no, he then proceeded to sing VERY loudly and when we scowled at him for it, he said ""well she is meowing and stressed either way"", and he did not care that she was having trouble and that I was trying to calm her down. That made me angry.",anger
57,318,I was cheated on with my best friend.,anger
58,319,I was watching football,anger
59,320,there was traffic,anger
60,322,When my boyfriend was going through his Instagram followers and clicked on a girls profile and looked at a girls Instagram picture of her butt.,anger
61,323,"I was travelling on a country road when a car was pulling out from a side lane, the driver stopped at the junction than proceeded to pull out on front of me. I had to perform an emergency stop  to avoid driving into the car. The driver went down the road and I caught with her at a junction and had strong words.",anger
62,324,I felt anger when my son who has special needs and he was not given then services that he was promised. I was so angry watching him struggle because adults broke their promise to help him,anger
63,325,because I fail to reach anywhere in time.,anger
64,326,because i did not reach my goal in time.,anger
65,327,When someone miss my instruction.,anger
66,329,when some one did not response on my call.,anger
67,330,"my friends would hang out without me, i know this shouldn't bother me but unfortunately i can be a very jealous person sometimes, this is something i am working on because i know being angry only effects me not them",anger
68,331,i was punched,anger
69,332,Brexit a few years ago,anger
70,334,somebody stole my jacket,anger
71,335,MY EX ARGUED WITH ME BECASUE I WAS MISUNDERSTOOD,anger
72,336,I was arguing,anger
73,337,my cat chewed through the telephone cable,anger
74,339,I was pushed by my opponent during a netball match.,anger
75,340,A next door neighbour has once again started running generators and power tools.,anger
76,341,some cut me off in traffic,anger
77,342,Someone lied to me and betrayed my trust.,anger
78,343,I was being accused and demonized for things I did not do or characterizations that are not accurate.,anger
79,344,people push my boundaries and attempt to control my way of living.,anger
80,345,"My meth head uncle attacked my mother, his sister.",anger
81,346,I fell behind in homework for school,anger
82,347,I felt anger when my partner invalidated my feelings.,anger
83,348,my mom’s boyfriend was arguing with me,anger
84,349,My best friend found out he had been cheated on for over 2 years.,anger
85,350,My girlfriend cheated on me. Because broke my trust,anger
86,351,i felt angry when i got cheated on,anger
87,352,I felt anger when my boyfriend got upset about me going out to a bar with my friends because he doesn't trust me and he has no reason not to,anger
88,353,"I felt anger when a woman wasted several hours asking me for product photos, videos, stating she was extremely interested, and proceeded to order it, but then after a few hours stated that her and her husband wanted to save up for something more expensive instead (implying that our products were wrongfully cheap when in fact we price our items significantly lower than our competitors because we don't feel comfortable with taking a higher margin, despite having the exact same quality as competitors 10x our price, if not better). It just felt like I worked this hard on product research, pricing my things at an accessible point for no reason.",anger
89,354,I feel anger when there are messes around the house.,anger
90,355,"I felt anger when my sister, after continuously ignoring my clear boundary of entering my private space and home without my knowledge or permission, became angry with me for changing the locks and refusing to give her a key.",anger
91,356,"I felt anger when my boyfriend did not know how to react when I was in a very depressed state. We got into an argument, and I started to cry. He responded, ""Crying doesn't fix anything."" His coping mechanisms when he is upset is very different than mine. I like to take some time for myself to recollect my thoughts, while he likes to talk about it immediately.",anger
92,358,"I remember couple of weeks ago while driving, a man hit my car from behind and he didn't bother apologizing or wasn't remorseful towards the situation. I got quite upset because he was trying to put the blame on me and was angered that I almost hit him due to the rage in me.",anger
93,360,I got passed over for a job opportunity. I felt as though the company had wasted my time as they chose an internal applicant.,anger
94,361,My dog bit me,anger
95,362,my laptop was stolen last year,anger
96,363,"when my mom makes comments about what I eat ( happens often) i know its from her insecurities but she knows i work out everyday and still feels the need to make comments like ""you're going to eeat all that.. didnt you just eat etc)",anger
97,364,misgendered,anger
98,365,my ex-partner belittled me,anger
99,366,I was having difficulty in new things,anger
100,367,My mom body-shamed me,anger
101,368,I felt ANGER when trying to organise my wedding and a guest was being very unhelpful,anger
102,371,I was racially profiled. Because of my skin colour,anger
103,372,I felt ANGER when the bus was late and I needed to get to work at a certain time. I had to go to another stop and get another bus. When I got on the driver was rude to me.,anger
104,374,When my mom didn’t do my laundry after I asked her to and she forgot,anger
105,375,my friend stood me up,anger
106,376,my neighbour was unbelievably rude and disrespectful on christmas evening of all evenings,anger
107,377,I last felt intense anger when a boy I was seeing (and left a 3 year relationship for) decided we weren't meant to be together after a small disagreement. He then decided to flirt with me for the next several months until he started seeing someone else. He still occasionally does this. His family is incredibly wealthy and I feel that he enjoys dictating situations as if he owns people.,anger
108,378,"I felt anger when my mom did something wrong and immature. When I tried to talk to her about how wrong her behaviour was, she gaslight me and played the vicitm.",anger
109,379,I do not feel understood or are under too much pressure,anger
110,380,I felt anger when I seen a woman being racially abused in the street.,anger
111,381,I got jumped at the store and lost all my money,anger
112,382,a work colleague did not fulfil a task that she was supposed to.,anger
113,383,my workplace does not appreciate my hard work and efforts.,anger
114,384,my friend in the passenger's seat would not help with directions when I was driving in a big city with lots of traffic and didn't know where I was going,anger
115,385,I was told I wasn't getting refunded for a paid vacation.,anger
116,386,When I got a speeding ticket when I was right around the corner from my home. I was mad at myself because I didn't realize I was speeding and financially I can't afford to pay a fine right now. Also the cop talked to me in a very belittled manner.,anger
117,387,I misplaced my car keys,anger
118,388,2 of my colleagues went behind my back,anger
119,389,I was having an argument with my dad as I felt he was being irrational.,anger
120,459,i think about the person who ran me over off road driving and hasnt faced any punishment/still does it,anger
121,460,I felt anger when my boyfriend does not plan things for us to do together. A specific time is when my boyfriend suggested earlier in the week we could go out on a walk at the weekend. The weekend came and when I asked him about the walk he advised he had no planned anything. Because this was a pattern of him doing it over and over again I became angry as his lack of preparation made it seem like he did not care.,anger
122,461,made redundant after 10 years doing a job I loved.,anger
123,462,My neighbour accused me of harrassing her when she was harrassing me.,anger
124,464,I  saw someone who used to be a very good friend who completely ignored me,anger
125,465,When my in-laws turned up 2 hours late for a booked restaurant meal and not for the first time either.,anger
126,466,someone moved my personal belongings,anger
127,467,I feel anger when people judge people without getting to know them. I see this often in my job as I work with homeless people and they are often preconceived as waste of spaces from many people. A key event was when I was taking one of these people to an appointment and the person that was leading the appointment looked down their nose at the client.,anger
128,468,I found out my ex partner had been unfaithful.,anger
129,470,My tutor talk to me and treated me like a child when I am an adult,anger
130,471,I found out my daughter was being picked on at school,anger
131,472,"I was at my work as a store manager for a fashion retailer. A customer threatened me with physical violence because I wouldn’t refund a garment they she had worn. It wasn’t faulty , she had changed her mind after wearing.",anger
132,474,I felt anger when being called a liar by a friend resulting in an argument,anger
133,475,"A manager and colleague had a meeting, then called me in to confront me about my behaviour. I was angry and felt put on the spot and defensive. In hindsight it was handled incorrectly and I only I wish instead of reacting in anger and upset I had instead asked for 10 details of the meeting and some time to prepare beforehand.",anger
134,476,My ex partner lied to me for 4 years and when I found out he showed no remorse and treated me like I was the one in the wrong,anger
135,478,my parents had accidentally found a photo of my boyfriend and I kissing. They did not know I was in a relationship and long story short they forced me to end the relationship or else I would be taken out of college and kicked out.,anger
136,40,"My partner accused me of ""not pulling my weight""",anger
137,41,a friend decided to stop speaking with me based on a lie.,anger
138,43,Someone commented on my baby crying whilst i was trying to checkout my shopping,anger
139,44,I felt anger when somebody let down somebody I love on a special day.,anger
140,45,My daughter was accused of stealing with no proof despite there being plenty other people around who could have done it,anger
141,46,my friend broke my trust and a promise to me,anger
142,47,one of my friends hit another one of my friends while drunk.,anger
143,48,Someone was picking on my daughter at school,anger
144,49,A friend decided to cut all ties with me for a reason I didn’t understand. It felt out of the blue and I’d just moved to the same city as them so I also felt vulnerable.,anger
145,410,My ex boyfriend started dating a new girl only a few months after he broke up with me.,anger
146,412,My partner made a mess of the house I has just spent hours cleaning. We don't live together so it's my home.,anger
147,413,"A partner I thought considered me a good person accused me of being cruel to their child, which I would never do and made me angry they thought I could.",anger
148,414,My waters broke early during pregnancy,anger
149,416,Someone very close to me hid and deleted messages from a drug dealer,anger
150,417,My home insurance company messed up my insurance claim,anger
151,418,when I found a voice message on my phone confirming my fathers affair,anger
152,419,"my rent was due, as usual on the 17th of the month. I’ve spent the whole month worrying about money and bills and not being able to afford to live. On top of this, it is my daughters first birthday a week after rent is due and a week before payday. I felt anger at the world, at myself, at my situation and at my family. How do my partner and I spend all our time working and we can’t afford to pay our rent or guiltlessly give our daughter the perfect first birthday, even on a budget. I don’t need it to be at all expensive, I just wanted to be able to afford the basics!",anger
153,420,My boss would not give me time off for bereavement...so I quit.,anger
154,421,"A friend mocked me, because I felt belittled",anger
155,422,I did not feel I was being listened to.,anger
156,423,I earn more money than my husband but I don’t see the benefit of it as I have to pay off his debt,anger
157,424,I ended things with my partner,anger
158,425,"I was running late in the morning after having a long night where I couldn't sleep. Went downstairs in a rush, wanted to make myself coffee but the machine just kept blinking and not warming up -- got angry at the machine because it wasn't working right when i felt i needed the most",anger
159,426,People don’t do their jobs,anger
160,428,Someone I interact with at work called me at 5pm the evening before a bank holiday to complain about an email update I had sent,anger
161,429,When someone threatened me in front of my children,anger
162,430,The government put up NI rates,anger
163,431,When my boyfriend's boss dismissed him,anger
164,432,When I was doing bad in my college classes,anger
165,433,"My mother told me that she hated me, and wished I was never born. I felt anger because I had tried to support her on numerous occasions and had it thrown back in my face.",anger
166,434,my brother turned his girlfriend against me whilst I was abroad with her.,anger
167,435,My sister-in-law disrespected me.,anger
168,437,.. when a person I served at work ignored what I asked causing me to make a computer error,anger
169,438,My ex boyfriend would control whatI did and who I could see,anger
170,439,"My son was moved down to a lower level team so that the son of his position coach could move to the varsity level team. In the game right after this happened, his son was responsible for multiple penalty plays and committed multiple errors.",anger
171,440,My mum passed away from cancer,anger
172,441,I felt anger because my boyfriend cheated on me,anger
173,442,No one helps around the house,anger
174,443,Break up with partner,anger
175,444,My boss disciplined me even though I had done nothing wrong,anger
176,445,"I felt anger when I was questioned about the validity or factual accuracy of a comment I had made and was mocked for it, despite it being correct.",anger
177,446,when I went to say hi to my boss who turned his head just as I was about to speak and pretended to talk to someone else.,anger
178,447,My mother and I got into a heated argument about my finances.,anger
179,449,"my friend said something offensive to me, I voiced that I was hurt, and he invalidated my feelings.",anger
180,450,"Something that made me angry was when I completed an assignment for my degree and I was 1% off a first. Why would someone give me a mark so close, what's the point?",anger
181,452,Life threw an unexpected wrench in my plans,anger
182,454,Although I work full time I still have to do all the housework,anger
183,456,"another parent at school wrongly accused my child of saying/doing something that he didn't do. This was not the first time, in fact it had gone on for about two years and this time was the final straw. It was time for me to stick up for my child and put a stop to it once and for all. My child was a target i guess, we had concerns over autism/adhd and this parent really took advantage of that. On this occasion, it was a Friday afternoon and the teacher asked to speak with me, so in i went. I knew it was serious as the Deputy head was also there. They explained that my child (year 3) had told a reception kid that his grandad was going to bring a gun to school (now bear in mind that this parent also knows that we (my husband) has a shotgun licence) and that her child was scared. This was also not the first time that she had made reference to my child and guns at school. I sat, i listened and i thought, its not really my childs style. I asked when this was said and i was told it was said over the xbox. I asked if this was by message or speaking on the mic and the teacher confirmed it was over the mic. This is where i knew that this was not right as my child headset was broken and he was unable to talk to people unless he sent a message! The anger rose up inside me. This parent lives right next to the school and when i left i was so angry that i went to confront and started banging on the door (not like me at all). She wasn't in and in hindsight it was probably a good thing she wasn't in! I was so angry that afternoon that i really dont know what i would have done if she answered as anger had just consumed me. I went home and spoke with my child and he completely denied the allegations and i believed him. I was seething all weekend and by the Monday she contacted me and asked if we could sort things out. Long story short, she admitted that it was a case of he said, she said, Ben said and that she had not hear the words come out of his mouth. This was 6 years ago and still to this day i can not forgive all that she put my child through.",anger
184,457,i was being bullied in school,anger
185,458,"An older man was in the wrong lane at a round about. He nearly hit me, I had to slam on and his answer was well move then I didn’t hit you, it’s no big deal!",anger
186,4120,"my car broke unexpectedly and needed to get repaired before I could drive it again, unable to get on public transport.",anger
187,4121,when my boyfriends boss said a raise wouldn't make him happier,anger
188,4122,I felt anger when I witnessed two middle aged men knock over an elderly person with no remorse or stopping to help the person get back to their feet also didn’t apologise,anger
189,4123,Loss of job covid,anger
190,4125,I was stuck away from home with no ride for over a week longer than planned.,anger
191,4129,I felt anger when people at work don’t use their common sense.,anger
192,4130,When I was in a lesson where the teacher was bad,anger
193,4131,Someone uses my stuff without asking and doesn’t put it back,anger
194,4134,My work colleague demeaned my role,anger
195,4135,I was trying to find something important that I hadn't used since I moved into this house over a year ago. I searched everywhere I could think off all day and couldn't find it,anger
196,4136,"I was not given recognition in work, while a coworker was given recognition for work I had done",anger
197,4137,My ex partner got away with physically abusing me.,anger
198,4139,I felt anger when I caught my jeans belt loop on the door handle.,anger
199,4141,when my boss would do a football quiz with the men and leave the women out,anger
200,4142,"rumours that were not true, were spread about me.",anger
201,4143,"A person I assumed was a close friend, turned on me because I am not always running after her every demand, she likes attention too much, too high maintenance and on this one occasion I was too busy to go out with her she starts to get spiteful.",anger
202,4145,I felt anger when I failed critical exams during college due to bullying,anger
203,4146,I felt ANGER when I was at uni and someone stole my fishcake from the freezer. Had nothing to eat in the evening that day.,anger
204,4147,I felt anger when I was thrown out of the house I lived in by my mother.,anger
205,4148,Someone lied to me,anger
206,4149,My siblings don't listen to what I tell them to do and repeat actions they know no one in the house likes i.e. not washing their dishes,anger
207,4150,My mother invited my unvaccinated sister and her son over to play with my kids without my knowledge.,anger
208,4151,robbed and vunrable,anger
209,4152,I felt anger when my parents got a divorce.,anger
210,4153,when my husband doesn't want to spend time with his child.,anger
211,4154,I felt anger when a cyclist came hurtling out of a junction without looking and I nearly hit them as it was my right of way.,anger
212,4155,My partner moved out while I was at work,anger
213,4156,someone made light of my mental health and treated it as unimportant.,anger
214,4157,I feel somewhat due to being mistreated in the workplace,anger
215,4158,my ex-husband took me back to court over child custody.,anger
216,4159,"i felt anger when an ex partner cheated. the sheer anger that rips through your body is un forgettable. not only was i angry at him i was also angry at my self for letting it get me that angry, a few word where said that i would never say out with the anger",anger
217,499,when my friends were too drunk and expected me to look after them,anger
218,4101,a male in a crowed bar walked directly into me,anger
219,4102,when I was blamed for stealing from a previous job.,anger
220,4104,I missed the bus by a minute or so. I was angry at myself for not walking to the stop faster/waking up early etc.,anger
221,4105,my university cancelled a course I needed to take.,anger
222,4106,My brother decided to leave me out of a family engagement.,anger
223,4107,I felt anger when I went on a date and the man ignored me afterwards never speaking to me again.,anger
224,4110,When my father left and moved several hundred miles away from me and my family.,anger
225,4112,I felt anger because I was accused for an offense I didn't commit,anger
226,4113,"Someone at our church wrote my husband, who is the pastor, a letter complaining about one of his lessons.",anger
227,4114,"My surbodinate lied that I was misusing my company's fund for my selfish interest. I was really mad. However, the truth later surfaced that I was innocent of her accusations.",anger
228,4115,i felt anger when my upstairs neighbour ignored me telling him he had a leak and my bathroom was flooded as a result.,anger
229,4116,"I felt anger when I was betrayed by my wife. She actually went ahead and slept with another man behind my back. When I found out, I was so angry I had to voluntarily go on a leave at work because I couldn't concentrate.",anger
230,4117,I got a low score on my biology quiz.,anger
231,4118,I was in school all day everyday,anger
232,4119,My opinion and concerns weren't being listened to.,anger
233,479,I felt anger when my sister assumed I would watch her children because I felt she was taking advantage,anger
234,481,i was in a restaurant and they forgot my order but they blamed me for it. i was still charged for the meal even though i never received it.,anger
235,482,I felt anger because I was doing a raid on Pokemon Sword and the AI kept choosing bad moves.,anger
236,483,my boyfriend lied to me about walking a girl home from a party,anger
237,484,When I broke my laptop screen,anger
238,485,Someone talked bad about my friend in front of me thinking I didn't hear or understand them,anger
239,486,Being at work and colleagues miss treating service users,anger
240,487,I felt anger when my cows escaped and it took 3 hours to get them back to their field on foot when I was unwell.,anger
241,488,my mother-in-law interfered in my parenting,anger
242,489,A client never showed up for a work meeting after a 4 hour drive,anger
243,490,"of the growing discourse in views between the common folk of my area. Seemingly every conservative has fallen off of the deep end of the alt-right side of the spectrum, and people who are centerists or even slightly leaning left are vilified.",anger
244,491,I was advised I would be promoted then they gave it to someone else,anger
245,492,I felt anger when I was ignored and left out of my supposed friend group just because I was unable to drive at the time.,anger
246,493,My grandma fell because her children didn’t care for her properly,anger
247,494,my husband left the house in a mess,anger
248,495,I have to go to work,anger
249,496,The item I wanted to purchase online went out of stock.,anger
250,497,I felt anger when I couldn't merge onto the highway because somebody wanted to beat me in line.,anger
251,498,I felt anger when I handed in my resignation at work and my employers were not very supportive of this and made my final weeks in the job really difficult and stressful.,anger
252,590,Someone told me I was useless when I was just trying my best to help them. They were a customer.,anger
253,591,"My father and I had completely stopped seeing eye to eye, and he made a comment about my girlfriend which I took exception to and I lashed out at him.",anger
254,592,My mum started grumbling about me watching 'Squid game' on Netflix.,anger
255,593,people are bigots.,anger
256,594,My dad died suddenly,anger
257,596,when my Son smashed a window with his ball,anger
258,597,I felt anger when my girl friend told me that she was no longer in love with me again,anger
259,598,My dad died because the doctors didn’t find out what was wrong with him till it was too late,anger
260,5100,someone lying to me and blaming their behaviours on someone else,anger
261,5101,I was told I wasnt good enough for a job,anger
262,5102,"my two daughters would not stop fighting over a book in their bedroom. I had already asked them to be quite and to separate, but the youngest could not stop herself by continuing the argument. We have all been at home due to COIVD for the last 10 weeks and this was just too much for me.",anger
263,5103,My daughter wasn’t invited to her best friends birthday party because her mum doesn’t like her,anger
264,5104,I was devastated by my mother's death and was very angry with the doctor.,anger
265,5105,My teenage son lies in bed all day,anger
266,5106,"My dad was giving horrible advise, hypocritical and not staying consistent with his statements to my sister who was experiencing a break up which happens regularly not just with her but other people as well when discussing with others over romantic relationships.",anger
267,5107,i was forced out of my job pregnant,anger
268,5108,"I had my doctors appointment and they weren't listening to me about how I felt and were just brushing me off, I've had symptoms for over a year and I'm angry I'm yet to have answers or someone seem like they want to actually help.",anger
269,5109,Four years ago I lost my favorite wristwatch that my wife gave me.,anger
270,5110,my line manager said I was doing the right thing in leaving my job as a mother to be a mum full time.,anger
271,5111,I was not allowed to work flexibly at my place of work.,anger
272,5112,My car failed it’s MOT,anger
273,5114,When I was robbed before,anger
274,5115,"My girlfriend whom i broke up with and asked not to contact me, did so. Just to wish me a happy birthday.",anger
275,5116,"i was not called out for an award which i was meant to recieve, my name was skipped mistakenly.",anger
276,5118,when it is taking a long time to get sorted for when i move house,anger
277,51,"I continuously bump into walls and start a cycle of impatience throughout a day. A chain loop that starts with frustration, but continues to make me concentrate less and by the fifth or so time I bump into a wall I'm genuinely angry and want to scream.",anger
278,52,When I tested positive for covid,anger
279,53,I missed the bus,anger
280,54,my partner cheated on me,anger
281,55,"car insurance claim, advised to accept 50/50.  But I was not at fault.",anger
282,56,a customer at work was being very impolite to me.,anger
283,57,Sophie was rude to me,anger
284,58,because i couldn't get to work on time as there was traffic,anger
285,59,I felt anger when my parents were fighting particularly bad one evening.,anger
286,510,When my workplace asked us to start working in the office again,anger
287,511,I lost £50 in an online sports bet last night,anger
288,512,My neighbours were playing basketball and the ball kept hitting my car and the glass in my door.,anger
289,513,family members have a strong preference for one of my siblings.,anger
290,514,People keep panic buying fuel which I need for work!,anger
291,515,when a friend abused me,anger
292,516,when work wound me up,anger
293,517,I felt anger when details of the Sarah Everard case came out.,anger
294,518,Someone rear ended me,anger
295,519,"I was ""dismissed"" from my husband's family after 43 years of marriage by his sister.",anger
296,520,When I was quing for the post office yesterday and the guy at the end of the que kicked off at me because I was queuing outside. The sign stated only 3 people inside and there was 3 ahead of me already. I tried explain this to him but he kept getting annoyed and angry with me and wouldn't leave me alone.,anger
297,521,A child that I was looking after was refusing to get off the bathroom floor and she needed to go to bed. Whenever I intervened she pushed me away,anger
298,522,when my husband cheated on me,anger
299,524,I was playing a sports game and my team was making really simple errors and turning on each other and i got frustrated and then angry because no one would take responsibility for their performance and we were losing by a lot of points,anger
300,525,my neighbour rudely woke us and the whole neighbourhood up when she came back from the pub drunk and then was trying to smash up her boyfriend van,anger
301,529,I felt anger when my housemate kept me up at night.,anger
302,530,my girlfriend took my lunch,anger
303,531,I found out that my colleague was behaving unprofessionally.,anger
304,532,"I was hit by a car whilst riding my motorcycle, and the car just drove away. They put their finances over my life.",anger
305,534,The bus didn’t stop for me,anger
306,535,got into an argument with my roommate about losing our house deposit,anger
307,536,A friend was unnecessarily rude to his partner.,anger
308,537,"The guy next door blocks my drive for hours for no reason, he has a driveway too",anger
309,538,I felt angry when a member of the family did not attend my wedding due to a disagreement with another family member.,anger
310,539,"A felt a situation was morally wrong. I was managing an internal video production when a member of staff walked past and ask to support and be in the video. There was no talk of payment and the participation was voluntary. The next week I received an email saying the member of staff wanted extra pay for their involvement to which i said no. The member of staff went to their Union and as such we ended up paying them, which I believe was condoning their inappropriate behaviour",anger
311,540,I found out my ex was cheating,anger
312,541,I was skipped in a queue to check in at an airport,anger
313,542,"I failed a 10 credit university exam which meant I had to take a supplementary year. Upon starting this supplementary year the unit that I had failed was changed into a 20 credit unit which has more content, and I was not registered for teaching so I would have to teach it to myself. The exam was also capped at 40% so even if I got a higher percentage in the exam I would only receive 40%, and it was weighted as a 20 credit unit even though I only failed a 10 credit unit, so my average grade for the year would go down.",anger
314,543,"my parents were scammed out $200.  Last year, my Dad noticed a charge on his Debit for over $200CAD for DoorDash, a service that was not even available in our area at the time.  I felt angry that my parents were subject to fraud such as this, and how they were treated by the bank while trying to figure out what had happened.",anger
315,544,"I was in a meeting with a social worker and other people regarding my teenage daughters welfare and the social worker made flippant comments such as 'we'd all like to find an island and put our teenagers on it for a few years' completely disregarding the real struggle my family was having, my daughter in particular",anger
316,547,someone shouted at me,anger
317,548,when my girlfriend said i was ugly,anger
318,549,I was walking my dog who was very young at the time and a man started to swear and shout at me to keep my dog away from him and his dog. I had seen him do the same to others even pushing and kicking someone else's dog and all of these people were women.,anger
319,550,"My mother decided to arrange a wedding for my daughter without telling me , she told all other close family members",anger
320,551,"In the car with a member of my family, who volunteered to drive us in order to save me the stress and physical exertion of navigating/driving (I have a chronic illness which is easily triggered by this). They constantly interrupted my conversation with another passenger to ask me questions about what route to take and what to do, despite the fact they were using a navgiation app which told them everything they needed to know, they were driving in an area they were familiar with, and they had explicity offered to drive so I did not have to do that.",anger
321,552,at the hospital the nurse did not check my temperature correctly - I then had to check it myself,anger
322,553,a colleague entered a new situation at work and was annoyed and moaning rather than coming to me first to ask questions about the situation they had assumed the worst.,anger
323,554,My sisters boyfriend had attitude when i was helping him for free at his house.,anger
324,559,I felt anger because i missed my bus and i was already later for a meeting.,anger
325,560,I lost in a video game after I had invested over 45 minutes in trying to complete a level in the game. I was angry because I had lost all my progress and the past 45 minutes felt like they counted for nothing and were wasted.,anger
326,561,I was repeatedly and unjustifiably turned down for promotions at work.,anger
327,562,"My husband missed an important call, because his phone was on silent AGAIN!",anger
328,564,a colleague took credit for my hard work,anger
329,566,a bin bag exploded in the kitchen,anger
330,567,"I felt anger when one of my friends decided not to show up for a musical performance at my school that we needed him to be involved in. It disrupted the day and we had to get someone else to play his part. It made me frustrated and angry to the point where I wanted to hit something or knock something over because he had done it before, and my friend was annoyed as well.",anger
331,568,When my boyfriend fell asleep when I was busy telling him a story that I had been waiting al day to tell him and was excited to share but he fell asleep half way through even though I’ve been travelling and on the road since 6.30am til 5,anger
332,569,My boss asked me to work another shift when I had already worked 60 hours that week even when I was on a 15 hour contract,anger
333,570,Someone made negative comments toward another member in a Facebook group I'm part of,anger
334,571,i do not have money,anger
335,574,I was racially harassed when enjoying a family day out in London,anger
336,575,I felt anger when my coworker refused to help when it was really necessary,anger
337,576,My wife and I just lost our custody appeal and have now lost our son to his evil bio dad,anger
338,577,my boyfriend didn't help me clean the flat,anger
339,578,when my employer discriminated against me,anger
340,579,Argument with my sister,anger
341,580,I was blamed for something at my new job that they had no proof I did. Me and another worker were both doing said task and either of us could have easily made the mistake.,anger
342,581,Someone skipped in front of me in the petrol station queue,anger
343,582,My husband had an affair,anger
344,583,I was questioned on how much effort I put into my work. I had given it my best and that was seen as lazy and unfinished work in my supervisor's view. I was angry that my work was considered subpar and bothered me a lot.,anger
345,584,"I was trying my hardest to win a competitive video game, but my team mates weren't pulling their own weight.",anger
346,585,An incompetent mistake by a colleague resulted in me having to redo work which took almost an entire day,anger
347,586,my father decided to come around to my flat to tell me what a disappointment I was to him,anger
348,587,I was the victim of a burglary. People broke into my house in the middle of the day when I was at work. They ransacked my house and stole numerous items of monetary and sentimental value.  They were never caught and I don't believe the police took the crime very seriously.,anger
349,588,when i was cheated on,anger
350,589,I felt anger when my partner waited to tell me 3 months later that he had texted his ex-partners.,anger
351,5180,when a lady hit my car on a roundabout because she was driving too fast and she tried to blame me after we stopped our cars to look at the damage.,anger
352,5181,I felt anger when someone broke into my car and stole my purse.,anger
353,5182,I was fired from my job,anger
354,5183,I was trying to get my broken TV fixed by the supplier,anger
355,5184,"I felt anger when received a frightening letter from a debt collection agency despite never having borrowed money or been in debt at all in my life. I checked my credit score and credit information and it was much lower than I anticipated. It turned out it was because I was the victim of identity theft and someone had opened credit cards in my name but without my knowledge or permission. I then had contacted the collection agency who were extremely rude and threatening and after months of back and forth, I eventually was able to prove the debt wasn't mine. However, during this time I uncovered an email address attached to the credit card accounts that very closely matched one similar to that my stepdad uses so I was furious and phoned him up to confront him about it. He denied it but to this day, neither my partner or I trust him and I avoid contact with him as much as possible.",anger
356,5185,I felt anger when losing in video games as it was frustrating and made me angry at myself and the game.,anger
357,5186,Of a colleague who was not a team player,anger
358,5187,A housemate had friends over who took loads of drugs and smashed mirrors and messed up the house,anger
359,5188,"my parents divorced when I was 7.  My mom left one night, and the next morning I woke up to see my Dad and my brother crying in the living room.  For years I felt so angry about it, not knowing the true reasons behind it.  I still do feel mad about it sometimes, but I’ve been able to manage it better in the last few years.",anger
360,5189,my housemate couldn't find room in the freezer for his shopping and took one of my items out and just left it carelessly in the fridge and defrosted,anger
361,5190,my husband behind my back and took out multiple loans in order to help his eldest son (My step son). I only found out when my husband had to tell me due to the fact his son stopped repaying and we had to file for bankruptcy. I was very angry as some of the cards were jointly owned. My husband had also used our young childrens savings to try and cover the loans until his son could pay. So lost everything.,anger
362,5191,I felt angry when my son got stuck in the middle of a zip line and then the man in charge then put my husband down it hurting my son.,anger
363,5192,I could not understand the teacher who made no effort to explain the concept,anger
364,5194,My grandparents were cruel to my mother,anger
365,5195,A Friend turned their back on me for no reason,anger
366,5196,"a person gaslighted me, denying an event that happened.",anger
367,5197,My ex beat me and left me in an empty house,anger
368,5198,I felt anger when one of my colleagues was rude to me for no reason last week.,anger
369,5199,someone drove into the back of brand new car - 2 days after collecting,anger
370,5200,I had no hot water for weeks over the christmas period,anger
371,5201,"at work I was told by a coworker that I ""worked too hard"" and then was told by the same coworker later that day that he expected me to have been done already.",anger
372,5202,I wasn't given a refund for a bus ticket I couldn't use,anger
373,5203,I was discriminated against at work,anger
374,5204,I felt angry few days back when my car engine got stucked on my way to work. I couldn't  do anything because  there was no car servicing personnel  around that area.,anger
375,5205,I was let down by a friend,anger
376,5206,unfair things happen,anger
377,5207,I had a co-worker from another dept try to blame my manager and I for a mistake she made.,anger
378,5208,"I felt anger when an internet order would not refund my properly for their mistake and when I emailed to explain the problem they just sent back automated answers that didn’t answer. So after 4 emails a person finally answered and then agreed to refund, however the refund when it came through wasn’t all the money back!",anger
379,5209,"Another member of the art co op that I have my art studio in put himself forward for my treasurer role without consulting me until less than a day before. He arranged his friends to vote for him. It was widely acknowledged that I did my role exceptionally well under difficult circumstances (covid and the co op had to relocate/nearly folded during my time). Yet other personalities wanted to have representation on the managing committee based on their friendships, not on the process of the co op. The irony was that I wanted to pass on the role anyway, but doing so in such an abrupt way was irresponsible as well as the obvious deception and disregard for all my hard work. The roles in the co op are all voluntary which makes it even worse that an atmosphere of competition was set up when we could have collaborated and had a nice smooth handover transition period.",anger
380,5210,A friend who I thought was a friend turned out to not be,anger
381,5211,when I seen a group of kids mocking another kid on the street,anger
382,5212,I was badly mocked for being overweight,anger
383,5214,I felt anger when i heard about the false information about me that was flying around my workplace that i sexually abused a girl. I confronted the person that started the misinformation and he apologized and also tendered a public apology,anger
384,5215,"I was rejected from a job for be ""too qualified"" and that the people offering me the job presumed I would get bored very quickly of the job and stagnate or leave early, when that was not the correct assumption to make.",anger
385,5216,my housemate shamed me for what I was wearing,anger
386,5217,My brother had went into my car and taken my chips that I had been saving.,anger
387,5219,My partner didn’t help out at home after I had my baby,anger
388,5220,Co-worker not doing her job and causing issues,anger
389,5221,when my partner broke plates by accident,anger
390,5222,I felt ANGER when I found photos of other girls on my boyfriend's phone,anger
391,5223,I had an argument with my partner,anger
392,5224,at work because someone contradicted my schedule,anger
393,5225,People make plans and then cancel last moment with no intention to tell me.,anger
394,5227,I was talked down to for no reason at tennis match by one of my team,anger
395,5228,I felt angry when my long term relationship broke down after the birth of my daughter. I felt let down and upset.,anger
396,5229,people do not wear a face mask on public transport,anger
397,5230,I was telling my son off because he was misbehaving and my mother in law said to my son not to worry about what I was saying.,anger
398,5231,I found out my husband was having an affair,anger
399,5232,People around em could not get along,anger
400,5233,"i felt anger at university, where during the pandemic we still had to may £9000, even though we did not receive any service or lectures.",anger
401,5234,I left a university assignment until last minute,anger
402,5235,I felt anger when spoken about in my presence at home for something very trivial,anger
403,5236,I felt anger when the man that sexually assaulted me as a child walked away from prison with no sentence,anger
404,5237,my mum is manipulative towards my dad.,anger
405,5238,my sports team lost on the weekend,anger
406,5239,"I spent all day playing a ""play to earn game"" but didn't complete the daily task, so I earned nothing. It felt like a complete waste of my day.",anger
407,5150,When my neighbour refuses to cut his tree which damages my property,anger
408,5151,My boss told me off for something that was not my fault,anger
409,5152,i was spoken to with no respect,anger
410,5154,I found out that my partner of 18.5 years had been sleeping with my next door neighbour,anger
411,5155,My neighbour stole my garbage bin and left his dog poop on my lawn,anger
412,5156,I was lied to by a friend about information I had asked them to keep private,anger
413,5157,I was left waiting to order at the drive thru for a long time while 5 cars went through the other lane,anger
414,5158,a neighbour chucked rubbish into our garden,anger
415,5159,My husband got annoyed when driving and drove too fast,anger
416,5160,my friends left me on my own at a nightclub,anger
417,5161,having my food delivery stolen by the driver,anger
418,5162,"At myself when I dropped a tray of partly baked cookies in the oven, causing a huge mess",anger
419,5163,I felt anger when my boss didnt pay me on time and wouldnt answer the phone.,anger
420,5164,My son was upset as his football coach had said something mean to him,anger
421,5165,The train I was due to get home was severely delayed and I nearly missed my connecting train,anger
422,5166,my permanent work contract was not offered to me at the end of my 6 month term even though it was promised it would be,anger
423,5167,I had a complaint with PayPal they weren't helping with,anger
424,5168,my friend at work had to take time off for stress becasue her manager wasnt doing his job properly,anger
425,5169,a member of staff was upset at work due to other staff members behaviour. That staff member was made to feel like they weren't appreciated and that they were about to be told off for something that wasn't there fault.,anger
426,5170,"I felt anger when my friends told my partner I might be too much, because they had always said i deserved the best after being abused.",anger
427,5171,vodafone scamming me after paying for a 24 month contract with them.,anger
428,5172,My account at work was moved to an office in a different country,anger
429,5173,"I think about the government, and how I feel that they are running the country",anger
430,5174,when I sprained my hand,anger
431,5175,my daughter refused to get dressed for school,anger
432,5176,"my family member betrayed my trust by telling other family members about a personal circumstance that was happening to me. I was having some health concerns and my family member that I had told in confidence and asked not to relay the information, had decided to tell other members of the family as she felt that this confidentiality agreement did not apply to family.",anger
433,5177,garage constantly using residents only parking as their overflow car park.,anger
434,5179,the washing machine wasn't working,anger
435,5121,When my dad cut me from his life,anger
436,5122,I felt anger the day I lost my cash wallet,anger
437,5123,i felt anger when i lost my traveling ticket which am supposed to use and travel for an event.,anger
438,5124,reading about people not getting a covid vaccine,anger
439,5125,People flouted lockdown rules and put others in danger,anger
440,5126,dealing with my landlord on housing issues,anger
441,5127,My education was put at risk,anger
442,5128,I was in a protest and the police were pushing us and shouting at us and being aggressive,anger
443,5129,Left in a tricky situation after others misconduct at work,anger
444,5130,I was ignored by my last manager when I informed her of my leaving the company. They did not acknowledge my email I sent.,anger
445,5131,my package didn't arrive in time,anger
446,5132,"When my oldest child was 15 months old, the nursery worker in charge of him allowed him to roll off a changing table onto the floor (head first) during a nappy change. I was angry because prior to this incident I had informed the nursery that my child was rolling, and would need to changed on the floor.",anger
447,5133,Getting in trouble for something I didn’t do,anger
448,5134,my family member passed away,anger
449,5135,when my friends didn't invite me somewhere but invited everyone else.,anger
450,5136,Coworker was very hypocritical,anger
451,5137,I got into an argument with my mother about how she didn't agree with my perspective about everyone needing to help out.,anger
452,5138,lost at a computer game,anger
453,5139,My car was broken into.,anger
454,5140,when my husband didn't come home,anger
455,5142,Arguing with my conspiracy theorist brother about COVID because he refuses to listen to anybody.,anger
456,5143,During a vacation a man groped my girlfriend.,anger
457,5144,i got so frustrated with myself for not being able to do normal things like everyone else.,anger
458,5145,"Asking my fiancé to help with an errand. She immediately said no, citing personal errands she had to run, which included going to one of the places I needed help with… the bank.",anger
459,5148,I was at work and someone did not care for my patient,anger
460,5149,my mother is dismissive of my truths/when I am upset and she doesn't feel like dealing with it,anger
461,60,"I felt ANGER when my fantasy football team didn't perform well due to injuries and illnesses on my team. Although my anger was not at the players themselves, I still felt myself feeling ill will towards the players despite their injuries being out of their control. At the end of the day, I understand that my fantasy football team having the most injuries out of my league was pure chance.",anger
462,61,My job status was delayed,anger
463,62,"a colleague did something I considered unethical, making out an opportunity was open to competition when it had already been taken",anger
464,63,"In grade seven, another student smacked me on the bottom.",anger
465,64,I was buying a car and it was taking longer and was more complicated than it needed to be,anger
466,66,"I was invited to a party with members of my class, but my friend who received the invite never told me about the event. My friend attended the party and said I couldn't make it because I had other plans. I only found out about this when I was questioned by my classmates about what I had been doing instead.",anger
467,67,I was trying to fit 2 bikes into the back of my car to take to a recycling centre and they kept getting caught on each other which made them really difficult to fit in. I was very stressed the whole day and rushed with time. I just wanted to get the cars in the boot!,anger
468,68,I was trying to explain to my parents and sister how certain things they were saying was actually transphobic and that they shouldn't say this kind of stuff. They proceeded to ignore me and continue what they were saying anyway. They said that they weren't being transphobic and that I can't make every situation into some kind 'woke culture' thing. Those weren't the words they used but it's essentially what they meant. I got really upset and angry with them and shouted at them saying I was just trying to help make them decent people and I stormed out of the room.,anger
469,69,"My business partner, someone I trusted, went behind my back and communicated a change to the entire organization without involving/consulting me.",anger
470,611,when I could not go back to my student home because my parents would not drive me early.,anger
471,612,I witnessed a resident being emotionally abused by a carer in the care home where I worked.,anger
472,613,i was followed around a store while shopping,anger
473,614,when youths dont respect their elders,anger
474,615,I got into an argument with my spouse.,anger
475,616,I think back on the times my mom has treated me poorly,anger
476,617,I felt anger when a former friend I sold a jeep to sued me because they didn't know what they were doing.,anger
477,618,When a coworker belittles me,anger
478,619,my ex-gf lied about where she was.,anger
479,620,my teenage child blocked the toilet and lied,anger
480,621,i made a mistake that i should not have. I felt anger with myself,anger
481,622,My wife ignored me when I was talking to her.,anger
482,623,A friend took over my own opinion and discredited how I felt,anger
483,624,I felt anger when my brother said I was useless because I wouldn't drive him to the store.,anger
484,625,"I felt anger because I was accused of lying by my mother about my reason for staying after school during my freshman year of high school. I needed to stay after school to complete a photography project and after I finished, I went to a well-known after-school hang out spot to wait to be picked up. My mom doesn't like me hanging out there because she's homophobic and the place is LGBTQ+ friendly, so she accused me of lying about staying after school to only go there instead of doing my photography project.",anger
485,626,my daughter's speech therapist said that my daughter wasn't progressing in therapy because my daughter didn't want too.,anger
486,628,"I felt anger because my college professors were being unresponsive to important emails regarding a certain assignment, The professor said that they would be available to answer questions within the time frame that I emailed, but they did not respond until after the assignment was due.",anger
487,629,My sons ex girlfriend continues to contact me and put me in the middle of their relationship every time they have an argument.. to the point were she almost threatens me about him,anger
488,630,my manager at the time decided to stop paying me for certain hours of work I did without even telling me that this was going to happen.,anger
489,631,When a colleague at work was incredibly insulting about my personal background,anger
490,632,My Father  tried to turn my brother against me by telling him lies to gain his sympathy for a sick old man.,anger
491,633,my mother-in-law told my husband that I was brainwashing him.,anger
492,634,my voice was not being heard by people that I thought respected me.,anger
493,635,people try to dictate the way I should drive a vehicle.,anger
494,636,my neighbour was playing loud music,anger
495,637,"I felt anger at my work for changing offers to customers without updating the systems to reflect them, making it impossible to assist customers who then became irate at me.",anger
496,638,I seen a young dog tied up outside a shop for a long period of time beside a loud busy road.,anger
497,639,several obstacles were put in my way due to the laziness of others,anger
498,640,"someone who I thought I could trust stole my iPod. We were at a friend's house and he was listening to it, then I went to the toilet and when I returned he had left with it. I tried calling him but he ignored all my calls. When I finally managed to get hold of him through a mutual friend, he admitted he sold the iPod for money for alcohol. I felt so angry that he had taken advantage of my kind nature. I was angry at myself for trusting someone who was now very obviously a horrible person.",anger
499,641,I felt anger when I got a bad mark on an assignment because of unfair marking.,anger
500,642,yesterday because our homemade pizza was overcooked.,anger
501,643,"my dad, whom I take care of, refused to admit that he threw his cup of sprite across the room. He claimed it ""just fell over"" and somehow managed to end up ten feet away from him. Because of this I had to clean up sprite off the wall and carpet.",anger
502,644,My puppy chewed up my new TV remote control,anger
503,646,I felt angry when I was gaslighted after confronting someone for hurting me.,anger
504,647,I got a bad mark on a test i worked hard on.,anger
505,648,I had to clean clean up the dishes and I was tired,anger
506,649,"When my husband's business partner became pregnant because I wanted my husband to be employed by a company instead of him being a director of his company which was failing. I wanted him to apply for a local job which had amazing benefits and amazing pay and it was obvious that their business idea wasn't going to work in the long run. My husband refused to apply saying he was going to let his business partner down. Then a couple months later as the company was slowly losing money his business partner announced she was pregnant, but she was 5 months pregnant so knew for a while! I felt so angry because my husband decided to then find a job and I wish he just listened to me from the beginning.",anger
507,650,I felt anger when my boyfriend ignored me after asking him a question,anger
508,652,an ex friend of mine called me overweight and ugly,anger
509,653,"My sister-in-law agreed to take in my sick mom to live with her and her husband (my brother). I drove my mom down, got her all settled in, and drove 6 hours back home and she suddenly had a problem with my mom living there. Had to drive back, pick her up, and work on finding home health care for her while traveling back and forth from college.",anger
510,654,of the way someone close to me spoke to me.,anger
511,656,I was undermined at work,anger
512,657,A colleague was always off work.,anger
513,658,"When I was younger and I over heard my mother's partner who was also my father figure on the phone to another woman having a private conversation and it was made clear he was having an affair. Which then led to a long, drawn out and messy break up for my mother.",anger
514,659,I was mistreated at work.,anger
515,660,I kicked a door by accident,anger
516,661,a child at the educational establishment I worked at shoved me.,anger
517,662,someone i love didn't take me seriously,anger
518,663,"a colleague accused me of jeopardizing his life when I did no such thing, nor would any reasonable person think so (I had allowed a student who had had covid, but who was no longer sick or contagious, and who had been cleared by Public Health, to attend class.)",anger
519,664,I got told I wasn't allowed to see my son,anger
520,665,I showed up for an appointment and waited over 20 minutes for the other side not to show up.  They then rang with an excuse and no apology,anger
521,666,people talk over me,anger
522,667,my partner told me he wanted silence when he came home.,anger
523,668,I felt anger when I found out my son was being bullied at school.,anger
524,669,At work being talked down to.,anger
525,670,I was wrongly accused of stealing,anger
526,671,My ex broke up with me for somebody else,anger
527,672,I was woken up in the morning and my family members kept coming into my room to take things they need which disturbed my sleeping.,anger
528,673,"I discovered that the video game I have been playing for over two weeks, has a destructive bugged architecture that will require a significant amount of patching to repair, possibly taking weeks if not months.",anger
529,674,my roommates threw a birthday party for me but then ended up leaving and not telling me the truth about where they went,anger
530,675,"my cheating ex-girlfriend called me at 5 in the morning begging for my help, so being the lovesick fool I was, I told her to come pick me up. She did, and it turns out she was sleeping at another guys house and his mom kicked her out. After a miserable conversation, she dropped me back off, and I was so furious I punched a wall, hit a stud, and broke my wrist for graduation.",anger
531,676,My child was not doing as told and arguing with me,anger
532,677,I was blatantly bullied at work in front of senior staff yet nothing was done about it,anger
533,678,I felt angry when I was consistently denied access to higher education despite my overwhelmingly good grades,anger
534,679,"two people I was really close to in middle school, high school, and most of college, decided to cut off the friendship for reasons that weren't at all valid and it angered me that they can throw away years worth of friendship over nothing.",anger
535,680,I had a big argument with my sister,anger
536,681,"a ""friend"" of mine made some statements about her attempts at finding a guy on Tinder, and I just do not agree with her views. They were quite rude and shallow, and it just angered me because she complains about trying to find a decent guy however she's the one with all the red flags.",anger
537,682,"someone who I thought was a friend, was spreading rumours about my relationship and attempting to destroy it. I found out one night, confronted him and he denied it which provoked me.",anger
538,683,my neighbour in the flat above me was having many parties and I asked them to stop at a decent hour but kept going till gone 3am.,anger
539,685,My son was rude to me today,anger
540,686,I felt anger when I finally quit my job.,anger
541,687,"I felt angry when the main ingredients I needed to make a special meal for a dinner party I'd arranged for friends after 18months of missing out, had not arrived with my online shopping delivery. I appreciate this may sound like nothing, but it was such a big, special occasion that I'd planned out and the thought of having to run around shops getting the ingredients with my 2 year old.",anger
542,688,My boss spoke to me in a bad way,anger
543,689,when I was playing a game with friends I stated that we needed to have a tank but noone wanted to listen,anger
544,690,My Grandfather critizied my parenting,anger
545,90,I was lied to about money,anger
546,91,I felt anger when a random girl hit me in a club,anger
547,92,I was accused of doing something I did not do,anger
548,93,"I felt anger a few days ago at my husband at he came across very sexist toward women, he stated that women are felt sorry for when it comes to their driving test as the make instructors feel sorry for them because they are women who do school run, he's also made it very clear that he thinks women complain to much about safety, this made me feel disgusted and ashamed of him as he clearly doesn't know that women are not like this and the reason we voice our opinions is when something clearly is wrong not just because we feel like it",anger
549,94,A dog bit my son,anger
550,235,"I was in various horrible and boring classes throughout my business degree. More specifically, finance and math classes were almost tortuous. I remember struggling to stay awake most times.",boredom
551,237,waiting for my luggage to arrive at the airport last night,boredom
552,238,When I had to go to a 2 day conference for work.,boredom
553,220,"I get extremely bored at work. If fact that is the reason I signed up for prolific in the first place. I work in an office job and there isn't much work to do in the middle of the week. I try and cure the boredom by doing surveys, or just chatting with my co-workers, or friends on my phone.",boredom
554,222,driving 2.5 hours home from Kingston to Toronto after visiting friends,boredom
555,224,waiting for a delayed flight at the airport,boredom
556,225,I was off work for the summer and no one else was too.,boredom
557,226,"I felt boredom today at work because there was nothing to do. There weren't many customers due to a traffic jam, there was no delivery and I had nobody to talk to.",boredom
558,227,I felt BOREDOM while sitting in a waiting room to see a doctor.,boredom
559,228,"When I watched WandaVision, everyone said it was worth watching but it was just boring to me",boredom
560,229,I had to wait for a bus,boredom
561,230,I had to complete a couple of hours of e-learning courses for work,boredom
562,231,I had to watch hours upon hours of first-aid instructional video for first-aid certification. I spent about 8 hours in a classroom with a group of strangers.,boredom
563,232,"when we were in lockdown, as I felt restricted as to what I could do!",boredom
564,233,I was in a meeting at work that unrelated to my tasks.,boredom
565,3211,I was stuck in traffic,boredom
566,3212,levelling my account to 30 on league of legends,boredom
567,3213,"I felt BOREDOM when I finish all of my work and there's nothing new on YouTube and I don't feel like reading and nobody is home. So I endless scroll on social media to dissociate, which just leaves me feeling empty inside :)",boredom
568,3214,I'm at work and no one is here,boredom
569,3216,I felt BOREDOM when working on a particular task at work,boredom
570,3217,im in lockdown for COVID (Australia),boredom
571,3218,I was at home with nothing to do,boredom
572,3219,i am in my office,boredom
573,3220,"I went to stay withmy mum for bank holiday weekend, she put on a documentary about guide dogs and then fell asleep on the remote. So I couldn't change the channel and it was boring",boredom
574,3221,Attending an online university lecture,boredom
575,3222,I felt boredom when working from home during covid quarantine,boredom
576,3223,I do the same thing over and over again,boredom
577,3224,"I felt boredom right at this very moment. I have to go into work for two, and it is 11 now and I have nothing to do all day until then. I put hair colour in my hair because I thought it would take longer but now I am bored again and have nothing to do. I've been sitting in my bed for the past three hours doing absolutely nothing.",boredom
578,3225,sitting in a 12 hour drive with my phone dead and nothing to do.,boredom
579,3226,I was stuck waiting at  A and E with broken arm for six hours,boredom
580,3227,"Sitting in lectures during college in uninteresting subjects, such as accounting",boredom
581,3229,"I felt BOREDOM when I have been home alone all day unable to leave the house, completeting mundane chores, waiting for my partner to come home.",boredom
582,3230,The electricity was out for hours,boredom
583,3231,I was quarantined in my room with COVID.,boredom
584,3232,i was unemployed,boredom
585,3233,I felt boredom when I attended primary school because of the teachers instructional style.,boredom
586,3234,my child wanted me to play the same game with him for the umpteenth time.,boredom
587,3235,Working night shift as an air traffic controller and there was no traffic.,boredom
588,3236,I was waiting at the hospital to bring my brother home,boredom
589,3237,"stuck at home, the weather too poor to go outside. Nothing catching my interest on T.V. No motivation to tidy or read or do much of anything that'd help the time pass.",boredom
590,3238,i felt boredom when i lost my friend,boredom
591,3239,"I was on a long roundtrip with nothing to do and no interesting sights to see out of the window,",boredom
592,3240,At work. I had no work to do and spent the afternoon on my own with nothing to do.,boredom
593,3124,I had to sit on a plane for 10 hours with nothing to do,boredom
594,3125,I was watching a youtube video that had been recommended to me by the algorithim,boredom
595,3127,I was in a painfully long training class for work.,boredom
596,3128,"I felt boredom at work, because it's been really slow this week.",boredom
597,3129,I am on annual leave and keep suggesting to do things with my partner but they don't want to do anything which us passing it on to me.,boredom
598,3130,I felt boredom when at work at a pharmacy and it was a very slow day with almost no customers.,boredom
599,3131,When I was working on a job I had no interest in,boredom
600,3132,I felt boredom when I got stuck talking to my neighbor for a long time because he doesn't know how to stop talking.  I was on my way to mow a neighbors lawn and he walked down his driveway and started talking to me.  He went off on many different tangents and I could barely get a word in with him.,boredom
601,3133,i was home alone for the weekend with no plans.,boredom
602,3134,I felt boredom when I was on a long flight,boredom
603,3136,I had nothing to do,boredom
604,3137,I was sat in bed done nothing,boredom
605,3138,I was home alone last Saturday night waiting for my friend to arrive and she was later than I had expected.,boredom
606,3139,My wife has to work late recently due to increased workload,boredom
607,3140,I am usually home alone and I don't have a social life.,boredom
608,3142,I felt bored at my job. It was slow and I didn't really like anyone I was working with. It felt like the hours were dragging.,boredom
609,3143,when im at home alone because im always either watching tv or my laptop,boredom
610,3146,when doing anything more and more.,boredom
611,3147,"I felt boredom when I stayed at my auntie's house in london as she was busy with her work and I had forgotten to bring something to entertain me. Thus, I was bored.",boredom
612,3149,When someone disobey me.,boredom
613,3150,I took my last prolific survey,boredom
614,3152,I had to sit in a Doctor waiting room for over 4 hours waiting to be seen,boredom
615,3154,I had to study for my GCSE's in silence at a table,boredom
616,3155,"I felt boredom when, after starting my new job, we became slow and there was very little I could do. I wasn't fully trained for the ""busy work"" to occupy my time, and I did not feel confident in my position yet to simply pull out my phone and entertain myself.",boredom
617,3156,My internet cut out,boredom
618,3157,when the power went off in the evening there was nothing to do in the house as the shops were shut and nothing to do but go to sleep.,boredom
619,3158,"I had stayed inside my home playing video games for too long. I couldn't get myself to do anything, and nothing else interested me. so i kept starting to play a game and then quitting it to try another. until i eventually took a nap or went for a walk or something to change scenery.",boredom
620,3159,I had nothing to do for the day. I usually hang out with my boyfriend or my mum who i live with but both my mum and boyfriend were busy with work for the day. I didn't have anything to do and I was sick of scrolling through social media.,boredom
621,3160,I felt boredom because I was in class.,boredom
622,3161,I felt boredom whilst working on my finances,boredom
623,3162,"most of the time, without work, I have nothing to do with my life.",boredom
624,3163,I was sitting a bus without any form of entertainment.,boredom
625,3166,I was athome and my son had gone away for the weekend,boredom
626,3167,"I felt boredom when I was stuck at home with nothing to do. I got into a car crash a couple years ago and did not have any transportation so I was stuck at home for a while. Sometimes my friends would visit which was fun, but when everyone was busy and I had nowhere to go I was extremely bored because I felt stuck with nothing to do.",boredom
627,3168,I was sitting in a team meeting and one of my colleagues was presenting data that did not pertain to me but was also very complicated in concept.,boredom
628,3169,when someone disturb me on my working time.,boredom
629,3170,I felt boredom when we lost power and cell service at my remote cabin.,boredom
630,3171,"after I graduated from college and started my new full time job, I didn't really do anything on my off days and felt stuck at home waiting to go back to work.",boredom
631,3174,during the covid pandemic. There isn't much to do without risking catching it.,boredom
632,3175,attending a work training course,boredom
633,3176,I felt boredom when I was waiting in the Doctor's surgery waiting room,boredom
634,3177,I felt boredom when my company had a special meeting on quality control. I felt boredom after the first 15 minutes because the speaker talked in monotone and kept repeating  his talking points. The meeting lasted over an hour. I was feeling very bored,boredom
635,3181,I felt bore when i miss any flight.,boredom
636,3182,I was grounded for 3 months,boredom
637,3183,"I was sat in the library at university, completing my reading list for my dissertation. I was halfway through reading a book on the youth participation in protest under the Pinochet dictatorship. The book itself was in Spanish, and I found my mind continually drifting, re-reading multiple sentences as I hadn't read taken them in the first time over. I also frequently took breaks whenever I could, consuming a huge amount of water in order to do something other than the task I was completing.",boredom
638,3184,I was listening to a man speak on a topic I didn’t care about at work,boredom
639,3186,I felt boredom because I was on a bad date,boredom
640,3187,I feel boredom whenever I am in class listening to a lecture.,boredom
641,3188,I was in a lecture that was not interesting,boredom
642,3189,when I was finishing my last two hours at my office job. I had completed all my tasks for the day and I couldn't start a new one because my boss was gone. I was just sitting at my desk doing nothing and I was painfully bored.,boredom
643,3190,of the covid-19 lockdowns,boredom
644,3192,I have nothing to do,boredom
645,3193,I had to quarantine.,boredom
646,3194,On a long road trip,boredom
647,3195,I was home alone on a Saturday and all of my friends were busy. I had also already watched the show that I wanted to watch.,boredom
648,3196,I am on annual leave and I have no money to do anything,boredom
649,3197,I have nothing to do at work.,boredom
650,3198,I felt boredom when I went to the DMV to retrieve a new license because the wait in line was awfully long and there was nothing to fill the wasted time.,boredom
651,3199,my sister recounts what housework she has done,boredom
652,3204,I was taking a history class in school,boredom
653,3205,I’ve nothing to do,boredom
654,3206,"I felt boredom when I was about 12 or 13, I was so bored and couldn't find anything to watch  on T.V. It was a Saturday and i couldn't drive so i wasn't able to leave. I went to my mom and told her I was bored. She then told me she would find me something to do like chores. Then proceeded to list chores for me to do. I was annoyed and didn't want to do them. I left the room annoyed and upset because I was still bored but i than found myself playing a game on my ipad.",boredom
655,3207,"When attending an online work  conference (non-interactive, to learn about industry news and how to improve service - boredom after about 3 hours and got progressively worse).",boredom
656,3208,I had nothing to do,boredom
657,3209,I left home for the first time to live alone,boredom
658,4220,my partner is working two jobs and I'm alone alot more.,boredom
659,4221,I felt boredom when I was on a 5 hour plus plane journey to Thailand and my phone died.,boredom
660,4222,I attended a lecture that wasn't interesting at all and I was unable to leave.,boredom
661,4223,I felt boredom when I was taking my ap environmental science class and my teacher was re explaining everything I already knew from the textbook reading we did the night before.,boredom
662,4224,I was at the hospital waiting to be seen. I was in the waiting room. I felt bored because I had to wait too long sat in my seat. There was nothing to occupy my mind.,boredom
663,4225,I was having to watch the football,boredom
664,4226,Working from home and feeling isolated,boredom
665,4227,I was waiting in traffic during rush hour on the way home from work,boredom
666,4228,I was at work and trying to concentrate on a task,boredom
667,4229,I was alone with no plans,boredom
668,4230,"I felt I had no one to talk to, no one was around, watching a tv show i've seen numerous times",boredom
669,4231,I was isolating at home following a trip abroad.,boredom
670,4233,I felt boredom because I had finished watching a TV series and couldn’t find anything else to watch,boredom
671,4237,At work listening to a work colleague make something overly complicated,boredom
672,4239,I was in lectures at uni,boredom
673,4160,"I felt bored when I ran out of things I wanted to watch on social media (tiktok, netflix and youtube) and I didn't want to do my work",boredom
674,4161,"I felt boredom on a work retail live event. the event was an all day event where we were getting company updates and new product information, however due to covid this event was an online event working from home. This was very boring and not the same experience as before.",boredom
675,4162,I lack concentration,boredom
676,4163,traveling from norfolk to swansea.,boredom
677,4165,I had my newborn baby,boredom
678,4167,"I felt boredom when I had to manually compare geographical species data in one pixel overlaps for my dissertation, a total of 170 hours of repetitive work",boredom
679,4168,doing online training at work which is lengthy and irrelevant to my job role,boredom
680,4169,when traveling in the car for more than 2 hours,boredom
681,4170,I felt boredom when I had to do the dishes earlier.,boredom
682,4172,I was home alone with no college work to do during summer and I finished watching all my TV shows and it was lockdown,boredom
683,4174,"At work, my job is far to mind numbing and it does not challenge me.",boredom
684,4175,"waiting for food to cook, it might sound silly but I end up in a dilemma of there's no point leaving the kitchen because by the time I do i will just need to go back and sort food out.",boredom
685,4177,I felt Boredom when I was sitting inside my communication class. I felt this way because of the professor's monotone voice and the topic. This is a required class and has nothing to do with my major. He also has the lights dimmed and everyone is very quiet during class so it is easy to just sit the and feel bored.,boredom
686,4178,I was at work last week and the work I had to do was not challenging,boredom
687,4179,"I felt boredom when I went to hike in the mountains. I honestly didn't know a storm was coming and I was going into it. I had already gone far when I saw the storm. Luckily, there was a nearby shed I could find solace in for some time. The storm lasted some 15 hours, before my friends came to rescue me.",boredom
688,4182,I was staying at my summer cottage alone,boredom
689,4183,I felt boredom when I played a mobile game alone without friends,boredom
690,4184,i felt boredom because i was left alone in the evening,boredom
691,4185,I felt boredom when I was unhappy in my job.,boredom
692,4186,I am in college,boredom
693,4187,"I felt boredom when I travelled to see family for the first time in over a year for Christmas, but they did not tell me they were working the entire time so I was stuck with no plan and no one to be with",boredom
694,4188,I had nothing to do,boredom
695,4189,I went to a friends birthday party,boredom
696,4190,"I was on a night out with friends who were a relatively new couple. We were out a a foursome and for most of the night myself and my partner were ignored. They were in the early stages of their relationship, whilst me and my partner were long past the honeymoon stage. They spent the night whispering sweet nothings to each other and completely ignored us. There was no swinging out the moves on the dance floor like the good old days, we were just stood around like a spare part. I cut the night short as i was so bored the time was dragging! I was home and in my PJs by 10pm and we avoided going out with them again!",boredom
697,4193,I felt BOREDOM when waiting for a train because it took a long time,boredom
698,4197,I felt boredom while me and my son had to isolate for 10 days due to him coming into contact with a child positive for covid-19 at his nursery,boredom
699,4198,"I was the only one at home that weekend. My wife and kids had gone off to my parents for the weekend, I had some work to get done at the office. It was extremely bored when I got home that Friday and through the Saturday of that week.",boredom
700,4200,I was in a class about something I was already knowledgable about,boredom
701,4202,I was supposed to go out but plans got cancelled so just stuck at home,boredom
702,4203,My husband and children went for holiday leaving only me behind. I was so bored and lonely.,boredom
703,4204,I can't find anything to do,boredom
704,4205,Had to sit through all day lectures for work in a topic I had no interest in.,boredom
705,4206,watching formula 1 on tv,boredom
706,4207,I felt boredom when I was off my work sick.,boredom
707,4209,Today because I had no one to do anything with so stayed at home,boredom
708,4211,Sat on the sofa today with very little to do,boredom
709,4212,doing homework or long projects,boredom
710,4213,Doing online training,boredom
711,4215,my professor spoke in a monotone in my algebra class.,boredom
712,4216,"I felt boredom when I first went to visit my grandparents at age 10. They lived in a house where there was literally no fun, contrary to what my parents told me. So I had to sit on the couch reading a history book or sleeping.",boredom
713,4217,I was in a college class I was not particularly interested in.,boredom
714,4218,"I felt Boredom in work the other day because I felt like I had hit a wall and had done everything that I could possibly do In my job role, it didn’t excite me anymore and it felt like I had been doing the same thing everyday for years",boredom
715,4219,I felt BOREDOM when we missed our connecting flight at the airport because our first flight was delayed,boredom
716,4281,I enjoy being creative but I feel like I have no creativity recently.,boredom
717,4282,I've finished all my work for the day,boredom
718,4283,I felt boredom when I was in class at high school and I didn’t want to be there.,boredom
719,4284,I felt boredom while waiting for my mother to come out of surgery,boredom
720,4285,Painting the garden fence,boredom
721,4286,Covid Pandemic. It has been a hard to deal with and i dont know when it will get better.,boredom
722,4288,I was alone in the house and had nothing to do,boredom
723,4289,I went on a mandatory training course at work,boredom
724,4290,I am left alone for too long.,boredom
725,4291,when I spent 40 hours trying to get a shiny Scorbunny in Pokemon.,boredom
726,4292,I felt BOREDOM when i had to sit through a very boring and uninteresting lecture at college. The class was three hours long and the time felt slow in the moment and i couldn't leave which felt frustrating,boredom
727,4293,During summer break after completing my studies,boredom
728,4294,long days with nothing to do,boredom
729,4297,I felt boredom when my friend Danny and I went on a tour round the city. We didn't know that traffic had already built up ahead of us. So we rode into the traffic and we stuck there for almost 5 hours. We couldn't turn back and we couldn't move forward. We had to watch YouTube and sleep in the car.,boredom
730,4299,my ex boyfriend then was cracking jokes on one of a date. I was very bored but I had to laugh just to make him happy. i was very bored .It was our first date though.,boredom
731,4301,"Working from home throughout the pandemic. It was a lonely experience and I felt my job had changed drastically. I was no longer interacting with customers and now completing the same tasks over and over again, giving little room for growth and challenge within my role.",boredom
732,4303,This afternoon when i had nothing tk do and because i have adhd i get bored very easy,boredom
733,4304,I was waiting in a queue shopping,boredom
734,4306,Watching a documentary with partner,boredom
735,4307,I felt boredom because I was isolated,boredom
736,4308,I finished my favourite TV shoe,boredom
737,4309,when waiting for threbus to arrive,boredom
738,4310,In a meeting at work,boredom
739,4311,I felt boredom because I watched a movie that wasn't as interesting as I thought,boredom
740,4312,my work at my organization became monotonous and unappealing.,boredom
741,4313,I felt boredom when I had to wait for my lunch to be ready at the cafe because there wasnt anything to do/see and the time went by very slowly,boredom
742,4314,I was on a 4 hour flight,boredom
743,4315,i was bored watching a film called peter pan and this is because i seen it 6 times already this was on the 19/9/2021.,boredom
744,4317,"I have been experiencing boredom intermittently for the last month due to being unemployed. Though I have may activities I can engage with, I often spend hours just staring at my phone and feeling bored.",boredom
745,4318,"I felt boredom when my wife and I went to visit a tourist center for vacation. It was her turn to choose the venue and we only had 4 days to spend there. On our way, our flight was delayed for almost 8 hours. Those 8 hours seemed like the longest time I have ever experienced in my life. I was completely bored and had nothing to do while we waited.",boredom
746,4260,I felt boredom because I had finished reading the first 5 books of a series and the next one isn’t out yet.,boredom
747,4261,I left college because I felt like I had no purposes for 3 months,boredom
748,4263,I worked in a role that did not challenge me mentally,boredom
749,4266,When it was a quiet day at work because there was nothing to do,boredom
750,4267,I had nothing to do at work,boredom
751,4268,"I was once admitted to the hospital and was bedridden for a month. During those times, I experienced a great deal of boredom.",boredom
752,4269,I felt boredom when I wasnt pushing myself career wise.,boredom
753,4270,I started a new job and I was placed on induction but I was constantly left alone and bored,boredom
754,4271,I was preforming a repetitive task that did not require much think or effort or concentration,boredom
755,4274,I was on a flight,boredom
756,4275,"I felt boredom  when I and my friend Jim, went out cycling. We intended to use public-paid cycles but after walking 500meters to the shop, all of them were already rented out. Oh, I could not walk back home. So I had to wait helplessly for someone to return a bike while Jim checked for another shop. Jim took almost 2 hours to get back and I had to wait for him..",boredom
757,4276,because I have no one in the house with me and nothing I want to watch on tv,boredom
758,4277,At work because i have felt demotivated with work. Things are becoming repetitive as i've been in the same role position and team for 3years,boredom
759,4278,"My colleague went on his annual leave, there was no one to have long unnecessary conversations with anymore. The office just became boring with just the official duties left for my as my companion.",boredom
760,4279,I remember the last time I went out for my weekend leisure time and exercise I normally go out for and this day I was unaccompanied by my wife and my friends happen not to be present so I felt really Bored all through my time at the place.,boredom
761,4280,I felt boredom when I was signed off work sick with a chronic illness,boredom
762,4240,I was travelling in the car for three hours.,boredom
763,4241,I felt boredom when someone told me their positive drug test was due to passive use because I had heard it before,boredom
764,4243,Saving money for a big holiday because I was unable to afford fun activities.,boredom
765,4245,I felt boredom when I couldn’t sleep.,boredom
766,4246,At college studying a course I was disinterested in,boredom
767,4247,I felt boredom when waiting in for a delivery,boredom
768,4248,Watching lord of the rings at the cinema for three hours,boredom
769,4250,"Started a new job and was told I'd be doing a lot more than I actually do, so due to this 90% of the time I am bored at work.",boredom
770,4251,There was nothing for me to do,boredom
771,4253,"I attended a lecture on the impacts of international trade on UK SMEs, which was hosted by a particularly monotone gentleman who spent most of the time speaking with his eyes closed. The content and delivery of the talk combined to the point that I and many others could not concentrate and I held my attention by drawing and entire tattoo sleeve onto my left arm with my pen.",boredom
772,4254,I was sat through a staff meeting that was all about what we already know!,boredom
773,4255,When i was at a party. I only knew one person well eho knew more people. I found it hard to think of conversations and the environment was loud so it was also difficult to be hard so i ended up being sat quietly,boredom
774,4257,I did stay alone,boredom
775,4258,I was at my Occupational Therapy appointment,boredom
776,4259,"I felt boredom when I worked as a security guard. I remember working at a movie theater where I had to stand alert in a corner. I couldn't sit, couldn't read, had no one to talk to, nothing to look at except when I could watch the people streaming past a couple of times an hour. Whenever I worked a shift there, time seemed to crawl to a stand-still.",boredom
777,5331,I felt boredom when I used to have to go and sit through my brother's trombone practice,boredom
778,5332,"I felt boredom over lockdown quite a lot. Being self-employed and in the arts meant there was next to nothing with regards to work. Eventually I began occupying my time better, but I was incredibly bored for about a week at one point. I knew I was bored because I usually enjoy playing console games when I have free time, but I sat there, scrolling through the list of games without any desire to particularly play any of them. I flirted with the idea of buying new games, but cheap ones, nearly pointless ones, just to fill my time for even a few moments. I’d usually succumb to smoking weed if I got that bored but even weed was boring it me at that point in time. Mentally checking out was all I wanted to do",boredom
779,5333,While waiting for my flight during a long stopover,boredom
780,5334,I experience executive disfunction,boredom
781,5335,I was living with my grandparents,boredom
782,5336,The rest of my colleagues were furloughed and work was really quiet,boredom
783,5337,stuck inside my house,boredom
784,5338,We were in lockdown and we had to stay inside,boredom
785,5339,Waiting at the doctors yesterday to have my flu vaccination,boredom
786,5340,i was on a plane trip when i couldn't sleep and i wasn't interested in any of the entertainment services,boredom
787,5341,"I was invigilating an exam taken by one student in a small room in which I simply had to monitor the student. I couldn't read, use my phone, talk or write.",boredom
788,5342,because I spent all weekend on my own whilst in was raining,boredom
789,5343,I was stuck in traffic,boredom
790,5344,I felt boredom during lockdown as I was unable to leave the house and had nothing occupy the time.,boredom
791,5345,there was nobody around to talk to and i was alone,boredom
792,5347,I was participating in a study that had us look at a clock in an effort to make us bored so that our mind wandered.,boredom
793,5348,i had no work to do,boredom
794,5349,At the end of a long lecture,boredom
795,5350,gave up my job of 21 years and found myself idle,boredom
796,5353,I was at a family member's house.,boredom
797,5354,because I am down,boredom
798,5355,"I felt boredom when I was sitting in my room one night with nothing to do despite having many video games and my guitar to play. It just didn't interest me at the time and I wanted to leave the house to go for a walk but it would have woken up my parents, so I couldn't do anything besides listen to music and eventually go to bed. I had already been at home the last week or so and hadn't been out much so I was getting increasingly bored as the days went on, but this particular night was very boring.",boredom
799,5356,I was alone with no immediate responsibilities.,boredom
800,5357,in a long meeting at work that was not relevant to my role,boredom
801,5358,i missed my freshers event and had to stay at home alone all day,boredom
802,5359,When flying to a different country because of the long flight.,boredom
803,5360,I had no one to talk to and i felt no interesting in doing anything in particular,boredom
804,5361,I felt boredom when I was waiting for my family member to pick me up,boredom
805,5240,I was on a train journey,boredom
806,5241,I was working in a job as a gatekeeper for a construction site in the countryside. We had very little vehicles coming in and out of the site so I spent most of my day waiting around for something to happen.,boredom
807,5242,I was stuck in a job that I hated.,boredom
808,5243,I got invited to a work meeting but got ignored the whole time and they spoke about things that I didn't understand or have any involvement in for over an hour,boredom
809,5244,I was at work watching the children play their own games instead of needing me to interact with them,boredom
810,5245,I felt boredom when I went to the circus because the acts were poor and repetitive.,boredom
811,5246,I need to write a lot of reports for work.,boredom
812,5247,I played the same video game for nine hours,boredom
813,5248,I had to do surveys to earn money whilst recovering from hospitalisation,boredom
814,5249,"I once had a delayed flight from the uk to italy , we had to stay in the airport for 11 hours, this was long before the airports offered you compensation, drinks etc, I recall it was 1991 and is a story I still tell, as they left us in a lounge for all that time and all the staff left us there overnight.... just competely forgot about us.",boredom
815,5250,I was working and I was stood directing people,boredom
816,5252,I no longer like my job or the career field I am in,boredom
817,5253,Waiting in hospital with mum for her foot,boredom
818,5254,Had a boring project at work,boredom
819,5255,I was on a long distance bus travelling by myself and I forgot any books to read,boredom
820,5256,Of acourse i had to attend for work,boredom
821,5257,waiting at the dentist office because my appointment was delayed,boredom
822,5258,As a result of a system failure in work I was unable to carry out any of my tasks,boredom
823,5259,because I  was unhappy,boredom
824,5260,Driving on the M6,boredom
825,5262,"I felt boredom when I went to visit my new niece because although she's very beautiful and my brother's family are lovely, all anyone wanted to talk about was the baby which wasn't interesting to me as I don't have children.",boredom
826,5263,I was attending a work meeting,boredom
827,5264,"I a trying to put my son to sleep and he feeds from a bottle of milk. I just have to wait for him to get through the bottle, and then he falls off to sleep. It can take 15-20 minutes.  I'd rather be reading a book or watching TV than lying down in the dark with him by my side, although the boredom is tempered by the feeling of closeness I have with him. I put him to bed at least 4 times a week.",boredom
828,5265,I had an accident in Greece and ended up in hospital for two weeks.  When I was over the initial shock of the accident the boredom set in.   Being stuck in a hospital bed with nothing to do and nobody to talk too was extremely tedious. I couldn't even use the TV to ease my boredom as I don't understand the language.,boredom
829,5266,Night club nights out which would go on too long. However due to being with others pear pressure would make you stay out,boredom
830,5267,"I hat to go to church for a christening a few weeks ago, it was so boring. It seemed to go on forever. Endless chatting by the vicar. Seemed so pointless and stupid. I kept on playing with my scarf and trying to shush my son, who was also bored.",boredom
831,5268,I'm waiting around on people. My mother for instance organises a day out and gives the time she will arrive to pick me up and i'm left waiting well beyond the time given. I really dislike waiting on people and feel that they think their time is more important than my own. I like to be doing multiple things at once and get very bored and agitated if i'm unable to do anything but wait as i have no idea when they are going to actually turn up.,boredom
832,5269,i felt boredom when the pandemic had just started because there was nothing to do aside watch tv.,boredom
833,5270,"I had finished my work but had to stay for another hour until my shift finished,",boredom
834,5271,I was doing a safety course for work,boredom
835,5272,I was waiting on my GP appointment which was running 1 hour late,boredom
836,5273,I had to drive over 200 miles.,boredom
837,5274,I had to stand in line for half an hour at a university plant sale,boredom
838,5276,I was waiting what felt like a very long time for my coffee order,boredom
839,5278,Spending Saturday all alone with no friends or anything to do,boredom
840,5279,there was nothing to watch on Netflix the other night,boredom
841,5280,when I exhausted all my options of entertainment available to me at that time,boredom
842,5281,I felt boredom when I had completed all my tasks at work but still had a few hours left of my shift.,boredom
843,5282,Waiting at the airport,boredom
844,5283,working in a call centre on christmas eve,boredom
845,5284,I was at work and we didnt have any checks come into the kithchen for over 2 hours,boredom
846,5288,"I used to feel bored when I would catch the bus into school each day. It would normally be a 5-10min wait at the bus stop alone on a somewhat busy road. I would try to resolve this boredom by reading car number plates as they went past. It felt awkward to stand there on my phone, so I never used it when bored.",boredom
847,5289,i was in some work training,boredom
848,5290,I was in a lesson I wasn't interested in at school.,boredom
849,5291,I went to work on Saturday,boredom
850,5292,When I was completing my cemap training.  I was training to be a mortgage advisor and completing the training was fundamental to my role.  I found the whole module tedious and I remember being in the classroom and struggling to keep my eyes open.  I just wanted to get on with my job and start seeing customers.,boredom
851,5293,the dark nights draw in and I close the curtains and leave the world behind.,boredom
852,5294,I was waiting for my husband to return from work,boredom
853,5295,i was unwell and i was sat in the doctors office and a lady was talking to me and i began to zone out as i was not in the right frame of mind to listen or be interested. It was utterly boring to me,boredom
854,5296,I don't have enough to keep my mind busy,boredom
855,5297,I wait outside the school gates for the children for 30 plus minutes.,boredom
856,5298,"i felt boredom when i finish everything im doing for the day, i make dinner, and sit down, and my husband puts on something i am really uninterested inn on the television. the build up to it being my opportunity to sit down and relax, with the anticlimax of being just something i am so uninterested in, makes me feel really bored",boredom
857,5299,I felt bored because I was the only person at home.,boredom
858,5300,Sitting through an online lecture,boredom
859,5301,I felt boredom when I was stuck in a car for a 12 hour road trip with few stops,boredom
860,5302,it was a slow night at work.,boredom
861,5303,I was on hold to a third party insurer for over half an hour before they answered,boredom
862,5304,I stood around at work for three hours and there was nothing to do.,boredom
863,5305,Waiting in a dentist waiting room,boredom
864,5306,I went on holiday abroad for the first time. I felt bored because I didn't enjoy being on the beach doing nothing.,boredom
865,5307,I felt boredom when it was raining at the weekend and we couldn't think of anything to do so we ended up staying in and doing nothing which made me feel as though the day was wasted.,boredom
866,5308,I had to accompany an elderly relative on a tour of a stately home.,boredom
867,5309,"My train was cancelled due to snow, and I had to wait at a train station for 3 hours.",boredom
868,5310,I feel bored when I am left to stay alone.,boredom
869,5312,I took part in an online session for job searching,boredom
870,5313,I was listening to a 3 hour webinar for work.,boredom
871,5314,On a car journey to wales from essex,boredom
872,5315,When I use public transport I often feel bored due to it being a lengthy journey,boredom
873,5317,I felt boredom when in a meeting at work which was mandatory to attend but was nothing to do with my place of work.,boredom
874,5321,during work commitments,boredom
875,5323,because i was lonely,boredom
876,5324,"I put my child to bed, nothing to do or no one to talk to",boredom
877,5325,"In lockdown, because I suddenly had lots of free time but didn't have the tools I needed to do the things I really wanted to make the most of the free time e.g. gardening.",boredom
878,5326,"waiting for a bus, train or other forms of public transport",boredom
879,5327,"I was participating in our Physical Exercise (PE) lesson in school, as I dislike doing sports due to the competitiveness and frustration of other students.",boredom
880,5328,I felt bored when I was younger and every Sunday my Dad and my brother would watch football and horse racing and back then we only had one television. This is why I always find Sunday's boring.,boredom
881,5329,"Endlessly doomscrolling through social media, then I think to myself ""I need to do something""",boredom
882,5422,I was waiting for my wife to get ready so we could go out.,boredom
883,5423,I had to complete a mundane and repetitive task for an online game involving clicking the same sequence of buttons over and over again.,boredom
884,5424,I was at a hospital appointment and they were running very behind and it was very boring just sat around in the waiting room with nothing to do.,boredom
885,5425,when the power cut out and I was unable to watch tv or get online,boredom
886,5426,i was doing a confidence building course recently,boredom
887,5427,During lockdown,boredom
888,5428,i was in a online class,boredom
889,5429,I felt boredom during the coronavirus lockdowns as I felt I had taken part in my hobbies too frequently during this time and didn't want to do them.,boredom
890,5432,I felt bored driving to work today,boredom
891,5433,when i was waiting in the queue to enter a supermarket during the covid pandemic because it was something that i have never had to do before and the queue was very long so it took a while to eventually enter the supermarket,boredom
892,5434,I had to attend a shakespeare play with my english class,boredom
893,5435,I was unable to work due to a problem with my foot,boredom
894,5436,having to listen in on a work webinar on a topic that did not pertain to me,boredom
895,5437,I was waiting for a delayed train,boredom
896,5438,I felt boredom when my friend cancelled on me for a meal.,boredom
897,5439,I was tidying my room,boredom
898,5440,Isolating for 2 weeks,boredom
899,5441,the last time i worked from home with no real work to complete,boredom
900,5443,When i went to a party,boredom
901,5444,I felt boredom when I attended an induction training session for work because it lasted most of the day and involved long presentations and the content was dull to me,boredom
902,5445,today when my kids went to daycare,boredom
903,5446,Waiting in the doctors waiting room,boredom
904,5447,"I was sitting in my physics lecture. I don't particularly enjoy physics, nor do I need it, so it feels like such a waste of time.",boredom
905,5450,"waiting for a friend at an airport for around 6 hours , it was hot smelly boring and tedious",boredom
906,5451,"I felt boredom most during covid-19 period because I don't have much thing to do in the house, everything was just bored to the extent I don't use to sleep in the midnight and the only thing I use to do is playing with my family and login to the internet, it's really a situation I don't like at all",boredom
907,5452,I injured my back and was on sick leave,boredom
908,5453,I was stuck in hospital and my phone was dead,boredom
909,5454,when watching a film I don't enjoy!,boredom
910,5455,I was in anthropology class with an extremely boring teacher in college.,boredom
911,5456,My flight was delayed for 2 hours at the airport,boredom
912,5457,During a vacation to Sri Lanka I got incredibly sunburnt and was unable to leave my hotel room for a couple of days with no forms of entertainment.,boredom
913,5458,when I had nothing to do on weekends during the lockdown phase of the pandemic,boredom
914,5459,I felt BOREDOM when I was in a lecture that I didn't understand,boredom
915,5461,I have not been well enough to do anything with chemotherapy,boredom
916,5462,"My husband was describing a game of online chess to me. He went into details on the various chess moves/tactics. I have little to no interest in chess, and was struggling to appear interested!",boredom
917,5463,At my previous job when I felt I had outgrown the role,boredom
918,5465,I took part in the first few lessons in a karate class due to the lack of action and merely sitting and stretching.,boredom
919,5468,When my boyfriend plays Xbox and I am staying over his house,boredom
920,5469,I was waiting for a bus that was delayed,boredom
921,5470,waiting for dr to call whilst at mothers house,boredom
922,5471,In my first week of my studies when I had talks all day that were irrelevant to me.,boredom
923,5473,I was sat in the waiting room for the hospital for a scan for 2 hours,boredom
924,5474,this morning while I was on the bus to work.,boredom
925,5475,"I was doing a survey on another site and it was long, dragged out and boring",boredom
926,5477,within my relationship with someone who was unmotivated for life and kept making the same mistakes,boredom
927,5479,I felt boredom when I was hanging out alone this past weekend.,boredom
928,5480,"I felt boredom in a relationship a number of years ago. I was seeing a man for 4 years and we were very much in love. And then things changed. He went from being someone who I used to have fun with, laugh with, chat to all the time to someone who was completely focused on work, focused on making money, focused on the future and I no longer enjoyed being with him. However, because I had been with him for so long I stayed with him for another couple of months even though I no longer was happy in the relationship. During that time it seemed like every time we saw each other, I got nothing out of the encounter. All he would talk about was work (he was a lawyer) and football. Neither law or football hold any interest for me. It just seemed like everything that had initially brought us together had been removed and I was so bored and fed up with him. Unfortunately he didn't feel the same way and when I finished things he was absolutely devastated but for me, it was like starting a new life.",boredom
929,5481,"I felt boredom waiting in the doctors surgery. They were running behind on appointments so I had to wait there what felt like a long time. Most of the leaflets and reading material had been removed because of covid, chairs were far apart so no one was making conversation. I was unable to use my phone in the building.",boredom
930,5392,I had to sit through endless pointless meetings at work which didn’t require my presence or input.,boredom
931,5393,During the first lockdown when uni lectures stopped and I felt I had nothing to do with my day,boredom
932,5395,I was at the GP surgery and my appointment was very delayed; I had forgotten my phone and there wasn't anything available to read so I had to sit there without anything to occupy my mind.,boredom
933,5396,"I felt boredom when I used to have to go to an office work 8 hours a day, five days a week.",boredom
934,5398,my spouse was away in Europe and I was home alone for two weeks.,boredom
935,5399,I felt bored when I was in a meeting at work that I didn't have anything to input nor did I need to know about what was being discussed,boredom
936,5400,doing very long cars journeys with no mobile phone or other sources of entertainment,boredom
937,5401,when we were in lockdown,boredom
938,5402,Covid hit and we had to stay in,boredom
939,5403,"I had to attend Religion class in my first year of high school.  I went to a catholic school, so I was taught exclusively about Christianity by nuns, which I found incredibly boring.",boredom
940,5404,waiting at gymnastics for my kids lesson to be over,boredom
941,5405,I felt boredom because i went on strike due to not getting paid.,boredom
942,5407,I was at a wedding and knew no-one. I really did not want to be there and wanted to go home.,boredom
943,5409,Watching a bad movie,boredom
944,5411,I was at work waiting for contracts to come in that i could work,boredom
945,5413,I am home alone,boredom
946,5414,I am waiting for reports to refresh at work foday.,boredom
947,5415,when I wasn't working but all my friends were and I had nothing to do.,boredom
948,5416,"I felt boredom at work, when I had no tasks to complete. My colleges were busy and I had nothing to do.",boredom
949,5417,"at work, where they have had no work for me for the last 2 months",boredom
950,5418,i felt boredom when i didnt have a job and i was at home by myself.,boredom
951,5419,i was stuck in a traffic jam after an incident,boredom
952,5420,"I was stuck in traffic on the motorway, traffic was at a stand still and there was nothing to do but wait.",boredom
953,5421,When I was made to watch a movie against my will,boredom
954,5362,I felt boredom in my law class because I was very tired and long lectures made it harder for me to concentrate.,boredom
955,5364,I was doing a previous repetitive survey,boredom
956,5365,Listening to an audio book about unlocking the greatness within a person,boredom
957,5366,waiting for the bus,boredom
958,5367,"I felt boredom when I had to defrost my freezer last weekend. Our freezer has had problems with the seal so there was a lot of ice build up and I thought it would melt so much faster than it did from videos I had watched online (e.g. around 15 minutes or so). In reality, it took about 5 hours, despite having put boiling water in saucepans on the shelves. I had to keep changing out the towels we were using as they were getting soaked and so there was a lot of laundry to do afterwards. It was a very boring experience!",boredom
959,5368,I sat at home all day and didn’t go out,boredom
960,5369,when our computer systems at work crashed for the day but our boss made us stay in work with nothing to do,boredom
961,5370,I felt boredom in my old job,boredom
962,5371,I was on training,boredom
963,5372,"i go to my parents house, because all they do is watch television",boredom
964,5373,I felt boredom when I sat through a training session where a colleague read through the slides and didn't add anything to the content on the slides. This was this week.,boredom
965,5374,I went to the cinema to watch a film that had been heavily praised but was trash,boredom
966,5375,had a train delay,boredom
967,5377,Covid-19 began and i ended up spending 7 months without a single conversation to any human!!!,boredom
968,5380,I was sat in a meeting I did not need to be involved in,boredom
969,5382,"sitting in biology class, because i dont understand most of the things that were going on.",boredom
970,5384,I was the only one in the house,boredom
971,5386,"When everyone is busy and I had nothing to do, waiting for people to become available.",boredom
972,5387,Waiting for the bus to arrive,boredom
973,5388,"at work, a process failed and I had to manually enter a long list of data into a web form, this was both boring and frustrating as it took around 30 minutes to complete, was very repetitive and was only necessary because something beyond my control had gone wrong.",boredom
974,5389,I was coerced into accompanying my partner browsing the clothing department of a local shop and I was profoundly bored as my input was minimal.,boredom
975,5390,I had to attend a work meeting which was not of interest to me but mandatory to attend,boredom
976,5391,Waiting in a petrol queue to get petrol during UK petrol shortages when I was already late.,boredom
977,695,I felt boredom when I had no phone,boredom
978,696,I didn’t feel like my hard work was being recognized which led me to become disinterested.,boredom
979,697,Waiting for 5+ hours for an appointment that I knew would only last minutes,boredom
980,6100,Today because I had a day off and lacked motivation,boredom
981,6101,I had a long administrative task to do for owrk.,boredom
982,6102,"When playing the video game Monster Hunter. I thought I'd enjoy it, but it just doesn't click with me for whatever reason, and I don't get the hype.",boredom
983,6103,my 2 year old wants to be pushed in the swing for an hour and gets angry if I read or do anything else at the same time.,boredom
984,6104,I was not interested in the topic of discussion.,boredom
985,6106,I felt BOREDOM because I wasn't doing anything exciting.,boredom
986,6108,I realised that I could no longer progress or learn anything new in my place of work. I felt static and all my actions felt worthless.,boredom
987,6110,I couldn't sleep due to insomnia,boredom
988,6112,when doing coursework,boredom
989,6114,my boyfriend had to do work all weekend.,boredom
990,6116,I was with my friends that wanted to stay inside of their home and watch television but I was wanted to go and do something outdoors.,boredom
991,6117,Stuck on a 10hr flight to China,boredom
992,6119,I was at work in silence.,boredom
993,6121,I had to take my youngest child to A&E. He had had an operation the day before and as his eye was swollen i was told to get him checked out. I was waiting in a&e for 3.5 hours before being seen with my three year old asleep on me. I was very bored.,boredom
994,6122,I was at a meeting at work and the topics did not relate to my role or job at all.,boredom
995,6123,watching netflix in bed,boredom
996,6124,I had to check all of my ropes equipment. You have to check every single bit as well as serial numbers. It takes a long time and is very repeatative.,boredom
997,6126,"yesterday because I am disabled and housebound, I often have a difficult time passing time without being bored.",boredom
998,6127,I felt boredom when I used to go to mass as a kid,boredom
999,6128,I was at a wedding,boredom
1000,6129,I was driving to visit family and caught in a stationary traffic jam,boredom
1001,6130,"I talk to a new person who I do not care about, and they tell me every detail of their life.",boredom
1002,6131,"... I was home from college for Christmas and I was pretty bored with life, so I made a plan. I found some old acid in my dresser drawer and waited for when my parents were away for a while, then tripped balls at 7 in the morning in the freezing cold New England woods. I wound up having a panic attack in a hot tub because I couldn't breath and my friend had to pick me up before my mom came home.",boredom
1003,6132,completing a long survey,boredom
1004,6133,I didn;t have to work or have any homework and I have no friends at school,boredom
1005,6135,my son asked me to watch a Star Wars film with him,boredom
1006,6138,I was at a wedding where I didn't really know anyone,boredom
1007,6140,I was alone at home using social media and a lot of people were out and about.  I couldn't find anything to watch on a streaming service that I hadn't seen already and nothing captured my attention,boredom
1008,6141,I was self isolating during the pandemic and had no one around me and wasn't able to go out. I was not able to do my daily routine of walking and going out with friends to socialise.,boredom
1009,6142,my partner left me alone (even though there was a lot of things to do),boredom
1010,6143,"I was made to sit through a long workshop on ""coping with the pandemic"" that was not useful at all.",boredom
1011,6144,i have no homework or work,boredom
1012,6145,I read a book and it does grab me then I have to endure it.,boredom
1013,6146,my husband would rather play video games instead of spending time with me.,boredom
1014,6147,"I had to ride in the car for two hours with my roommates, because they made me sit in the backseat and they had the music so loud that I could not participate in the conversation that they were having",boredom
1015,6148,I was at a wedding which went on for hours and the food was not served yet.,boredom
1016,6149,I was on a long plane journey.,boredom
1017,6150,I was in an incredibly long meeting.,boredom
1018,6151,Flying from spain,boredom
1019,6153,it was raining and i dint know whaT TO DO IN DOORS,boredom
1020,6154,I had to stay in an airport for several hours and was unable to leave the secure area. It was after hours and all the airport amenities were closed,boredom
1021,6156,we wend into lockdown,boredom
1022,6157,I felt boredom when making a four hour drive to go see my best friend because I drove continuously without stopping and got tired of listening to my music and did not want to stop for gas or to use the restroom or even to get something to eat.,boredom
1023,6158,a co-worker became carried away talking about their family situation. I was smiling and nodding but they were being quite self-absorbed and I couldn't relate to most of what they were saying. It wasn't a conversation; I was just being talked at.,boredom
1024,6161,watching TV with my husband.,boredom
1025,6162,I was sitting at the courthouse because I had jury duty.,boredom
1026,6163,I felt boredom when driving home from school because I have a relatively long drive to and from my university. Driving the same way every week feels repetitive and therefore gets boring.,boredom
1027,6164,My wife and daughter left me for a full day (Saturday),boredom
1028,6165,I felt boredom last week after finishing my last exam for the year. For the past 4 months i have been doing lots of study and uni work. However now that i have finished i feel extremely bored and dont know what to do with myself. Especially becasue we are in lockdown (Im from New Zealand),boredom
1029,6166,I studied something I was disinterested in,boredom
1030,6168,I had to wait in the doctors waiting room.,boredom
1031,6169,"I finished all of the things on my to-do list. I then realize I should then be allowed to relax and do something that I enjoy doing, and I realize I can't think of anything. I end up just wandering around my own house wondering what I like to do for fun.",boredom
1032,6170,Today when I was hone alone,boredom
1033,6171,sitting at home with a clean and tidy house and nothing to do,boredom
1034,6172,I had to work in the office in my finance job.,boredom
1035,6174,I had to wait for my friend and they were 40 mins late,boredom
1036,6175,I was at home last night. My husband was out and I was so tired but not tired enough to sleep?,boredom
1037,6178,I was travelling on an aeroplane to Sri Lanka and he TV wasn't working so we had to just sit there and read books. We weren't prepared and struggled to sleep,boredom
1038,6180,I was in a very long meeting,boredom
1039,6181,I felt boredom when I was listening to a business presentation.,boredom
1040,6182,I attended a hockey game with my husband and had/have no interest in the game whatsoever.,boredom
1041,6183,I felt BOREDOM because I forced myself to binge watch The Rain (on netflix).,boredom
1042,6187,I felt boredom when I was waiting for my son to come out of school because he was late out,boredom
1043,6188,"I spent my day at home the entire day, using mainly my phone. I just didn't have the energy to get ready and go out or call up a friend or just do something meaningful at home. I was so bored because there was nothing entertaining online but I had no motivation to entertain myself so I felt like such a loser for just laying down all day.",boredom
1044,6189,im not being productive,boredom
1045,6190,"We were forced to attend a team building type exercise at work as there were some problems within the team, nobody was interested and it wasn't very exciting. We were all sat round a table in an office mainly being spoken to and nobody was really interacting. It was one of the most boring things I've ever had to sit through and it was a complete waste of everyone's time.",boredom
1046,6191,I was left home alone for Christmas most boring time ever.,boredom
1047,6192,"I was in a cell after apparently having a bench warrant. I sat there, waiting to be let out, as the second I was placed into jail, my bail was payed. It's supposed to be a fairly quick process but I spent over 24 hours, just waiting, alone, on cold concrete, in a grey room, just looking at a wall.",boredom
1048,6193,I was sat on the train,boredom
1049,6195,Sitting my professional exams because they were so long and you couldn’t leave If you finished early,boredom
1050,6196,I was having sex with my husband and he went through the same routine as always.,boredom
1051,6197,I was tasked with completing payment card industry data security standards training,boredom
1052,6198,I was overdue and waiting for my baby to be born. He was 12 days late and was an extremely boring time as I was unable to leave the house.,boredom
1053,6199,I was completing online training at work,boredom
1054,6201,I catch the bus on myself,boredom
1055,6204,I was in hospital for 6 days,boredom
1056,6206,When I do the same task over and over,boredom
1057,6207,"I was having a stem cell transplant and chemotherapy,  being in an isolation room attached to many machines being bored out of my skull ended up watching the same episode of top gear on repeat on tv",boredom
1058,6208,I went on Holiday to Nigeria to visit Family,boredom
1059,6209,I was watching a movie at the cinema,boredom
1060,6210,reading a certain book,boredom
1061,6211,I had completed a creative project and didn’t have a new task to work on,boredom
1062,6212,"I have to participate in events that do not entertain me, but you do it for others pleasure.",boredom
1063,6213,When I am in the hospital for treatment. It is a long wait to get veins and then the medication. Then it needs to be infused into me. It is a long wait,boredom
1064,6216,i was stuck in manager conference calls for hours in work,boredom
1065,6217,I was waiting for my connecting flight from Qatar to Manchester and it was late at night so all of the shops in the airport were closed,boredom
1066,70,Driving on an 8-hour road trip alone,boredom
1067,71,"Watching a film,unable to leave as I was a volunteer in the cinema",boredom
1068,72,mandatory work training finished early but we were made to stay longer by the boss,boredom
1069,73,I went to a cricket game I knew nothing about,boredom
1070,74,"my flight was delayed, and we were allowed onto the plane but were told that we would have to sit and wait before take off. At the time we didn't know how long this would last for, but it ended up being for about an hour and a half",boredom
1071,76,cleaning the table bases at work,boredom
1072,710,"completing a type of training at work which i had done twice in the previous six months, once in fact the day before, and which is repeated ad nauseum for statutory reasons",boredom
1073,711,there isn't something mentally stimulating to me.,boredom
1074,713,"I felt BOREDOM when I was editing photos for a client, which kept asking for every small changes.",boredom
1075,714,I felt boredom when procrastinating doing school work today,boredom
1076,715,I felt BOREDOM when I was lying in bed the other night trying to sleep. My brain simply wouldn't stop thinking of hypothetical situations and fantasy thoughts of a life I've never and will never live. I didn't provoke these thoughts nor did I want them.,boredom
1077,717,after my childrenn came home after being discharged from NICU,boredom
1078,718,My boyfriend went on and on about how the 2021 film Dune wasn’t as good as the 1984 version of Dune.,boredom
1079,720,I was in a mental health review and was being talked at by a psychiatrist and CPN. They were relaying my medical history and past diagnosis to me (essentially reading notes from a computer) and my mind and body just gave up listening to information I already know.,boredom
1080,721,brushing your teeth is so monotonous.,boredom
1081,723,"I was invited to a house party but when I got there everyone was already drunk and acting stupid but I was unable to leave as I had to wait for someone to pick me up so I was sat in room of drunk, unfamiliar people and was so so bored",boredom
1082,725,When I lost my phone at a party where I only knew one person.,boredom
1083,726,I am studying for math midterms,boredom
1084,727,"I was on a zoom call with the writing group I used to attend (I stopped because, even though I really enjoyed it, I was so bored a lot of the time) and one guy started reading out something he'd written. Only, he didn't stick to the one side of A4 rule we had. He had pages and pages of really dull, incredibly dreary writing (I feel so bad saying this), and I just couldn't make myself care enough to listen, I just wanted it to be over but it went on forever. It was a small group of us, and on zoom we could see each other, so I knew my reactions were visible and I wanted so badly to fidget and just do *something* but couldn't.",boredom
1085,729,I felt boredom when I was forced to attend family events.,boredom
1086,730,Waiting for samples to dry in a biology lab. (Context - using a vacuum centrifuge to dry some biological samples. It dried very slowly but I had to wait until it fully dried before I could proceed to the next step of the experiment),boredom
1087,731,I started my new job. I did not yet understand the company fully or the role completely so spent a lot of time learning and getting to know people but with a lot of gaps with nothing to do.,boredom
1088,732,"Not being able to decide what to do (whether I wanted to do a craft, watch tv or read) so o scrolled Instagram for half an hour though I was bored and nothing interested me",boredom
1089,734,"I am not doing anything productive. I find it hard to get into new hobbies so I find myself sitting at home, bored often.",boredom
1090,735,I felt boredom when I had to supervise a non verbal client who wanted no interaction. I was basically there to ensure he didn't hurt himself. The client sat in his chair listening to his ipad and would not interact with me,boredom
1091,736,I was waiting on hold with my bank to update my travel rewards arrangements,boredom
1092,737,my coworker was rambling on about her weekend and I wasn't feeling very interested in the events.,boredom
1093,740,I was listening to a financial planner explain his choice of investment.,boredom
1094,741,I felt bored when I visited home from University for a few days because everyone was at school or work so I did not have much to do. I went on my phone and read in my room for a bit but after that I found myself doing nothing and just being bored until someone came home.,boredom
1095,742,when visiting my mother who is 90 because she does not go out and we have the same conversation each time,boredom
1096,743,I felt BOREDOM recently when we lost our home internet connection for days.,boredom
1097,744,"I was playing cricket with my siblings and friends. I was fielding, in the outfield. I was waiting for the ball to be hit my way and it didn't come my way for a long time. I felt very bored just standing there, waiting for the ball, when it didn't appear and I had nothing to do. I don't like playing cricket that much anyway, and when I play I like batting the most. I don't like fielding as it's mostly standing there with nothing to do. I don't like being in the outfield especially as it's even more just standing there. This particular time I stood there for ages without the ball coming near me.",boredom
1098,81,"A few weeks ago, I was not working very frequently and found myself bored as hell at home. I was caught up on all my cleaning and home chores, and would read for a few hours, journal for a few hours, but would still feel so bored every day I was not working / socializing.",boredom
1099,84,"I attended a 'tech check' meeting for a talk I am giving, and it only required maybe 30 seconds of attention from me but I had to sit through everyone else providing commentary, sharing screens, etc. It was painful to see so many struggle with basic Zoom tasks and to have to sit through all of this when it was not at all relevant to me.",boredom
1100,253,i saw the recent news on England fans,disgust
1101,254,"I was very overweight, and saw myself on video",disgust
1102,255,I found some rotten onions in my cupboard that were slimy and smelly and I had to clean it up,disgust
1103,256,"i got the strawberries out of the fridge and they had gone off, exploded and gone furry.",disgust
1104,257,"people are rude. There's no need for it, especially unprovoked. Some people in shops/out in public are just rude.",disgust
1105,239,I heard a story on social media about a mother dumping her baby in a dumpster,disgust
1106,240,"I felt disgust when I accidentally drank some expired chocolate milk, at first the sweetness masked the taste but the aftertaste and texture which had turned slimy made me feel ill",disgust
1107,241,I saw someone pick their nose and eat it.,disgust
1108,242,A customer at my workplace was being racist.,disgust
1109,243,I saw someone being bullied at work,disgust
1110,244,"somebody spat on the ground in front of me today. It was disgusting and unnecessary, especially given I had done nothing to the man.",disgust
1111,245,I saw a drunk guy leaning against a wall in the toilets them his hands slid and went into the blocked urinal,disgust
1112,246,I see racism,disgust
1113,247,"When I had to clean up puke at my old job in a nightclub, it was vile and spread across the room more than it should have - on the floor and walls. No remorse from the person either.",disgust
1114,248,when someone used awful language,disgust
1115,249,someone at work did not do there job properly and didn't care that it impacted severely on other,disgust
1116,250,I saw a clip from a documentary of baby seals being killed,disgust
1117,251,i saw my ex girlfriend kiss another man,disgust
1118,252,"when I ate a huge meal and then continued to eat a dessert afterwards, this made me feel disgust as i felt full and bloated within myself, and didnt like the way i looked.",disgust
1119,3327,Earlier this year I found a dead headless bird in my garden,disgust
1120,3328,I felt disgust when I ate a meal which had sausages and when i bit into a sausage it had gristle in it,disgust
1121,3329,"I started a new job and was requested to come in earlier than my shift would actually start, and work, without pay. I would also be asked to work 6, 7 8, 9 and sometime 10 days in a row. The lack of respect towards their workers made me feel such disgust.",disgust
1122,3330,I feel disgust whenever I eat seafood.,disgust
1123,3331,I encountered a dead animal in a state of decay.,disgust
1124,3333,I saw a documentary on how animals are treated for food.,disgust
1125,3334,a close friend of mine told me his girlfriend abused him and cheated on him throughout his relationship.,disgust
1126,3335,"I felt discust when I heard about Texas making abortions after 6 weeks (and miscarriages) illegal. I don't understand it from a number of fronts, including that miscarriages aren't by choice.",disgust
1127,3336,drinking off milk that was so off it had little curdles in it,disgust
1128,3337,I felt disgust because a container filled with maggots and rotten food spilled out near me.,disgust
1129,3338,I felt disgust when my best friends boyfriend at the time starting texting our other best friend flirty text messages. I was even more disgusted when I found out that she was responding to these suggestive messages and didn't see an issue with it.,disgust
1130,3339,My grandad was treated poorly in hospital,disgust
1131,3340,"I felt a feeling of disgust recently, when seeing roadkill on the street. The animal in question was a cat and its guts had spilled out everywhere.",disgust
1132,3341,when I saw rubbish dumped on the green area of where I live,disgust
1133,3342,Donald Trump was elected into office,disgust
1134,3343,There was a fatal accident at work. A member of the public who was inconvenienced complained and said we should just scoop them up and throw them to one side.,disgust
1135,3344,I was working in a hospital and a physio was walking a patient through the corridor in a few metres in front of me. The poor patient through no fault of her own was incontinent and had not been given a nappy. She defecated on the floor while walking with the physio and had I not been paying attention I would have walked right the the excrement.,disgust
1136,3345,I stood barefoot on a slug.,disgust
1137,3346,I opened my A level gardes,disgust
1138,3347,when I saw someone being sick outside a shop,disgust
1139,3348,I was told the wall next to my desk at work which is currently a neutral colour is to be painted bright orange.,disgust
1140,3350,I went a resturant to eat somthing and the food quality were very poor.,disgust
1141,3351,A man got sick on the pavement right in front of me,disgust
1142,3352,I was at the vaccination centre and heard a man giving the vaccinator a hard time when she asked for his consent. He said he didn't really but he supposed he had to. She remained very calm with him and he was just rude.,disgust
1143,3353,I felt disgust when I hear about the unethical practices done by large corporations for the sake of money.,disgust
1144,3354,Discussing sensitive topics with family members that are poorly informed,disgust
1145,3355,seeing a badly injured person in an accident,disgust
1146,3356,"I was in the emergency room with a broken arm.  I had been waiting for hours to be admitted to a room, I had been awake since about 3am, I was hungry and dehydrated, I wasn't allowed food or drink since I was expected to go into surgery later that day, and of course I was in extreme pain.  I had a makeshift sling which barely held my arm together, I mostly had to hold it with my other arm.  My nose had become congested and I was sniffling a bit.A women seated nearby demanded I walk over to the nearby washroom an blow my nose, despite needing to hold my arm in place and having difficulty moving/walking without incredible pain.I explained my situation and sarcastically apologized for the offensive noise my nose was making.",disgust
1147,3241,"a few years ago I used the bathroom at my friend's house after his stepfather and he did the most disgusting #2 I've ever smelt, the scent stuck to my clothes afterwards and I had to go home to wash them",disgust
1148,3243,Someone was eating loudly next to me,disgust
1149,3244,I found mouldy food in my fridge,disgust
1150,3245,"I felt disgust when I was listening to the radio, sat in my girlfriends house with her parents, and they were discussing which songs to play for Micheal Gove because he had been out clubbing. It made me feel quite viscerally gross and disgusted, even though I only had a mental image aided by the radio presenter questioning whether Gove would be a good dancer. I felt disgust both in the sense that I felt grossed out by the idea of an old creepy man in a club but also disgusted at the current state of our government.",disgust
1151,3246,My freinds girlfreind hit on me,disgust
1152,3247,When my sister was sick and threw up on her floor,disgust
1153,3248,Seeing my brother picking his toe nails,disgust
1154,3249,"anytime i smell milk. never did like it, but now i have to give it to my baby.",disgust
1155,3250,I was in school and I witnessed someone sneeze snot onto their page.,disgust
1156,3253,I saw a person pick their nose and eat their snot!,disgust
1157,3254,When i see bugs or any gross stuff.And that when i feel disgust,disgust
1158,3255,my sister's fiance sent a photo of a huge dead bug that they found at their place,disgust
1159,3257,"I found out about the amount of cheating going on in professional sports, such as cycling. This was mostly due to the fact that people look up to these athletes and they try to act like them, while the actions are likely impossible without taking harmful substances.",disgust
1160,3258,i discovered a family member taking advantage of my mum,disgust
1161,3260,my friend sent her mum round to attack my mum,disgust
1162,3261,When I binge ate out of restriction,disgust
1163,3263,someone does something that I do not agree with/would have done in the same situation,disgust
1164,3264,"I felt disgust when my friends much older boyfriend started to distance himself by claiming he won't commit to the official status. The part that disgusted me, however, was when he gave my friend an STD and called her miscellaneous names. This disgust me because I found the entire situation appalling and disgusting.",disgust
1165,3265,I emptied the compost bin and it smelt really bad,disgust
1166,3266,a co-worker showed me a picture of someone popping a pimple.,disgust
1167,3267,"I learned how mysoginistic/disrespectful my coworker is. I've gathered as much from his conversations but this event was personal. I work in the position directly under him but am capable of, and do, a lot of his work, a lot of the time. This is only because I like to stay moving while on the clock while his preferences are the opposite. I work in medicine, and we have a bag for biohazardous waste set up at a certain part of the room. I had taken the bag out but not yet replaced it. One day, he had some biohazardous waste, and instead of replacing the bag (fully capable) or asking me, he simply put his needles and other contagious things on the floor, right next to where the bag would be. When I asked him about it, he said he left it on the floor for me to pick up later. I would be regretful to see how he treats janitors and service staff.",disgust
1168,3268,I felt disgust when I was fishing from my boat on a lake and saw a man beating his dog with a belt The dog was whining and crying out. I hollered at the man to stop..  He did stop and put a rope on the dog and took him to his car and sped away. I called the Sheriff and told them what I saw. I described the car but I was not able to read the license plate. I never heard anything about it after that.,disgust
1169,3269,I felt DISGUST when I saw the body of a dead decaying animal in the woods,disgust
1170,3270,When I first found out that Bill Cosby was going to jail for drugging and sexually assaulting women. My whole childhood view of him as a wholesome family comedian immediately turned to disgust.,disgust
1171,3271,someone was typing racial abuse and death threats in a video game,disgust
1172,3272,I felt disgust when I found out my colleague was being bullied for her nationality,disgust
1173,3273,I lied to my friend,disgust
1174,3274,someone dropped meat on the floor at work and used it.,disgust
1175,3275,my flatmates left the kitchen a mess,disgust
1176,3277,my former employer used to sexually harass all of us younger female workers,disgust
1177,3278,"People are greedy and are willing to hurter others for selfish reasons, then they can't identify that they are the problem and show their narcissist traits",disgust
1178,3279,I had to clean vomit off my friend on a night out and I was disgusted because I had to pull a whole chip out of her shirt pocket during the process,disgust
1179,3280,Letting potatoes sit on the top shelf of a cabinet and forgetting about them. They were the most wiggliest bag of potatoes I ever touched,disgust
1180,3281,I saw a video in which someone vomited,disgust
1181,3283,I felt disgust when I listened to a man’s pro life views after the passing of the new Texas heartbeat law,disgust
1182,3284,I opened up the food bin that we put the old cat food in and it was full of maggots. I had to throw them away and clean the bin.,disgust
1183,3285,"a person in a position of power at work called a coworker ""sexy"" in an email and then was surprised when they took offence.",disgust
1184,3286,roommates leave molding food in the sink.,disgust
1185,3287,my boyfriend lied to me.,disgust
1186,3288,The cancer was not found from the mammogram in 2017,disgust
1187,3289,i smelled my dogs poop when i picked it up,disgust
1188,3290,I felt disgust when I found a bug that was over six inches long in my bathroom when I was home alone and knew I had to handle it myself.,disgust
1189,3291,I felt disgust when I was working midnights (11pm-7am) at McDonalds and we went to shut down the lobby bathrooms for the night and discovered that someone had thrown up in the urinal and all over the floor and our managers said one of us had to clean it.,disgust
1190,3292,I was watching a show and it showed someone having surgery. They were cut open on the table and their organs were being pulled out.,disgust
1191,3295,I had to pick up dog poo,disgust
1192,3296,I was at work and was confronted with a very aggressive and rude client who would not calm down. Eventually the situation had to be de-esculated by senior management as she was becoming very threatening.,disgust
1193,3297,"I felt disgust when the pandemic first started and I read online that people were choosing to not want to wear a mask. I felt so upset because they were choosing to not listen to the hard working scientist and not wanting to protect others. Especially kids, elderly people, and immunocompromised people.",disgust
1194,3298,"i found out my boyfriend was liking other girls provocative pictures on instagram, because i would never do that to him, i am only attracted to him and this made me feel disgusted and horrible, thinking of him scrolling and liking",disgust
1195,3299,"I went to the library and someone sat next to me who had extremely bad personal hygiene, I could barely take a breath without feeling like I was inhaling his stench",disgust
1196,3300,I stole from my gf,disgust
1197,3301,"I felt disgust this one night about a year ago. I was drinking with my friends, and one of our other friends, lets call her R, decided she would come hangout and brought her truck. my other friend, lets call her A, was extremely intoxicated and decided she was going to get into R's truck without permission. we kept trying to yank her out, but she wasn't budging. A then proceeded to throw up all over the inside of R's truck and then sit in it and rub it all over herself. I've never been more disgusted in my life, we had to call her parents and clean it up ourselves because they yelled at us and were no help at all. R's truck stunk for months.",disgust
1198,3302,I felt DISGUST when I saw him,disgust
1199,3303,my flatmate threw up all across the corridor,disgust
1200,3304,I felt disgust when I couldn't fall asleep last night. I just have terrible habits and I'm ashamed and disgusted with myself right now.,disgust
1201,3305,When my dog ate his poo,disgust
1202,3307,I over-consumed alcohol one evening and got into a fight with my husband.,disgust
1203,3308,i heard about a nursing home worker taking advantage of an old blind man.,disgust
1204,3309,When I found out my Ex was seeing someone else after just recently breaking up.,disgust
1205,3310,I felt disgust recently when a relative (uncle) attempted to decive my mother out of a considerable sum of money,disgust
1206,3312,an aquaintence I used to be close to lied for financial gain,disgust
1207,3313,a friend threw up in my car,disgust
1208,3314,there was a cockroach in my hair,disgust
1209,3315,"I applied for a job onetime after applying once before. I had previously found out that I had lost out to a person who already wrorked within the same team in a junior position however i was more qualified. I asked for feedback as to why i did not get the job and I was provided with an answer that told me how to improve in the future. a month later the same job came available I took onboard the advice and spent  days revising, researching  and studying for the interview. again the same thing happened. when I asked for feedback about my answers They told me that I should have answered the questions almost word for word in the way that I did indeed actually answer the question. I was disgusted that people could be treated this was as i had spent so much time working hard to secure this Job and that no matter how i interviewed the job was always destined for somebody internally.",disgust
1210,3316,A few weeks ago we had maggots in our wheelie bin. I had to kill them using boiling water and the smell was horrendous.,disgust
1211,3317,of somebody speaking badly about somebody who isnt there to defend themselves,disgust
1212,3318,I stumbled upon the rotting remains of a sheep in the countryside.,disgust
1213,3319,I felt disgust when I looked down at my shoe while washing dishes and saw I had ravioli stuck to it from the pan I had just finished scraping out.,disgust
1214,3320,When my wife pressure me to go outside.,disgust
1215,3321,"I was dating a girl during high school and after some date I took her home. Normally I would just drop her off and head home myself, but this time she and her guardian invited me inside to relax before the long drive home. Once inside I discovered that her family were hoarders and rarely, if ever, would clean the house using actual products. The house had a smell to it that would differ between rooms, but it always seemed to be a sweet-and-sour kind of stench. At the time I never said anything aside from offering to clean some stuff, but it was often physically revolting to be inside the house for any extended period of time.",disgust
1216,3322,when my baby does poty.,disgust
1217,3324,"I felt disgust when I was employed by a previous employer, because I was the subject of constructive dismissal, and was also regularly verbally abused by the management, which left me feeling totally disgusted with this emaployer",disgust
1218,3325,i was left told by my coach to play on defense in our football team,disgust
1219,3326,I looked out my kitchen window to see my next door neighbour dumping her cats litter trays in the bush at the end of my drives.,disgust
1220,4381,I have been a strict vegetarian for 25 years. Someone gave me some biscuits and after eating one I realised it contained cochineal. I was so disgusted I vomited.,disgust
1221,4382,my mom was watching a gross show,disgust
1222,4383,"I felt disgust when I found out that my best friends boyfriend was having an affair, the girl he was having an affair with came to me so I could be the one to tell my friend. I was put in a horrible situation and felt disgusted by his actions. I went to him first and confronted him where at first he denied it, until I showed him the evidence I had and he said he would be the one to tell her. I still to this day cant look him in the eye for what he did to my best friend.",disgust
1223,4384,In my body out on weight,disgust
1224,4386,someone threw up on me.,disgust
1225,4387,My uncles family made my aunt homeless after he left his house to them after his death.,disgust
1226,4388,I found out my partner cheated,disgust
1227,4389,I felt disgust when I entered a house with poor home conditions because it was unsanitary,disgust
1228,4390,I felt disgust when I last weighed myself,disgust
1229,4391,"When I saw myself in the mirror and realised I was a mess, had put on loads of weight and not made any effort in my appearance after an episode of depression",disgust
1230,4392,I saw a member of the public verbally abuse a shop assistant,disgust
1231,4393,My nephew threw up everywhere,disgust
1232,4394,I felt disgust when I discovered my parents being unfaithful,disgust
1233,4395,I felt disgust when a friend made a dish I didn't like,disgust
1234,4396,I feel disgust because somebody I thought I was close with behaved in a criminal manner that was unexpected of him. It was night time and I was awoken to help him out. I did not expect this.,disgust
1235,4397,I felt DISGUST when my parent's ministry partner kissed me against my will in my house when I was underage and he has a pregnant wife at home.,disgust
1236,4398,As a Jew being told to my face that hitler was right and all Jews were rats,disgust
1237,4399,"Protesters blocked the M25 (main road) whilst protesting climate change. People were late for working, missed appointments, late for picking children up etc. It had an impact on the wrong people, I was disgusted by this and thought it was selfish.",disgust
1238,4400,I felt disgusted when I walked outside to my backyard and saw a dead bird. It made me want to throw up because its gut were torn out and were splattered everywhere. It was a couple weeks ago but everytime I go to my yard I think about the little bird and the blood. It makes me want to vomit.,disgust
1239,4321,I felt disgust when I entered into a Chinese restaurant to try their dishes.,disgust
1240,4323,An animal was attacked,disgust
1241,4324,A raccoon died in my airconditioner and I had to clean it out. The smell had pervaded the whole house. It was very difficult removing the corpse from a small cavity in the aircon. The corpse was partially rotted and parts of it were mummified. It also fell apart while I was taking it out.,disgust
1242,4325,I heard my brother in law was a pervert,disgust
1243,4326,"When a mouse jumped out of my garbage disposal, out of the sink then ran across the counter.",disgust
1244,4327,I was treated unfairly,disgust
1245,4328,I felt disgust when I saw my father with his concubine,disgust
1246,4331,when i recived bad customer service and felt unwanted,disgust
1247,4332,I didn't get into the college I wanted to go to,disgust
1248,4335,I heard a story of a married coworker who had a sexual encounter with an employee,disgust
1249,4336,My partner was sick in our bed after a night out when he had been drinking alcohol. The smell was was awful and I had to clean it up and change the sheets in the early hours.,disgust
1250,4337,I saw a man trying to seduce a girl on the street.,disgust
1251,4338,When I spent my last available money on gambling.,disgust
1252,4339,"I felt disgust because a close pen pal of mine wasn't responding to my letters anymore, which made me sad. but replied my letter after a month, and i said to her how much i missed her. only for her to say she doesn't feel the same.",disgust
1253,4343,I felt DISGUST when i had to explain what being a Black person in America meant to a clueless and privileged white man who taught saying the words 'monkey' doesn't mean anything to a black person,disgust
1254,4344,I once threw-up while eating at a restaurant. It was such an unpleasant event.,disgust
1255,4345,"We had our first baby, my wife was busy in the kitchen so she asked me to take the baby's clothes to the laundry room, I saw a few of the messed up shorts, not nice at all and they were so disgusting at least for the first few days before I got used to it.",disgust
1256,4347,i was accused of not trying when i was,disgust
1257,4348,I was left out of a family chat.,disgust
1258,4349,one of my son's classmates was suspended due to sexual misconduct/harassment of a female classmate,disgust
1259,4351,I was walking in the lark with a friend and a stranger approached us and exposed himself,disgust
1260,4352,"I felt disgust when some robbers stole from our home at night. We had gone to bed early, when I felt something wasn't right. I went to the living room and found out someone was trying to carry my PlayStation. I was so disgusted by the man's feeble cry when I called the police on him.",disgust
1261,4353,people blame others for their mistakes.,disgust
1262,4354,I felt disgust when I and the family went on a trip and the babies messed up the event for us,disgust
1263,4356,non resident parents do not want to contribute financially to their children,disgust
1264,4357,I felt disgust when my husband decided to take more interest in sport than he do to me.,disgust
1265,4358,there was blatant mistreatment of minimum wage employees.,disgust
1266,4360,I felt disgust to see my brother eating with his mouth open,disgust
1267,4363,When a drunk vomited on my feet,disgust
1268,4364,because of an unprovoked attack,disgust
1269,4365,I felt disgust when my mother left my sister alone to go drinking whilst she was in labour,disgust
1270,4366,I was fired wrongly,disgust
1271,4367,I worked throughout the day,disgust
1272,4368,I read a detailed report about catholic clergy sexual abuse of multiple children (when one of those children later committed suicide as an adult.,disgust
1273,4369,"I felt disgust when my friend, Mojo threw up in my car. He was sick but he didn't tell me it was very serious. While we were on our way to see another neighbor, he just threw up in my car. I just couldn't phantom how I didn't see that coming.",disgust
1274,4370,I felt Disgust when my job decided to pay me on a part time basis for my full time job because of the effect of Covid-19.,disgust
1275,4371,I saw someone urinate on the street,disgust
1276,4374,I saw a single dreadlock outside on the stairs that was soggy.,disgust
1277,4375,My job gave a promotion I was trained for to another co worker who was not.,disgust
1278,4376,"when my friends boyfriend went pyscho on her, nearly to the point where he hit her. This made me feel absolutely disgusted as how could anyone do that to someone",disgust
1279,4377,"I felt disgust when I found out my my ex boyfriend started sleeping with another girl a few weeks after we split up, whilst still in love with him.",disgust
1280,4379,i felt disgust when I read stuff on Facebook about people behave that kids these day going round saying nasty thing to the older people these kids should no better and now that person wont leave there house to go shopping has to ask family to do there shopping for them what has this world come to this makes me feel so disgusts,disgust
1281,4440,I felt disgust because of swallowing important pills because I have problems where I am aware they are on my tongue. I have been unwell so this is a problem right now.,disgust
1282,4441,when wrongful actions are performed,disgust
1283,4442,When reading about a crime,disgust
1284,4444,I read a news article about a woman beating her 4 year old stepdaughter to death,disgust
1285,4445,I ate a spoiled brownie in the fridge,disgust
1286,4447,I felt disgust when I cleaned my bathroom floor for the first time in a while and realised how dirty it had been,disgust
1287,4448,I felt disgust when my wife told me she threw away all my console games because I didn't take her out for dinner. I told her I couldn't take her out because I had an appointment with my friends in an online game that night. So the next day she told me she threw them all away.,disgust
1288,4449,"Once, a mouse trap killed a mouse in our basement, then flipped into a location where I couldn't see it. I found it by smell some time later. It was rotten and maggot covered. I had to peel it from the floor and the trap and put it into a bag to throw away.",disgust
1289,4450,I felt disgust when my ex best friend stated I didn’t deserve a ‘happy birthday’,disgust
1290,4451,"I felt Disgust when I got to the grocery store to get my kid some school materials, just to see the prices for some material had already gone up.",disgust
1291,4452,i felt disgust when i got into an argument with my friend becaise they said hurtful things,disgust
1292,4454,I saw mouldy food,disgust
1293,4455,I lied to my family to be with my partner,disgust
1294,4458,I found a hair in my food while eating at a restaurant,disgust
1295,4459,The entire world destroyed the lives of its citizens for an illness I've never seen anyone get.,disgust
1296,4461,I felt disgust when my ex husband had his friend knock my door at 2am and run away.,disgust
1297,4462,I saw my neighbor hitting his dog,disgust
1298,4463,when someone was being racist to someone else,disgust
1299,4464,I eat too much food,disgust
1300,4465,I felt disgust when I went into my car after leaving a cup in the car in the heat and the smell of the milk curdling was there,disgust
1301,4466,"I felt Disgust when I asked my husband to make dinner for the kid while I bathe for them so as for them not to get late to school, only for him to ask for me to do it all by my self",disgust
1302,4467,my cat defecated on my bed.,disgust
1303,4468,When I saw a woman so drunk that they couldnt stand up and were vomiting all over the street,disgust
1304,4469,I felt disgust when my brother told me he wasn't interested in doing to school anymore to complete his education. I have been paying his school fees but then he came to me and told me he is no longer interested in what he called the school life.,disgust
1305,4470,When Boris Johnson was re-elected as pm,disgust
1306,4471,I felt disgust when I had to get a chest tube inserted because of a collapsed lung. The thought of blood and what was going into my body grossed me out.,disgust
1307,4472,My stepdad making a mess whilst eating drunk,disgust
1308,4473,I had to clean the shared uni house toilet after being away for a week,disgust
1309,4474,"I felt DISGUST when I was required to check out $300 USD worth of meat at my job as a cashier. The meat was juicy and wet and I didn't enjoy touching any of it, much less that large amount of it.",disgust
1310,4475,When if ound messages on my (now) ex partners phone.,disgust
1311,4477,someone in my group project bailed last second. We worked all week for a project and he left me alone to present on the final day.,disgust
1312,4478,someone else got an award and I thought I was going to get it.,disgust
1313,4480,I watch murder documentaries to become aware of crime around the world and I feel extreme disgust when I hear about gruesome murders. There is one case I remember that I will never forget watching that made me feel ill and extremely disgusted.,disgust
1314,4420,I felt disgust when I seen how much dust was behind my room doors,disgust
1315,4421,"I felt Disgust when my boss decided to punish me for coming late, after he had already reduced my pay for my fulltime job to a half time payment.",disgust
1316,4422,walking into a portable toilet which was very unclean,disgust
1317,4424,my brother committed fraud.,disgust
1318,4425,I saw someone kill a rabbit in their car & not stop.,disgust
1319,4427,I felt disgusted when I saw 4 spiders in my house at one time.,disgust
1320,4428,I handed in a really poor essay,disgust
1321,4429,I was lied to by a close friend,disgust
1322,4430,i was in a homeless shelter.,disgust
1323,4431,I was walking to buy food and saw a dead rat on the street,disgust
1324,4432,"I was on a work trip a few weeks tontbe Austrian Alps. For a team building event, we climbed a mountain. It rained. We got to the top and went to eat in a little hut. I was cold and tired and wet and hungry. I and several colleagues don't eat meat and we'd phoned ahead of time to tell them. But they brought out platters with lots of luncheon meat for everyone. The smell of meat was really, really strong and the vegan option was a smear of avocado on stodgy bread. But the smell of meat was so strong, I couldn't stomach eating anything. Beautiful place but I felt disgusting when looking at those meat platters",disgust
1325,4433,I would feel disgust when I looked at my windowsill and saw all the dirt/gecko poop/dead flies/dead mosquitos accumulate on it. There was a small hole in my window that I was unaware of and that was where all those things were coming from. I had to clean it every once in a while and it was always so disgusting.,disgust
1326,4434,I drank a beer that someone had put a cigarette out in.,disgust
1327,4435,I felt disgust when I saw a man beating up his wife out in the public. While I was touring the streets I saw a man actually start an argument with his wife and then he started beating her up.,disgust
1328,4436,My best friend was treated badly my a set of her friends,disgust
1329,4437,i felt disgust when i was out and i got catcalled from a man who then proceeded to follow me whilst sexualizing me and when asked to stop then carried on like it meant nothing that he was making me feel uncomfortable.,disgust
1330,4438,a man called another a racial slur on the bus,disgust
1331,4439,My shoes are wet and I stepped on mud while trying to get out of the my back yard,disgust
1332,4401,I felt disgust when I found out my boyfriend hadn’t been inviting me places when his friends had been asking him to,disgust
1333,4402,"A friend told me their friend as a kid used to take lizards and break their arms and legs and then stick the alive broken lizards in ant piles to be eaten alive. Also taking them and putting them on paper boats and letting them go on a lake but before that, lighting the paper boat on fire. Or putting them in a metal can with rocks and filling it with water and dropping the cans in a lake.",disgust
1334,4403,I felt disgust when my dog brought a dead cat into my house,disgust
1335,4404,My hubby farted in my presence. He knew U detest it but he went ahead and did it.,disgust
1336,4405,I felt disgust when my partner left a cup of tea on his desk and I saw it was starting to go mouldy as I could see white stuff on the drink. I smelt it to check and it smelt very horrid like cheese.,disgust
1337,4407,I felt Disgust when my husband decided to take credit for my art work at his office.,disgust
1338,4408,when i ended a friendship because they said rude things to me,disgust
1339,4409,I felt disgust when I realised how much weight I had gained because I felt I look unwomanly and had let myself down.,disgust
1340,4410,when my partner invalidates my feelings.,disgust
1341,4411,"People diagnosed with a health condition, that could’ve been prevented",disgust
1342,4412,"I felt disgust when I saw a teenager destroying private property because he had an argument with his parents. While I went to get a new console, I saw a boy who started breaking the televisions because he was angry with his parents.",disgust
1343,4413,when we walked by a junkie on the street in Dublin shooting up,disgust
1344,4414,I couldn't trust somebody who I trusted with everything.,disgust
1345,4415,Matt Hancock took to the newspapers to pour scorn on people who don't take his incessant lies at face value.,disgust
1346,4418,I felt disgust when someone lied to me.,disgust
1347,4419,when I travelled then realised the store was closed,disgust
1348,5574,my cat vomited on my bed.,disgust
1349,5575,I saw someone shouting at their wife very aggressively outside my window,disgust
1350,5576,I bought KFC burger and it was of very poor quality,disgust
1351,5577,I heard about how Sarah Edvard was treated,disgust
1352,5578,"Shopping, when i went for shopping with my wife only to enter the rest room and discover someone used it without flushing it",disgust
1353,5579,I went camping with my scout group and we had to skin a rabbit for food.,disgust
1354,5580,I took my child into a family toilet in a shopping centre. The room was absolutely filthy and there was even poo on the floor.,disgust
1355,5581,I saw how unhygienic a friend's house was.,disgust
1356,5582,I had to reach into the drain at my job and pull out a clog of wet food.,disgust
1357,5583,i was cleaning up my cats vomit,disgust
1358,5584,"I felt disgust when I was cleaning an empty car yard that was temporarily going to be used for business reasons and I found a dead bird. When I flipped it over with a stick there were a lot of maggots and flies underneath, and in the moment I wanted to burn them with a flamethrower or just kill them somehow.",disgust
1359,5585,my daughters father ignored her birthday,disgust
1360,5586,A bird pooped on my coat,disgust
1361,5587,My friend coughed in my face without apoligizing.,disgust
1362,5589,My parents allow my sibling to mistreat her child and use substances,disgust
1363,5590,I saw someone sneeze snot all over their book at school,disgust
1364,5591,"I stood on a snail walking down the path the other day. I felt revolted and disgusted as it was sticky and slimy and gross. I also felt very sad afterwards, what a shame. Poor snail!",disgust
1365,5592,when I saw animals in captivity,disgust
1366,5593,someone vomited beside me,disgust
1367,5594,"I saw racism with my own eyes when on a night out. I saw a women being racially abusive to a bouncer, which filled me with disgust because I had never witnessed an experience first-hand like this before.",disgust
1368,5596,I saw the news about the petrol ‘shortage’.,disgust
1369,5597,my partner gave me an Infection,disgust
1370,5598,When I was treated unfairly by a utility company,disgust
1371,5599,When I had too much to drink and I had a fight with someone because I couldn't control my behaviour.  I was disgusted with myself when I woke up the next day.,disgust
1372,5600,when i read a study about eating powdered bugs,disgust
1373,5601,The doctors would help me get in touch with a dermatologist for my son,disgust
1374,5602,My grandmother had lung cancer and during her last day my father and other relatives behaved in an appalling manner. Every day i went to sit by my grandmother to keep her company and spend as much time with as possible. We were told that she wouldn't last much longer and yet my father and relatives decided drinking would be a better way to pass the time rather than stay with her as long as they could. I spent the night alone with the nurse and my grandmother while they all got drunk to drown their sorrows. I was so disgusted by their behaviour as well as angry. The disgust hasn't really left.,disgust
1375,5603,"I feel disgust because my colleague racially abused my other black colleague, I had to speak up for my colleague.",disgust
1376,5482,I felt DISGUST when I observed that my best friend was planning to snatch away my girl friend from,disgust
1377,5483,My friend showed me an image of several dead small creatures that they have kept in jars in peroxide solution.,disgust
1378,5484,I opened a packet of pre cooked rice for dinner and over half the contents were covered in mould and fuzz. The smell was foul and completely put me off my food.,disgust
1379,5485,I saw someone going to the toilet in the street,disgust
1380,5486,some chicken drumsticks ripped open and the juice spilled all over the fridge and floor,disgust
1381,5487,"a customer at work was treating their spouse incredibly poorly.  They were very rude and demanding, and talked down to them as if they were a child.  I felt absolutely awful, and was disgusted with how this person behaved, especially in public.",disgust
1382,5488,I found out what Brady did,disgust
1383,5489,I had to wade through a massive sewage leak to get my child to school on time,disgust
1384,5490,I felt disgust when I overheard one of my friends talking badly about me to other people.,disgust
1385,5491,I saw someone being kicked when down,disgust
1386,5492,watching a court case of a man and the murder of his partner,disgust
1387,5493,I felt disgust when I heard about a back stabbing incident at work.,disgust
1388,5495,"I was speaking to a man in the job and he was taking no responsibility for his actions, for the suffering of his family. I couldn't show how I felt but I remember internally recoiling from him.",disgust
1389,5496,When I saw the news of another murder of young female.,disgust
1390,5500,Someone's standard of cleanliness didn't meet mine,disgust
1391,5501,I read about millionaires who do not help with climate change or homelessness.,disgust
1392,5502,a child threw up in my classroom,disgust
1393,5503,had a patient vomit on me at work and it smelled like fish and peanut butter.,disgust
1394,5504,"I felt a feeling of disgust when i saw my previous employer acting in an unethical way towards his employees. it went against my ethical compass, and it made me feel extremely uncomfortable knowing that he was happy with the way that he was acting, and that he placed his financial needs above his employees wellbeing",disgust
1395,5505,I saw a dead squirrel in the road with blood around it,disgust
1396,5506,"I felt disguise in the past when my boss called me some bad names and shouted at me, I was quite young at the time and it was quite upsetting",disgust
1397,5507,A pigeon pooed on my head,disgust
1398,5508,i felt disgust when my 6 year old little child poured milk all over the floor and on himself when i was not around because i expected him to have outgrown such mischief,disgust
1399,5509,"I felt disgust at how a friends partner treated him, he was very religious and she would not allow their wedding to have any religious element, even though it was a big part of his life and that of his families.",disgust
1400,5510,This girl at lunch ate her food with her mouth opened,disgust
1401,5511,I felt disgust when someone I knew was driving around in her parent's car. The car had a disabled badge but neither parent were able to use the car or badge any longer. This person took great delight in parking in disabled spaces evertime she drove the car and could not see why it was a problem. She was not disabled,disgust
1402,5512,I saw somebody spit inside of a shopping centre,disgust
1403,5513,At the attitude/opinion of someone I love regarding politics,disgust
1404,5514,My daughter bit her sister,disgust
1405,5515,I found a rotten banana in my new car,disgust
1406,5516,"My son vomited all over the bed at 2am, while we were on holiday",disgust
1407,5517,Someone named me as a witness to an alleged work assault when I had not seen it,disgust
1408,5518,I saw a parent screaming at a young child for no reason in a mall food court.,disgust
1409,5519,I felt disgust when a member of my own family was claiming benefits they weren't entitled to.,disgust
1410,5520,I accidentally pooped my pants during a run,disgust
1411,5521,I ate one half of a sandwhich from a canteen and found mould on the other half,disgust
1412,5522,"I was washing the apples that were harvested from our garden, as one of them had insects and a little slug on it.",disgust
1413,5523,"I had to help a heifer deliver a calf when I was about 12 years old.  I felt a weird sense of pride for being able to help the cow, but at the same time I felt incredibly grossed out from what exactly I was looking at and doing.",disgust
1414,5524,I was cheated on.,disgust
1415,5525,I felt disgust when I saw a decapitated head (picture),disgust
1416,5526,I found out that my brother was a rapist,disgust
1417,5527,I read details on a child abuse case.,disgust
1418,5528,When a colleague had been talking behind my back.,disgust
1419,5529,"I had breakfast yesterday, because the food was so terrible. I tried to muscle through but could not finish it.",disgust
1420,5530,someone used vulgar word beside me,disgust
1421,5531,"I felt disgust when I saw a man in the town centre urinating in the street, this is because it was broad daylight and it was disgusting behaviour.",disgust
1422,5535,I found out my partner had been texting other woman,disgust
1423,5536,the death of my grandmother and at her funeral when people were commenting and looking into her open casket.,disgust
1424,5537,my toddler unexpectedly vomited all over me,disgust
1425,5538,When I did not hear back from my interview.,disgust
1426,5539,"I felt disgusted yesterday at work when a Colleague  of mine wasn't able to complete  a task which he was taught for over 3weeks. It got me disgusted because  I was a witness of his training, on getting  the to stage of executing what he has learnt,he felt dumbfounded.",disgust
1427,5541,I put weight on,disgust
1428,5542,I was turned down for a promotion at work,disgust
1429,5543,People were racist,disgust
1430,5544,I felt Disgust when I saw a dead dog by the side of the street filled with maggots,disgust
1431,5545,there was a hair in my food at a restaurant,disgust
1432,5546,I felt disgust when a family member turned their back on the rest of the family because of his new partner.,disgust
1433,5547,the behaviour of my brother when my mother died,disgust
1434,5548,"I read about the £80 cut to universal credit, familys losing out on money and struggling including myself",disgust
1435,5549,a colleague was disrespectful about my miscarriage,disgust
1436,5550,People chew loudly,disgust
1437,5551,A friend had covid and attended running club with symptoms but failed to tell anyone until weeks later,disgust
1438,5552,i felt disgusted when i found out that my dad wronged my sister,disgust
1439,5553,I saw a dead mouse that my cat had killed.,disgust
1440,5554,I woke up and realized my dog had puked on my bed and it had also got all over the floor,disgust
1441,5556,"I moved into my flat and it hadn’t been cleaned at all my then letting company. Food on the doorstep, mouldy bathrooms and all the old tenants belongings",disgust
1442,5557,my brother talked about his poop while we were eating dinner,disgust
1443,5558,i found mouldy food in my daughters room,disgust
1444,5559,When Hungry fans booed black football players.,disgust
1445,5560,I felt disgust when I saw how someone was treated in my workplace.,disgust
1446,5561,a child was sent to my childrens school with covid,disgust
1447,5563,I watched a documentary on factory farming,disgust
1448,5567,"Trump said Megyn Kelly had ""blood coming out of her wherever"".",disgust
1449,5568,I realised I had been the victim of fraud.,disgust
1450,5570,my mum chews loudly,disgust
1451,5571,"I was at work , a fellow worker was being harassed by a manager for no reason at all, being humiliated in front of others and not defending themselves even..",disgust
1452,5572,If I found rotten food in a cupboard when I moved into my new house.,disgust
1453,5573,"I felt disgust when I realized there was a hole in the lid our our houses trash can and saw that it had been infested with maggots, flies and bees.",disgust
1454,5664,I learned of the behaviour of a local restaurant,disgust
1455,5665,"we got a new political leader who is anti abortion, homosexuality and supports priests abusing children.",disgust
1456,5666,being sexually harrassed in a nightclub,disgust
1457,5668,when my boyfriend tried to make me feel guilty for putting my kids first,disgust
1458,5670,I saw someone being rude to a homeless person,disgust
1459,5671,"I felt disgust when I watched a family member let their dog lick all over their mouth.  They even let the dog lick inside their mouth.  They said the dog was giving them ""kisses"".",disgust
1460,5675,When I witnessed a friend being unfaithful,disgust
1461,5676,I felt DISGUST when I had a really bad hangover,disgust
1462,5677,when a work colleague was rude to a customer,disgust
1463,5678,"When my oldest child was about 18 months old, he took his nappy off and decided to finger paint with the contents of his nappy.  I had to clean him up as well as the...art that he had spread over the walls, carpet and toys. I felt disgust with the smell and situation, not my child.",disgust
1464,5679,I saw a chicken bone that had been left on the kitchen countertop by my housemate.,disgust
1465,5680,I saw someone let their dog poo on the road and they didn't pick it up,disgust
1466,5681,I saw a dog being mistreated,disgust
1467,5683,I visited my grandparents house and discovered it was filthy,disgust
1468,5684,I found out my daughters father had stolen money from us and had been manipulating me,disgust
1469,5685,I felt disgust when someone didn't pay me money they owed when they knew i was struggling.,disgust
1470,5687,I saw a centipede running across my floor,disgust
1471,5688,I felt disgust when I watched a grown man try to flirt with new college age girls and I.,disgust
1472,5689,I felt disgust when I went to bite into my burger only to find out it was not cooked properly and pink in the middle.,disgust
1473,5690,"When a nervous cat escaped its basket at work, panicked and then ran around the room and covered the room in urine and faeces.",disgust
1474,5691,I found out my girlfriend was sleeping with a friend,disgust
1475,5692,"the  day i went for road work and some physical exercise, after a long time juggling i met a new friend whose try to teach me how to do sit up when trying to lift my two legs up my sports nicker teared from the bottom , i felt so disgust that day",disgust
1476,5693,"I found out my ex girlfriend had cheated on me with my (ex) best friend on our graduation night. I felt so disgusted with the both of them.  Her for cheating on me in the first place, and him for lying straight to my face about it.  I felt so disgusted with the way that they acted.",disgust
1477,5694,when I saw someone treating someone else badly,disgust
1478,5695,When I found out a colleague had gone above me to discuss my progression with my boss. I was disgusted with her behaviour,disgust
1479,5696,I noticed I have some tartar built up on the back of my bottom teeth.,disgust
1480,5697,I felt disgust when I saw wasted food,disgust
1481,5698,"I'd never been able to take my family on many holidays so getting to take them abroad was a dream came true. But i was disgusted by the state of the place we were to be staying. It looked nothing like the pictures shown. It was filthy. The main bed was broken, items missing so couldn't use the kitchen facilities as planned. It was a run down mess and to top it off they were adding items to hotel bill that i hadn't even had.",disgust
1482,5699,reading about the murder of a young woman,disgust
1483,5700,I felt disgust when I stumbled upon a racist twitter account that continued to post disgusting content even after I had reported it numerous times,disgust
1484,5701,Dealing with someone rude,disgust
1485,5702,It took 2.5 hours for my takeaway to arrive,disgust
1486,5703,people from the group 'insulate Britain' block ambulances and people trying to see their families/ get to work,disgust
1487,5704,Someone flicked a wet bogey on to my cheek. It was disgusting,disgust
1488,5705,"When I found out a colleague I used to work with was an anti-vaxxer; I work in healthcare so... to me, a nurse who doesn't believe in science is openly choosing to put her patients at risk, which is disgusting to me.",disgust
1489,5706,when I tried avocado for the first time.,disgust
1490,5707,I was out for a walk yesterday with the dog and I saw a dead frog. The disgust was even worse when my fiance didn't see the dead frog and stood on its corpse. I let out a little shout as I was so disgusted.,disgust
1491,5708,when I see people abusing their animals.,disgust
1492,5709,I bought a cooked chicken and it wasn't cooked properly and was pink and slimy,disgust
1493,5711,My neighbours garbage was pulled into the road by a fox and I had to clean it up,disgust
1494,5713,I heard someone being racist at football,disgust
1495,5714,when I saw a man abusing his wife,disgust
1496,5715,I was on a camel ride whilst on holiday in Tenerife and the camel behind decided to start eating my tshirt which I was wearing!!,disgust
1497,5716,"I felt disgust when my friend asked me to stay in a hotel and expected other things,",disgust
1498,5717,"I felt disgust when watching the show, Squid Game, because it is quite gruesome, which was unexpected.",disgust
1499,5718,i felt disgust when somebody shouted at my child.,disgust
1500,5719,When my look blocked and I had to clear the drains,disgust
1501,5720,"people snot, especially if it is green.",disgust
1502,5721,I witnessed videos of police shooting unarmed black people,disgust
1503,5722,when I found out the hygiene standards of my local pizzeria,disgust
1504,5723,I felt disgust when a colleague i was close too at work told the manager something i told them in confidence,disgust
1505,5634,when an unknown girl was pregnant for my fiance,disgust
1506,5636,A child kicked my child and the parent laughed,disgust
1507,5637,I have binge eaten,disgust
1508,5638,I had to clean a messy toilet,disgust
1509,5639,When I witnessed a male making unwanted advances on a female at a club,disgust
1510,5640,somebody cheated on their significant other,disgust
1511,5641,"My neighbour came and harassed me because he thought our fence was 2 inches onto their land, before getting the proof that it actually wasn’t.",disgust
1512,5642,My husband had an affair,disgust
1513,5643,Seeing people be rude about children with additional needs,disgust
1514,5645,I felt disgust when a stranger made a rude comment to my friend,disgust
1515,5646,A driver dangerously overtook another car,disgust
1516,5647,Whatching Dr pimple popper and the popping and surgery and pus,disgust
1517,5648,I heard about the Sarah Evard case,disgust
1518,5649,I had gone out for breakfast with my mum and she found a hair in her food. It put me and her off of our food and also made us not want to eat in the restaurant again.,disgust
1519,5650,The police was abusing an innocent man,disgust
1520,5651,I was 5 and sexually assaulted by my own cousin.,disgust
1521,5652,I was at my workplace and found a massive bug that I couldn't identify.,disgust
1522,5653,I lost my bag in a park,disgust
1523,5654,"of a family member chewing with her mouth wide open. Specifically, the noise.",disgust
1524,5655,I was shouted at in hospital for asking for something other than oramorph,disgust
1525,5656,"When someone bought there dog in after they had been hit by a car and when treatment was discussed which the dog needed, the owners said no as they had to renovate their kitchen. The dog was then euthanised, which may have happened with treatment or not but the dog was only 3 and the way they acted and what they said gave the impression they cared more about a kitchen then a life.",disgust
1526,5657,I see posts of animal cruelty on social media or the news,disgust
1527,5658,I saw a toddler in the grocery store licking the side of the check out belt area in the middle of a pandemic. I gagged in my mouth.,disgust
1528,5659,my colleague told me a man spat on a baby in the library where I work,disgust
1529,5660,When a friend was eating a food a certain way.,disgust
1530,5661,I was in college studying beauty therapy and my fellow student was refused by the tutor to participate in the training for spray tanning because she was in a wheelchair and there was apparently no provision / easy way for her to be able to take part. This disgusted myself and my fellow students as we felt that was horrifically disablist towards our friend / fellow student.,disgust
1531,5662,When my partner engages in drinking and smoking,disgust
1532,5663,My mum has just rescued a French Bulldog and I feel absolutely disgusted that she had been so badly abused by the people who had her before my mum.,disgust
1533,5604,"I felt disgust when I recently needed to go to the petrol station to get fuel for an important work appointment and couldn't because - due to the petrol crisis - people were queuing down the road to get petrol. I waited my turn and neared the pumps and I was disgusted to see people filling up jerry cans for of petrol to take home and store, even though the petrol station had limited supplies and there are people who really needed fuel.",disgust
1534,5605,"I slept over at a romantic partner's house after a gig recently. I could smell beer in my hair that was spilt on me during the gig and could feel sweat all over me, but the feeling of sweat on the back of my neck making my hair damp was completely repulsive to me. I was really distracted for the rest of the morning by wanting to go home and shower so I wouldn't feel that sensation anymore. I have quite a strong sensory aversion to the smell and sticky texture of a lot of alcohol when it's spilled, so that was the main source of my disgust.",disgust
1535,5606,I was on the bus and a man was very unwashed and smelt bad,disgust
1536,5607,I’ve recently moved into a new flat in my student accomadation and the shower plug often smells similar to sewage. I’ve yet to have it fixed but I smell it daily.,disgust
1537,5608,"The conditions some older people live in, not by choice",disgust
1538,5609,"I felt disgust when I had to have a blood test and the nurse had trouble finding a suitable vein to draw the sample from. I usually do not feel nervous or disgusted before having a test done but this particular time I did because she had the tourniquet on my arm for a very long time and was pushing and pulling around to try and get a vein. She did get a vein but she did not give me anything to rest my arm on while having my blood drawn so it was a bit of an awkward and uncomfortable angle and I could feel the needle moving around in my arm. Due to this, I felt quite sick and disgusted and I actually ended up feeling quite hot and I was really anxious that I might faint! Each time I thought about it afterwards, I felt queasy and my arm bruised quite badly afterwards.",disgust
1539,5610,when I opened a pack of chicken and the meat was off & smelled really bad,disgust
1540,5611,Covid cancelled my wedding,disgust
1541,5612,i witnessed a man assaulting another man,disgust
1542,5613,I was walking through my local town and a group of young people were shouting offensive words at everyone,disgust
1543,5615,I felt disgust when my older sister tried to tell me how to parent my children and she tried to assert her opinions and make her opinion happen rather than myself as the parent,disgust
1544,5616,I saw a dead pigeon being eaten by a crow,disgust
1545,5617,a director at work sent a very mean passive aggressive email targeting one of my employees,disgust
1546,5618,my friend got cheated on,disgust
1547,5621,someone ignore my serious concerns,disgust
1548,5622,when I was out walking my dog as someone else was also out with their dog and let their dog approach mine without asking any questions. I was disgusted and angry as my dog does not like other dogs so this could have been a dangerous situation.,disgust
1549,5623,I felt disgust when we had fruit flies in the kitchen a few days ago and they laid their eggs all over the bananas. I had to throw out the bananas because I was so disgusted.,disgust
1550,5624,my friend tried to shake my hand after coming out of the toilet without washing his hands.,disgust
1551,5626,"I felt disgusted when I saw a friend eating  oily food. Due to the fact that I'm  restricting myself from oily foods, I get disgusted whenever I see anyone taking them",disgust
1552,5627,I went to bite into toast to find the bread was mouldy,disgust
1553,5628,I was watching a show that exposed the amount of rotten food in a kitchen,disgust
1554,5629,I felt disgust when I heard a coworker use a racial slur,disgust
1555,5630,when people exclude others.,disgust
1556,5631,"my ex boyfriend was approached by a homeless man who had asked him to buy him a sandwich at Tim Hortons. My ex-boyfriend responded by trying to barter with him, and offered to get him a donut instead of a sandwich (because he was cheap, and thought a sandwich was too much money)... This disgusted me because it was a difference of a couple of dollars and this poor man probably never gets to choose what he wants to eat... we were so much more fortunate than him and the difference of a couple of dollars is negligible in comparison to the happiness the homeless man would feel by actually getting a meal.. as opposed to a donut with no nutritional value.",disgust
1557,5632,Someone made an innapropriate comment about my weight,disgust
1558,5633,When I experienced an interaction between 2 people.,disgust
1559,6218,I felt DISGUST because I lied about something,disgust
1560,6219,"I felt DISGUST when I was in my freshman dorm and someone had vomited in the public bathroom's sink. This bathroom had quite literally experienced a different bodily fluid every week since week one of my living there (Blood, spit, semen, urine, etc.), and now there was solidified vomit in the sink that had most likely been sitting there for hours.",disgust
1561,6220,A classmate was talking about porn in class.,disgust
1562,6221,one of my classmates purposely gave me incorrect information about an assignment so that I would perform poorly and look like a fool.,disgust
1563,6222,Watching Game of Thrones and how they treat women,disgust
1564,6223,I read a right-wing platform of a recent election,disgust
1565,6224,My ex husband got a girlfriend because we were still married,disgust
1566,6225,I threw up into my hands.,disgust
1567,6226,When I saw one of my female classmates pick her nose and eat it. We were in high school.,disgust
1568,6227,my partner was watching a film and it showed someone being killed and then another person got sick when they saw the dead body and it was a stupid senseless movie.,disgust
1569,6228,"My dog rolled on a decomposing rabbit, which caused her to smell very much and actually left her with maggots wriggling on her.",disgust
1570,6229,I witnessed huge queues outside petrol stations during a petrol shortage.,disgust
1571,6231,I felt disgust when the guy talked to me.,disgust
1572,6232,someone spat in the street,disgust
1573,6233,my boyfriend got laid off from a company before even starting his first day,disgust
1574,6234,I felt disgust when one of my friends showed me a video of a doctor cutting open a large cyst on someone's shoulder.,disgust
1575,6235,I trod on the body of a dead bird,disgust
1576,6236,When I heard how my family member had treated a dog,disgust
1577,6237,"a colleague of mine expressed unpredictable, stupid racist views.",disgust
1578,6238,an area was purposefully left dirty,disgust
1579,6239,several days ago when learning that manager of long term care homes in my region are not and will not be punished for negligence leading to deaths amid the pandemic.,disgust
1580,6241,I saw a dog being hit.,disgust
1581,6242,trying to book a doctors appointment and none ever being available you have to do everything oveer the phone and its not right,disgust
1582,6243,my dad repeated his actions to give to charity three times in 24 hours (has an increasing need for validation/obsession with his legacy).,disgust
1583,6244,someone picks their toenails.,disgust
1584,6245,I felt disgust in work today when a doctor removed a tooth from a persons hand,disgust
1585,6246,I saw a dog walker abuse their pet,disgust
1586,6247,"A senior member of management was so drunkAnd disorderly he was dedicating in a hotel hallway, and was simply just so rude to colleagues",disgust
1587,6249,When i seen a video of a person eating a bowl of Larvae on tiktok,disgust
1588,6250,I see people spit in the street,disgust
1589,6252,I felt disgusted when I went to Applebee's for my birthday lunch with my dad and boyfriend and they sat us at a table with a dead ant on the windowsill because it made me think that they must not be a very clean place if they have ants roaming all over the place and dying on the windowsills and not being cleaned up,disgust
1590,6253,"... I was on a research trip on the Amazon River, taking off from a small town called Iquitos. One night, while waiting outside a restaurant to grab a bite, a very young child took their clothes off and pissed all over the street. The parent right there, watching, sitting in the puddle.",disgust
1591,6254,a friend of mine was let go from work unfairly.,disgust
1592,6256,Lying to my girlfriend,disgust
1593,6258,Someone was sick,disgust
1594,6259,I saw someone spit on the floor in the street.,disgust
1595,6260,Because of the poor choices made by my government,disgust
1596,6262,"My sister in law recently had an affair, and the more details I get, the more disgusted in her I feel",disgust
1597,6263,"I clicked accidentally on a YouTube video where a person with maggots in their gums was being filmed. I just kept watching despite the fact it was stomach-churning for me,",disgust
1598,6265,my mind in one instance recognized a great injustice had occurred.,disgust
1599,6266,i saw a footballer spit at another one in front of me,disgust
1600,6267,I attempted to eat chicken again after 5 years of vegetarianism. I tried Nandos.,disgust
1601,6268,when a middle aged man was inappropriate towards me when he was sitting next to me on a flight.,disgust
1602,6269,My professor made a sexist comment to my friend about her making a sandwich instead of pursuing a degree,disgust
1603,6271,I saw people walk by an injured homeless man,disgust
1604,6273,I was watching a very gruesome and unnecessarily violent/bloody scene on television,disgust
1605,6274,when i ate meat,disgust
1606,6275,I was walking on a beach and there was a tree that had washed up with the tide.  When I looked closely at it I saw that it was covered with worm like creatures.,disgust
1607,6276,I see how a work colleague treats another member of staff,disgust
1608,6277,a man was complaining and being rude in the restaurant,disgust
1609,6278,I throw away food,disgust
1610,6279,When I found out family members were planning on breeding their dog for monetary gain,disgust
1611,6281,I was on tiktok and came across multiple live videos of people eating live bugs from a bowl.,disgust
1612,6282,When I'm not treated fairly at work in my dept.,disgust
1613,6283,at work when a stool sample popped the cap and erupted like a volcano,disgust
1614,6286,A patient I was looking after disclosed that he was a convicted paedophile,disgust
1615,6287,My brother did not seem upset at the passing of my mother,disgust
1616,6288,I was walking up the stairs in school and I put my hand in somebody’s spit on the hand rail,disgust
1617,6290,I feel disgust when I observed someone neglecting to feed their dog.,disgust
1618,6291,I saw all the mold in the bathroom as I was cleaning it,disgust
1619,6292,When my work colleague expressed their negative thoughts on the lgbtq community,disgust
1620,6293,Reading an article about child grooming gangs.,disgust
1621,6294,I saw anti-vaxxers accost and harass healthcare workers at the hospital.,disgust
1622,6295,losing money on gambling sites,disgust
1623,6297,how I was treated,disgust
1624,6298,I felt disgust when my old best friend broke my trust,disgust
1625,6299,i was cleaning the bathroom at work. It had been left in a very bad state and was disgusting.,disgust
1626,6300,When i found out one of my best friends created a fake social media profile to abuse my girlfriend,disgust
1627,6301,I stood on a slug my dog brought in lastnight,disgust
1628,6302,"I compete horses, and I had been using a saddle that didn't fit my horse and it ended up causing the horse pain in his back. and I was disgusted with myself because I should have been more aware.",disgust
1629,6303,I woke up after a night out and lots of drinking,disgust
1630,6304,"when I needed to stop at the side of the road to confirm whether or not the roadkill by my house was the body of one of my cats. I could give more details if you like, but think it is unnecessaryly graphic, suffice to say that maggots were involved.",disgust
1631,6305,my ex boyfriend tried to kiss me and I didn't really like him,disgust
1632,6306,When I found out our CFO was stealing money from the company.,disgust
1633,6307,I felt disgust when I got sick all over myself.,disgust
1634,6308,"I was eating alongside someone, and they were eating their food with their mouth wide open.",disgust
1635,6309,i felt disgust when i see images or videos of children living in war torn countries across the world. Especially recently with the unrest in Palestine where innocent Palestinian people were being killed and taken from their own homes by Jewish settlers.,disgust
1636,6310,I felt disgust when my exboyfriend betrayed me. I trusted him and he betrayed me. He claimed to be different and was self-righteous about his perceived morality. It disgusted me that he would be such a liar.,disgust
1637,6312,I felt DISGUST when I was cleaning my cat's litter box because it smelled so bad.,disgust
1638,745,His toenails where massive,disgust
1639,746,I observed a robbery in a jewellery shop,disgust
1640,747,A person spat in the swimming pool when I was lane swimming,disgust
1641,748,when I drank for four days in a row,disgust
1642,749,I was walking home from school when I was 10 and I heard and pop under my shoe and looked down and I had stepped on a mouse,disgust
1643,750,I put my daughter to bed in a friend's house and found the room was infested with flies.,disgust
1644,751,When my daughter was attacked by her peers,disgust
1645,752,"One day, I was at my aunties and she opened a tin of corned beef. As she sliced it, we found a cow's eye (complete with eyelashes!) inside the beef.",disgust
1646,753,I felt disgust when my ex boyfriend cheated on my because I trusted him.,disgust
1647,755,I had a conversation recently with my father In law after he showed no interest in visiting his child(my partner) while they were in ICU. His lack of concern greatly disgusted me,disgust
1648,757,when i found a slug in my cat's food bowl,disgust
1649,759,I felt Disgust when I overheard someone treating someone poorly on campus,disgust
1650,274,when my surf board was over my head and I couldn't get out of the water.,fear
1651,275,my husband had covid a year ago with our infant. I didnt know if everything would be okay.,fear
1652,276,when I began working in the acute care unit of a hospital because I thought people would be dying and I wouldn't know how to handle it,fear
1653,277,when applied for my management job role. The interview was intense as it was a big step up from being an advisor.,fear
1654,259,A massive spider crawled over me when I was asleep in bed and woke up,fear
1655,260,"We were struggling financially and my mom was an alcoholic. She had been drinking and decided that in order to earn money she’d go to the bar and offer prostitution services. She has had sexual trauma in the past, and I was terrified that this would break her. I was also afraid that she’d drink more and end up injured, dead, or in jail.",fear
1656,261,A group of young men following me home.,fear
1657,262,Someone tried to get into our house,fear
1658,263,A car came towards mine on the outside of a bend and clipped my wing mirror,fear
1659,264,Someone was driving too fast.,fear
1660,265,I had my driving test,fear
1661,266,Me and my family were almost robbed and attacked in the streets of spain by a random man.,fear
1662,267,"One night while alone at my father's house, I saw a dark figure staring into the living room in which I was sitting. The figure, which I assumed was a man, pressed its head against the glass and tried to open the front door. He jiggled it for a few seconds and tried to pull it open before simply staring at me and walking off.",fear
1663,268,My home was invaded and I was briefly held at gunpoint but escaped,fear
1664,269,a stranger swore in my face at the park and threatened me because I paused to take a photo of the lake,fear
1665,270,I was going to have a colonoscopy for the first time,fear
1666,271,when i was receiving my a-level grades,fear
1667,272,when I worked my first shift on my own at my bar job.,fear
1668,3444,I felt fear when my large dog attacked my chihuahua because it was a very violent attack and my chihuahua was so small.,fear
1669,3446,I used to be afraid of theme park rides and I was forced to go on a rollercoaster,fear
1670,3448,we were in the covid-19 lockdown and my grandads nursing home had cases of covid-19,fear
1671,3449,I stepped in front of an oncoming car when crossing the road,fear
1672,3450,I lost control of my car whilst driving,fear
1673,3451,my flight was cancelled and I was abroad alone.,fear
1674,3452,I was giving a presentation in front of my peers.,fear
1675,3453,When I got on a plane to go visit my family. The flight was 5 hours and I don’t like flying,fear
1676,3454,"I felt fear when I realized that I'm travelling to NJ tomorrow and it is still facing the repercussions of the flood the other day, so I don't really know what I'm getting into. I'm also worried about socializing with friends and meeting up with friends given that Delta is still going on.",fear
1677,3455,"on a late night walk (4am) with 3 female friends. A shadowy figure appeared on the path ahead. I was fine, but the 3 of them got behind me and asked me to stand in front. I remember feeling fear once they did that, even though normally seeing other people on my late night/early morning walks never bothered me in the past",fear
1678,3457,I saw a bus accident deadly.,fear
1679,3458,I felt fear when I gave birth to my children,fear
1680,3459,i failed my test,fear
1681,3460,"I felt fear when I was driving to the gym and I was sitting in the left turning lane because cars kept coming and a car coming towards me decided they also wanted to turn left because there is only one turning lane in the centre for both directions of traffic and came inches from hitting my car head on. I had to swerve and almost hit a car to my right, if I hadn't been paying attention I probably wouldn't be here today.",fear
1682,3462,because I was being chased by older people through the park.,fear
1683,3463,"I was coming out of a car park one evening, there was a car ahead of me on the road. A police car pulled up and blocked the car in front. Over the next 5 minutes I was sitting in the car witnessing the driver of the car in front (who was drunk) be arrested. The man was very large and it took 4 policemen to subdue and arrest him. There was no other exit to the car park so I just had to sit and hope he would not get aggressive in my direction.",fear
1684,3464,My wife has incurable cancer and has scan results every three months. I feel fear before the results.,fear
1685,3465,When I nearly crashed my car on the highway,fear
1686,3466,I felt fear when I had to present in front of other people,fear
1687,3467,I felt fear the first time someone tried to teach me how to drive.,fear
1688,3468,When I fell off a horse and got a concussion,fear
1689,3469,I was running away from a shooting and a car was trying to run me down,fear
1690,3470,I felt fear when I walked into my mothers hospital as she was dying,fear
1691,3471,I was biking and a car came out and I had to slam my breaks almost flipping over the handlebars straight into the cars path,fear
1692,3472,"i faced my fears and went to canadas wonderland, went on the biggest rollerccoasters in canada because im tired of letting my anxiety control my life! i was so scared but i did it!",fear
1693,3473,I was assaulted by a man I had just met.,fear
1694,3474,I felt fear when I was in a public place during the coronavirus pandemic,fear
1695,3358,I was mugged a couple of years ago,fear
1696,3359,my mom fell off our hot tub while drunk,fear
1697,3360,Waiting in line for a roller coaster,fear
1698,3361,"I was sat in a bus in Peru with three friends, having left our luggage back at a hostel, so simply carrying one bag full of items to go hiking. This bus was quite small and I felt incredibly sick, the roads were winding throughout the mountains. Feeling sick always produces a feeling of fear, but this was heightened by the fact we were high up in the mountains, driving along cliff edges with no barrier, every so often being met with cross along the road where busses had fallen off the edge and driving through literal waterfalls. I was genuinely terrified that I was going to die.",fear
1699,3363,I saw a spider,fear
1700,3364,"I took a turn too suddenly when driving, and hit the curb on the far side of the road.",fear
1701,3365,I was crossing the road last week and was nearly hit by a car. I walked around the bus after I got on and didnt look around as I didnt think about it and heard brakes loudly screech and realised I wakled in front of a car.,fear
1702,3366,i thought my dog may not survive his operation,fear
1703,3370,when I was almost run over by a drunk driver,fear
1704,3371,When my mum used to come home drunk with a bloke at 3am after leaving me home alone all night,fear
1705,3372,I walked past a group of men alone in a secluded area (I am a female),fear
1706,3373,my mom fell down the stairs.,fear
1707,3374,Two of my siblings contracted covid.,fear
1708,3376,I was swimming in the ocean and approached by a black fin shark,fear
1709,3377,"Trigger warning for Rape/sexual assaultTwo years ago, my ex best friend (A) was dating this guy (P) and we hung out the three of us almost every day. A and P were having relationship problems and one day, P asked me to hangout alone so he could talk to someone about their problems. That day, he drove me to his house and raped me. I was planning on just keeping it a secret and not associating myself with them anymore, but he decided to tell everyone we had sex. After that happened, I had people following me home every day when I walked home from school, I had garbage thrown at me, it was the most fearful I've ever been in my life because I never knew what exactly to expect. I still have severe PTSD two years later.",fear
1710,3378,I felt fear when I was I gave birth to my daughter because she had ingested fluids and wasn't making any sounds when they were tending to her.,fear
1711,3379,I hit the back of another car when i was driving with with my 2 young children,fear
1712,3380,Running at night,fear
1713,3381,i found out that my partner was pregnant.,fear
1714,3382,I was shopping and my son was in the trolley. I turned around for seconds and he had climbed out of the seat. He was mid fall when I managed to catch him,fear
1715,3384,I was attacked by a dog when making a delivery to someone's house. I was afraid of being bitten again and had to lock myself in the porch until the owner could get the dog under control.,fear
1716,3385,I was in a car accident because I didn't know how to stop the car and I didn't want to hurt anyone.,fear
1717,3386,When I was younger I used to go on hikes by myself a lot. I went to a large wooded area and after walking a while I heard a noise and then I saw dogs coming fast towards me. They started growling and barking . I started to run but I knew they would catch me. Luckily a tree nearby had limbs low enough for me to climb. I went up in the tree and four dogs came to the bottom of the tree and looked up at me and kept barking and growling. I was very scared. They kept me up in that tree for a couple hours then left. I waited awhile before I got down. Thank goodness they were gone. I got out of there as fast as possible.,fear
1718,3387,I had a fear of dogs and was chased by one,fear
1719,3388,I felt fear when I found out my roommate was a drug dealer,fear
1720,3389,I hit a stronger person then myself out of anger,fear
1721,3391,When I was in Jail.,fear
1722,3392,I went to the doctors and they thought I was having a heart attack. Im only 24 so that terrified me thinking I was this young experiencing something like a heart attack or just something effecting my health in general.,fear
1723,3393,i was involved in a serious road traffic accident,fear
1724,3394,"I felt fear when a stranger followed me down the road in his truck while out on a run. He was clearly under the influence of a substance, and I feared for my safety during the encounter. I luckily was unscathed and he drove off, but it was a frightening experience.",fear
1725,3395,The doctor said I had breast cancer,fear
1726,3396,"A building at the summer camp where I worked caught fire in the middle of the night, and as someone in a supervisory position I had to help make sure campers and staff were safe.",fear
1727,3397,"I felt fear when I first gave birth to my son after 38 hours of labor and he wasn't breathing on his own at first. Multiple extra doctors, nurses, and pediatric respiratory staff rushed into the room and luckily cleared his lungs. Longest 2-4 minutes of my life.",fear
1728,3398,"I felt fear because of my cousin, B. She and I used to be extremely close, pretty much like sisters. (In another situation for the fear survey I talked about two people, A and P, they are also relevant in this story). After my situation with A and P where garbage was thrown at me, they decided to mess with my family. They told B that I was talking bad about her all the time, and said I was spreading rumours, and she tried having me suspended from school. when that didn't work because they know everything she said was wrong, she tried pushing me down the stairs at school. when I dodged her, she waited a few days and slammed me into a locker and two guys had to get her off of me because she was probably about 100 pounds heavier than me. Since then, I have not seen her or gone to any family gatherings because I'm so scared of her doing anything to me. I'm still very scared of her.",fear
1729,3399,I received a phone call that my son was hurt and needed medical attention,fear
1730,3400,i got into a car accident,fear
1731,3401,the alarm at my house went off in the middle of the night,fear
1732,3403,I was in a car crash,fear
1733,3404,my mom underwent 2 serious back surgeries.,fear
1734,3405,i was home alone living in a apartment block ground floor and i heard someone at my window very close to it.,fear
1735,3406,My child fell off a high cliff and broke his arm,fear
1736,3407,...when the DWP cut off all of our benefits in one go at the start of the cover pandemic.,fear
1737,3408,I felt fear when my younger brother was out drinking with his friends and when I went to collect him he was very aggressive towards me. The whole situation was very unpredictable.,fear
1738,3409,"I felt fear when I was last at the beach because I was swimming in the ocean and a fin passed nearby in the water, but it turned out to be a dolphin, not a shark like I thought.",fear
1739,3410,I got in a car accident,fear
1740,3411,I felt fear when I had fever because I thought I had contacted covid 19,fear
1741,3412,"Forgetting to tell my girlfriend I wasn't coming home at the usual time, and I wasn't checking my phone, it made her fearful and in turn made me fearful when I eventually picked up my phone and saw how much suffering I had caused my girlfirend. I felt fear coming home and having to confront her.",fear
1742,3413,a car nearly crashed into me at a roundabout,fear
1743,3414,When my son almost scootered into the road and I was too far away to stop him,fear
1744,3415,I had to bring my end of year report home (wasn't good) and I knew I'd be in trouble for it,fear
1745,3416,I felt fear when I moved countries,fear
1746,3417,my mother died and I lived in a pretty constant state of fear about my father also dying,fear
1747,3418,I had to give a public speech,fear
1748,3419,I was driving in very heavy rain and started to lose visibility,fear
1749,3420,I went abseiling,fear
1750,3421,"I felt fear because my anxiety about covid has made me not leave my house to socialize with friends in nearly two years. I only see family. It is detrimental to my health because people keep asking me to hang out and I keep declining and finding excuses, but really I'm just so scared.",fear
1751,3422,I felt fear when meeting aggressive fans of an opposing team at a sporting event,fear
1752,3423,sexually assaulted,fear
1753,3424,Getting my results,fear
1754,3425,I was in a car accident.,fear
1755,3426,"I felt fear when my friend and I were chased through a forest by an older man on our way home. He stood about 20 metres away from us whilst we were sat on a bench for about 15 minutes and then ran after us when we moved, we hid in a bush and he was searching for us until he was deterred by a dog walker.",fear
1756,3427,I had to go to hospital and have a blood test as i have a huge fear of needles,fear
1757,3429,"I felt fear when I first went to pick up my puppy when we were picking him up from the breeder and he jumped from my arms and fell to the ground and cried and whimpered for like a minute straight. he's completely fine and is just a drama king, and still cries over absolutely nothing, but it was very scary thinking I may have hurt a 5 pound puppy.",fear
1758,3430,My son was 6 months old we had to take him to the hospital because of a mystery illness that caused his lips and arms to turn purple due to lack of oxygen or bloodflow,fear
1759,3431,I felt fear when i had a night terror.,fear
1760,3432,i was trapped between a mother bear and her cubs,fear
1761,3433,"My mother had come home from running errands and my dog came down to greet her at the door. However, my sister had just left on her bike, and my dog decided it was a great idea to chase after her. She didn't have her leash on and ran halfway down the road before my sister stopped to catch her. I was quite afraid that she would get hit by a car.",fear
1762,3434,my former housemate started being hostile,fear
1763,3435,I was shopping with my 5 year old. I went to pick something up from the shelf and when i turned around she was gone. She had run around the aisle and was standing on the other side laughing thinking it was a game.,fear
1764,3436,I felt fear when followed by an unknown vehicle in a foreign country.,fear
1765,3437,"i was walking home from work late, i worked at a bar and i used to not finish work till 4am my house was 15 mins walk from my work. I would feel fear when someone was walking towards me that late at night. or a specific night when a car drove by slow then u -turned and came back down slowly i felt very scared",fear
1766,3438,I fear when i loose in any game.,fear
1767,3439,When i loose in lottery.,fear
1768,3440,I felt fear when I was almost late to class,fear
1769,3441,COVID pandemic,fear
1770,3442,"I lost control of my car on a slippery and busy road and got stuck in a snowbank, with cars zooming past me.",fear
1771,3443,I felt fear when I thought I had COVID-19 a few days ago,fear
1772,4541,When I found out I was pregnant as a single parent.,fear
1773,4542,Elderly family member had fallen ill,fear
1774,4543,I have to stand up in front of a large group of important people and give training,fear
1775,4544,I felt fear immediately after I learnt about how deadly Covid-19 is/was,fear
1776,4545,"When I had to stay in hospital whilst pregnant with a suspected blood clot, because I wasn’t allowed visitors for support and was unsure what it could mean for both mine and my unborn babies health.",fear
1777,4546,I experienced my first panic attack and did not know what it was.,fear
1778,4547,I was getting a operation,fear
1779,4548,When I was home alone and someone knocked on my door at night.,fear
1780,4549,"I felt fear when I was trapped in a cave while I was going hiking in the mountains. I had gone out against my wife's instructions because I wanted to have fun. But a snow storm came against me. I had to hide in a dark, scary cave for almost 10 hours before it stopped.",fear
1781,4550,when I was being followed by another car while driving at night.,fear
1782,4553,I was rejected from graduate school after waiting 17 weeks.,fear
1783,4554,I was searching a house for someone who had been unaccounted for for several hours.,fear
1784,4555,I felt fear when I had to give a presentation in sixth grade because I felt very self-conscious.,fear
1785,4556,when I have done something wrong,fear
1786,4557,"I felt fear when I was out with one of my friends who fainted. They fell onto the ground and were out for a few moments before recovering consciousness. I felt fear because I was unfamiliar with this person's medical history and did not know that they were feeling weak, so it was completely unexpected, and in the moment I did not know if they were experiencing something more serious.",fear
1787,4558,when I went to the doctors for my infection in my arm,fear
1788,4559,I did not prepare adequately for my project defense and I was to present in front of everyone.,fear
1789,4481,i was having a csection for the birth of my baby,fear
1790,4482,I felt fear last week because of a vaccination I had (anthrax). I had never had it before and I had the most extreme side effects including shortness of breath.,fear
1791,4484,I felt fear when my car battery died when I was 40 minutes from home,fear
1792,4486,my daughter was being born and I had to be put under general anesthesia to have a c-section,fear
1793,4487,a semi-truck almost tipped over in front of my vehicle on a major highway,fear
1794,4489,When I was working late and had to walk home alone late at night. It was dark and I was hyper vigilant of my surroundings.,fear
1795,4490,I felt fear when my family was experiencing a hurricane being stuck in our house. It was scary because two houses behind us caught on fire and our first floor flooded. We were stuck and unable to leave.,fear
1796,4491,I had complications while giving birth and I thought that I won't make it alive out of the labour room.,fear
1797,4492,I was in a haunted house,fear
1798,4494,"when my older Brother tried to commit suicide and was in the hospital, the hospital wouldn't tell us how he was doing. My whole family was in shock and scared.",fear
1799,4495,I felt fear when a man twice my age started a fight with me and my friends,fear
1800,4496,"Since an accident that happened many years ago I've been very fearful of driving on highways. Although I can still do it, I get a sudden sense of dread and fear (panic attacks). At times I can reduce the fear and keep going but other times require intervention (I. E., taking a break, breathing exercises). I'm often embarrassed by this fear too and don't often drive others besides my immediate family.",fear
1801,4497,"I felt fear when there was a power outage in my home. That day, my wife and I were cuddling in the sitting room when a thunderstorm started. Then fear filled me when thunder hit our roof and all the lights went off.",fear
1802,4498,I was in high school and doing inhalant drugs.  I took a big hit one time and felt nauseous and like I was going to black out.  I had heard that that sort of stuff can be fatal and I was genuinely scared that I was going to black out and die.,fear
1803,4499,"My mom found out I skipped English class once because we had to do a class discussion and I had extreme anxiety. When I got home she told me to make a list of everything that makes me happy because I was going to then get rid of those items. She screamed at me that she hated me. She said she was going to throw all my electronics into the bathtub but since my set- dad bought some of them for me, she didn’t. Then told me I needed to move out and I couldn’t move in with my grandparents. (At this time she was transitioning different bipolar medications and she was very unstable, that’s why it might seem crazy she said all that just because I didn’t go to class one time.)",fear
1804,4500,I started my first day of college,fear
1805,4501,My husband became very sick one day and couldn't walk. I thought he was dead.,fear
1806,4502,I felt fear when I almost got caught taking a sick day from work when I wasn’t actually sick,fear
1807,4504,My mom had to get extensive surgery,fear
1808,4505,"I felt fear when i almost drowned as a child in a river, even now i hate going underwater",fear
1809,4506,I felt fear when walking home alone on Wednesday at night,fear
1810,4507,i felt scared when walking through a dark park alone because i was not aware of my surroundings fully and i didnt know who else was there.,fear
1811,4508,A police chase whilst i was walking home at around 2am,fear
1812,4509,i sneaked illegal contraband into a festival. i knew i shouldn't have done it and there would be consequences if caught.,fear
1813,4510,when I discovered my boyfriend had been drinking alcohol alone in his room,fear
1814,4513,walked through a dangerous area of town for work.,fear
1815,4514,I had my first car crash,fear
1816,4515,I felt fear when I had an accident while driving in the car with my wife. We were trying to catch up with an event where we were important guests and we were already late. I was driving and I didn't see the taxi driver and ended up hitting him at high speed at that moment fear gripped my heart.,fear
1817,4517,I felt I was going to lose my life. Someone had pointed a gun at me.,fear
1818,4519,I went for a chest x-ray,fear
1819,4520,My child was rushed to hospital after a freak accident,fear
1820,4521,my 5 week old daughter was rushed for a spinal tap after developing mottled skin.,fear
1821,4522,mobbing was used by people to intimidate me over social media.,fear
1822,4523,I felt fear when I had to own up to my dad about being very drunk,fear
1823,4524,a neighbor's dog ran out into the road chasing me and my dog,fear
1824,4525,I felt fear when a man followed me through a parking garage in my apartment building late at night.,fear
1825,4526,My 2 year old had a seizure,fear
1826,4527,I had to give a big presentation,fear
1827,4529,I was home alone and heard a noice,fear
1828,4530,I saw a cyclist get hit by a car.,fear
1829,4531,someone I was close to blocked me on everything,fear
1830,4532,when travelling on a countryside we drove over a pool of blood in the pitch dark,fear
1831,4533,"My younger sister when I was a kid pushed me off our dock into a lake. Being afraid of touching anything at the bottom (any slimy plants, fish or trash) I couldn’t see, I was terrified when I first fell in, I started to sink and feel things with my feet. And the only way out of the lake was to go up a steep bank of mud and slimes plants, which I ended up having to go through while panicking and mad at my sister.",fear
1832,4534,"i was followed my whole journey home from work (on foot). i had changed route several times and was still being followed, i tried to walk in busy roads so people would notice but was still being followed (in a bad area of town).",fear
1833,4535,"One day about 2 years ago, my abdomen started to hurt really freaking bad, like a pain that I had never felt before.  It was so bad that I called my mom and drove myself to the ER because I thought maybe my appendix had burst.  My brother had it happen to him and he had to have an appendectomy and he said it hurt like hell.  I was extremely scared that that's what it was and I was going to have to have an appendectomy as well, but shortly after I got to the ER, the pain subsided and never came back.  I still have no idea what happened.",fear
1834,4537,I felt when my kid had her first asthma attack.,fear
1835,4538,I was stung by a wasp,fear
1836,4539,"I was about 7 years old and I swam into the deep end of the pool. I didn't know how to swim well at the time, so I would sink and then kick off the bottom of the pool to gasp for air and then quickly sink again. I was scared that I would drown and no one would notice, but I eventually was able to kick myself back to the shallow end.",fear
1837,4600,I felt fear when I had anxiety.,fear
1838,4601,I was sick with covid 19,fear
1839,4602,I felt fear at a point in my life when I thought I had lost everything I ever worked for,fear
1840,4603,I felt FEAR when a colleague of mine at the organization who i had close contact with tested positive for Covid 19. I was so restless and nervous that i  had to go to the hospital to get myself tested and the results were negative,fear
1841,4606,I felt FEAR when I was about to go in to a last minute surgery with a doctor I didn't like and had complication with the anesthesia.,fear
1842,4607,A man followed me in a car,fear
1843,4608,"I felt fear when I tried teaching my kid how to ride a bike for the first time, as she almost got hit my a moving vehicle.",fear
1844,4609,I was nearly hit by a car while commuting to work,fear
1845,4611,I felt fear when I found out I was loosing my baby boy because I didn’t want it to be true,fear
1846,4612,The coronavirus lockdown 3.0 was announced and it was for a longer period,fear
1847,4613,I felt fear when my wife fell off the stairs while we were on a visit to her friend's house. She got carried away and fell off the stairs. Fear gripped me when I saw her fall from the top to the bottom.,fear
1848,4614,My dog was let out and went missing for 3 days,fear
1849,4616,when i lost my items on holiday becuase they where very important to me,fear
1850,4618,I felt fear when I was alone in the dark.,fear
1851,4619,a family member was seriously ill and died.,fear
1852,4620,of a sexual assault in college,fear
1853,4622,I was on a four hour flight I'm a nervous flyer.,fear
1854,4623,"Breaking up from a 10 year relationship and having no place to live,having no money for furniture, rent etc",fear
1855,4624,I was totally lost in a foreign country,fear
1856,4625,"I felt fear when I entered a haunted house to see a clown staring at me in the middle of a room. I've had a fear of clowns since I was a little kid, and it makes me dread halloween sometimes.",fear
1857,4626,one of my children fell and cut open his lip and broke his front tooth,fear
1858,4628,I felt Fear when I got my first plane turbulence while travelling with my family.,fear
1859,4629,I had a health scare,fear
1860,4630,I thought that my relationship was falling apart.,fear
1861,4631,My father went insane in the 90's and I was an only child dealing with the madness in solitude.,fear
1862,4633,I felt fear when my partner became sick because I had no control over the situation,fear
1863,4634,I felt FEAR when i was first stopped by a cop when i was heading back home from school. I had heard stories from relatives and friends about the bad experience they got because of their skin color but to experience it firsthand was so fearfuI.,fear
1864,4635,"my dad got very very sick all of a sudden without any knowledge of what was wrong with him, he was immediately admitted into the hospital. My fear was that the doctors were not going to be able to find out what was wrong with my dad while his health was declining. I was fearful that they would not be able to help him in any way.",fear
1865,4636,the ladder I was on kicked out from under me.,fear
1866,4637,I felt fear when I got caught in the woods at night while I was hiking.,fear
1867,4639,I felt fear when I was fired from my job because I didn’t know how I’d be able to support myself that month,fear
1868,4641,"The police came to my home because a car had crashed in to my garden at 2am. I was fearful of the police presence, upset about the accident and concerned that the person was ok.",fear
1869,4642,I saw a spider in my bedroom,fear
1870,4580,I felt fear when I spider crawled on my leg because I hate them.,fear
1871,4581,my sister got alcohol poisoning and was very sick in the hospital,fear
1872,4582,"I worked at a huge haunted house for one night. At the end, they said everyone could leave, but it took me longer to get out of my little spot than everyone else. I had no one to lead me out, and I have a terrible sense of direction. The haunted house is made to be a maze that you get lost in, so I was running through it, trying to find my way out, with lots of creepy stuff all around me, totally disoriented.",fear
1873,4583,I felt fear walking down the street when I saw a man stealing license plates off of cars.,fear
1874,4584,I experienced severe turbulence on a flight into Chicago,fear
1875,4585,Alone in the house,fear
1876,4587,A car almost hit me,fear
1877,4588,I was assaulted by an older boy when I was 9.,fear
1878,4589,When my sister had an allergic reaction and her throat was closing up,fear
1879,4590,I anticipated the end of a relationship.,fear
1880,4591,I was walking home one night from school and I tried to take a shortcut i took during the day. It was a dark alley and i could hear barking.,fear
1881,4592,I felt fear when I went to a haunted house amusement park.,fear
1882,4593,I felt fear when my partner and I were in an argument the other day because I was nervous he would feel differently about me when it was over.,fear
1883,4594,"I felt fear when a man I had feelings for was not responding to my text messages. I have an iPhone and so I use iMessage with others who also have iPhones. When you use iMessage, the chat bubbles are blue, but I noticed one day that the chat bubbles with him were green. That indicates that the recipient does not have an iPhone, or that they are in an area without internet and therefore are getting the messages sent as text messages rather than iMessage. The problem was that he had not been responding and I started wondering if he was seeing my texts at all - then I had a suspicion he had blocked me this entire time. I messaged a mutual friend to ask if he had told them he was angry with me, and I then checked to see if I could still see his profile on social media platforms. I could not. I started getting anxious at the indication that he had blocked me on everything, and that anxiety skyrocketed with each profile I wasn't seeing. My friend told me she could still access his profiles, and it was then I realized he had blocked me on everything.",fear
1884,4596,Almost got in a car accident,fear
1885,4597,I felt fear when I had to take my dog to an emergency vet visit.,fear
1886,4598,"I was walking my best friend's dog down the road and the dog saw another, smaller dog, and ran up to him, beginning to take the dog into her mouth and shaking it. It was the scariest moment of my life at the time. I couldn't do anything to stop it.",fear
1887,4599,I wase at home alone not until I saw my baby crawling to the pool,fear
1888,4561,My husband got into a bad car accident,fear
1889,4562,When I was attacked in the street unprovoked,fear
1890,4563,when I found a spider in my bathroom,fear
1891,4565,"I was walking alone late at night, with barely any street lights on",fear
1892,4566,I was alone at night,fear
1893,4567,I was climbing down a mountain in the dark,fear
1894,4568,I felt fear when Joe Biden announced the vaccine mandate for businesses employing more than 100 people.,fear
1895,4569,when I sat in the hospital everday because my uncle had cancer,fear
1896,4570,I felt fear when I scraped and dented my car along a pole(?) in my campus parking garage with a slowly growing line of cars behind me waiting to park.,fear
1897,4571,"In elementary school one of my male classmates starting to sexually harass me everyday, touching me inappropriately in all different places multiple times a day, I was too scared to tell anyone or tell him off.",fear
1898,4572,when i lost my friends at a concert,fear
1899,4573,I felt a project was not meeting upmto standards.,fear
1900,4574,"I felt fear when a spider crawled across my pillow as I was trying to fall asleep. I am arachnophobic, and the event triggered a strong feeling of fear and paranoia that prevented me from falling asleep until I'd checked every inch of the bedroom for more spiders.",fear
1901,4575,going into a room where I could potentially not be able to get out,fear
1902,4576,"I felt FEAR because i have acrophobia and in trying to impress someone (a girl), i had to climb to a high height which was very scary to me because my heart was racing fast",fear
1903,4577,"I felt fear when I had to get my COVID-19 vaccines. It’s not because I was afraid of needles nor was I afraid of the vaccine, but I have a fear of humans. I believe that there is no such thing as a good person and that every human I interact with will hurt or harm me in some way. I have developed this fear of people because of my experiences of racism, sexism, and classism. I am a misanthrope living in a world of bad people.",fear
1904,4578,I felt fear when my dog was getting sick because he's my security blanket.,fear
1905,4579,I had to confront a couple worker over some things that she had been saying about me behind my back. I don't like confrontation so this made me fear how she would react as she's a sensitive over the top person,fear
1906,5814,I had to tell my mother about failing a subject.,fear
1907,5815,I was in car crash,fear
1908,5816,I felt fear when I almost lost my younger brother on a beach during a vacation to Europe.,fear
1909,5817,My partner was very late to come home and did not call as usual,fear
1910,5818,Someone I was talking to started joking about killing me.,fear
1911,5819,another driver had road rage.,fear
1912,5820,"I was robbed on the street a few years ago.  It was almost midnight, I was walking to a friends house in a sketchier part of town and I was approached by someone who was holding a knife.  They told me to empty my pockets and that they didn't wish to hurt me, so I gave them my wallet and my phone, walked to my friends house and called the police.  They ended up getting arrested after trying to sell my phone on eBay but didn't think to reset it, so with the help of the police, I was able to get my phone and wallet back.",fear
1913,5821,"I got a flat tyre on my car 5 days before my paycheck was coming in, and I couldn't afford to pay for new tyres and to be able to eat for the following week.",fear
1914,5822,my dog ran away and we could find him for hours,fear
1915,5823,there was a massive spider on the wall the other night and I hate them,fear
1916,5824,I underwent a heart transplant,fear
1917,5825,"I was in a taxi overseas travelling behind a lorry. Suddenly bricks fell off the back of the lorry and hit our car, we swerved and ended up in a ditch",fear
1918,5826,I experienced sudden pain while on an aeroplane.,fear
1919,5827,I’m home alone and could hear noises outside,fear
1920,5828,"I did a skydive from 10,000 feet in the air",fear
1921,5829,I was in a car accident,fear
1922,5830,my toddler took a high fever and started to shake without other obvious symptoms,fear
1923,5831,i went fear when i was on the tube with my boyfriend and a group of rowdy boys were threatening to attack and stab him,fear
1924,5832,my husbands hours where reduced and i was made redundant.,fear
1925,5833,I was having a panic attack for the first time and thought I would always feel that way,fear
1926,5834,I lost my dog for half hour,fear
1927,5835,My child nearly walked into the road,fear
1928,5836,When I made a catastrophic error in my employment with severe consequences,fear
1929,5837,I watched a program on TV about a real life serial killer,fear
1930,5840,When accepting my new job,fear
1931,5841,I have nightmares because im out of control,fear
1932,5842,Talking in a large meeting in front of 100 people for the first time on stage.,fear
1933,5843,I recently decided to leave my current job in the middle of a pandemic with no backup plan. I resigned from my job as I have depression and anxiety and it was mostly caused by my work. My work is as a civil Servant and I frequently support people with complex needs but I feel that the system is not fit for purpose. I have also had depression and anxiety for a long time so I class it as a disability but my employer has not been good at all and does not view my mental health as a disability and did not give me any reasonable adjustments. I felt a lot of fear when I resigned from my job as I was scared about what I would do financially if my savings run out and scared about the uncertainty of finding new work in the pandemic where there is a threat to my health and safety. I also felt fear about what others would think of me and what my managers reaction would be.,fear
1934,5724,I had felt fear when going into my driving test as I suffer from anxiety and I had already previously failed.,fear
1935,5725,I woke one night to find my wife trying to harm our child in the belief that it would make her life better if there weren't children to take care of.,fear
1936,5726,when I had a car accident with my friend,fear
1937,5727,I experienced an earthquake in Greece,fear
1938,5728,I got lost on a drive.,fear
1939,5729,"I started a new job as a manager, and on one of my first days I joined a meeting where one of my team members got very upset and stressed about work and I got scared that so soon into the role I wouldn't be able to handle the situation going forward",fear
1940,5730,A housemate came at me with a knife.,fear
1941,5731,My friend collapsed in a night club,fear
1942,5732,I felt like someone was watching me when i was walking home.,fear
1943,5733,"I was in Korea alone in a hotel room and I heard a key turn in the door.  I looked through the peephole and it was a man, not the maid or hotel staff.",fear
1944,5734,When I had to go for an emergency caesarean,fear
1945,5735,I felt fear when I was robbed at knifepoint by a group of men late at night on my way home.,fear
1946,5736,My partner phoned that she had been in a car accident with my son,fear
1947,5738,i was involved in a fire,fear
1948,5739,beacause i was not sure of an outcome of a situation,fear
1949,5740,i went in a horror maze aged 16,fear
1950,5741,My daughter's oxygen saturation fell below 80%,fear
1951,5742,I felt fear when I came close to a black mamba in Africa.,fear
1952,5743,Trying to fall asleep after watching a short terrifying movie.,fear
1953,5744,"When i had my child through emergency csection. He had stopped breathing, i didn’t know after being put to sleep if me and my child would survive",fear
1954,5745,I was followed at night.,fear
1955,5746,I was on a rollercoaster and I thought the harness was falling off.,fear
1956,5747,When my son was poorly with covid,fear
1957,5748,I had to lead a meeting at work which meant I had to speak in front of about 10 colleagues and manage a discussion,fear
1958,5749,when at work i thought someone had died on the phone and help was slow to arrive,fear
1959,5750,I went to a restaurant because I suffer from an eating disorder and I wasn't able to eat the food that they offered due to not knowing the number of calories in the food. I also felt guilty as it was a loved one's birthday that day and I didn't want to make it awkward for anyone else.,fear
1960,5751,"the first day i entered an Aeroplan, it was a terrible experience as the plane try to take off",fear
1961,5752,I had a music exam,fear
1962,5753,i felt fear when i lost my job some years back because i didnt have another means of survival and my family depended on my income,fear
1963,5754,"Someone I was dating at the time was hitting me while in the car going home. This person had no concern that they might kill the both of us while doing this, beating me in the head.",fear
1964,5755,I was in a fight,fear
1965,5756,I was in a car accident.,fear
1966,5757,when I was robbed,fear
1967,5758,Learning to drive on the motorway,fear
1968,5759,a car crashed near to where I was standing with my young child,fear
1969,5760,I felt fear because I might die alone,fear
1970,5761,A dog ran at me barking in a rural area,fear
1971,5762,when some one i loved was suicidal,fear
1972,5763,I could hear an argument and physical altercation occurring in my building at night. I was supposed to leave my flat for work but it didn't feel safe.,fear
1973,5764,I felt fear when my daughter was taken into hospital with covid type symptoms and given 48 hrs,fear
1974,5765,i was told i needed an emergency c section,fear
1975,5766,I had to ask my neighbour to move his car as it was blocking my driveway. I felt fear because he was uncooperative and moody. I didn't understand why he would behave like this,fear
1976,5767,"I mistakenly sent a payment to the wrong person in my job, this was a sizeable payment value also.",fear
1977,5768,When my sons bio dad filed for primary custody on a made up basis that we were sexually abusing him,fear
1978,5769,I received a call  to say that my dad had had a heart attack and was in hospital needing open heart surgery,fear
1979,5770,I felt fear when my 4 year old daughter ran out in front of a car.,fear
1980,5771,My young niece was playing tag with her siblings and ran out onto the busy road,fear
1981,5772,I was driving down a country lane and a tractor came round the corner so i pressed my breaks and the car just slid on the stones i had to choose tractor tire or bush to put my car into i chose bush.,fear
1982,5773,My daughter had sepsis,fear
1983,5774,i had a migraine that caused blurry vision,fear
1984,5775,I got lost in a foreign city and had a phone with no battery,fear
1985,5779,a man followed me at night,fear
1986,5780,"I was swimming in the sea on holiday and a strong wave came and pulled me down, the waves kept coming and I couldn’t get up and felt like I was drowning. Eventually the current carried me to shore.",fear
1987,5781,I FELT FEAR I WAS ROBBED.,fear
1988,5782,"I felt fear when my family house burnt down in 2016. Me and my dad were home and we had just returned from an outing. I was upstairs getting dressed and he was downstairs on the computer, and I could hear a popping sound. I thought that it was just the bathroom tap leaking but I still told my dad. He immediately thought it was an electrical issue so he turned off the house electricity from the mains. He stepped out of the house and all we could see was the roof on fire. I stupidly ran back in the house to get my phone and inhalers and he shouted me down, moved the  cars out of the driveway. The whole street was watching whilst the house was on fire, we'd called the fire engines and the police. My mum was called from work and when she turned onto the street she collapsed in shock, my dad was a mess and crying and running about. I was calm but inside I was scared. We were given a hotel from ther insurance company and it wasn't until the next day when we went to see the damage and all of the roof was gone, our bedrooms completely burnt down. I felt fear at that point.",fear
1989,5783,I felt fearful when I lost my grandmother. This scenario  made me think about death and also what will life after death look like.  It made me really  scared.,fear
1990,5784,When I had to tell someone I was autistic because I couldn't cope with my surroundings and they thought I was overreacting by telling them to leave me alone,fear
1991,5785,when i did a vertical drop zipline while on holiday with my family,fear
1992,5786,My brother and I were driving back from a long day of driving practice and I thought we were going to get in a crash because of other drivers not paying attention to the road,fear
1993,5787,I was stuck upside down on a fairground ride.,fear
1994,5788,seeing someone have a heart attack,fear
1995,5789,Watching a scary movie,fear
1996,5790,when driving on the moors and almost crashing due to bad weather,fear
1997,5791,My children were born,fear
1998,5792,I couldn’t see my son at the park. I was chatting with another mum when I looked around to check where my son was. For a few moments I couldn’t see him and I panicked and felt intense fear. I looked around more aggressively and eventually I saw him at the bottom of the park playing with friends. It was very stressful but only lasted a minute or two.,fear
1999,5793,I was in an earthquake,fear
2000,5794,i felt fear when i thought i was going to lose my potential partner,fear
2001,5795,I felt fear when I was choking on a piece of chicken,fear
2002,5796,"Home alone and keep hearing wat sound like footsteps, doors closing",fear
2003,5797,I went on an aeroplane recently. I have a fear of flying but can normally control it. Reduced sleep and the time since my last flight made me more fearful,fear
2004,5798,when my first child was born,fear
2005,5799,I had a car crash,fear
2006,5800,I felt fear when doing an absail down a building,fear
2007,5801,i experienced my first earthquake 2 weeks ago,fear
2008,5802,I didn't submit an essay on time at university.,fear
2009,5803,I was told my work team would be made redundant because I didn't know if i was going to find another job,fear
2010,5804,"i was at the fair with my friends and i was on a ride that I didn't enjoy, it scared me because I was young and it went upsidedown.",fear
2011,5805,I felt fear when I was alone in hospital after giving birth,fear
2012,5806,I felt fear because I was chased with a gun,fear
2013,5807,Lost control of my car and swerved off the road,fear
2014,5809,when my husband found a lump in his testicle,fear
2015,5810,"I felt fear when I had a car accident in Puerto Plata Dominican republic, I lived in the DR for many years. On the malecon one night about 15 years ago I was in the car with my then boyfriend and he was driving, we had been to a party and had both been drinking and I didn't put my seatbelt on. Coming round the bend in the malecon two motorcycles came speeding towards us on the wrong side of the road. One went over the top of the car and one into the windscreen, my face was torn open by the glass my entire mouth and skin up to my nose hanging open and being in country which definitely does not have the best medical care, I think it was safe to say I felt lots of fear.",fear
2016,5811,I felt fear when my daughter had an allergic reaction to peanuts.,fear
2017,5812,"When cruising on my narrowboat I hit a silt bar and the boat tipped up a lot, and I thought it was going to sink.",fear
2018,5813,I was younger and went down a slide into a swimming pool. I couldn’t swim and couldn’t touch the bottom of the pool and kept goi g under the water. Two girls managed to get hold of me pull me to the side,fear
2019,5904,I felt fear when I got into a car crash.,fear
2020,5905,I was mugged the day before my mock GCSE exams,fear
2021,5906,"I felt fear when my dog ran outside because I was scared he would get hit by a car or hurt in some way, it really scared me.",fear
2022,5907,I was beaten badly by my father when I was a teenager.,fear
2023,5908,I took my driving test after previously failing.,fear
2024,5909,I almost drowned,fear
2025,5910,I was in New York on 9/11,fear
2026,5911,Fear of not being able to support my family fanatically,fear
2027,5912,I felt fear when my car hit a kerb and almost hit a traffic light because I could not see properly due to glare from the sun and some marks on my windscreen,fear
2028,5913,i was furloughed last year  -really scared of not being able to pay my mortgage,fear
2029,5914,"I was in labour december last year, my pain was worse than I remembered with my previous pregnancies and my waters still hadn’t broken. The ambulance was called and I was terrified that something was wrong with my baby or me. We were rushed to hospital and the pain kept intensifying, until my waters broke suddenly and my baby arrived, safe and well.",fear
2030,5915,I walked home alone from a party,fear
2031,5916,Not knowing how to pay for rent and food,fear
2032,5918,Got a bad feelings the upper level of the house we stayed in abroad,fear
2033,5919,I felt fear when I was in a domestic violent relationship when I was 16/17,fear
2034,5920,A stranger in the street started shouting at me for not allowing him to approach my dog,fear
2035,5921,"on a zip line course, really high up",fear
2036,5922,My dad hit a car,fear
2037,5923,daughters flight delayed by hours before busy busy weekend. I feared she was not going to make it,fear
2038,5924,I went on a rollercoaster on my honeymoon even though I don’t like them. My husband likes them and I wanted to go on it for him.,fear
2039,5925,when I was told that we're infertile,fear
2040,5926,I felt fear when my partner did not reply to messages for many hours after abruptly ending a phone call.,fear
2041,5927,When my dog was undergoing major surgery,fear
2042,5928,i thought i was going to die following an acute illness.,fear
2043,5929,lots of spiders in the house,fear
2044,5930,"I contracted the virus now known as Covid-19.  I had already received my first dose of the Pfizer-Moderna vaccine, and was in hospital for two weeks.  I very much feared for my life.  I did not know if I was going to make it out of the hospital, however thanks to my vaccine, I managed to recover, and am now healthy as a horse!",fear
2045,5931,we were attacked,fear
2046,5932,I stumbled on a robbery incident.,fear
2047,5933,i felt fear when i could hear the front gate to my house being opened,fear
2048,5934,"One prominent time that sticks out in my mind as when I felt fearful, my hours at work were cut drastically because of COVID, and I was very afraid that I wouldn’t be able to pay my bills and make ends meet.",fear
2049,5935,"a garbage truck came around a turn in the wrong lane, nearly hitting me.",fear
2050,5936,I made a mistake at work,fear
2051,5937,The day of the London Marathon on the 3rd of October 2021 arrived and I became flooded with anxiety and fear.,fear
2052,5938,as children my father use to take us to the coast (seaside). My sister was 8 years younger than me and every time we went i use to get myself worked up thinking that my sister would suddenly fall over the side and into the sea. I had an irrational fear of it that turned into a panic any time anyone went too close to the side. It started to invade my dreams and i'd wake up screaming.,fear
2053,5939,I felt fear when camping in the wilderness alone. I heard rustling in the bushes as i had stepped out of my tent to go to the washroom at night. I heard voices and quickly went back into my tent out of pure fear.,fear
2054,5940,I went to have a blood test,fear
2055,5942,I felt fear when I spoke to police to give my statement for the man who sexually assaulted me as a child,fear
2056,5943,I felt fear when all electric in our village went off and no one knew what had happened and people were shouting in the streets.,fear
2057,5944,Someone tried to break into my house a couple of years ago at ~3am,fear
2058,5945,I saw a big spider on my wall,fear
2059,5946,i was trying to get petrol and was down to 9 miles before i ran out the cloest petrol station was closed and i drove on to the next one and waited ina 20 minuet que the whole time shaking as i was fearful that i would run out of petrol and stop.,fear
2060,5947,When I did a bungee jump,fear
2061,5948,I felt FEAR when my father had an accident and injured his head.,fear
2062,5949,"I felt fear when I found out my ex partner was cheating on me. Because I had invested so much time, I felt humiliated and scared for my future.",fear
2063,5950,when I overspent my budget,fear
2064,5951,I have to perform for others,fear
2065,5952,"I felt fear when I realised I was being followed home by someone dressed in all black, who had followed me half way home until I called for help because I was scared.",fear
2066,5953,I was about to go on a rollercoaster at Alton Towers,fear
2067,5954,One of my family members was taken into hospital,fear
2068,5955,"Had a car crash,",fear
2069,5956,When my child split their head openand had to go to hospital,fear
2070,5957,I lost my nephew at the supermarket. They were refusing to hold my hand and kept lying on the floor. They then disappeared and we didn't find him for around 20 minutes. Store staff were helping us to look for him and I was heavily pregnant and hormonal at the time. I was scared that we had lost him.,fear
2071,5958,When I went into labour with my children,fear
2072,5959,I felt dear when charged at by an aggressive dog.,fear
2073,5960,walking down a country road at night with no lights,fear
2074,5961,I felt fear when I saw a big snake,fear
2075,5963,my husband went to the emergency room,fear
2076,5964,I was confronted by a thief,fear
2077,5874,I felt FEAR when I was outed to my parents as transgender,fear
2078,5875,"After having watched a horror film, for months after, I was afraid to turn off the light on the landing at night and had to ask others to do this instead.",fear
2079,5876,When I walked back home at night alone,fear
2080,5877,When I was at work and had a aggressive angry customer all because I asked for ID they took offense and didn't like it,fear
2081,5878,I was threatened with a pocket knife at school during one of my classes.,fear
2082,5879,My mum died suddenly abroad,fear
2083,5880,I felt fear going in to hospital,fear
2084,5881,The doctor said I had cancer,fear
2085,5882,My children are out with friends,fear
2086,5884,I was beaten up in the street,fear
2087,5885,When driving through a very severe storm. At one point I couldn't see anything infornt of me.,fear
2088,5886,Going on a rollercoaster,fear
2089,5887,my partner went missing,fear
2090,5888,I couldnt find my child while out shopping,fear
2091,5889,When walking alone in an unsafe neighbourhood,fear
2092,5890,I was home alone for a few nights and there had been crimes committed in my local area,fear
2093,5891,I HAD TO DEAL WITH A MAN ON DRUGS WHO WAS VIOLENT AT WORK,fear
2094,5892,There was a spider in my house,fear
2095,5893,"I was walking down a muddy slope, slipped and nearly lost my footing",fear
2096,5894,i felt FEAR when i was nearly hit by a car,fear
2097,5896,I felt fear when i was walking alone in the dark,fear
2098,5897,WHEN I LOST MY WALLET,fear
2099,5898,"I heard someone walking up my stairs when I was in bed, it turned out it was my brother but it really scared me at the time",fear
2100,5899,I was threatened in an alley way,fear
2101,5900,"I felt fear when I had to have my first ultrasound for my chronic abdominal pain because it was a new, unknown situation.",fear
2102,5901,"i had just been told by the midwife ""I'm so sorry i cant find baby's heartbeat""",fear
2103,5902,I drive my car and face about an accident.,fear
2104,5845,Lost my child at a theme park,fear
2105,5846,Being told I had arthritis,fear
2106,5847,I have a huge fear of spiders and last week a giant housespider ran out from underneath my TV.,fear
2107,5848,"I felt fear when I had to carry out a behavioural experiment, not knowing the outcome made be fearful.",fear
2108,5849,"i had to go on a rollercoaster ride with my partner while we were on holiday, the queue was long and i couldn't back out as they were so keen to go on and i was just dreading the wait for our turn",fear
2109,5850,We were escorted out of school after a bomb threat,fear
2110,5851,when I was on a flight with severe turbulance,fear
2111,5852,when me and my friends had a knife pulled on us.,fear
2112,5853,Giving birth to our son,fear
2113,5854,Being robbed by three older women when i was 12,fear
2114,5855,I had to take an examination which I am not well prepared for,fear
2115,5856,I was surrounded by four men; they hit me in the face before I offered to give them everything I had in my pockets.,fear
2116,5857,My friend sat on a cliff for pictures,fear
2117,5858,My mother was dying of cancer,fear
2118,5859,I first started learning how to drive,fear
2119,5860,when I was about to open my results.,fear
2120,5861,I hadn't felt my baby move during the day so had to go and get checked out to be sure everything was ok.,fear
2121,5863,When I lost my wallet recently prior to attempting to use public transport with no other forms of payment on me,fear
2122,5864,Because my grandad became severely ill and noone knew what was going on or if he was going to die,fear
2123,5865,When a potential drunk driver nearly crashed into us coming from the other direction,fear
2124,5866,"I had abseiled down a rock face which involved changing from one rope to another, and I realised that my safety line was wrongly attached and would not have prevented me from falling.",fear
2125,5867,I felt fear walking home when I was younger passing a large group of youths who were shouting at me and threatening me,fear
2126,5868,I felt fear when i couldn’t find my son in a play centre,fear
2127,5870,Being verbally abused while a member of the public whilst working as a journalist,fear
2128,5871,Returning to work,fear
2129,5872,"I was worried that I was going to get locked in to a building when away on holiday, it was a walk up a tower and I was worried that someone would lock the door at the bottom",fear
2130,5873,Working as a lifeguard and performing an emergency missing person rescue on a potential drowning child,fear
2131,6313,Cat nearly died,fear
2132,6314,I was having repetitive suicidal thoughts.,fear
2133,6315,when I think about how much i'm struggling with finances,fear
2134,6316,I had a conversation about finances with my partner,fear
2135,6317,I felt FEAR when I slid face-first off a tin roof and was luckily caught by my dad.,fear
2136,6318,my dad picked me up from the airport late at night during a snowstorm and we came very close to colliding with a transport truck that was blocking one of the lanes.,fear
2137,6319,"I felt FEAR after I had watched the newest Halloween movie (Halloween Kills (2021)) not because I was scared of the movie, but because of the environment I was in. It was the day before Halloween and I was in San Antonio in a friends townhouse, on the couch, right next to the front door. Throughout the night, my girlfriend and I both heard strange popping noises along with other peculiar sounds, and her fear heightened mine, making sleeping much harder.",fear
2138,6320,I felt fear because I put myself in a dangerous situation while driving,fear
2139,6321,I felt fear because it was something new.,fear
2140,6322,I had to make new friends at university and talk to lots of new people,fear
2141,6323,I was scheduled to take part in an online job-interview using software I had never used before.,fear
2142,6324,Waiting for the vet to call after my cat's operation,fear
2143,6326,"I felt fear when I was in the car with two of my friends driving on the highway and the friend that was driving swerved a little bit, which startled me.",fear
2144,6328,I witnessed a family member who suffers from mental health problems have a mental breakdown.,fear
2145,6329,I was young and a dog chased me down an alleyway,fear
2146,6330,I got an electric shock,fear
2147,6331,I went of a jump wrong on my bike,fear
2148,6332,A man threw bricks through the shop window I worked at,fear
2149,6333,"i fear death itself i dont want to die, i fear leaving my grandchildren behind it plays on my mind all the time",fear
2150,6334,a loved one took an unusual amount of time to respond to a message,fear
2151,6335,I saw a scary movie last night.,fear
2152,6336,doctors didn't know what was wrong with me.,fear
2153,6337,I felt fear when i went to an in person scare experience for halloween,fear
2154,6339,I had a terrible kidney infection that caused me so much pain I thought I was dying,fear
2155,6340,"My partner is a migrant soon to be seeking legal entry at the US/Mexico border, and the US Supreme Court upheld ruling that requires the Biden administration to restart ""remain in Mexico"" in November -- when I first read the outcome, I immediately experienced fear of my partner being stranded/targeted for muggings or kidnappings/in a worse-off position (and still do)",fear
2156,6341,I saw a spider in my house when I was on my own. I am terrified of spiders,fear
2157,6343,I was in a pub in the local city centre with my 2 friends which is our regular activity on a sunday. There had been no problems previously until 2 men started to argue and cause a scene in the pub. We initially thought it would settle down but within a short space of time the 2 men were fighting each other and their friends then got involved. People were trying to split them up as it was a sunday morning with people of all ages in there. I was scared and feared for my safety and my friends. The men were taken out of the pub but we were then frightened to leave in case of more trouble outside.,fear
2158,6344,I received a phone call from my Mum telling me that my Dad had just had a heart attack,fear
2159,6345,"Spiders petrify me, if I see one I will run from it then panic if I can’t see it",fear
2160,6348,When I found a spider in my home,fear
2161,6349,"I felt fear when me and my boyfriend and cousin all went to the haunted caves in my hometown because it's a natural underground cave system that has a lot of traffic through it during the month of October, and it doesn't have very many reinforcements inside of it so I was scared that it was going to cave in on us while we were in there. This is an event that I have heard of happening before. I was also scared because it was a haunted attraction and I knew that there would be people inside ready to scare me as I pass them and I am very very easily jump scared and I knew that they would be able to easily scare me and my group that I was with",fear
2162,6351,My partner didn’t come home and there was no way to get through to him,fear
2163,6352,Starting new job,fear
2164,6354,A dog ran out in front of my car.,fear
2165,6355,"When a friend told me she was feeling suicidal, then didn't respond to my messages for a few days.",fear
2166,6357,"my husband and i were long-distance for over a year. We hadn't seen each other in over 7 months and one day, on the phone, he told me it was getting hard for him and he didn't know what to do anymore if things didn't change. The situation was out of my control, I couldn't speed up our time apart and I genuinely feared I would lose my marriage over it.",fear
2167,6358,I Am prettified of snakes and I felt fear when a child threw a rubber snake at me at Halloween,fear
2168,6359,I felt fear when I had a bad dream because it involved something bad happening to my son,fear
2169,6360,I has to go into corn fields. I am terrified of them,fear
2170,6362,we were caught in a big storm whilst sailing on a boat.,fear
2171,6364,i felt fear when i went to luna Park for the first time and i was nearly forced to go on the scissor ride because i do not like rides that go upside down,fear
2172,6365,when a rat jumped out on me at work,fear
2173,6366,When I found out my mum had cancer,fear
2174,6367,"I was walking home alone down a long, linear, pitch-black alleyway.",fear
2175,6368,I felt fear when recently i did a bungee swing with my partner - I did not know i was still scared of heights until we got up there and i was looking down. I was frozen and felt fear all throguh my body,fear
2176,6369,I felt fear doing my teacher training. My mentor would constantly give me negative feedback and I felt extremely anxious each day about our interactions and how the day would work out and whether or not I would complete the year.,fear
2177,6370,"I saw a woman across a crowed room who I knew for a fact had died. I couldn't believe my eyes and thought I must seeing a ghost and therefore going momentarily insane. I was with my mother and I tapped her urgently. She looked where I was looking and must have recognised the fear on my face, then realised what I must be thinking. My mother then said something along the lines of ""Don't worry, that's her twin, she was a twin.""",fear
2178,6371,I feel fear before I do knew things because the unknown scares me,fear
2179,6372,When I thought I had lost my daughter at the park,fear
2180,6373,I was arrested and taken to jail,fear
2181,6374,During labour and I got rushed to theatre for a cesarean section because my child's heartbeat and movement had slowed right down.,fear
2182,6375,"I went to a haunted house a few weeks ago and there were many sudden ""jump"" scenes",fear
2183,6376,When scuba diving in a cave. There was no light and I could not see what was around me.,fear
2184,6377,I made a big mistake in work,fear
2185,6378,I went on a rollercoaster at a theme park.,fear
2186,6379,I had to deliver a presentation to my peers,fear
2187,6380,"in my childhood home my kitchen led on to my bathroom, with the fridge located just behind the door that led into the bathroom. One time when I was aged 7 or 8, in the middle of the night I was thirsty so I went downstairs to get a drink from the fridge. I knew my father was up and he was using the toilet in the bathroom in the next room. As I shut the fridge after I had got the juice out, my dad was finished in the bathroom and opened the door. He must have heard the fridge shut, but because of the layout of the kitchen, I was hidden behind the door. (me and my dad were stood side by side but the open door was in between us if that makes sense). Everything fell silent and the next thing I know my dad has swung a fist around the door and abruptly stopped when he realised it was me in the kitchen, not a burglar that had got caught hiding! I dropped my juice on the floor out of absolute fear of my 40 year old dad punching me in the face!",fear
2188,6381,I had to make a presentation in front my colleagues and share my insights. I was worried about whether what I shared would be of any values to them. I also was fearful of not meeting their expectations.,fear
2189,6382,I was bullied as a child and through my teen years.,fear
2190,6383,"when I was a passenger in a lorry, travelling up a narrow road. came to a sharp bend with a bridge on it. couldnt go any further. had to reverse the whole way back but before we could reverse we had to go forward. I thought we were going to drive off the verge  and into the river we were that close. I had my 3month old baby with me and I wondered should I get out but the driver re-assuranced me it would be ok and it was. But I was never afraid in all my life.",fear
2191,6385,When I was caught in a strong current while swimming in the sea.,fear
2192,6387,I fail at something and fear the consequences,fear
2193,6388,I felt fear when I was told that I would need an emergency caesarean section when I was in labour at my first born son. I had my heart set on a natural water birth and I was dead set against having a section if at all possible so my heart sank and it filled me with fear and dread. I had never been in hospital overnight before or had any kind of surgery so the idea of surgery itself scared me but the realisation that it affected both me and my unborn son scared me even more. I then felt more fear when I had to sign my consent saying that the hospital weren't responsibly if I died. My fear then increased when I was told I'd need to be put under by general anaesthetic. Putting the mask on was probably the scariest experience I've ever had.,fear
2194,6389,"I had given birth, a few hours later I began to feel nauseous and then felt intense pain. My blood pressure was plummeting and my heart rate was rising. I’m a healthcare worker so I knew this was not good. I was haemhorraging internally and on the cusp of bleeding to death.",fear
2195,760,I had to go into my brothers flooded basement alone in the dark,fear
2196,761,I thought someone had broke in and was outside my door.,fear
2197,762,I was facing my first exam of this year because the results will have a large impact on my life,fear
2198,763,I realised that due to previous financial decisions I had no credit rating and it would be considerably more difficult than anticipated for me to leave my husband,fear
2199,764,I felt fear when I had a practicum orientation,fear
2200,282,I left my two children with their Dad while I went away for a weekend with my friends,guilt
2201,283,I was at a small event at a university with my friends and I thought it would be funny to try to steal a few drinks from behind the bar. I got caught and obviously had to return the drinks. I still feel horrible about it as I would never do such a thing now. Even then I felt ashamed.,guilt
2202,285,I bailed on going to recent events planned by my friends,guilt
2203,286,I did something I was asked not to.,guilt
2204,278,I was unkind to a friend,guilt
2205,279,When I lied to my friend saying I was busy when I wasn’t busy,guilt
2206,280,I didn't spend more time with my Dad.,guilt
2207,281,"I went out on a night out and got quite drunk, The co-worker I was out with (alongside others) was the boyfriend of one of my friends. We both were having a great time and ended up kissing. The next morning was horrible and I ended up booking a hotel and staying away for the weekend because I felt so bad and didn't want to be around the local area.",guilt
2208,3504,I split a drink on my girlfriend's laptop and broke it,guilt
2209,3505,I cheated on a math test that I barely passed in high school,guilt
2210,3506,I sexted someone,guilt
2211,3507,"I put very little effort into a fake card which I intended to give as a joke and replace. The recipient was very pleased, and it looked almost exactly like the card my little sister made, and worked very hard on.",guilt
2212,3508,I felt guilt when I strongly and openly resisted caring for my emotionally abusive mother in an emotionally and physically abusive environment.,guilt
2213,3509,I said no to hanging out with a friend I hadn't seen in a while when I should have said yes.  I was too lazy to meet them.,guilt
2214,3510,When I got too drunk at my sisters 21st and messed up the lovely speech I had prepared.,guilt
2215,3511,I felt guilty when my friend (lets call her L) had gotten a girlfriend and I was talking to my friend N about it at work because we were all friends the previous work season because she was our coworker as well and I completely forgot her brother was at work and he overheard and now she's telling everyone I came out to her whole family for her even though he just accidentally overheard and I've been getting almost harassed for months now.,guilt
2216,3512,I slept in the same bed as a boy,guilt
2217,3514,I cheated on an ex after they cheated on me,guilt
2218,3515,I forgot a friend's birthday,guilt
2219,3518,My partner had spent days planting and landscaping the garden so I had a nice place to escape and sit and I said I didn't care what the garden looked like and I didn't want to help him (depression/stress/newly diagnosed health condition caused me to lash out). He started crying and said he didn't feel like he was enough.,guilt
2220,3519,I took the last shirt in the right size when my friend wanted it too.,guilt
2221,3520,I didn’t put money to a leaving envelope,guilt
2222,3521,I ate the last piece of pie.,guilt
2223,3522,I feel guilt when I missed an opportunity to be present and available to a good friend,guilt
2224,3523,Booked a night away with friends and my children were upset that i was going to a hotel without them,guilt
2225,3524,I didn't say goodbye to my dog before I left for work because she passed away that afternoon.,guilt
2226,3525,I felt guilt when continuing to accept presents and money from someone who seemed like they wanted more even though I kept telling them we were only friends.,guilt
2227,3527,"I suspected my girlfriend of 5 years was cheating on me. She left her Facebook logged into my computer when she left, and I checked her messages. She was indeed cheating on me, but the way I found out was... wrong. I should have been better. I regret that to this day.",guilt
2228,3528,"I felt guilt whenever I think about how my life could be with another man. I love my boyfriend of two years very much but I still think about my ex a lot because it just felt unresolved (though I'm not entirely sure resolving it would change much). It's mostly because my ex was extremely wealthy and although my current bf and I are well off for our age, it's tough when I consider that I could be flown around in a private jet instead. I feel extremely guilty thinking about this and typing it out because I don't want to sound greedy. I just grew up in the lowest income bracket and I can't help but be enticed by money as it was such a barrier growing up. I'm trying really hard to develop a healthier relationship with it as I grow older.",guilt
2229,3529,I felt guilt when my son was bitten by dog and had to be rushed to the hospital. The doctor reassured me that these types of accidents happen and to not continue to blame myself for something I had no control over in the moment.,guilt
2230,3530,"I was a bit rude in my response to a customer when they asked me a question while I was passing by their house, as I was very busy delivering something to someone else. my response was a bit too sharp.",guilt
2231,3531,I felt guilt when I returned to work and put my son into nursery,guilt
2232,3532,"i continuously walk by homeless people on the streets and give them nothing, i always say I am going to get them a gatorade or water but never do.. makes me feel guilty because they need things much more than i do and they are humans just like me",guilt
2233,3533,I lied to my friend about not being able see her and said I was busy because I am avoiding her. She only cares about herself and does not take the time to be considerate of our friendship.,guilt
2234,3475,I felt guilt when I was involved with someone with a partner,guilt
2235,3476,I broke up with my ex girlfriend,guilt
2236,3477,I gave myself the bigger portion of cake instead of my fiancé,guilt
2237,3479,i broke a boys heart,guilt
2238,3480,I don't carry out with the plans I made from the beginning.,guilt
2239,3481,eating badly when I was on a diet,guilt
2240,3482,When I quit my job working with my father.,guilt
2241,3483,Slept with someone I shouldnt have,guilt
2242,3484,"I felt guilt when I went to the gym instead of helping my parents at the store, because I work for my parents, and the store ended up being super busy and my mom was alone during the rush and couldn't even message anyone for help because it was nonstop busy. I should have been there.",guilt
2243,3485,I felt guilty about sleeping with the guy my housemate liked because shes my best friend and she really really liked him,guilt
2244,3487,I hit a rabbit while driving.,guilt
2245,3488,When I yell at my child,guilt
2246,3489,I lied to my friend that I was busy and couldn’t come visit her,guilt
2247,3490,i crashed my moms car,guilt
2248,3491,"I felt guilt when I lost £200 because I got too confident with betting and lost the bet, this was money that we needed, so felt very guilty and stupid that I had lost the money.",guilt
2249,3492,"I felt guilt when I knew someone was about to lose their job before they was made aware, and couldn't make them aware beforehand.",guilt
2250,3493,I felt guilt when I slept with someone I shouldn’t of,guilt
2251,3494,"i felt guilty when i rang in sick to work and i actually wasnt sick, i felt guilty and bad for not going in",guilt
2252,3495,"I felt guilt when I recently convinced a friend to not go on a trip he's been planning for the last few months (biking from Toronto to Vancouver alone, for charity) because I was concerned about his safety. I feel guilty because he started a charity for it and raised quite a bit of money but my talk really discouraged him from doing it, since a solo trip at that length in rural Canada is quite dangerous. Nevertheless, I feel guilty.",guilt
2253,3497,spent money on myself but not my s/o,guilt
2254,3498,I did not get to say goodbye to my dying grandmother,guilt
2255,3499,My father died just because of my reckless behavior to take him to the hospital for proper treatment,guilt
2256,3500,Any time I leave my child with anyone to babysit her I feel intense mom guilt because I feel like I should be the only one to take care of her. Recently she started daycare and it was the worst,guilt
2257,3501,"When I was a little boy my mother had a birthday party for my brother he was going to be five years old, I was seven at the time. One of my brothers friends was at the party and started to play with a toy truck of my brothers. I grabbed it from him and told him it is not yours it's my brothers leave it alone. The very next day my mother told me that that same little boy that I yelled at was hit by a car and died. I have and never will forgive myself for the way I treated that little boy. I wish i could go back and change the way I acted. I am so ashamed. It has haunted me since and I am now 65 years old.",guilt
2258,3502,I cheated,guilt
2259,3503,"I was tired, and my toddler was crying and instead of being patient, I told him he would be okay and hurried him home",guilt
2260,4662,I accidentally broke a glass dolphins in my mother in laws house which she loved.,guilt
2261,4663,For spending money on new clothes for myself whilst making little money on maternity leave and my partner was working hard to keep us a float.,guilt
2262,4664,The time I felt guilt was when I purposely offend my employee,guilt
2263,4666,I felt guilty when I spoke about a friend to another friend that was in a horrible manner.,guilt
2264,4667,I was short tempered with my mother as I was tired. I could see she was upset by the situation and I had snapped at her for no good reason.,guilt
2265,4668,I felt GUILT when i was caught cheating by my first girlfriend . I hurt her so bad and it made me feel guilty for the actions i took to disrupt the relationship and break her trust.,guilt
2266,4669,I cheated in a test,guilt
2267,4670,I felt guilt when my dad died because I couldn’t save him,guilt
2268,4671,I broke the vase and lied against my sister which was scolded afterwards.,guilt
2269,4672,I was playing with my young neice who was around 18months old out on the street. She started having a tantrum and threw herself backworks I managed to catch her but she hit her head of the floor the sound made me feel sick. I checked her and she was fine no cuts or anything she didn't even cry but I felt guilty that I haven't caught in time.,guilt
2270,4673,I did something wrong,guilt
2271,4674,I stole a some paper from school,guilt
2272,4676,"i accidentally once ripped a page in a bible while at mass. as a religious and anxious person this made me feel guilty as it was destruction of property, and in a holy place of worship.",guilt
2273,4677,I feel guilty I push everyone out of my life do to self-hate.,guilt
2274,4678,I hooked up with a guy that I knew my friend had like for a while.,guilt
2275,4679,when i was younger I was at my Aunts house. We were having dinner as a family and she had brought out all her good plates and glasses. Like the ones that only came out when there was guests over. I accidentally dropped one of her glasses and smashed it on the floor. The look on her face is still engraved in my mind and it happened around 10 years ago. It was only a glass but i felt so so guilty.,guilt
2276,4680,I screwed up an experiment,guilt
2277,4643,I had thoughts about breaking up with my partner but I couldn't bring myself to do it,guilt
2278,4644,I was really late to pick my kid up from school,guilt
2279,4645,"When I was a child and my stepfather was abusive, I told the courts and was sent away to live with my dad. My mum was devastated and I felt very guilty, blaming myself for it. I am thinking of the specific day that the judge made the decision and I moved out of their house.",guilt
2280,4646,I called in sick at work,guilt
2281,4647,when picked up money off the ground that someone dropped,guilt
2282,4648,I felt GUILT when I was at my brother's wedding and I didn't want him to marry his now wife.,guilt
2283,4649,I picked the neighbor's flowers,guilt
2284,4651,I lied to people i care about regarding important applications,guilt
2285,4652,when I bailed on my little sisters plan to go to the movies. Instead I wanted to relax and play video games at home.,guilt
2286,4653,I had won an award when someone else was trying harder for it than me,guilt
2287,4654,I had been ignoring my mum as I felt tired,guilt
2288,4655,I accidentally hit yogurt onto a girl,guilt
2289,4656,I have gotten mad at my child for a small thing due to my own stresses at the time,guilt
2290,4657,i felt guilty when my baby brother got hurt whilst i was carrying him and fell over myself. i felt guilty because i was suppose to keep him safe but ended up hurting him.,guilt
2291,4658,I felt Guilt when I had to lie to my kids about everything been alright with their father,guilt
2292,4659,I felt guilt when I used my anger to say things to mean things to my ex.,guilt
2293,4660,"I felt guilt when I woke up after a night of heavy drinking, and remembered saying inconsiderate things to my friends and making a fool of myself. I have the tendency to dance and sing quite obnoxiously when I'm very inebriated, and I also have no filter and will tell anyone around me honest opinions regarding things like their appearance, which generally aren't socially acceptable things to say. When I recall drunken memories of the night previous, I can only feel guilt at being rude and obnoxious.",guilt
2294,4682,I left my dog outside by herself and she escaped the fence and ran away,guilt
2295,4683,"I felt guilt when I upset my girlfriend. It was a complete accident but to me this made it more upsetting. I neglected to delete dating apps off my phone, which is completely my fault and I should have been more aware of this. I then felt bad because I tried to make her feel bad about it and say that it was just an accident and she was being silly. I then understood that it was bad of me and she was fair.",guilt
2296,4684,"i led a partner to believe i would stick around for a long time, however, i mentally couldn't and left them.",guilt
2297,4686,As a child I let my neighbours dog die after it accidentally shallowed a ball while we were playing as I was scared I would get in trouble with the owner,guilt
2298,4687,I pulled my daughters arm and hurt her,guilt
2299,4690,"I felt GUILT when I started rapidly changing the LED lights in my room in order to demonstrate something to my friend, A. My other friend, B, was also in the room, and they have photosensitive epilepsy. I had not realized what I was doing, and they quickly covered their eyes. I apologized profusely and stopped changing the lights, but I felt guilty because I could have harmed them. They were fine, but it was still a stupid accident.",guilt
2300,4691,when I make my friends upset.,guilt
2301,4692,I was in a relationship once that wasn't what i wanted. I met another guy and before ending my current relationship i cheated on my partner.,guilt
2302,4694,I ate a lot of chips,guilt
2303,4696,I cheated in a relationship.,guilt
2304,4697,I felt guilt when I didn't hold up on my end of a group project.,guilt
2305,4698,I said no to a child,guilt
2306,4699,catching up with a friend who is struggling in our long lockdown and I feel like I haven't been as supportive or available to support her as I could have been,guilt
2307,4700,I felt guilt when I wasn't able to be there for my son,guilt
2308,4702,I felt guilt when my father was upset after a dispute between my brother and myself at Christmas. We both behaved badly.,guilt
2309,4703,I cancelled plans last minute with a friend,guilt
2310,4704,I was late to pick my child up from nursery and she was the only child left,guilt
2311,4705,Doubting if I wanted my daughter at start of pregnancy,guilt
2312,4706,I felt guilt when I kept cheating on my ex partner time and time again,guilt
2313,4707,I felt guilt when i told my daughter some very important information that i had wanted to tell her for years but needed to wait until it was the right time,guilt
2314,4708,"My father passed away.  He had pancreatic cancer and even though it was caught early and they were able to give him a few more years since they caught it early, I feel like I didn't spend enough time with him before he passed.  I did try to come over and visit a little more than normal, but I felt like I didn't do it enough.  My parents live fairly close to me, but I guess I told myself I didn't have the energy or didn't feel like it a lot of the time because I was busy with work or school or other things.  I wish I would have spent more time with him and really let him know that I cared about him.",guilt
2315,4709,I cut a friend out of my life.,guilt
2316,4710,I was mean to my girlfriend,guilt
2317,4711,I wrongly accused someone of racism.,guilt
2318,4712,I felt Guilt when I lied to my distanced friend about my relationship status,guilt
2319,4713,I felt guilt when I spent my last couple of quid on food because I saw a homeless person who needed it more than I did,guilt
2320,4714,i felt guilt when i lied to my friend because it wasnt a nice thing to do,guilt
2321,4715,I felt guilt when I told people that my friend was trans without knowing I wasn’t supposed to tell people and they told me I ruined their life and they continued to stay in the closet for three more years.,guilt
2322,4716,I felt guilt when I spent money that I should have put towards my wedding on a vacation,guilt
2323,4717,"I felt guilt when I was manipulated by a university classmate to join her MLM (multi-level marketing) pyramid scheme. She scammed me out of $12,000 as well as emotionally and mentally abused me to the point where I suffer from complex ptsd.",guilt
2324,4718,I felt guilt when i stole money from my mom because she was a hard worker and i didnt appreciate what i had.,guilt
2325,4719,I felt guilt when I was always late to school due to a health condition,guilt
2326,4720,I felt guilt because I stole money from my parents,guilt
2327,5995,I procrastinate on work.,guilt
2328,5996,Didn't return a book from the library,guilt
2329,5997,I felt guilty when I broke my older brothers expensive new Iphone,guilt
2330,5998,I did not invite my mother for dinner as I was tired,guilt
2331,5999,i lost my dads phone with all his pictures on it,guilt
2332,51000,"I accidentally broke my friends passenger seat in his car.  I was trying to slide the chair back because I dropped by phone in between the door.  I slid it back and it came right off of the track that it was resting on, and we were unable to fix it back into position.  I felt a great deal of guilt because he had to pay for it out of his own pocket, as I had no steady source of income at that time.",guilt
2333,51001,I was offered a job that a friend had also applied for and really wanted.,guilt
2334,51002,"I caused a major IT outage at my workplace because I tried to change a system without having the proper knowledge of the changes I was making, which created alot of work for my team/manager.",guilt
2335,51003,I arranged a collection but forgot and it caused someone to drive out of their way and made no gain,guilt
2336,51004,I smashed my friends pasta bowl,guilt
2337,51005,I had two simultaneous relationships,guilt
2338,51006,Because I cheated on my boyfriend,guilt
2339,51007,My child had to wear boots that were too small and hurt his feet all day on a school trip,guilt
2340,51008,"I accepted a large amount of money from a friend with him thinking i could pay it back in a certain amount of time, but i couldn't pay it back in time.",guilt
2341,51010,When I’ve spent too much money,guilt
2342,51011,I left my child at nursery to go to work,guilt
2343,51012,I lied about being busy with the family when we are not. I couldn’t face attending this event with my family when we are having a very busy and stressful time. I just couldn’t face it. But I felt very guilty having lied. It is a white lie in my eyes but I still feel bad about it. Oh dear!,guilt
2344,51013,when i offended a friend of mine,guilt
2345,51014,a practical joke (I played) backfired,guilt
2346,51015,"I was taking care of my grandma, which I often did, and she had a fall.",guilt
2347,51016,eating someone else's pizza,guilt
2348,51017,I was guilty at work of giving a friend a promotion above others.,guilt
2349,51018,I didn’t visit family,guilt
2350,51019,I got mad at my daughter,guilt
2351,51020,i spoke disrespectfully to a fellow student related to her race and background.,guilt
2352,51021,I felt guilty when I quit my job to stay home with my kids.,guilt
2353,51022,I made my sister cry,guilt
2354,51023,I pulled my girlfriends arm and accidentally hurt her.,guilt
2355,51024,I didn't help my sister more during her illness,guilt
2356,5965,i sent my child to nursery before returning to work,guilt
2357,5966,my partner left his former wife to be with me,guilt
2358,5967,"I couldn't go with my partner to work as he was a new driver and wanted the support so he wasn't on his own on the new journey, an emergency work meeting came up and I had to let him down last minute and he had to go on his own and I felt guilty that he would be nervous and alone.",guilt
2359,5968,I stole from a shop,guilt
2360,5969,I lied to my mother when I was a teenager.,guilt
2361,5970,I smoked some cannabis after telling my partner I never would again,guilt
2362,5971,I felt guilt when I intentially decieved one of my coworkers in order to get more praise from my boss.,guilt
2363,5972,i felt guilt when i told a someone a secret i was asked to keep.,guilt
2364,5973,a customer in my workplace had asked for advice on the phone regarding a particular service that we offer but when they came to the store we were too busy to do it.,guilt
2365,5974,i shouted at my daughter when i was tired,guilt
2366,5975,I felt guilty when my son had to go into the care of my mum due to my mental health.,guilt
2367,5976,My brother got in trouble for something I did,guilt
2368,5977,I felt guilt when we got our court decision to award our step son to his biological father. I felt guild that I may have messed up an answer which caused that outcome,guilt
2369,5978,I felt guilt when I met a friend for coffee rather than meeting as a group. I knew the others would not have liked to be left out,guilt
2370,5979,I cancelled on my friend due to unforeseen circumstances,guilt
2371,5980,"I had to explain that a referral to a different service that I had made on behalf of one of my patients had been rejected by the service I made the referral too, because they had really wanted to be able to seek support and I had tried but felt that I had failed to convey this accurately enough for them to be granted further support from the service. I had to communicate the information back to the patient and their reaction made me feel incredibly guilty that I had not been able to secure them a referral to the service which would have been more appropriate for them.",guilt
2372,5981,I took a genetics test that would determine whether I will inherit a genetic disease from my mother. I tested negative and my sister (who is untested and still at risk) does not know I have been tested or that I am not at risk of developing this disease.,guilt
2373,5982,"I gave a cat a fright on the street and it ran into the road, and was nearly killed by a passing car",guilt
2374,5983,I felt guilt because of what I did to him,guilt
2375,5985,"I overreacted in front of my wife and two daughter, lost control, yelled inappropriately, stormed off for hours , made them all cry.",guilt
2376,5986,I accidentally broke one of my mother's cats legs,guilt
2377,5988,I am unable to buy my child something because of lack of funds in paricular a time when he needed new football shoes,guilt
2378,5989,I broke up my husbands then family unit. I was having an affair with my now husband when he had a family and the kids were young. The guilt came from taking away the stability of the family unit as they relied upon their dad to give them a normal life.,guilt
2379,5990,Went out with friends for a drink when we didnt have much money,guilt
2380,5991,I felt guilt when I called and texted my boss constantly for my pay then realized he didn't pay me because he was having financial issues.,guilt
2381,5992,"it was when i forced my girlfriend to have sex with me, after the incidence she look me in my eyes and said ""are you satisfied now"" i regretted every bit of my action from that moment",guilt
2382,5993,I accused my partner but later found out I was wrong.,guilt
2383,5994,my partner caught my lying about hugging someone during a covid lockdown,guilt
2384,51025,I felt GUILT when I hurt my girlfriend emotionally.,guilt
2385,51026,i had to go off sick from work for depression anxiety and burnout,guilt
2386,51027,I took two £1 coins from my friend when I was really young,guilt
2387,51028,When I reacted in a way I knew better not to react in. Guilty due to how my reaction may have been received.,guilt
2388,51029,I felt guild when I had thoughts about another woman whilst being in a relationship because I knew my girlfriend would be upset if she knew.,guilt
2389,51030,Left the toilet seat up after using the toilet.,guilt
2390,51031,one time at a nightclub i stole someone's drink and poured it into my glass.  when the customer returned looking for their drink i feigned ignorance,guilt
2391,51032,i play football,guilt
2392,51033,a few weeks ago i was just so drained and really didnt want to work so I called in sick... only to find out that my coworker did that day too so i left my boss stranded.. i felt so bad and i wasnt even sick,guilt
2393,51035,I feel like a bad mother,guilt
2394,51036,I caused my mum to break after i tried to commit suicide,guilt
2395,51037,I felt guilt when I spend too much money,guilt
2396,51038,I woke up the morning after a drunken argument with my friend,guilt
2397,51040,When I kissed my friends boyfriend,guilt
2398,51041,I missed my sons first nativity,guilt
2399,51043,When i made someone wait for me,guilt
2400,51044,I promised I would do something for a friend which I've now decided I'm not going to do,guilt
2401,51045,I overate and bing ate my food,guilt
2402,51047,I Lied to workplace,guilt
2403,51048,I felt guilt when I had a manic episode and spent money on items when I couldn’t afford it,guilt
2404,51050,Working when my children where young,guilt
2405,51051,I ate some food from the fridge which belonged to my flatmate without her permission,guilt
2406,51053,I went on holiday with my youngest child but my oldest child had to stay home.,guilt
2407,51054,"I felt guilt when as a young adult I wore braces on my teeth and I hated them, even though it was my choice to get them. I was visiting my younger sister who was working overseas and we had a brilliant time together. She took lots of photos of us, had them developed (it was the 1990s!) and sent them to my family. In one picture in particular, all I could see were these awful braces. I couldn't see anything else - the fabulous place we were in, the gorgeous outfits we were wearing, how lovely our hair was as we'd treated ourselves to getting blowdries, and I wrote her the most horrible letter saying that the only reason she'd sent that photo was to prove how gorgeous she was compared to me, she knew how ugly I was and that I was sorry I'd ever visited her in the first place. To this day I still feel so awful for writing that letter. She could only see the fun time we were having - I was the one with the complex about my teeth.",guilt
2408,51055,I upset my Mum by asking her if she forgot someone,guilt
2409,51056,Booking weekend away from husband and stepson with my friends,guilt
2410,51057,I felt guilt when I misplaced my baby bag,guilt
2411,51058,when i stole my friends drink by accident and waited too late to let him know.,guilt
2412,51059,Of an inappropriate dream,guilt
2413,51060,i couldnt help a homeless hungry person,guilt
2414,51061,"My mental illness' were playing up and I was rude and said some thing I didnt mean to my partner, who was visibly upset after I lashed out at him.",guilt
2415,51064,I RAN OVER A CAT,guilt
2416,51065,I felt guilt when I cheated on my boyfriend,guilt
2417,51066,I didnt buy my brother a gift,guilt
2418,51067,"I felt guilt when I forgot my sisters doctors appointment, for a serious issue and didnt ask about it",guilt
2419,51068,"I failed to record my daughters 1st ballet dance recital, never pressed record.",guilt
2420,51069,I felt guilt when I didn't make time to call my friend back on the weekend.,guilt
2421,51070,"my dad living alone, he has MS and when it was warm weather he would really struggle, he always wanted to be indepentant but if he got to hot his body would give up and he could not move. One warmer day i went out with some friends and stayed out longer than i had planned so did not get to my dads till later than i should of when i arrived i found him on the drive he had been there for 5 hours, never felt so guilty and still do now when i think about it.",guilt
2422,51071,I recently experienced guilt as due to an error my behalf my colleague faced a much more difficult task in their day to day job,guilt
2423,51072,I saw a friend being left out from a group activity,guilt
2424,51073,I have not done something I feel I should,guilt
2425,51074,leave family events to see friends,guilt
2426,51075,I fooled around with a work colleague/friend knowing he has a girlfriend.,guilt
2427,51076,"I felt guilt when I forgot about my son's special day at school.  He was supposed to be sent with family pictures and a snack to share with the class.  I completely forgot, and he came home very upset.",guilt
2428,51077,I work too much and don't spend enough time with my children,guilt
2429,51078,I angered my wife by not listening to her story and left her feeling ignored,guilt
2430,51079,i felt guilt when i decided to open my friends freezer to get an ice cream sandwich after. meal. i did not close the freezer properly and spoiled hundreds of dollars of meat they had just recently bought at costco.,guilt
2431,51080,When I came home drunk after saying I would be home by 9.,guilt
2432,51081,I felt guilt when I fought with my friends.,guilt
2433,51082,I struggle with addiction,guilt
2434,51083,I felt GUILT when my boyfriend got me a much nicer Christmas present than I got him.,guilt
2435,51084,I didn't go to my friend's event which they specifically asked to come because I was sick,guilt
2436,51085,"I felt guilt when I saw how drained my husband became while I was recovering from shoulder surgery. For a few months before and then another few months after my surgery, I was unable to do a lot of the household tasks because of the pain in my dominant arm. I know that there wasn't anything I could have done to avoid the restrictions I was under, but I still feel bad for him having to take care of so much on his own.",guilt
2437,6391,I didn't speak up when someone was being racist.,guilt
2438,6392,I felt guilt when my baby was born and couldn’t give my dog attention,guilt
2439,6393,I had to tell my parents I wanted to go back to school and move out of their house,guilt
2440,6394,I waste time at work,guilt
2441,6395,When I think about my secret drug use,guilt
2442,6396,I have shouted at my children.,guilt
2443,6397,I did not call my friend early enough.,guilt
2444,6398,I masturbated when I was dating my ex-girlfriend because I felt that is not something to do while in a relationship.,guilt
2445,6399,"I leave my dog in on her own for the whole day, and she looks at me with such a trusting look as I close the door.",guilt
2446,6400,I forgot it was halloween and sent my son to school without a costume.,guilt
2447,6401,"When I stole a Yu-Gi-Oh card in Grade 2. Funny thing was, it was actually my own card that another kid had just stolen from me, but I felt so guilty about ""stealing"" it back from him that I relented and gave it back to him again.",guilt
2448,6403,My daughter was being naughty and i smacked her.,guilt
2449,6404,I felt guilt when I talked bad about someone.,guilt
2450,6406,Neglected my partner's feelings.,guilt
2451,6407,"I accepted a pizza delivery to my address from Dominos, it was marked as paid and with my address on the label but I did not order it.",guilt
2452,6408,I don't do as much as expected,guilt
2453,6409,when I think about leaving my career to raise my kids.,guilt
2454,6410,I went on holiday and had to leave my pets for a week even though they had a pet sitter,guilt
2455,6411,"I left my family to go to college, specifically my siblings. As the older sibling, I took the role of doing a lot for them and kind of raising them so I felt guilty leaving them.",guilt
2456,6413,Bought a dog I don’t want,guilt
2457,6416,I was suffering with depression because I felt I neglected my sons.,guilt
2458,6417,I want to drop out of school but my parents pay my tuition,guilt
2459,6418,"I dropped a light bulb at the department store and it broke, then I put it back on the shelf and got a new one.",guilt
2460,6419,"I left my baby to cry in her cot while she was falling asleep, after being advised to do so. I felt like I had exhausted all other options at the time.",guilt
2461,6421,i made an inappropriate joke which upset my partner,guilt
2462,6422,I totaled my car and raised my mom's car insurance,guilt
2463,6423,I was having a nice time with my friend and my daughter was at home with her dad,guilt
2464,6424,i couldnt help my friend when he was going through a dark time,guilt
2465,6425,I realized I forgot to text one of my closest friends on her birthday (we live in different cities).,guilt
2466,6426,"I leave work at times, I work in a prison and sometimes feel guilty leaving if it’s been a bad day.",guilt
2467,6427,When I fight with my girlfriend,guilt
2468,6428,I built up thousands of pounds of debt and stole from my gf to help,guilt
2469,6430,i felt guilt when i leave my dog at home alone,guilt
2470,95,i dont do enough studying or assignment in the time frame I set for myself,guilt
2471,96,I felt GUILT when I didn't do the work I planned to do,guilt
2472,97,"I've felt guilt when I've been made/prioritise something over something else, I feel guilty for letting people down when I have agreed or promised.",guilt
2473,98,I have racked up a large amount of debt,guilt
2474,99,i put on weight,guilt
2475,2101,I was standing on top of a trailer at a music festival with a great friend. We had just been given free bags of beef jerky and one of my favourite songs was played as the sun was setting.,joy
2476,2102,I finished my national exam for licensing as a registered physiotherapist,joy
2477,2103,"I felt JOY because I had climbed a tree during a windy day. I sat in the tree and felt it swaying, and heard the leaves rustling, and heard the wheat field beside the tree making beautiful sounds as well.",joy
2478,2104,I spent time with a friend after a long time apart.,joy
2479,2105,I felt joy when I passed my exams.,joy
2480,287,"I felt joy the last time I was at a concert of my favourite band, watching the band walk out on stage felt magical and hearing all my favourite songs live was bliss",joy
2481,289,I was gifted a large amount of money,joy
2482,290,I Won €20 on a scratch card,joy
2483,291,I got offered a vaccine.,joy
2484,292,"I bought an oculus rift and tried it for the first time, it was a great new experience",joy
2485,293,My first child was born.,joy
2486,294,Finding out that I passed my final masters exams with a first (distinction),joy
2487,295,When we adopted out new kitten,joy
2488,296,I received a First in my Second Year University results.,joy
2489,297,I recently asked my girlfriend of 4 months on our first official date together,joy
2490,298,my husband and I went on our first vacation without the children!,joy
2491,299,My dog runs to the car when I come home from work,joy
2492,2100,i felt joy when i got engaged.,joy
2493,3623,I got married,joy
2494,3624,"My marriage made me feel joy. I married some years ago to my friend and confidant who I love and cherish so much. We are so find of each other and the day we started making wedding plans, I was filled with extreme joy and excitement. The wedding day was indeed a memorable day for me because my parents were present to make the day very exciting and fulfilling.",joy
2495,3625,"I was in the car on the way to school quite a few years back, and I was remembering a time that I made my crush laugh. I was just looking out the window as I always did and randomly remembered and felt joy. I was also happy anticipating seeing them when I got to school.",joy
2496,3626,I was approached by manager and told I was doing well in my job and got a significant raise,joy
2497,3627,I was accepted into my first university choice,joy
2498,3628,I felt joy when I received my university degree in the mail (because of COVID we did not have a graduation ceremony). My four years of hard work paid off.,joy
2499,3629,I went on my holiday to Copenhagen.,joy
2500,3630,I graduated school,joy
2501,3631,"I felt joy when the preacher said, ""you may now kiss your bride"" at my wedding.",joy
2502,3632,visited the Italian mountains for the first time.,joy
2503,3633,I got a job I really wanted.,joy
2504,3634,I finished my coding bootcamp,joy
2505,3635,"I walked up to the woods with an old friend and we reconnected while spending time in nature, we had interesting and emotional conversations and saw a deer!",joy
2506,3636,when I gave birth,joy
2507,3637,I finish a long hike because I have a feeling of accomplishment,joy
2508,3639,I went to Los Angeles,joy
2509,3640,"When my wife gave birth to our first child, I became more happy when I found out that it was a baby boy.",joy
2510,3641,i recently got  a new job,joy
2511,3643,"My family came home from abroad for the summer, I met them at the airport.",joy
2512,3644,when I was at a Harry Styles concert,joy
2513,3645,I felt joy when I found out I was accepted into graduate school because I was scared that I was not going to make it in and that I was going to have to wait another year to re-apply.,joy
2514,3646,I felt hoy when I went hiking in the mountains this year because it was a relaxing experience that was relatively cheap.,joy
2515,3647,"When I was on Vacation, outside in nature exploring the mountains.",joy
2516,3648,My friend who hadn't seen in over a year during the pandemic came to visit.,joy
2517,3649,when I completed my first 10k race,joy
2518,3650,"I gave birth to my son, and I heard him squeak because he came out not breathing, and had to be resuscitated by CPAP.",joy
2519,3651,I finished work because I knew I could come home and put my feet up,joy
2520,3653,My team Rangers scored a great goal versus our rivals. It was a very important match in which we won. I felt overjoyed for several hours after the final whistle.,joy
2521,3535,"I began teaching piano lessons. My first class was three sisters, ages 8, 6, and 5, and they were delightful and so much fun. I've been a traditional English teacher for many years, but being able to teach something I love so much (like music) has changed my entire outlook, and it always brings me joy.",joy
2522,3536,I bought a stock that doubled in price within days,joy
2523,3537,I bought a new car.,joy
2524,3538,I got approved for my first apartment.,joy
2525,3539,I felt joy when I received the acceptance letter to my dream university,joy
2526,3540,"when it was birthday this year and we had a zoom call with all of my family, because I hadn't seen them for a long time because of Covid, and it was lovely to see all their faces, and talk to them, and knowing that there were there because of me. Jaw would hurt from smiling so much.",joy
2527,3541,I felt joy when I found a new waterfall on a hiking trail that I had never seen before.,joy
2528,3542,"I felt JOY when I met my kitten Mochi for the first time. I had contacted breeders for months looking for a British Shorthair kitten. I was invited to a breeder's home to visit a kitten, and felt immense joy when I first saw him and picked him up. This feeling was intensified due to the long wait and anticipation that led to the moment.",joy
2529,3543,at the births of my children.,joy
2530,3544,I felt joy when I saw my dog's face in the window waiting for me to enter the house.,joy
2531,3545,I got a new puppy,joy
2532,3546,I was accepted to Villanova University,joy
2533,3548,I felt joy when I solved my maths question with no help all by myself. It was a difficult one and I always feel happy when I do one myself.,joy
2534,3549,my child was born/because my draining 9 months of pregnancy was finally over and my baby was finally in my arms after waiting for so long,joy
2535,3550,I was playing with my niece and nephews outside.,joy
2536,3552,I went to dinner with one of my friends.,joy
2537,3553,"When I travelled for fun, leisure to museums, zoo, parks.",joy
2538,3554,I received a message from a friend about a job opportunity which we would be able to work at together,joy
2539,3555,my two daughters reconciled after being strangled for 3 years.,joy
2540,3556,my first child was born.,joy
2541,3557,i felt joy when i heard about your return,joy
2542,3559,I felt joy when I revived a text message from my girlfriend.,joy
2543,3565,I felt joy when my long distance boyfriend called me and told me he was coming to visit because I miss him.,joy
2544,3566,joy when i win money,joy
2545,3567,My child was born,joy
2546,3569,I got with my partner,joy
2547,3570,I accepted Christ as my savior,joy
2548,3571,"I am out with my friends, as I enjoy their company and am able to be myself around them.",joy
2549,3572,I purchased my first home.,joy
2550,3573,I was told “I love you” by a special person,joy
2551,3575,I got my results for my Undergraduate Degree. I had really put my all into my work for it after a really tough couple of years (both of my parents dying). This was my first and only year where I felt as if I had grown up and when I got a first class honours degree (in a subject I truly believed I was awful in) it really gave me joy.,joy
2552,3576,my fiancé proposed,joy
2553,3577,"I felt joy the first time I tried weed (specifically Delta 8, which is legal in my area.)",joy
2554,3578,I felt joy when I saw my son take his first steps across the living room all by himself.,joy
2555,3579,I went skydiving.,joy
2556,3580,i felt joy when she gave birth,joy
2557,3581,I felt joy when my husband (then boyfriend) asked me to marry him.,joy
2558,3582,The day I got married,joy
2559,3583,"I felt joy when I was walking with my wife on one of our hikes. I remember she walked ahead to look at something and when she turned around I felt joy like I never have before. She was looking at me smiling. I felt an emotion that was so strong so deep in my soul, I was so joyful she was my wife. I have always lover her since high school but that day something special hit my soul pure joy.",joy
2560,3584,when i was on vacation in the mountains,joy
2561,3585,I made alot of money,joy
2562,3586,"When I skydived out of a plane in New Zealand, I felt real joy and euphoria.",joy
2563,3587,my partner asked me to marry him,joy
2564,3588,I felt joy when I went to the beach recently with my boyfriend on a beautiful day and had ice cream and just relaxed together on a bench after walking along the boardwalk. We people watched and it was just a very calming and nice experience where I did not feel any stress and was truly happy.,joy
2565,3589,my children were born as I have always wanted children.,joy
2566,3590,in my birthday party,joy
2567,3591,I felt JOY when I was able to move into an apartment with my boyfriend and bring my cat with me.,joy
2568,3592,On the last day of my previous job.,joy
2569,3593,I went on holiday in august,joy
2570,3595,I won an event,joy
2571,3596,"I traveled to Mexico with my whole family for vacation the month before I gave birth.  It was so joyous because all the kids were there and we enjoyed great food, relaxed on the beach, and had the most relaxing time.  We also went on fun excursions like dinner cruises, swimming with dolphins etc.",joy
2572,3597,I got married.,joy
2573,3598,My children were born,joy
2574,3601,I felt joy when I held my new baby cousin for the first time. He was beautiful and adorable.,joy
2575,3602,I felt joy when my team beat our rival school to go undefeated for the season.,joy
2576,3603,The day I bought my car I felt extreme joy because I had saved for so long to make the purchase. I sometimes had to restrict some spending decisions just to save up for the car. I was so happy to have finally bought a car,joy
2577,3604,Seeing my dad happy on my graduation day at the college,joy
2578,3605,I was called to interview for a new position.,joy
2579,3606,Something that made me feel joy was the when my sister's cat rubbed itself on me and then curled up in my lap and proceeded to sleep. It made me feel really joyful and warm inside.,joy
2580,3607,i felt joy when my boyfriend told me he would hate to not be with me because it reassured me that he loved me,joy
2581,3608,I felt Joy when I went to a museum,joy
2582,3610,some friends shared that they felt that I was a useful and reliable presence in a time of hardship. As they saw me as a valuable person in their life. And I felt joy as my advice was helpful.,joy
2583,3611,was standing under a northern lights display,joy
2584,3612,"I gave birth each time to my 3 kids, nothing compares to that feeling.",joy
2585,3613,I felt joy when my partner proposed,joy
2586,3614,I felt JOY when I held my baby cousin for the first time.,joy
2587,3615,I was on a sunset drive in South Africa on a game reserve with the man I was in love with and his family. We were listening to oldies and singing and laughing and having the most amazing time together. It was the closest I've ever felt to being in heaven,joy
2588,3616,"I felt joy when I was hired for my current job, because I had been unemployed and out of the hospital for months beforehand.",joy
2589,3617,I bought my first car because it made me feel independent.,joy
2590,3618,I got my job offer.,joy
2591,3619,my fiance told me he was flying home after a two week absence from one another,joy
2592,3620,When I won an online competition because I won just over 3k.,joy
2593,3622,I finished moving into my current apartment with my roommate.,joy
2594,4783,I finished my dissertation and handed it in for submission and realised it was the final piece of work to compete my university degree,joy
2595,4784,I was a bridesmaid at my sisters wedding,joy
2596,4785,Finding out I was pregnant after trying for 2 years,joy
2597,4787,I got to adopt a puppy,joy
2598,4788,i felt jou when i passed my test because i studied really hard for it,joy
2599,4790,My son gave me a kiss and hug and said ‘aaaawww’,joy
2600,4793,I felt JOY when the United States Women National Team (USWNT) won the world cup in 2019 defeating the Netherlands by two goals to nil. I was so happy that our team got to win a World Cup,joy
2601,4794,I felt joy when I recently graduated from my university with my family after waiting a year due to the coronavirus pandemic,joy
2602,4795,I gave birth to my 1st baby.,joy
2603,4796,I gave birth to my baby. it was like a dream come true,joy
2604,4797,I started my new job. Its a great company that only the best technicians get selected for a position. I am quite joyful with a hint of pride that I am counted as one of the best.,joy
2605,4798,Forest finally won a football match,joy
2606,4800,"I felt joy when I graduated from university after 4 years. Although it was online and I was not able to attend a convocation ceremony in real life due to the pandemic, I still felt very happy that I had accomplished this milestone in my life. I felt relief, and also pride and accomplishment. I felt joy because I realized that I was mentally stronger than I had thought, and I also felt joy because I was another step closer to achieving my dream job and starting the life I wanted to live.",joy
2607,4801,I found out that my partner had safely arrived in the UK after being long distance for many months.,joy
2608,4802,I felt joy when my football team won our cup match,joy
2609,4722,I gave birth to my first child,joy
2610,4724,I felt joy when I got married to my best friend,joy
2611,4725,"Moving into my own home with my son after experiencing lots of very difficult things in the preceeding years including baby loss, domestic abuse and homelessness.",joy
2612,4727,when I got the awesome job I applied for.,joy
2613,4728,I felt joy when I got my new car because I had only had cheap run-around cars before it and it was my first experience of a nice car of my own.,joy
2614,4729,my wedding day when we were celebrating after the ceremony,joy
2615,4732,I got an unusual business contract that profited in millions of dollars.,joy
2616,4733,When I got a new personal best max lift at the gym.,joy
2617,4734,When I got my A level results,joy
2618,4735,"Purchasing a Merlin Annual Pass, for membership to all my favourite activities including theme parks for a year, with my family.",joy
2619,4737,I felt joy when my wife told me she had made her first million dollars. I felt joy just seeing her happy after achieving something she said was one of her life achievements and something very important to her.,joy
2620,4738,I felt joy when I passed my driving theory test with better marks than I originally thought,joy
2621,4739,"I felt JOY when I was picked to be a Flight Attendant for Delta in 2019. Only a handful of people are picked and it made me feel really special, joyful and prepared.",joy
2622,4740,i felt joy when i won 500 pounds on a one pound scratch card and i only had 10 pounds to last me for 2 weeks so this made me very happy that i could go buy food for my kids and the joy on there faces made me happy. this was when i had nothing left.,joy
2623,4741,I felt joy when I was in Mambos Ibiza,joy
2624,4742,My child was born,joy
2625,4743,The day I had my baby,joy
2626,4744,I felt joy when my wife said yes because she accepted my marriage proposal,joy
2627,4745,I visited Japan for 3 weeks. It was such an extreme culture shock and the different variety of experiences was overwhelming. My favourite time was when we went snowboarding in Hakuba. The rush was intense. Truly a great time.,joy
2628,4746,I felt joy when I was able to move out on my own and live alone.,joy
2629,4747,I was accepted to grad school,joy
2630,4748,seeing my friends happy,joy
2631,4749,I scored a try during my rugby game,joy
2632,4750,my brother came back from overseas and surprised me.,joy
2633,4753,I felt joy when I experienced independence commuting to campus and experiencing college life.,joy
2634,4754,when I received good grades in school. it was because of my actions in which I deserved those grades.,joy
2635,4755,I spotted some dolphins while I was swimming in the sea,joy
2636,4756,I felt joy when I sold my first art piece because it gave me a sense of accomplishment and satisfaction that someone else valued my art the way I did.,joy
2637,4758,My hubby was promoted at work place.,joy
2638,4759,I felt so much joy when I achieved my goals bothering me,joy
2639,4760,A recently diagnosed health condition I have was not as bad as we first thought,joy
2640,4761,"i felt joy when my bestfriend asked me to be her babies god mother, this made me feel joyful as it showed she trusted me enough with that responsibility.",joy
2641,4762,My son was born,joy
2642,4763,I felt joy when I got my cat.,joy
2643,4764,I was awarded a fellowship,joy
2644,4765,my friends surprised me on my birthday,joy
2645,4767,because my favourite TV show came out with a new season that I have been waiting a long time for.,joy
2646,4768,I felt joy when I went for a meal with my boyfriend and he told me he loved me and it made me very happy,joy
2647,4769,My best friend had her second child after having been pregnant through a pandemic while also studying to be a midwife,joy
2648,4770,I felt joy when I got my first salary after college,joy
2649,4771,I felt joy when I did well in all of my classes for a semester and made the Dean's List at my college.,joy
2650,4772,"I felt joy when the girls hockey team I was coaching won gold in a tournament. I was the assistant defensive coach and after a long, hard tournament we won first place.",joy
2651,4773,When my long term boyfriend purposed!,joy
2652,4775,I got a job I had been trying to get for a long time.,joy
2653,4776,I got a girlfriend,joy
2654,4778,my daughter was born via c section which I was thankfully awake for,joy
2655,4779,I was surprised by my friends with a care package during lockdown.,joy
2656,4780,"I felt joy when my partner and I moved in with each other. I feel joy on a daily basis, often because of interactions with my partner. I felt so happy that I was creating a life with someone I love so much, and someone who will always be there to support me.",joy
2657,4781,My son came overall best in his school.,joy
2658,4782,I first met my boyfriend after nearly 3 years of a long distance relationship.,joy
2659,4847,I went to a concert,joy
2660,4848,When my niece was born because she was the first baby born that was close to me,joy
2661,4849,I felt joy when I went for a walk in the park with my family and we sat down enjoying the view while having a picnic.,joy
2662,4851,"I felt joy when I was baptised. I came from a broken past with a lot of situations that I felt shame around. Once I came out of the water, I felt joy knowing that the old had been washed away and this was a new beginning and a fresh start for me.",joy
2663,4852,I felt Joy when my boyfriend told me he loved me for the first time,joy
2664,4853,i felt joy when i received my first assignment back at college this was because a lot of work was put into it and i was worried because i had never done anything like it before. it made me feel joy because i got the highest grade possible.,joy
2665,4854,I felt JOY when i got my first job at the construction organization which was going to launch my career into greater heights. I received the mail around noon and i was so happy to hear the good news,joy
2666,4855,I took a much needed vacation and break from social media,joy
2667,4856,I travelled to Disney world in Florida with my family because it had been a life long dream and we enjoyed every second.,joy
2668,4857,"My mom and stepdad finally said they were getting a divorce and so my mom, sister and I have to move out. I’ve lived in a 9 1/2 feet by 10 foot room for 6 years. One of the walls is outlined from the left wall to the right wall and along the ceiling with thick built in bookshelves and in the middle of where a wall should be, is just a huge window that goes to the floor, and my rooms view is to another wall. People from the kitchen can look into my room from the window and I can see into my sisters room from that window, it’s weird, I don’t have a window I can open in my room cuz it’s literally in the middle of the house so it’s technically a safety hazard. I can’t wait to have a bigger room.",joy
2669,4858,I saw my friends after a long time apart,joy
2670,4859,The first time my daughter said mum,joy
2671,4860,Because i got a chance to part take this survey to earn a bit of cash,joy
2672,4861,When I'm producing a song and I get goosebumps up my back.,joy
2673,4862,I felt joy on my way to pick up my girlfriend at the airport as it had been a few weeks since I had seen her and could not wait to show her all the sights and my new apartment.,joy
2674,4863,I completed Kokohead,joy
2675,4864,I felt joy when I found out I got an interview to the club I applied to,joy
2676,4868,when I beat a video game on hard,joy
2677,4869,When I passed my driving test. It was my second attempt and I drove really well but was given the parallel parking task which I had always struggled with so was not confident that I was going to pass. The test ended and the instructor asked me what I thought and I said I didn't know I Didn't think It was too bad. He told me I'd passed with only 4minors and I was overjoyed and happy I'd worked so hard.,joy
2678,4870,"sitting around a campfire, feeling both physically and mentally supported by my best friends on an unseasonably warm spring night on a Scottish beach.",joy
2679,4872,"I felt joy when a fan of the Kpop boy group, Stray Kids, composed and sang a song that was dedicated to one of the members. The song was about her admiration for the member’s freckles (a quality he was insecure about) and his “soft” and sweet personality. The song was called “Constellations” by Lex.",joy
2680,4873,"I spent a day traveling on my own, doing whatever I wanted in a foreign country.",joy
2681,4874,I felt joy because I was able to see my girlfriend.,joy
2682,4877,"I felt JOY when i was part of the movement and protest for calling out the government and the police after the death of George Floyd. I marched in the streets with relatives, friends and colleagues",joy
2683,4878,I had a dream where Ed Sheeran broke both his legs. It felt so real.,joy
2684,4879,When I sang songs with my friends in the car because it was fun and I felt close to them,joy
2685,4880,I felt joy when my family took me to dinner for my birthday.,joy
2686,4881,When I got into the course I needed,joy
2687,4882,"being in a nightclub surrounded by my friends, watching a fantastic local band and dancing closely with someone i'm attracted to",joy
2688,4883,I felt joy when I saw my favourite band in concert.,joy
2689,4885,when i seen my partner for the first ime because we were doing long distance,joy
2690,4887,"I interviewed for a job at my university library as a research consultant (something I was super passionate and excited about), and was offered the job at the end of the interview.",joy
2691,4825,"I felt joy the first time I watched my son use a computer. He made a level of Super Mario with a program called Mario Construct. He was five at the time, and it was amazing watching him so absorbed in concentration with figuring out how to use a computer, and watch how clever he was at it. Most of my most joyful memories are of watching him learn and achieve in the world.",joy
2692,4826,I had a really good track race,joy
2693,4828,"I felt joy when my now boyfriend told me he wanted to be in a relationship with me and that he would wait for when I was ready, because I felt safe and comfortable with his words and his feelings were something I never though somebody would experience over me.",joy
2694,4829,received Pokémon crystal for my birthday as a child.,joy
2695,4830,I felt joy when I told my girlfriend I loved her and seen her smile at me saying it,joy
2696,4832,I met my long distance boyfriend for the very first time,joy
2697,4834,I completed a series of tasks successful during a difficult day at work to the benefit of my company and myself.,joy
2698,4835,i felt joy when I got into Michigan,joy
2699,4836,I was finally able to participate in university activities after the pandemic was not high risk.,joy
2700,4837,I felt joy when I purchased the coolest pair of shoes.,joy
2701,4839,I felt joy because my boyfriend visited me.,joy
2702,4840,I looked at the grand canyon,joy
2703,4841,"I felt joy when I went to my friend's birthday dinner. I felt joy because I was happy to see the guests, experience a new restaurant, and I was anticipating her happiness at opening my gift.",joy
2704,4842,I felt joy whe  I toured my new apartment because it was much better than my current one.,joy
2705,4844,"After being away from my daughter all weekend, walking into my parent's house to see her little happy face running up to me, greeting me, made me feel joyful.",joy
2706,4845,i went to a college football team with my sisters.,joy
2707,4803,Finding I was going to Disney,joy
2708,4804,I watched my daughter swim,joy
2709,4805,"I felt joy when i became a grandmother for the first time, i have a 19 year age gap between my 2 children and when my daughter gave birth and made me a grandmother she also made my 3 year old son an Uncle too. This has brought great joy",joy
2710,4806,I played with a kitten,joy
2711,4807,I felt JOY when I bought tickets to see Hamilton for 2022,joy
2712,4808,last night I went to my boyfriend's sisters album release for her first music album and there was a big family dinner and party and I felt joy being able to celebrate with his sister and be able to listen to her music for the first time.,joy
2713,4810,"I felt JOY when my family got my current dog. We had to put our first dog down (a puppy who had very progressive cancer) a few months prior, and we were all ready for another dog. The woman who had trained our puppy knew a family that was looking to give their dog to a new home. She gave the seller our information, and they came to our house with the dog to see if we would be a good family for him. My parents didn't tell my brothers and I that we were going to possibly be getting a new dog. I walked downstairs and saw this big, fluffy, black doodle. I honestly don't know if I have ever been more excited. I was literally jumping up and down with joy. The family ended up giving us the dog, Vinny, free of charge, and he has been the best dog ever. He and I are besties and do everything together!",joy
2714,4811,"I received a laptop as a gift on my birthday, which I had wanted for months leading up to my birthday.",joy
2715,4812,I felt JOY when i proposed to my wife and she said yes to marrying me and spending the rest of our lives together.,joy
2716,4814,I sold a bicycle that has been sitting around for years. I was very happy that I was able to earn some money and get rid of something I didn't need.,joy
2717,4816,"I felt Joy because of my kids, when ever I see them both I get happy and thankful for able to do something right about my life.",joy
2718,4817,my son has finally committed to joining a baseball team. He is 10 years old and enjoys playing ball.,joy
2719,4818,"I felt joy most intensely recently when I was the winner of my football pool and won a good bit of money from the whole pot.  It is a season long pool with pro football and picking games against the spread, and this is the first time that I had won it.  Obviously winning is great, but to try for so long was really awesome.  And unfortunately it is the last year of the pool, at least right now, so I am really happy that I got the opportunity to win it.",joy
2720,4819,I felt joy when I managed to get a photograph I taken to feature on the local news,joy
2721,4820,My parents visited us,joy
2722,4821,I felt JOY when i helped a homeless last month,joy
2723,4822,"I realized my dog was going  to be okay . She had started bleeding from the mouth and got sluggish and weak from the antibiotics, and lost her appetite. I was 80% sure we would have to put her down. When she started getting better I was overjoyed",joy
2724,4823,I felt joy when I kept babies in the church nursery.,joy
2725,4824,I felt joy when i get promoted at my workplace to become the project lead. It was a remarkable and defining moment of my life,joy
2726,51178,I was offered my dream job because i had studied for 2 years and had lots of stress and set backs,joy
2727,51179,I did well on my practicum.,joy
2728,51180,I went to the gym,joy
2729,51181,my partner gave birth to our son,joy
2730,51182,I was given a puppy for my birthday,joy
2731,51184,My wife gave birth to a bouncing baby boy,joy
2732,51185,i recieved the top grade in my class on a calculus test in my last year of high school,joy
2733,51186,I was racing on a racing track with my dad in the car and we did an extra lap when we weren’t supposed to which was really fun and will never be able to do in my lifetime,joy
2734,51187,"I went to go say goodnight to my daughter and found her reading in bed, shes 8 and struggled with reading but has really improved and it was one of the first times shes chosen to read for fun and she was so excited to tell me what had happened so far I was so happy for her.",joy
2735,51188,I received a job offer from a company that i believed was a great fit for me and met the same standards in the workplace that I have.,joy
2736,51189,when I had a baby.,joy
2737,51190,I got married to my husband,joy
2738,51191,my husband proposed to me,joy
2739,51192,I woke up to my wife having made me breakfast and coffee after a particularly bad day,joy
2740,51193,My first son was born,joy
2741,51194,I play games with my son,joy
2742,51195,I felt joy when me first child was born.,joy
2743,51196,when I had my baby,joy
2744,51197,My baby was born,joy
2745,51198,my grandparents and parents congratulated me on graduating high school.,joy
2746,51199,I gave birth to my son.,joy
2747,51200,I gave my son a bath last night and we had a lovely chat. He was so happy and chatty it made me smile and be grateful that I have this time with him. It made me joyful and happy.,joy
2748,51201,I had IVF and it worked. I was so overjoyed to be carrying my own child after thinking it would never happen for me.,joy
2749,51203,I went was riding down a hill in the countryside and the sun was shining,joy
2750,51204,My mum surprised me with my first dog at aged 17 after I had wanted one all my life. I came home from college and I thought it was strange that the doors to the living room were closed and my mum was in the kitchen. I went in to see her and she told me very seriously that someone was waiting to see me in the living room. I then went into the living room and a border collie (named Meg) came bounding up to me and ran into me so hard that it took me a second to realise what had happened and then I realised! I then turned to my mum to ask if she was ours and I was told that she was actually mine! I felt so emotional and happy and I was in complete disbelief!,joy
2751,51205,My boyfriend asked me to be his girlfriend,joy
2752,51206,"Myself, my husband and my son arrived at our holiday destination which was a cottage in Cornwall",joy
2753,51207,I felt joy when i received the news that my wife had given birth to a bouncing baby boy. it was a great moment of joy to me as that was our first child.,joy
2754,51087,It was the 3rd of August 2019 and I married my beautiful wife Steph,joy
2755,51088,my nephew was born,joy
2756,51089,I felt joy when I got accepted into a local University that is considered prestigious and difficult to get into.,joy
2757,51090,"I spent time with my partner.  I love being around them with all of heart, and they bring me nothing but pure happiness.",joy
2758,51091,I stepped foot in another country on holiday,joy
2759,51092,i passed my driving test,joy
2760,51093,My fiance proposed,joy
2761,51094,"I felt joy when I was at the amusement park with my friends as I was having a good time enjoying rides, food and company.",joy
2762,51095,I was on holiday with my friend and we climbed down some rocks to our own little private sandy cove facing the sea. It was warm and the sea was sparkling we felt like we had a paradise all to ourselves.,joy
2763,51096,I felt joy when I sung a song with my band in front of a school audience of roughly 1000 people. It was extremely enjoyable and felt very liberating and the experience was overall a major mood booster and had me feeling on top of the world and very joyous.,joy
2764,51097,Going to the aquarium with my boyfriend and spending the day together laughing and enjoying the animals,joy
2765,51098,My first born daughter came into the world,joy
2766,51099,I got my first job,joy
2767,51100,I felt joy when my husband got a big promotion,joy
2768,51101,i received a lot of hair clients,joy
2769,51103,I had just graduated from university after a very tough four years and i felt overcome with joy  that i had made it to the end,joy
2770,51104,"My daughter was born. Although it was a scary and chaotic birth, her arrival into the world has brought so much joy to my life.",joy
2771,51105,"I felt joy when my long distance partner could finally come to canada after the lockdown was over! he lives in the US and the canadian border was closed to them for a long time until just recently, we were finally able to see each other again after 1.5 years.",joy
2772,51108,When I passed my degree with honours,joy
2773,51109,"I had a family Sunday night dinner, and all attendees enjoyed the pie that I had made for them.",joy
2774,51110,when I got engaged,joy
2775,51111,I picked my first home grown tomatoes,joy
2776,51112,I found out I was getting a lot of money in scholarships,joy
2777,51113,when I received the email saying I got into my first-choice secondary school,joy
2778,51114,The day i got my job (finance and Accounting) makes me really proud and happy,joy
2779,51115,"Moving into a flat with my parter. We have been together nearly 5 years now, but moving in about a year ago was a big step forward for us as it meant we had a space that was ours. This filled me with a lot of joy.",joy
2780,51116,WHEN MY KID WAS BORN,joy
2781,51117,pretty much any day Christmas came around. Especially when i was younger. Including the days coming up to it,joy
2782,51118,I went award for my birthday,joy
2783,51119,I gave birth to a healthy son.,joy
2784,51120,my baby girl was born after an intense labour,joy
2785,51121,I found out I was pregnant because I thought it would never happen,joy
2786,51122,When my children were born,joy
2787,51123,I was offered my current job position,joy
2788,51124,i saw my daughter take her first steps,joy
2789,51125,I graduated with my BSc degree in Marketing.,joy
2790,51126,Spending Christmas with my family,joy
2791,51127,"I went to the fair with my sister a few weeks ago. I felt like a little girl again, having fun on the rides and spending quality time with my sister for a good few hours. Though, I did start to feel sick as I repeatedly went on the same rides.",joy
2792,51129,Spending christmas with family that i dont normally see and having everyone together,joy
2793,51130,I felt joy today. I am currently on a novel-writing course and had a tutorial with my teacher and she said she loved my writing and that she really enjoyed it.,joy
2794,51131,"Moved to Germany after I finished college, it was a great time for me",joy
2795,51132,when I got to meet friends in a bar after having not been able to see them for almost 1 year.,joy
2796,51133,My first & second children were born,joy
2797,51134,I felt joy when my sister got married because it was a beautiful day where I was surrounded by loved ones,joy
2798,51135,I got out of a really toxic relationship,joy
2799,51136,my first child was born,joy
2800,51137,When my Niece was born,joy
2801,51138,I played music live,joy
2802,51139,after several holidays myself to New York I finally got to take my sister and niece who had wanted to go for many years.,joy
2803,51140,I got accepted onto a work training programme,joy
2804,51141,"I finally found a man who wanted to actually get to know me for me, and was not just looking for ""fun"" in this world of hook up culture we now live in.",joy
2805,51143,When I was at my allotment with my family and we had just build a bench together from spare wood we had.,joy
2806,51144,I was chosen to be a volunteer on a make a wish style trip to Florida for children with terminal and life limiting disabilities. As volunteers we spent the week supporting the children and their families on a lifetime holiday to make memories.,joy
2807,51145,I felt joy when I saw my two children this morning holding hands,joy
2808,51147,I was playing football,joy
2809,51148,i bought my first car after i had passed my restricted license test,joy
2810,51149,I watched squid game,joy
2811,51150,Spending time with my family,joy
2812,51151,I was praised at work for my customer service.  My manager took me aside the other day and told me that he was receiving a lot of comments from customers in regards to how well I can deal with customers.  I felt a great sense of pride and joy from this as I felt like I was really doing something right.,joy
2813,51152,i hit my sales target,joy
2814,51153,i felt joy on my wedding day,joy
2815,51154,my daughter was born.,joy
2816,51155,i felt joy when my niece was born,joy
2817,51156,I got my band 6 job,joy
2818,51157,I got my internship,joy
2819,51158,I felt joy when I finished a big painting job in my house.,joy
2820,51159,I felt joy at the birth of our first grandchild,joy
2821,51160,Reminiscing memories with my dad,joy
2822,51161,When I took my son out for the day and he was so happy and excited,joy
2823,51162,When my babies were born,joy
2824,51163,Going to disney with my family as a child and now planning to go again in the next few years with everyone again,joy
2825,51164,I passed my final year school exams,joy
2826,51165,"my dog started playing with her toy, and throwing them about and really getting into playing with her toys. It was funny to watch and made me laugh and smile about how silly she was being.",joy
2827,51166,I saw my best friend after a long time apart due to COVID-19,joy
2828,51167,I passed my ACE personal trainer exam.,joy
2829,51168,when my son was born,joy
2830,51169,my boyfriend and I spent the weekend with our closest friends We had a whole weekend to relax and enjoy each other. I love him so much.,joy
2831,51171,I found out I was expecting my first child,joy
2832,51172,"my autistic son first said ""hi mummy"" - it was the first time he called me mummy",joy
2833,51173,Received my results for my university degree and found I had been awarded a first,joy
2834,51174,I graduated school,joy
2835,51175,my daughter taught herself how to do a backflip after weeks of trying.,joy
2836,51176,"ever i remember this episode, though too insignificant for others but somehow has stuck in my memory as the first solid short clip etched in brain. I may not have been more than two and half years' old.I was just standing thinking of stepping out of house to have a glimpse of the outside world when my mother asked me what I was thinking of doing. Before I replied, I saw a biscuit behind me on a stool. I picked and ate. I was about to leave then I saw another biscuit. She was so quick that I could not catch her even after fifth biscuit. I never bothered and kept on picking it up and putting in my mouth. On asking who was placing them there, she laughed and indicated towards a crow sitting on wall! .......... and I naively accepted the explanation.",joy
2837,51177,i just ate food,joy
2838,51268,I bought my own horse with my own money I had worked hard to afford,joy
2839,51269,I am with my kids eating,joy
2840,51271,we had funding confirmed for fertility treatment,joy
2841,51272,"I went swimming in the sea with my grown up siblings, young nieces and a cousin, and my stepdaughter unexpectedly joined us. She has had mental health and behavioural problems and I was so glad she decided to join us.",joy
2842,51273,my wife gave birth to a bouncing baby boy.,joy
2843,51274,I successfully baked my first batch of profiteroles,joy
2844,51275,When I was healthy and could truly participate in fall activities.,joy
2845,51276,I found out I had passed my exams,joy
2846,51277,When I bought my first house earlier this year,joy
2847,51278,"I felt joy when I adopted my dog, Cali. I waited two years after my childhood dog died to get her and it felt so nice to have a puppy to come home to every day again.",joy
2848,51281,I felt joy when I was listening to music with my girlfriend this morning.,joy
2849,51282,I succeeded in something at work,joy
2850,51283,I met my cousin's new kittens.,joy
2851,51285,I found out that we really are going to be together forever.,joy
2852,51287,I was able to do a one arm push up after 6 weeks of training to be able to do it.,joy
2853,51288,When my grandmother treated a bad scrape I had when I fell off my bike. It was a very tender moment.,joy
2854,51289,i seen my boyfriend after busy week,joy
2855,51292,When I lost weight,joy
2856,51293,I watched my child perform in a play.,joy
2857,51294,my husband and I were lying in bed together looking at memes while on holiday while the kids amused themselves elsewhere.  Hardest I've laughed in a long time.,joy
2858,51296,I felt joy when I got a letter from someone I adore explaining that she too adored me. I remember sitting at my desk reading the letter and crying because I felt so joyful inside.,joy
2859,51297,someone I liked called me a sweet man before bed.,joy
2860,51299,i was awarded my doctorate degree,joy
2861,51300,I was scuba diving,joy
2862,51302,we picked up a puppy.,joy
2863,51304,i won the football match,joy
2864,51307,i caught the game winning touchdown pass in a football game against our rival team.,joy
2865,51308,I picked out my new puppy,joy
2866,51309,WHEN I WON $500 ON THE LOTTERY TICKET.,joy
2867,51312,I felt joy when I snuggled with my best friend while watching a film because I felt safe,joy
2868,51313,when my girlfriend got me a gift,joy
2869,51316,I felt JOY when I passed my exams,joy
2870,51317,I saw my favourite cyclist won his race today,joy
2871,51318,I was very worried that I had a serious medical problem but a negative medical test relieved my fears,joy
2872,51319,feeling financial stability.,joy
2873,51320,I was asked to go on my daughter's school trip as a class parent helper.,joy
2874,51321,when i went on holiday to Greece because it was so relaxing and beautiful,joy
2875,51323,I went training and wasn't the worst swimmer,joy
2876,51324,I went skydiving,joy
2877,51326,I realised I was truly beginning to get over my breakup and felt much more like myself again. I felt like I had control over my emotions again and was happy to begin another chapter.,joy
2878,51327,I felt joy when my dog was gave back to me after a huge life saving operation. We were unsure if she would have made it but thankfully I got the phone call that everything had gone to plan and I was allowed to collect her the following day. In this moment I felt pure joy and relief.,joy
2879,51328,"i won a court case and was vindicated, relieved to free",joy
2880,51329,"watching my favourite show and seeing the characters I find comfort in, because it gave me a chance to escape from reality and also a sense of not being alone",joy
2881,51240,I found out I was pregnant.,joy
2882,51241,when my son came home from schoool,joy
2883,51242,I won in a video game,joy
2884,51244,going to the lake with my dog and having a very nice walk,joy
2885,51245,I was finally approved for a mortgage after being turned down multiple times,joy
2886,51246,I was able to complete a project at work in record time with no issues.,joy
2887,51249,I felt joy when I became partners with my partner,joy
2888,51250,I recently received word of successful employment,joy
2889,51251,I gave a good performance in a play.,joy
2890,51253,I felt joy when my boyfriend told me he was able to come visit me at school after not being able to for more than a year because his parents wouldn't let him due to covid.,joy
2891,51254,My partner cooked a lovely surprise mid-week meal,joy
2892,51257,Hanging with my bestie.,joy
2893,51258,I adopted my cat Sandy because she is like my child and she brings me a ton of happiness.,joy
2894,51259,i went for a nice meal with friends,joy
2895,51260,i won a game of smite,joy
2896,51261,I brought my dog from the animal shelter. I was so excited and it was the best day of my life.,joy
2897,51262,When my son told me he loved me for the first time,joy
2898,51263,"I felt joy when I asked someone I used to work with for a date. We always got on at work and when I left I was nervous about asking her to go on a date, but when I did I felt instant joy just from the relief of worrying about it and her saying yes.",joy
2899,51264,I felt joy when my brothers and I got to take part in my parents renewing their vows because we got to experience the unconditional love that they taught us is important in life.,joy
2900,51265,The time when my mother in law was granted permission to enter the UK as a visitor,joy
2901,51266,"My dad loves to go fishing, but he usually doesn't invite me to go with him because it's something he always did with his Dad and know he does with my brother as its always been classes as a boys bonding trip. So they day I (a female) asked to go and he said yes was a great surprise to me. I had never been fishing before and expected to be pathetic at it. We were fishing in a pond full of small fish (there's a seperate one where you had to pay to fish the larger fish). An hour into our day and my fishing rod nearly snaps with the weight of the fish on the line!! Seeing my dads face light up with surprise and seeing how impressed he was at me brought me great joy! He helped me reel it in and we took a picture. its a really good memory for me.",joy
2902,51267,"My boyfriend got me special socks for my birthday but he gave them to me early. I was so happy because they had my favourite characters on them and I had been talking about needing new socks, he gave them to me early because he knew I needed them. It made me really happy to know how much he listens and cares.",joy
2903,51208,I won a football match,joy
2904,51209,we went on a family day trip to a balloon festival as it waz the first time we had ever been to one.,joy
2905,51210,I got a perfect score on my exam,joy
2906,51212,I felt joy when I stayed at my aunties and the pup would come and jump on me on the sofa,joy
2907,51214,I baked a cake and my family liked it,joy
2908,51215,I moved in with my partner because I felt I had made a big step forward in life and was going in the direction I had been aiming for.,joy
2909,51216,my wife agreed to marry me,joy
2910,51217,I smoked a lot of herb,joy
2911,51218,I completed my fitness challenge.,joy
2912,51219,I felt joy when I won an auction for an item I had been wanting for a while.,joy
2913,51222,i found out i was pregnant,joy
2914,51225,I received really great feedback on a work event I organised and delivered from students. This made me feel joy because I really care about my job and it was great to receive positive feedback from the people I care about.,joy
2915,51227,I got a part in a tv show,joy
2916,51228,I was doing very well playing basketball.,joy
2917,51229,"during the pandemic, for my ex-boyfriends and I anniversary, we ordered a take-away from a expensive up-scale restaurant and had date-night indoors",joy
2918,51231,finally mastered a song i was practising on guitar,joy
2919,51232,i reached my target bank balance to purchase a house,joy
2920,51233,I felt joy when I got married to my wife.,joy
2921,51234,I adopted my kitten. I've always wanted a cat growing up and after moving in with my long-term boyfriend we decided to adopt one. After looking for several months we drove an hour to pick him up. Meeting him for the first time and having him purring in my arms was such a joyful experience for me that I won't forget.,joy
2922,51235,"i felt joy on the occasion of my birthday. Unexpectedly for me, at the early hour of my birthday , a friend presented a car key as my birthday present . I was full of Joy",joy
2923,51236,"When it was Christmas, watching my daughter opening her presents and being with my wonderful family.",joy
2924,51237,I was travelling around Asia with my boyfriend at the time and he proposed to me in the jungle in Bali,joy
2925,6432,I found a praying mantis.,joy
2926,6433,I felt joy when I won a bet,joy
2927,6434,I reunited with my partner after a work trip,joy
2928,6435,In early October this year when I completed my first Ultra Marathon race,joy
2929,6436,I was able to complete a challenge that I didn't think I would do,joy
2930,6438,"When, this morning, my 14 month-old son grabbed a book he wanted to read and climbed up onto my lap. Once we were done, he said ""again"" and we read it twice more.",joy
2931,6439,I felt joy when getting invited to a big party with my friends,joy
2932,6440,I was dancing with my friends at a gig,joy
2933,6442,I ordered the new apple watch for my milestone birthday,joy
2934,6443,I received a large sum of money from a tax refund.,joy
2935,6446,i felt joy when i got engaged,joy
2936,6447,When I won money on a 1000 euro scratchcard,joy
2937,6449,My partners tumor was declared benign.,joy
2938,6450,When I received a invite to a wedding,joy
2939,6451,I was a godmother at my best friend’s son’s Christening,joy
2940,6452,when i adopted my cat,joy
2941,6453,my son took his first steps. It had been a long time coming and was such a joyful occasion.,joy
2942,6454,"I went to a Halloween party with friends this past weekend, and it was nice to just catch up and hangout with friends after a few very stressful weeks.",joy
2943,6455,I felt joy when we surprised my children with a cruise holiday because it was a total surprise for them,joy
2944,6456,It was the weekend,joy
2945,6457,My football team scored in the third minute,joy
2946,6458,we bought our house,joy
2947,6459,"I felt joy when I took a long bike ride in a park in my city. I biked through orange and yellow trees, and the sunlight slanted through the branches as it got closer to sunset. The air was crisp and fresh to breathe, and all of these combined made for a very joyful experience.",joy
2948,6460,I found out I was pregnant,joy
2949,6462,when I adopted my cat earlier this year.,joy
2950,6464,"My stepson tripped and fell, and his immediate reaction was to run past his (biological) grandparents and straight to me for comfort. Not that I felt joy that he tripped, obviously, but it was just this turning point where I knew that I truly was a source of comfort for him and he actively sought me out in a sea of other people to make him feel better. It was that first point in time where I knew all the effort I had been putting in, really did come through. Does not get more pure joy than that.",joy
2951,6465,I returned home to England following a month long travel to America and I had my first proper cup of tea made by my mum in my favourite childhood mug with a chocolate digestive. I felt pure joy and felt like I was home.,joy
2952,6468,I got married in the summer,joy
2953,6469,I felt joy when I first met my boyfriend's dog because I really love dogs and his dog is very fun and loving,joy
2954,6471,i brought home my new puppy,joy
2955,6472,I was diagnosed with PMDD because it meant I had answers,joy
2956,6473,my letter was featured in a Captain America comic.,joy
2957,6476,I was at a gig with my sister,joy
2958,6477,"I hosted my first Christmas party. I had just moved to another country without any friends or family 4 months prior. I couldn't fly home for Christmas and had expected to spend it by myself, alone. I asked a newish group of friends, at the time, if they would want to have a christmas get-together if I organised it. They said sure and it was a night that went from 5/6 people to 25/30. Great night, and amazing memories that continues to this day.",joy
2959,6479,My mother received positive news from a scan,joy
2960,6482,I visited a place I had never been before and found it to be an exciting and interesting place that I would like to visit again one day.,joy
2961,6483,I felt joy when I last went on a disney holiday,joy
2962,6484,I felt joy at christmas with all of my family around me and unwrapping presents and giving gifts to other people and enjoying each others company. I felt joy because it was a time of appreciation for each of us,joy
2963,6485,I got married to my husband,joy
2964,6487,I spent time with friends socializing and joking,joy
2965,6490,On the day I got married.,joy
2966,6491,my best friends got married,joy
2967,6492,"I felt joy when going to Iceland, renting a car and seeing the wide variety of landscape. I felt like I was living in a dream. The mountains are high and feels as if they are protecting you.",joy
2968,6493,"we had a chicken that was hatching eggs, and we hadn't done that before, so we didn't know if it was working. but then we came out one morning and there were tiny chicks there, and it was just so amazing.",joy
2969,6494,I was dancing in the kitchen with my daughter. She always asks for Shakira's wakka wakka song and we dance and twirl around the kitchen together. No matter what mood I am in doing this always fills me with joy.,joy
2970,6495,I felt joy when it was my birthday,joy
2971,6498,I was able to reunite my husband with the father he had never met.,joy
2972,6499,the seeds that I had sowed grew to became vegetables that I could eat and share with others,joy
2973,6500,i knew i had a weeks holiday coming up off work,joy
2974,6502,I saw my dog after I got back from University for my half term break.,joy
2975,6505,I sat on a bench to talk to God and saw a rainbow,joy
2976,6507,I got to see my best friend after her being away for a long time,joy
2977,6508,I felt joy when I traveled to Europe because I got to fulfill a dream.,joy
2978,6509,I got to kiss him for the first time in over a year due to covid,joy
2979,6510,"finishing up for the day and ready to unwind,",joy
2980,6512,I first found out about my birthday trip. My mom and step mom are taking me out of town and I'm very excided for it,joy
2981,6513,I see my girlfriend,joy
2982,6515,My first date with my partner,joy
2983,6516,I had a going away party before I moved away from my home town. It felt so nice to see everyone I loved in one last place before I left.,joy
2984,6517,I saw my granddaughter for the 1st time even if I couldn't hold her,joy
2985,6518,I was around my friends,joy
2986,6519,I first met my boyfriend in person after talking long distance.,joy
2987,6520,I was successful in my work,joy
2988,6521,I live in a very nice area with good friends of mine,joy
2989,6522,"After being exclusively online, long-distance with my fiance, I finally met him in person and moved in with him.",joy
2990,6524,Got to see a BTS perform live at Wembley stadium with friends I was close with at the time.,joy
2991,6526,"the Chinese Master Potter that I was studying under (and who was incredibly sarcastic and gave praise almost never) said that the mug handles that I had been working on were ""really quite good!"". I had been working very hard to improve (making at least 250 handles by this point). Everyone in the room heard and everyone was as astonished as I was! I has so joyful and so proud at the same time. Many came with me into the other room to dance and whoop with me :) It wouldn't have been right to celebrate outlandishly in front of him.",joy
2992,6527,"when each of my children were born I was so so happy, special little blessings",joy
2993,6528,"I felt Joy when I first went solo travelling around Europe because I knew that I didn't need to rely on anyone else to see the world and experience new things and that I didn't have to wait for other people's schedules to align with mine, I could just go and enjoy my own company.",joy
2994,6529,travelled to the east coast of Canada and saw the huge atlantic ocean from the other side (I live in uk),joy
2995,6530,I was on the football team at my high school,joy
2996,6531,I felt joy when I was able to assist my neighbour with a task that would take some stress of them,joy
2997,765,I felt joy when I was at summer camp and I jumped into the pond during a night swim. My friend and I ran across the wooden boardwalk and jumped in water on the count of three. I felt joy because it was the last night of summer camp and it was a great way to end the summer.,joy
2998,767,I felt JOY when I went biking the other day and was able to accomplish a bike related goal of mine.,joy
2999,768,I saw my elderly father earlier this week because I do not often have the chance to see him,joy
3000,769,we were able to get my daughter a much longed-for puppy for her birthday. Seeing her face when she realised was priceless.,joy
3001,770,I finish a race and get a good finish time.,joy
3002,771,I had time to sit and enjoy making crafts,joy
3003,773,"I felt JOY when my husband and I closed our first house purchase. It was also a very stressful experience but once all was said and done, it was a huge relief and a joyous occasion.",joy
3004,774,I was able to travel to see a loved one.,joy
3005,775,i first stood up on a surfboard because I had been trying for a year and thought it would never happen to me,joy
3006,776,"I was at Jersey Boys the musical with my family and cousin for my birthday who I had not seen in three months as I live abroad. I felt immense joy during the song ""I Can't Take My Eyes Off You"" as I was sitting between my dad and my cousin (also my best friend) and we were all singing along and I felt so grateful to be in the moment with them, and this song, which is so beautiful, has many joyful memories for me, so to me signifies love and joy and happiness and evokes strong emotions.",joy
3007,777,I flew on a plane last week because I was going to be on holiday,joy
3008,779,I went to see the stage production of Mary Poppins in london,joy
3009,780,"I realised for the first time since I started working, I'll have 4 days off over Christmas.",joy
3010,781,I felt joy when a person on a night out gave me a lot of attention. It made me feel good.,joy
3011,782,"When my chow chow puppy first came home because I was going through a hard time and seeing her for the first time and having her hug into me, lick my cheeks helped turn my sadness into joy",joy
3012,783,my boyfriend told me he loved me for the first time.,joy
3013,784,"I got my most recent pet, a kitten. A wonderful little orange fur ball that I named Fergus.",joy
3014,785,When I completed a project at work,joy
3015,786,"I was tidying the kitchen and heard my nearly 3 year old singing in the living room. I went in to find her in her Anna dress (a character from frozen) dancing around the living room and singing along to one of Anna’s songs in the soundtrack that her dad had put on the sonos for her. She wasn’t aware that either of us was watching, she was just so happy to be playing her character and living in her moment",joy
3016,787,I was dancing with my partner and closest friends right before the pandemic,joy
3017,788,"I cooked Christmas Dinner for my whole family - with no help from others. I have a chronic illness which makes cooking/standing/moving around very difficult, so successfully cooking Christmas dinner, making my own stuffing etc felt amazing. I used chairs, kitchen aids, took breaks, but I made something and it was really good. I have a difficult relationship with food so it was lovely to sit down and enjoy a meal, and enjoy eating for once.",joy
3018,789,i farted on camera when recording myself in my newfound forest of peace in a private spot,joy
3019,792,"I caught on TV the fact that there's a planet that's SO COLD its atmosphere is frozen, and I just think that's the coolest thing I've ever heard, it's so incredibly amazing I couldn't believe the whole programme wasn't about this planet (which NASA call 'Hoth' but is actually called OGLE-2005-BLG-390Lb). It just absolutely delighted me. (The emotion has lasted only days because I only saw this on the weekend.)",joy
3020,795,I felt joy when my best friend accepted my views even though they opposed hers.,joy
3021,796,I felt Joy last week when a girl who I had been chatting to had invited me to hang out with her after we hadn't really talked alot over the past 2-3 days prior to that,joy
3022,797,I play valorant and land really good headshots,joy
3023,798,I felt JOY when playing on the race cars with my partner,joy
3024,799,I got praise from my supervisor for an online learning module I made & positive feedback from peers.,joy
3025,2120,I felt no particular emotion when I passed a recent test.,no-emotion
3026,2121,the football match was on,no-emotion
3027,2122,someone told me they didn't want to see me smoke (many years ago),no-emotion
3028,2123,When the European Championship football was playing because I have not interest in football despite England's success this year.,no-emotion
3029,2124,I felt NO PARTICULAR EMOTION when on a walk in nature,no-emotion
3030,2106,it was my birthday.,no-emotion
3031,2107,when I wwas going through exam period around Christmas. everything was over due to previously being hospital when it was originally due.,no-emotion
3032,2108,I watched  an add on tv,no-emotion
3033,2109,3 years after my sister passed away,no-emotion
3034,2110,I was scolded for something I did not do,no-emotion
3035,2111,when I was bullied as a child,no-emotion
3036,2112,I felt no particular emotion because of my continuing chronic pain,no-emotion
3037,2113,I took the rubbish out,no-emotion
3038,2114,I was told I needed a blood test recently.,no-emotion
3039,2115,I walked my dog this morning,no-emotion
3040,2116,I finished university even though many other people were really happy or sad,no-emotion
3041,2117,When I’m dealing with customers at work,no-emotion
3042,2118,Dropping Food,no-emotion
3043,2119,I left my husband because I didn't love him,no-emotion
3044,3744,"Getting an email the other day that I didn't get an interview for a job I applied for. I didn't really feel any particular emotion, I think because I knew I hadn't really tried on that application and didn't really care that much. I just sent an email saying thanks for their time and moved on.",no-emotion
3045,3745,working my first proper job at a bakery,no-emotion
3046,3746,I felt no particular emotion when I got my certificate from college.,no-emotion
3047,3748,I felt no particular emotion when I drove to work this morning.,no-emotion
3048,3749,I felt no particular emotion when hearing news of covid restrictions because I am used to it,no-emotion
3049,3750,I was doing laundry yesterday,no-emotion
3050,3751,I lost my puppy,no-emotion
3051,3752,I started working on stats homework.,no-emotion
3052,3754,I felt no particular emotion when I filled my water bottle with water earlier because I was I just doing a task. It wasn't boring or interesting.,no-emotion
3053,3755,I watch most television programs.,no-emotion
3054,3756,because I was used to being disappointed,no-emotion
3055,3757,I last minute decided to try a new restaurant,no-emotion
3056,3758,This morning I took a shower.,no-emotion
3057,3760,"when my son cancelled our plans to go on a hike today. We had made plans yesterday, but I was not sure if he would follow through with them.",no-emotion
3058,3761,I felt no particular emotion when I folded the laundry.,no-emotion
3059,3763,"I felt NO PARTICULAR EMOTION when I finally graduated from secondary school because I didn't have any attachment to the institution or the people I would be leaving behind,",no-emotion
3060,3764,I did an online training course for my job about the coronavirus.,no-emotion
3061,3766,The pandemic hit,no-emotion
3062,3767,when I received an a letter saying one of my applications was received,no-emotion
3063,3768,"I felt no particular emotion when my grandmother died. I expected to feel more, or at least to feel the way my other family members did. But it did not evoke emotion in me, probably because we had a bad relationship.",no-emotion
3064,3769,"I felt no emotion when I broke up with my last boyfriend. I was on the verge of breaking up with him for months and I was finally sick of it. When I finally did it, I felt many different things, but mostly free.",no-emotion
3065,3770,I felt no particular emotion when I went grocery shopping at no frills yesterday.,no-emotion
3066,3771,"I was about 8 years old watching a black cat owned by another kid from my school.  It was near the house I lived in then, he was peeing on a neighbor's front lawn.  It wasn't particularly interesting or thought provoking, but for some inexplicable reason I decided to myself that I would remember this moment.  I still do to this day.  I don't know why, kids are weird sometimes.",no-emotion
3067,3773,playing video games,no-emotion
3068,3654,finding money on the ground whilst on a walk.,no-emotion
3069,3655,I my husband getting excited over fast jets,no-emotion
3070,3656,learning sociology for my A-Levels,no-emotion
3071,3657,running errands this morning,no-emotion
3072,3658,I felt no particular emotion when looking at Twitter.,no-emotion
3073,3659,When I broke my leg,no-emotion
3074,3660,I go hiking and reach the summit.,no-emotion
3075,3662,My biological mom got in touch,no-emotion
3076,3664,When I received my university grades. They were what I had expected.,no-emotion
3077,3665,i felt no particular emotion because of his attitude,no-emotion
3078,3666,I felt no particular emotion when I watch lectures for class because they don't insight any deep feeling in me (not even boredom). It's just something I have to do so I do it.,no-emotion
3079,3667,I didn't get a job I interviewed for.,no-emotion
3080,3668,I felt no particular emotion when a work colleague came into the office and announced she was pregnant,no-emotion
3081,3669,I was doing easy work that I knew what I was doing. It didn't take much brain power. I didn't dislike doing it but I also wasn't happy doing it. It was just another thing.,no-emotion
3082,3670,I felt no particular emotion when I watched my partners cousin get married this weekend,no-emotion
3083,3671,I am bored.,no-emotion
3084,3672,when taking the dog for a walk,no-emotion
3085,3673,I was eating my snack between classes today because I was focused on eating and nothing else in particular really.,no-emotion
3086,3676,"I felt no particular emotion when I went to the car wash, because it was a normal activity. I have done this activity many times, I know what I am doing and it was quick. it was just a job that I needed to get done, which I did.",no-emotion
3087,3677,my workplace announcement covid19 vaccination was mandatory,no-emotion
3088,3679,played basketball with my friend because I do not love but do not dislike sports.,no-emotion
3089,3681,I felt no particular emotion when I helped facilitate a training for work last week.,no-emotion
3090,3683,I felt no particular emotion when I make my breakfast in the mornings after my workout.,no-emotion
3091,3684,taking my dogs for a pee,no-emotion
3092,3685,my last day of high school,no-emotion
3093,3686,I took the beyond burgers out of the freezer this morning. This held no emotion for me whatsoever.,no-emotion
3094,3687,i  felt no particular emotion when i saw them,no-emotion
3095,3688,I felt no emotion when my brother and father got into a disagreement and I was observing/listening in on their conversation.,no-emotion
3096,3689,I felt no particular emotion when I went grocery shopping last week because I focused on getting things on my list and completing my chores. I was just going along with the motions.,no-emotion
3097,3690,I received medical results. I expected they would be negative results.,no-emotion
3098,3691,After I went on a date that I wasn’t interested in and he kept trying to talk to me. The spark had gone and when they would message me I just felt no emotion towards it,no-emotion
3099,3694,I served an elderly customer in the shop,no-emotion
3100,3695,i woke up this morning,no-emotion
3101,3697,I felt no particular emotion when I was eating pizza because I was on my phone and not paying attention to what I was eating,no-emotion
3102,3698,I took my dog for a walk today.,no-emotion
3103,3699,"I was playing Zelda: Breath of the Wild, and I beat the final boss.",no-emotion
3104,3700,When my best friend wanted to talk about her ex boyfriend,no-emotion
3105,3701,I felt no particular emotion when my friend and I became distant,no-emotion
3106,3702,A situation that I felt no particular emotion was going shopping to buy food.,no-emotion
3107,3703,NO PARTICULAR EMOTION when he came to my room,no-emotion
3108,3704,I felt no particular emotion when I turned 25 because as time goes on fewer and fewer things make me feel any particular emotion at all.,no-emotion
3109,3705,I attended the funeral of my partner,no-emotion
3110,3706,When I saw my uncle dead in the casket it brought me no emotions. To me death is a part of life and I think about it differently.,no-emotion
3111,3707,I felt no particular emotion when I was walking outside with other people.,no-emotion
3112,3708,when I made myself french toast for breakfast this morning,no-emotion
3113,3709,"I felt no particular emotion when I paid for my lunch a week ago. I was at a food court, actively waiting in line,  until it was my turn to pay. The lady at the register had grey hair and my guess was that she was in her 50s. My plate consisted of a cheese burger, french fries and green beans.",no-emotion
3114,3710,I was not involved in the situation,no-emotion
3115,3711,I caught the bus the other day to go home.,no-emotion
3116,3712,I felt no particular emotion when I saw two women walking down the street together,no-emotion
3117,3713,I visited the museum in my city,no-emotion
3118,3714,"Performing my monologue for class. I was playing a sad situation but I didn't really connect with it myself, maybe because I'd done it so many times, or maybe I just suck at acting. The moments of the monologue kind of passed and then it was suddenly done. I think though because I wasn't really nervous, and I was disconnected from myself, my emotions just weren't relevant at the time. It was just like, I didn't care what was going on, but I don't not care.",no-emotion
3119,3717,I went shopping at bought a jacket.,no-emotion
3120,3718,i felt no particular emotion when she passed away,no-emotion
3121,3719,I felt no particular emotion when I was given the Pfizer vaccine because it was insignificant to me.,no-emotion
3122,3720,I made coffee this morning,no-emotion
3123,3722,"I have my morning coffee, and sit on the sofa, logging into my micro-income websites.",no-emotion
3124,3724,Portsmouth winning fa cup,no-emotion
3125,3725,I helped my parents into the house from the car with their shopping because it had no particular impact on me for any length of time.,no-emotion
3126,3726,"when someone left the job I was working in, who was working with me on shift Because It has happened before and I had grown accustom to it.",no-emotion
3127,3727,When I’m doing my day to day routine.,no-emotion
3128,3728,my first girlfriend and I broke up.,no-emotion
3129,3732,I was told at work I was being concreted for a promotion because I don't particularly like the job,no-emotion
3130,3733,"I was doing homework at my desk today, because I was focusing on my work",no-emotion
3131,3734,When I found out my aunt died,no-emotion
3132,3735,I went shopping for back to school supplies for my children and felt nothing at all. I just looked at it as a job that needed ticking off my to do list.,no-emotion
3133,3737,I felt no particular emotions when I had some health issues due to the stress at work,no-emotion
3134,3740,When i go for business.,no-emotion
3135,3741,I went through my first break up because I knew long before then it wouldn’t last.,no-emotion
3136,3742,I was  staring at my ceiling,no-emotion
3137,3743,I went to the shops yesterday and bought some groceries,no-emotion
3138,4951,I went and did my weekly grocery shop,no-emotion
3139,4952,I felt no particular emotion when I went to work,no-emotion
3140,4954,My ex boyfriend contacted me on Facebook to say he was getting married.,no-emotion
3141,4955,I was playing my Nintendo switch game,no-emotion
3142,4956,I got promoted several months ago and I felt no particular emotion behind it. This was because I had otherwise had a bad day elsewhere.,no-emotion
3143,4958,"my dad left my family house the final time (my mum kicked him out and it began their separation). the police were called, but i felt no emotion as my world as i knew it ended.",no-emotion
3144,4959,I saw a person who had committed suicide. It occurred as part of my job and I did not feel any particular emotion throughout which I’d always expected I would when encountering something like that.,no-emotion
3145,4960,I felt no particular emotion when I went to run an errand to get my film photos developed at a photo studio. This was simply a task I had to get done.,no-emotion
3146,4961,when i didnt get into the college course that i wanted because i didnt have the money for it,no-emotion
3147,4962,I was fired from a job,no-emotion
3148,4963,"I felt no particular emotion when my roommates boyfriend left for ireland. He was someone I was quite good friends with in the past, however in recent years he has shown his true colours. I was not happy nor sad to see him go and it was just a feeling of life continuing as per usual.",no-emotion
3149,4964,I felt no particular emotion when I'm remembering that my parents weren't home much when I was a kid because It's a sacrifice that had to be made for the future.,no-emotion
3150,4965,my uncle died. I don't know why but I felt nothing and still feel nothing,no-emotion
3151,4966,I felt no particular emotion when i slept with someone and turned up at my boyfriends house,no-emotion
3152,4967,I began filling out surveys,no-emotion
3153,4969,watching the AFL finals last weekend from my couch.,no-emotion
3154,4888,My father contacted me after ignoring me for years,no-emotion
3155,4890,Ex girlfriend got engaged,no-emotion
3156,4891,my parents decided to go away for a trip and leave me at home,no-emotion
3157,4892,I went shopping,no-emotion
3158,4893,"I felt NO PARTICULAR EMOTION when I ate dinner last night. Nothing special was happening. I had my roommate pick up some groceries for me, and I was eating with my boyfriend, but nothing in particular was new or interesting about the event. I had food that's always served on Sundays, and it was okay.",no-emotion
3159,4894,I ate toast for breakfast,no-emotion
3160,4896,i went shopping with my colleagues after work.,no-emotion
3161,4897,I watched tiktoks in my bed late at night,no-emotion
3162,4899,I felt no particular emotion when I did not attend my gaming clans event they scheduled,no-emotion
3163,4900,I felt no particular emotion when going to my brothers friends birthday party.,no-emotion
3164,4901,I went to the gym,no-emotion
3165,4902,Going about my daily routine,no-emotion
3166,4903,when eating dinner with my family.,no-emotion
3167,4904,"my mom was rushed to hospital because of a serious medical event when i was a teenager, and i felt emotionally numb to the entire process for several days because of my inability to process what was happening.",no-emotion
3168,4905,was on the plane flying back to college from home. Unsure of if I was supposed to be sad or excited.,no-emotion
3169,4906,I felt no particular emotion when I paid for the persons coffee behind me because I think good deeds should be done at whichever moment with no motive.,no-emotion
3170,4907,I was admitted to the hospital for health concerns.,no-emotion
3171,4908,"When I lost my father, I was shocked and sad of course but there wasn’t any one particular emotion. I was not devastated as you may think a person would be in such a situation due to not having a stable relationship with him throughout my childhood and being in my late teens when he passed I did not feel a gap in my life as such as I did not have a relationship with him where I spoke to him or saw him daily or weekly.",no-emotion
3172,4909,I felt no particular emotion when I tasted sea foods,no-emotion
3173,4912,Because I won a trophy from work.,no-emotion
3174,4913,when I sat in my room doing nothing just relaxing. This is because I like to do this often.,no-emotion
3175,4914,I was writing a paper,no-emotion
3176,4915,When my step brother died I was sad for a second then nothing,no-emotion
3177,4916,Tom Moore did 100 laps of his garden.,no-emotion
3178,4917,someone I disliked at work quit,no-emotion
3179,4920,"Right now.  i am happy, calm, relaxed and under no external stressors.",no-emotion
3180,4921,I felt no particular emotion when my roommate ran around the apartment with my cat because she constantly plays with the cat and coo's over him.,no-emotion
3181,4922,"I felt no particular emotion on my 15-minute drive to work the past week because I had been driving the same route every single day since July 2021. There were no obstacles, no change of course, nothing different to arouse any novel emotions. It was simply a 15-minute drive -- one that I have done multiple times.",no-emotion
3182,4923,when i left my family for college because it was a new experience for me,no-emotion
3183,4925,I was told that I needed to stop being so prone to suffering,no-emotion
3184,4926,I did not feel many emotions when I was sitting at the airport waiting for everyone to start lining up to board the plane.,no-emotion
3185,4928,"I received a low mark on my assignment, because I realised I didn't really care about the subject.",no-emotion
3186,4929,travelling to Cooktown Queensland,no-emotion
3187,4930,"i felt no particular emotion when someone i worked with anncounced they where expecting. i have fertility issues so i have trained my self to block emotions of these types of announcements out, i did congratulate her but with no emotion no feelings etc. i did when home and by my self break down",no-emotion
3188,4931,"I was walking, I don’t think or feel much it clears the mind",no-emotion
3189,4932,I felt no particular emotion when I first saw my wife,no-emotion
3190,4933,working on an easy but tedious project.,no-emotion
3191,4934,Boris Johnson pretended he almost died of COVID as a form of clickbait over Easter Weekend.,no-emotion
3192,4935,I felt no particular emotion when my boyfriend expressed interest in someone else.,no-emotion
3193,4936,I felt NO Particular Emotion when my husband hurt is hand while using knife.,no-emotion
3194,4938,whilst signing up to prolific,no-emotion
3195,4939,I waited in the airport for my plane to arrive.,no-emotion
3196,4940,I started attending college.,no-emotion
3197,4941,"I felt no particular emotion when I was promoted at work last year because I put very little importance on the job I was doing last year and honestly thought quite poorly of the organisation, and I didn't really care if I was promoted or not as it wouldn't really affect my life.",no-emotion
3198,4942,I saw a few cars go past me while I was walking near the highway.,no-emotion
3199,4943,my husband asked for a divorce,no-emotion
3200,4944,My cousin died from tacking to much alcohol,no-emotion
3201,4945,when i left for a new job because i need to leave,no-emotion
3202,4946,I felt no particular emotion when I left the tour I was working on,no-emotion
3203,4947,I dropped my child off to daycare for the very first time,no-emotion
3204,4948,"I felt no particular emotion when my last relationship ended, partially because it was a long time coming and I was ready for it to be over, and also because I was on antipsychotics/ antidepressants that made me emotionally numb.",no-emotion
3205,4949,I put an offer on my house,no-emotion
3206,41010,I have had arguments with someone I have cared about but have been to exhausted from other events that I just felt no emotion to the situation,no-emotion
3207,41012,I felt no particular emotion when i woke up this morning.,no-emotion
3208,41013,Vanessa Feltz was screaming get your vaccine on morning television and half of her face wasn't moving yet the other half was incredibly animated.,no-emotion
3209,41015,I work overtime hours for my family,no-emotion
3210,41016,When I was little a teacher at my school died,no-emotion
3211,41017,I was driving to work,no-emotion
3212,41018,The last time I had to work,no-emotion
3213,41019,When the pandemic happened,no-emotion
3214,41020,i felt no particular emotion when I was grocery shopping,no-emotion
3215,41021,My step grandfather died,no-emotion
3216,41022,"i felt no particular emotion when i almost had a car accident, whether that had meant i was in shock or not i dont know but i felt nothing.",no-emotion
3217,41023,I looked at my monthly blood test results as it's been stable for a long time and doesn't need a happy or sad response to it. It just is.,no-emotion
3218,41024,"I felt NO PARTICULAR EMOTION when I heard about the death of a distant relative. Ideally, I felt I was supposed to be sad or angry  but this event didn't trigger any reaction from me.",no-emotion
3219,41026,My father was released from prison after 11 years because for the majority of his time in prison he mostly berated and belittled me for not being the 'archetypal son.',no-emotion
3220,41028,"when one of my old friends told me that she couldn't make it to my birthday party. I thought I would have been sad, but we barely talked anymore and I didn't like her that much anyway.",no-emotion
3221,41029,I spilt water making coffee this morning,no-emotion
3222,41030,"I moved away from wellington, even though I had no friends in the new place I was moving to, it felt like a fresh start.",no-emotion
3223,41031,I felt no particular emotion when I first went bungee jumping,no-emotion
3224,41032,i felt no particular emotion when i was staring out the window while eating lunch earlier.,no-emotion
3225,41034,working on school work/homework.,no-emotion
3226,41035,A begger I helped last week wasn't appreciative of my kind gesture.,no-emotion
3227,41040,"I was at work yesterday because it was a fairly regular day and I was mostly running on auto pilot. Nothing stands out but it was not boring, just a steady day.",no-emotion
3228,41041,I felt no particular emotion when I woke up for my last day of my part time job. I felt underpaid at the job so I wasn't sad to leave. I liked all of the people that I worked with but I wasn't sad to leave because I knew that I would be moving on to better things. I felt indifferent about the whole situation.,no-emotion
3229,41042,I saw my cousin outside cleaning the pool.,no-emotion
3230,41044,I found the pliers that I was looking for.,no-emotion
3231,41045,I felt not emotion when my boss was giving me the outcome on my pay raise because my attention and energy was directed towards other personal problems in my life at the time.,no-emotion
3232,41046,"I felt no particular emotion when I was sitting outside my apartment in my chair, it was cold, but I did not feel any emotions",no-emotion
3233,41047,I took a long walk and listened to a podcast about freakanomics.,no-emotion
3234,41048,I brushed my teeth this morning.,no-emotion
3235,41049,my mother gave me a couple candles she bought for me.,no-emotion
3236,41050,when I was talking with a friend in her car,no-emotion
3237,41051,I went to the art museum with my family and there was no art compelling enough for me to care very much.,no-emotion
3238,4991,I felt no particular emotion when i was let down because I expected it,no-emotion
3239,4993,"I find that when I watch tv shows that have lots of seasons and I have halfway through I tend to have no emotions during it even when something ""exciting"" is supposed to be happening",no-emotion
3240,4994,when I ate sushi for the first time,no-emotion
3241,4995,"in class because it was a routine event for me, so I was ambivalent.",no-emotion
3242,4996,A friend I usually hang out with told me she was moving 2 hours away.,no-emotion
3243,4997,I felt no particular emotion when I ate breakfast this morning.,no-emotion
3244,4998,I felt no particular emotion when i went to the store and bought some milk so i could have cereal in the morning before going to work,no-emotion
3245,4999,When I get shouted at at work,no-emotion
3246,41000,I helped paid groceries for someone without expecting a thank-you in return.,no-emotion
3247,41001,A man named George Floyd was rumoured to have been killed in America.,no-emotion
3248,41003,I felt no particular emotion when I took my child to swimming lessons.,no-emotion
3249,41004,"I felt no particular emotion when I got to work this morning. I feel some sort of emotion most of the time, but when I am in a routine or am doing basic daily activities, I often don't have a strong sense of emotion, unless something happens or changes.",no-emotion
3250,41006,I felt no emotion when i was brushing my teeth this morning.,no-emotion
3251,41007,when I was cooking my dinner for myself and my boyfriend because it is something I do everyday. I am used to doing this task frequently so it's almost sometimes robot like.,no-emotion
3252,41008,I found out Arsenal had won yesterday,no-emotion
3253,41009,a person I met on a dating app ghosted me. I think I should have an emotion to it but I guess they didn't have an effect on me.,no-emotion
3254,4970,I felt no particular emotion when I went shopping today. I took my son to go shopping with me as we needed some essentials and I just wanted to get the job done.,no-emotion
3255,4971,One of my team members left our team because they never really helped out like the rest,no-emotion
3256,4973,I went to university for the first time,no-emotion
3257,4974,I was cheated on,no-emotion
3258,4976,"My aunt died.  I wasn't super close with her, but outside of immediate family, she was someone that I saw fairly regularly for a large portion of my childhood.  Fairly regularly meaning basically on holidays every year.  She was a great person and I never had anything bad to say about her.  I've had other relatives pass away besides her where I didn't feel anything, but I think she was the first.  It was kind of sudden.  She got cancer and was gone within a couple months or so.  Since it was the first time I had lost anyone remotely close to me, I remember it well specifically because I didn't feel any sadness or anything really.  It was kind of like ""well, that sucks I guess.""  I wasn't (and still aren't) sure if something was/is wrong with me for not feeling something more.",no-emotion
3259,4977,I felt no particular emotion when watching tv,no-emotion
3260,4978,I chose to remove my grandparent from my life,no-emotion
3261,4979,I woke up and went into the bathroom to have a shower,no-emotion
3262,4980,"I felt no particular emotion this morning when I got dressed. I woke up, needed to go outside to buy some milk, and haphazardly put on clothes from my bedroom floor until I was sufficiently clothed so as to go into public.",no-emotion
3263,4981,I felt no particular emotion when I was checking out my groceries at the super market.,no-emotion
3264,4982,I worked on writing a paper,no-emotion
3265,4984,I received a text message offering me a coronavirus vaccine.,no-emotion
3266,4985,My dad moved away due to a damaged relationship,no-emotion
3267,4986,I felt no particular emotion when I watch the news. I feel as though I have become numb/desensitised to it all.,no-emotion
3268,4987,When I graduated from college,no-emotion
3269,4988,driving in my car today,no-emotion
3270,4989,"The time I was forced to resign from my job in 2012. I lost a key that belonged to a client which was a pretty big deal. As a consequence, I was called up to the big office where I had to do the paperwork for my resignation. I remember throughout the process that I felt no emotion towards the ordeal. It was like that I knew everything was going to be ok despite the fact that there was a real possibility of becoming homeless since I had very little savings at that time. I can only describe it as like an almost zen-type aura was over me yet cool as the other side of the pillow.",no-emotion
3271,51420,I heard my aunt died.,no-emotion
3272,51421,My mother passed away.,no-emotion
3273,51422,went to a meeting with a colleague to discuss progress of the business we have with them,no-emotion
3274,51423,I felt no particular emotion when I went for a walk yesterday as I did not encounter anyone or anything special on my walk.,no-emotion
3275,51424,opening of a new park in town,no-emotion
3276,51425,"my grandfather died.  We had a very strange relationship throughout my life, and I feel as if I was better off not knowing him.  He was always rude to me and my friends, and was a racist.",no-emotion
3277,51426,I went to the petrol station to fill up my car as it was running out of fuel.,no-emotion
3278,51427,I had to drive to work in the morning.,no-emotion
3279,51428,I went food shopping. I got what I needed and came away. I felt nothing particular about it.,no-emotion
3280,51430,My mothers mother passed away unexpectedly. I didn't feel any emotion either way to the event.,no-emotion
3281,51431,I went shopping in person after the pandemic,no-emotion
3282,51432,I won some money with Premium Bonds.,no-emotion
3283,51433,I felt no particular emotion  the day I lost my faulty phone. This was a phone that was giving  me a lot of issues and it got misplaced  on my way to work. I was amazed how I didn't  bother about  it.,no-emotion
3284,51434,I made myself a cup of coffee this morning because I do it so regularly,no-emotion
3285,51435,I felt no emotion in particular in the situation where someone in my collage class fell down the stairs,no-emotion
3286,51436,"I attended my nan's funeral. Was not affected by everyone else being sad and crying, I felt nothing",no-emotion
3287,51437,I felt no particular emotion when I was offered a job in the past. I had applied for it because I hadn't heard back from jobs that I really wanted and I knew I needed to find a job soon. I applied and they got back to me to do an interview. I was nervous for that but after they had actually offered me the job I wasn't really excited or happy. I just accepted it because I needed the money.,no-emotion
3288,51438,I felt no particular emotion because I tend to swing my emotions most of the time.,no-emotion
3289,51441,I was rewatching a tv show i had seen before,no-emotion
3290,51442,I felt no particular when I drove to college campus in the morning because it is a daily tradition.,no-emotion
3291,51443,I went to physio therapy for my back,no-emotion
3292,51444,it was a regular activity that I did.,no-emotion
3293,51445,I felt no particular emotion when I made coffee this morning because it is part of my daily routine.,no-emotion
3294,51446,"I did not feel any particular emotion when my partner told me that his sister had broken up with her boyfriend. He didn't treat her very well and she was very unhappy with him and although she is my partners sister, her and I are not very close as we do not know each other very well. My partner was sad for his sister but happy about it as her boyfriend wasn't very nice but I felt emotionally removed from the situation myself.",no-emotion
3295,51447,I feel no particular emotion when I received a job offer to a job in my career field. I did not feel any particular emotion because I did not know if I actually wanted this job or if I wanted to just get started within my field. I applied to many different places but did not receive a call or message back. When I finally found this job I applied to it on a whim because I did not think anything would actually happen. When I received a call for an interview and then was offered the job on the spot I was unsure how to feel because I was not really sure if I wanted this job.,no-emotion
3296,51448,"I felt no particular emotion when I recently received a text message from an ex boyfriend, now I am in a new relationship this message provoked no emotion at all",no-emotion
3297,51449,I felt no particular emotion when I witnessed a good friend and colleague get fired,no-emotion
3298,51332,the new president of the United States Joe Biden was elected,no-emotion
3299,51333,"I missed by son's 18th birthday party, because I was away.",no-emotion
3300,51334,"I felt no particular emotion when I drove home from school today because it was apart of my regular daily routine and did not have any surprising moments or any traffic that bothered me, I just drove home without incident.",no-emotion
3301,51336,When i saw my friend,no-emotion
3302,51337,I felt no particular emotion when I finished my degree,no-emotion
3303,51338,"I got a bad mark on my exam, this was not because I was not upset at myself but it was because I expected it to the point I predicted I would get this mark in the end.",no-emotion
3304,51339,when i lost my job,no-emotion
3305,51340,I see my toxic ex on a regular basis,no-emotion
3306,51341,It did not impact my life and was purely part of my job,no-emotion
3307,51343,making an easy dinner,no-emotion
3308,51344,watching the television,no-emotion
3309,51346,A colleague in another team got a promotion,no-emotion
3310,51347,"my great aunt that I never knew, died",no-emotion
3311,51348,I walked my child to school this morning,no-emotion
3312,51349,my colleague celebrated her birthday. It was just like any other day.,no-emotion
3313,51350,I was betrayed,no-emotion
3314,51351,when I watched a team win a game in a sport I did not particularly like.,no-emotion
3315,51352,"I was recently ill with Covid, I had no real emotional feeling over the event, just the symptoms",no-emotion
3316,51353,"When I found out my boyfriend has cheated on me, because I think I knew it was already happening, therefore I didn’t have any reaction to it",no-emotion
3317,51354,"There is a fuel shortage in the UK and many people are having very emotional responses to the situation. Despite having a car and driving, I feel no particular emotion. I’m not stressed, anxious or concerned, I am indifferent.",no-emotion
3318,51355,Felt no particular emotion when I loss my dog because she always disturbed and harm my kids,no-emotion
3319,51356,The local shop closed down,no-emotion
3320,51357,i felt no particular emotion at my workplace when my boss told me that i had to work extra hours in other to meet up with the specific target for a particular month,no-emotion
3321,51358,A lady reversed into my car causing a few very very small scratches,no-emotion
3322,51359,I was promoted last year. To a more senior position with more responsibility & salary.,no-emotion
3323,51360,"I went to a party and 2 people I knew were having an argument over something, but it was fueled by alcohol and knew it would be forgotten in a few days so it didn't bother me, it was kind of expected anyway and this has happened before.",no-emotion
3324,51361,I went shopping for bread,no-emotion
3325,51362,When i watched a new film ‘the starling’ on Netflix,no-emotion
3326,51363,I was making dinner (a soup),no-emotion
3327,51364,When my stepson became a big brother (his mum had baby),no-emotion
3328,51365,When i watched a tv program my husband was deeply invested in,no-emotion
3329,51367,When I was going though a bad time in my teenage years,no-emotion
3330,51369,I felt no particular emotion when I was brushing my teeth in the morning.,no-emotion
3331,51370,I sit in my school room when I'm supposed to be on break because I barely failed an exam. At first I was shame filled and embarrassed but now it's day three and I don't really feel anything.,no-emotion
3332,51371,I saw a kitten die,no-emotion
3333,51372,I passed my exams at school,no-emotion
3334,51374,when a guy yelled at me,no-emotion
3335,51375,When my bud was late because I was reading a good book anyway,no-emotion
3336,51376,My car’s value exceeded the debt owed on it.,no-emotion
3337,51378,when i beat up my mate on the street fight,no-emotion
3338,51379,I broke up with my last partner.,no-emotion
3339,51380,when my wife told me that we had recently won a £25 draw.,no-emotion
3340,51381,The COVID restrictions were increased in my area.,no-emotion
3341,51382,I went to Sainsbury’s for a top up shop recently for things I had forgotten on my online shop,no-emotion
3342,51383,I felt no particular emotion when someone I was getting to know asked me out.,no-emotion
3343,51384,my nan passed away,no-emotion
3344,51385,When giving my children breakfast then cleaning up after them.,no-emotion
3345,51386,I have to do the weekly food/grocery shopping.  I know the shop very well and the products i buy tend to be the same.  it's a routine experience that i have do to and have done so often that i do it on autopilot almost these days.,no-emotion
3346,51387,I wrote an exam without preparations.,no-emotion
3347,51388,when I decided to cease speaking with my father,no-emotion
3348,51389,working or focusing on work,no-emotion
3349,51390,I walked to the village near my home,no-emotion
3350,51392,I was in work and my boss announced she was leaving the company.,no-emotion
3351,51393,I was sick in traffic on the way home from work,no-emotion
3352,51394,I was waiting for test results and I always try to be unemotional till I find out the ends result,no-emotion
3353,51395,"I felt NO PARTICULAR EMOTION when my best friend told me she was pregnant. It did not surprise me, phase me or excite me. It just felt like a message being delivered",no-emotion
3354,51396,When my dad died.,no-emotion
3355,51397,Chilling on the sofa,no-emotion
3356,51398,I went shopping for grocery essentials,no-emotion
3357,51399,I dropped a large amount of money on a new phone,no-emotion
3358,51400,"I was playing a game on my phone, as it was one of the things that I usually did during the day to pass the time.",no-emotion
3359,51402,a family member got sick,no-emotion
3360,51404,I bought a block of cheese this morning,no-emotion
3361,51405,My grandfather was diagnosed with dementia,no-emotion
3362,51406,I felt no particular emotion when I was doing the dishes.,no-emotion
3363,51407,when I saw the protestors on the overpass with their Trump signs,no-emotion
3364,51408,I felt no particular emotion when I lost my job,no-emotion
3365,51409,filling in my tax return as a self employed person,no-emotion
3366,51410,When I attempted to create a new piece of artwork.,no-emotion
3367,51411,"I felt no particular emotion when painting/art. it doesnt make me feel calm or anxious or scared or whatever emotion. If anything, i dont pay attention to the emotion i am feeling and so instead of me showing emotion, it is the painting or art itself showing emotion.",no-emotion
3368,51412,I felt no particular emotion about my friend illness because I do tell him to use nose mask to avoid contracting COVID 19,no-emotion
3369,51413,i felt no particular emotion when shopping online because i got all that i needed to shop even when the amount was increased.,no-emotion
3370,51414,I felt no particular emotion when tickets for a show I wanted to see were cancelled for the 3rd time becasue of Covid 19.,no-emotion
3371,51415,When I got engaged,no-emotion
3372,51416,When an ex boyfriend pleaded for me to take him back,no-emotion
3373,51417,"i recently went swimming and the pool was closed due to coid out break, i think i have become so immune to covid cancelling things i just felt noting turned around and came home.",no-emotion
3374,51418,I left my last job and due to personal circumstances have not found another job yet. Whenever I conduct work searches now I don't feel any emotional involvement with the task. It's just another thing I need to do on my daily check-list.,no-emotion
3375,51419,I felt no particular emotion when a lady is trying to take me away from my wife to be. And living with her for month was so disastrous. I barely focus on my plans because of the problem she drags me into.,no-emotion
3376,51511,I was in hospital after a suicide attempt because I didn't know what was wrong with me.,no-emotion
3377,51512,I felt no particular emotion because of the way he handled the situation.,no-emotion
3378,51513,i started this survey,no-emotion
3379,51514,I was tired when I got home after work,no-emotion
3380,51515,My house was valued to sell by my bank,no-emotion
3381,51516,I felt no emotion when my brother split with his girlfriend,no-emotion
3382,51517,I felt no particular emotion when I worked on a knitting project,no-emotion
3383,51518,the iPhone 13 came out because I already have a phone I like and want to keep.,no-emotion
3384,51519,"I purchased a couple articles of clothing the other day.  I bought a few shirts, a pair of pants and a new pair of shoes.  When I got home, I noticed that one of the shirts I bought fit a lot tighter than I had expected.",no-emotion
3385,51520,learning at college,no-emotion
3386,51522,when I was asked to lead a project at work,no-emotion
3387,51524,I felt no particular emotion when My neighbour moved house,no-emotion
3388,51525,I had To go sick from work,no-emotion
3389,51526,I went to the shop and they did not have an broccoli left,no-emotion
3390,51527,I felt no particular emotion when I looked through the available things to watch on netflix,no-emotion
3391,51528,I felt no particular emotion when I went food shopping.,no-emotion
3392,51530,I was at work and a coworker asked me to assist with fixing the printer/photocopier machine.,no-emotion
3393,51531,Playing volleyball on a rec league. Many other players on my team take it very personally when we win/lose but I have no particular emotion toward it because it won't change anything in my life if we win/beat every team after the whole summer,no-emotion
3394,51533,I felt no particular emotion when I went grocery shopping yesterday.,no-emotion
3395,51534,when any baseball team has won a World Series.,no-emotion
3396,51535,When my father told me his friends passed away.,no-emotion
3397,51536,I was waiting to pay for some groceries in the shop,no-emotion
3398,51538,My girlfriend got pregnant. I didn't even know if I should be angry or be happy. Everytime I remember the scenario I just laugh off,no-emotion
3399,51539,I felt no particular emotion when I was eating dinner last night because i do i every night,no-emotion
3400,51540,I felt no particular emotion when I drove to a town 2 hours away for an appointment. I felt this way because it was not a vacation but it was nothing bad either.,no-emotion
3401,51541,when I met my new neighbours,no-emotion
3402,51543,I felt no particular emotion when I was invited to a Vacation trip as I had already been to one recently.,no-emotion
3403,51545,I completed my first rug I made and felt nothing much,no-emotion
3404,51546,was told that I had to train 200 people by the end of the year,no-emotion
3405,51547,I felt no particular emotion when I ate my lunch today.,no-emotion
3406,51548,my wife prepared salmon for dinner last night,no-emotion
3407,51550,I was eating breakfast,no-emotion
3408,51551,I lost my coat.,no-emotion
3409,51552,I felt no particular emotion when I skip breakfast,no-emotion
3410,51554,When I was walking my dog yesterday afternoon,no-emotion
3411,51555,"i watched a solar eclipse at work. Everyone stopped to go and look. I can't remember feeling anything about the event, and was more bothered about getting back to work than watching the sun dim. I've seen it on the tv dozens of times and it didn't feel worthy of excitement / amazement. If I saw the same thing today, I'd have a different reaction, because Im older and I have a different perspective on life, having 2 cancer scares and a head on car crash I look at things much differently now. Hope that helps with your study :-)",no-emotion
3412,51556,"I nipped into the shops to pick up a few bits n bobs for the house. I had no interaction with anyone and it was a simple task of picking up day to day items, i didn't need to browse or look for things as i knew exactly where to find them.",no-emotion
3413,51557,I felt no particular emotion filling out this survey,no-emotion
3414,51558,I got ready for the day this morning.,no-emotion
3415,51559,I dropped a carton of eggs on the floor.,no-emotion
3416,51560,"I tried Cannabis for the first time.  All of my friends told me that it was awesome, and that I needed to try it.  I didn't particularly enjoy it, but I didn't hate it? I felt very neutral about it.  I didn't quite understand why everyone made such a big deal of it, it didn't seem that special to me.",no-emotion
3417,51561,watching a football game,no-emotion
3418,51562,When working at walmart I felt no emotion when going about my normal task because they had become routine for me and I was just going through the motions as I always do.,no-emotion
3419,51563,I split up with my partner of 10 years as I was suffering mental abuse I just felt relieved and no emotion,no-emotion
3420,51565,I felt no particular emotion when I graduated school because I felt pretty disillusioned with the whole experience in the first place.,no-emotion
3421,51566,my  holiday got cancelled,no-emotion
3422,51567,when my boyfriend talks about google home,no-emotion
3423,51568,"I was going to see a family member who makes unwanted and insulting comments constantly. Since I knew I was going to see her, I was able to prepare myself beforehand. When she, in due course, made such remarks, I rememeber feeling no emotion despite the comments being offensive.",no-emotion
3424,51480,when i waited for customers during a slow day at work because nothing was going on.,no-emotion
3425,51481,i did my work emails today,no-emotion
3426,51482,I made a nice meal and spilled half of it in the sink,no-emotion
3427,51483,I saw my neighbor walking hos dog this morning,no-emotion
3428,51484,The financial aid employee retired,no-emotion
3429,51486,I felt NO PARTICULAR EMOTION when I was enjoying my coffee this morning.,no-emotion
3430,51487,I felt NO PARTICULAR EMOTION when lonely,no-emotion
3431,51488,I woke up this morning which is unusual as I have very vivid dreams,no-emotion
3432,51489,"I received a pair of socks as my gift for Christmas when I was 10.  I was appreciative that my Dad was able to get me such a nice pair of socks, but understood that that's all we were able to afford at the time.",no-emotion
3433,51490,Fight between my sister in law and her parents while on holiday,no-emotion
3434,51491,When I was meditating last night because I gave myself permission to just be in the moment and not have to think or worry or dwell on anything at all.,no-emotion
3435,51492,A doctor told me my son needed an operation because I knew that would be the outcome,no-emotion
3436,51493,because it did not include a change to my life,no-emotion
3437,51494,When a colleague is asking for attention all the time,no-emotion
3438,51495,"I sat on the beach at sunset with my parents, older sister, and our two dogs.",no-emotion
3439,51496,I felt no particular emotion when I watched the Liverpool Vs Manchester City game,no-emotion
3440,51497,the gum was closed,no-emotion
3441,51499,When I got turned down for an interview for a job recently because I'd realised that it actually wasn't what I wanted to do.,no-emotion
3442,51500,When I walked my dog this morning.,no-emotion
3443,51501,I was reassigned to a different area of the lab by my manager - job related,no-emotion
3444,51502,I missed the bus this morning,no-emotion
3445,51503,"I felt no particular emotion when watching the news recently with my girlfriend and a segment about the Taliban regaining control of Afghanistan was shown. My girlfriend commented how bad and terrible it is for the people over there but I didn't feel much empathy for the situation. I think it was mainly because the news didn't particularly affect me and I'm detached from the goings on thousands of miles away. It lead to my girlfriend telling me I had no heart, and I know it is a sad and bad thing to happen, but I just didn't feel any particular emotion.",no-emotion
3446,51504,i was cleaning my room,no-emotion
3447,51505,Shopping for food,no-emotion
3448,51506,When i kissed my ex-girlfriend because i didn't have feelings for her.,no-emotion
3449,51507,I visited the silverstone race track to watch the qualifiying event with my husband a few years ago,no-emotion
3450,51508,I felt no particular emotion most of the time because one day the earth will die so nothing really matters,no-emotion
3451,51509,"I can still remember a day at work when my colleagues were cracking jokes, am just looking at them without say anything e some were even pointing at me",no-emotion
3452,51450,the news was on TV earlier,no-emotion
3453,51451,My husband was watching sports on our tv,no-emotion
3454,51452,I was visited by my supervisor at work this morning.,no-emotion
3455,51454,I ordered a cold brew from Dunkin and paid for it.,no-emotion
3456,51455,I wasnt ask to contribute to the event,no-emotion
3457,51456,I was hanging the washing out,no-emotion
3458,51457,I went for an autumn walk in the local forest.,no-emotion
3459,51458,I said that I didn't want to date this guy again months after we ended things,no-emotion
3460,51459,when I placed an order for a drink that the bar.,no-emotion
3461,51462,I felt nothing when I reached depression at it’s lowest,no-emotion
3462,51463,My neighbor adopted a homeless kitten that was hanging around our building.,no-emotion
3463,51464,i burnt my dinner,no-emotion
3464,51465,someone hit my car,no-emotion
3465,51466,I felt no particular emotion when I use to work at my old job. I always felt like I was in numb state,no-emotion
3466,51467,I didnt pass many exams,no-emotion
3467,51468,My covid test was positive as there was nothing I could do about it,no-emotion
3468,51469,i went to the corner shop to buy bread and milk because nothing happened in that time to prompt any kind of emotional response,no-emotion
3469,51470,I felt no particular emotion when I brushed my teeth,no-emotion
3470,51471,someone from my band group won an award.,no-emotion
3471,51472,"Completing my degree. Should have felt pride, didn't feel anything but a headache.",no-emotion
3472,51473,when I woke up this morning,no-emotion
3473,51474,When i found out i was being made redundant,no-emotion
3474,51476,I felt no particular emotion when I made my coffee this morning.,no-emotion
3475,51477,"A moment where I felt no particular emotion would be when a close friend who became distant was in the hospital for a leg injury. I should have felt sad but it felt like I heard a stranger was in the hospital, especially since I found out a few days after he was injured. Instead of feeling any negative emotions, I felt relatively normal but just kept thinking about it.",no-emotion
3476,51478,"I found out a work colleague had lost his battle with cancer, I guess I had already processed the loss which was coming",no-emotion
3477,51479,going on a roller coaster for the first time since Covid-19.,no-emotion
3478,6532,"I felt NO PARTICULAR EMOTION when playing volleyball in high school. I didn't find it fun, but I can't say I was bored either, it was just something that I had to do like standing in line at a grocery store.",no-emotion
3479,6533,I was meditating.,no-emotion
3480,6534,I felt no particular emotion when I did this study,no-emotion
3481,6535,I saw an ex-friend who stabbed me in the back with someone I considered a friend,no-emotion
3482,6536,driving home from school,no-emotion
3483,6537,I was told that someone I know had a met a celebrity I only kind of recognised,no-emotion
3484,6539,I'm lying in my bed with no telly,no-emotion
3485,6540,Watching a film my partner was keen to see but I had no real desire to,no-emotion
3486,6541,i felt no particular emotion when the GAA final was playing,no-emotion
3487,6542,I crushed a beetle.,no-emotion
3488,6543,"I felt no particular emotion when I spent all day at home watching shows on Netflix because my time was being occupied and my mind was also occupied so I didn't feel bored and I wasn't really thinking, I was just following along with whatever was happening in whatever show that I was watching at the time",no-emotion
3489,6544,Driving my car home from a day out,no-emotion
3490,6545,trying to get to sleep at night,no-emotion
3491,6546,the job was being done for me and i was waiting for the to finish.,no-emotion
3492,6547,I go to weddings.,no-emotion
3493,6548,When Im mindlessly scrolling on social media,no-emotion
3494,6550,I felt no particular emotion when I was flying on a long haul flight to get to myHolidAy destination,no-emotion
3495,6551,"when I was getting ready for my day this morning, because I was still sleepy and going through the morning routine I complete every morning without much thought",no-emotion
3496,6552,I was mowing the grass,no-emotion
3497,6553,I drove my kids to school this morning,no-emotion
3498,6554,"The family cat died. Never been a pet fan, so didn't bother me at all",no-emotion
3499,6555,Taking calls for work,no-emotion
3500,6556,I felt no particular emotion when I was just chilling because there was nothing for me to do,no-emotion
3501,6557,I went to the gym today,no-emotion
3502,6559,Cleaning kitchen,no-emotion
3503,6560,when i found out i needed an operation,no-emotion
3504,6561,My father told me the person coming to fit his smart meter did not turn up at 8am this morning but arrived at 4pm,no-emotion
3505,6562,My most recent journey on public transport,no-emotion
3506,6563,I received top marks in my university course.,no-emotion
3507,6564,I had an abortion at 16,no-emotion
3508,6565,I felt no particular emotion when I lost our last district basketball game of the season which meant I would never play basketball again. I think this is because I didn't really care whether we won or lost or whether the season continued.,no-emotion
3509,6568,made some tea because I do it so often I don't have a emotional reaction to it I was just getting a drink,no-emotion
3510,6569,I went to bed last night,no-emotion
3511,6570,i took part in a first aid course at work,no-emotion
3512,6571,i got a good mark back,no-emotion
3513,6572,"I was driving to collect my children from school. I felt quite detached, not really feeling anything. I turned on the radio and cycled through the stations but nothing illicited a response so I turned it back off.",no-emotion
3514,6573,I felt NO PARTICULAR EMOTION when I went to my college's health center for a physical with a nurse practitioner I met for the first time that day.,no-emotion
3515,6574,I relaxed at home today,no-emotion
3516,6575,when I saw my ex boyfriend over it.,no-emotion
3517,6576,I was folding laundry last week.,no-emotion
3518,6577,I stood for 30 minutes doing the ironing,no-emotion
3519,6578,I was completing surveys on prolific,no-emotion
3520,6579,when getting my roof inspected for storm or wind damage.,no-emotion
3521,6580,"Having my Covid-19 jab, because it was something that needed to be done. Felt I couldn't have emotion about this",no-emotion
3522,6581,My dad tried to come back I think my life after 18 years,no-emotion
3523,6582,Listening to music,no-emotion
3524,6585,I got my covid booster as the process was really smooth and quick,no-emotion
3525,6586,Cleaning out my pet rats,no-emotion
3526,6587,i take the tram to go places,no-emotion
3527,6588,meeting two new people at a recent wedding,no-emotion
3528,6589,I rewatch tv shows,no-emotion
3529,6590,I went to see a new car,no-emotion
3530,6591,"my friend got bitten by a cat and may have had rabies but chances were extremely low. she told me, i didn't really care until the results were back the following week.",no-emotion
3531,6593,I attended a football match with my son and the home team that we were 'supporting' won but I am not interested in football and it didn't affect me that they won.,no-emotion
3532,6594,I felt no particular emotion when a relative of mine moved away because I am not close with them.,no-emotion
3533,6595,On my birthday because I did not feel happy,no-emotion
3534,6596,I ran into an ex boyfriend when out shopping. It was strange because it was somebody I liked in the past but I just felt nothing,no-emotion
3535,6597,When I found out a colleague was fired,no-emotion
3536,6598,"My husband talks about his business, which is also his hobby, model trains.",no-emotion
3537,6599,Driving to work.,no-emotion
3538,6600,someone crashed into the back of my car. It was the third time it had happened with this car and it felt inevitable.,no-emotion
3539,6601,When a student told me to ‘fuck off’ to my face,no-emotion
3540,6602,I lit a candle while I was studying for an exam,no-emotion
3541,6603,I was attending therapy and my therapist was talking a lot about something I only kind of cared about.,no-emotion
3542,6604,driving to our holiday down in england,no-emotion
3543,6605,I made pasta for my tea,no-emotion
3544,6606,washing up after dinner,no-emotion
3545,6607,"after I got my covid vaccine, I was incredibly tired and spent most of the day in bed",no-emotion
3546,6608,I was doing the washing because I was really just focused on this mundane task and not using my brain for anything else,no-emotion
3547,6609,Breaking up with my partner,no-emotion
3548,6610,Someone knocked at the door and gave me a parcel,no-emotion
3549,6612,Splitting up with my partner as I didn’t have feelings any more because of the way they had treated me in the past. Because of this I was numb to the pain and felt nothing,no-emotion
3550,6613,I went for a blood test today. I believe this is because I have this blood test carried out regularly and I've become so used to it. Nothing new ever happens at the test appointment and I don't expect anything new to happen.,no-emotion
3551,6615,saw a house come back on the market which I had seen a while ago,no-emotion
3552,6616,when I drove to school because it was a regular day and there were no distinct thoughts on my mind.,no-emotion
3553,6617,Puting away the washing that had been hanging up to dry. I was in no rush and it wasn’t too taxing.,no-emotion
3554,6619,I felt no particular emotion when completing a regular household chore as it was a regular and necessary task and not emotionally provoking,no-emotion
3555,6620,I felt no particular emotion when I went to pick up my grandad with my mum from the hospital and then drive him home. Mum was the one driving and I was in the back seat minding my own business. We then drove him to his house and dropped him off.,no-emotion
3556,6621,I felt no particular emotion when I failed a test in my college class.,no-emotion
3557,6622,I FELT NO PARTICULAR EMOTION when I finally left my longest standing job,no-emotion
3558,6623,"My GCSE maths result - I didn’t study for it and remember when I got my result - C. I felt no emotion to it, so I wasn’t upset or angry at myself, not was i pleased with myself. I think due to me telling myself i would be rewarded by the effort that i put in so no one to blame but myself",no-emotion
3559,6624,"watching tv, in a stare, not realising I am zoned out",no-emotion
3560,6625,I had my covid vaccine,no-emotion
3561,6627,Kids knocking our door for trick or treat,no-emotion
3562,6628,"I was informed of our company wide bonus, most people were upset and felt entitled to more. I have come to expect this of my company and so felt nothing.",no-emotion
3563,6629,I was helping my dad paint a fence in my nan's garden and I looked at the wall of the shed. I thouhgt that I would try to remember this boring event forever. It seemed I did.,no-emotion
3564,6630,"I was putting away the groceries after going shopping. It was a very monotonous task and my mind went to autopilot. I knew where everything went already, as I have put the same items there before, so it seemed to have been second nature to do so.",no-emotion
3565,7100,I found out my biological father had died,no-emotion
3566,7101,Sitting on the bus back from work,no-emotion
3567,7102,When my train was delayed for my morning commute last week because I do not particularly like my job so i was not annoyed nor relieved,no-emotion
3568,7103,"handing in my notice to my old boss. I thought I would feel really good, or would get a rush of adrenaline, but it was really just a build up to nothing. I felt a little underwhelmed, but mostly very indifferent.",no-emotion
3569,7104,I left school because it was an unhappy place for me.,no-emotion
3570,910,driving to my boyfriends house as its a regular route,no-emotion
3571,911,cleaning my aquarium because it was not an emotional task. it was the same actions.,no-emotion
3572,912,I felt no emotion when I have had to have a rude/annoying customer removed from my work,no-emotion
3573,914,I started online dating,no-emotion
3574,915,"I broke up with my ex. I had caught her in three different occasions with a particular guy. So, i was already expecting another cheating event from her. I tried to feel anger but the more I felt virtually no emotions.",no-emotion
3575,2140,"I see my kids reach their goals, improve skills",pride
3576,2141,i won a national award for the hard work i put in as a volunteer,pride
3577,2142,I gave birth to healthy twins,pride
3578,2143,I baked a delicious strawberry cobbler.,pride
3579,2125,I won two gold medals at the world kickboxing championships.,pride
3580,2126,I won a retail business case competition with a few friends at my University despite thinking we wouldn't stand a chance. Some large companies came to the school looking for students to solve their problems. Our team made it through to the final round despite my fear of doing presentations. When we won I felt immense pride. We didn't even expect to make it through the first round and we beat out some very professional teams.,pride
3581,2127,"I completed a mixed-media collage art piece and entered it into an auction. I love how the piece turned out, and I ended up making $25 CAD on it!",pride
3582,2128,when I told my parents about my evaluation of clinical performance on placement as I achieved credit with distinction (indicating very high performance),pride
3583,2129,pride in baking a cake for my father and he liked it.,pride
3584,2130,I passed my driving test,pride
3585,2131,"I won a creative writing class competition, after thinking my story hadn't made the grade as it hadn't been mentioned once by the tutor...until she announced the winner.",pride
3586,2132,I finished an embroidery piece as a gift for my brother-in-law,pride
3587,2133,I asked a guest speaker a question at a lecture,pride
3588,2134,My partner was accepted for a job because she worked really hard to get it,pride
3589,2135,I submitted my Masters thesis,pride
3590,2136,I graduated from University with a Masters Degree,pride
3591,2137,I saw the new house my dad had and it was really beautiful and I was proud,pride
3592,2138,I bowled two people out during the final over of my cricket game to win the final.,pride
3593,2139,when i received my degree results and got a 2:1.,pride
3594,3860,"because I get to answer emails at work and I'm good at it, and better at it than others. I answer lots of emails and always have people who are happy for my help. I've had to correct/help coworkers before and it makes me feel pride to know more than them.",pride
3595,3862,Earning my driving license.,pride
3596,3863,I felt pride when someone that I did not know personally bought an art piece I created,pride
3597,3864,my niece came out to me and told me she had a girlfriend before she told anyone else.,pride
3598,3865,I finished my last ALevel exam,pride
3599,3866,my dog followed a command from a distance of 12 feet.,pride
3600,3867,I achieved a distinction in my apprenticeship.,pride
3601,3868,I found out that I would be graduating from my university with the highest honors of summa cum laude,pride
3602,3869,"I was awarded a prestigious customer service award at work for going above and beyond, it came with a substantial prize",pride
3603,3870,I felt pride when I received a rare award from my organization because I felt like I was valued and that made me take more pride in my work.,pride
3604,3871,When I got a promotion at work,pride
3605,3872,I received the letter my daughter's school sent her with her time and date for her Kindergarten orientation next week.,pride
3606,3873,my daughter wanted to actively join in an protest and make sure her voice was heard.,pride
3607,3874,Hit a home run in kickball because everyone was cheering for me.,pride
3608,3875,I stopped talking to the guy I was dating because I realized that he wasn't good for me. I was ok with being single rather than staying with someone that wasn't treating me well.,pride
3609,3876,I felt PRIDE when I found out my leaving cert results because they were better than I expected and I knew I worked hard.,pride
3610,3877,I felt pride when I graduated from my bachelors of engineering because I nearly failed out in first year then graduated with a 4.0.,pride
3611,3879,Finished my exams,pride
3612,3880,"I made a good choice to separate from a partner who wronged me, rather than try to work it out.",pride
3613,3881,I passed my A level exams and got into my top university,pride
3614,3882,I managed to get an exemption to enter Australia this year.,pride
3615,3883,"I felt pride the day I decided to move back to my home country, it was a hard decision for me because I was engaged to someone in a different country who was not willing to move.",pride
3616,3884,"A tradesman thought the wood work I had done was done by an actual joiner, and was really impressed",pride
3617,3885,i passed my driving test and bought a car,pride
3618,3886,I was awarded a student sponsorship by the company I worked for during summer because it provided with proof that I had made a good impression at the company.,pride
3619,3887,I got the first job I applied for after reeducating after being unemployed for several years.,pride
3620,3774,visiting and elderly lady who was feeling lonely.,pride
3621,3775,"I was in my improv class and we did this really good scene where I took the lead. We were on an imaginary ship, and I jumped into the water to find a lost lifeboat, was swimming around and then there was something in the water (all pretending of course). It was a really good scene and once we finished it, we got a big clap and good feedback and I felt proud about it for a little bit. Other emotions came later, but it felt good to have been good at something and to have enjoyed it and finally feel like I was getting involved in my calling.",pride
3622,3776,I competed figure skating nationals.,pride
3623,3777,I felt pride the time I  redid my backyard so that now we have a perfect area to relax/cookout/have guests over in.,pride
3624,3778,My dad got his mbe,pride
3625,3779,I felt pride when I completed my degree because it was a massive accomplishment,pride
3626,3780,I felt pride when I finished my masters program recently. I just had my last day of working with clients in my practicum placement and I received positive feedback about my ability to help my clients and it made me feel very prideful about the work I have worked so hard to accomplish.,pride
3627,3781,I got under 100 pounds weight lost (again!),pride
3628,3784,when my nephew took his first steps,pride
3629,3785,My Shriner Mule Train parade unit was selected to lead the large community parade,pride
3630,3786,I felt pride when my little brother made himself breakfast because I taught him how to make scrambled eggs.,pride
3631,3787,When my daughter learnt to write her name,pride
3632,3788,"When I finally finished my university degree to become a nurse after dropping out of my initial degree and being at uni for 6 degrees.Putting on my nursing uniform after 3 years of studying made me feel so proud of myself, especially considering my final year was during Covid",pride
3633,3789,I got an amazing job that was fairly competitive,pride
3634,3790,when I did my first driving lesson,pride
3635,3791,my dog was able to stay at home by himself without destroying anything,pride
3636,3792,Investing 5 grand,pride
3637,3793,I felt pride when I announced that I accepted a new job.,pride
3638,3794,i felt pride when he asked me to apologize,pride
3639,3795,I felt pride when I caught mackerel whilst feather fishing because I had been waiting for a while and hooked 5 at the same time.,pride
3640,3796,got high A's in all of my classes for the semester and got on deans list,pride
3641,3797,I’ve spent a week with my family including 4 Grandchildren,pride
3642,3799,Completed my PhD,pride
3643,3801,"I remember feeling pride when I was able to get out of high school early and begin taking college classes. I felt an immense amount of pride at my accomplishment, I did not believe I would be able to do it.",pride
3644,3803,I felt pride when I got into my school,pride
3645,3804,"I finally successfully ""cycled"" my aquarium. I have a learning disability and I have put blood sweat and tears into the process of ""cycling"". It is a scientific process involving the nitrogen cycle and it took me a year of research as well as trial and error to fully understand it. That first time when I checked my water levels and the test readings came back perfect I was absolutely overwhelmed with pride in myself. I've never taught myself and completed a task pertaining to science completely on my own (outside of school when I was younger). I was so proud of myself I broke down crying and called my dad to celebrate.",pride
3646,3805,I got my first job out of school,pride
3647,3807,I was made a NASA citizen scientist for my astrophotography,pride
3648,3808,I was selected for a rep football side.,pride
3649,3809,I felt pride when I got through a stage in a recruitment process because I have a sense of accomplishment.,pride
3650,3810,I felt pride when my sister graduated from nursing as being related to her was something I felt proud of.,pride
3651,3811,My daughter received her University degree,pride
3652,3812,i felt pride talking to him,pride
3653,3813,I graduated from university with a Bachelors degree because it took a long time and a lot of hard work to achieve.,pride
3654,3814,I completed my degree in university,pride
3655,3815,I see my oldest daughter spending time with her younger siblings.,pride
3656,3816,I get an A in a class.,pride
3657,3817,I graduated with my associates degree in psychology.,pride
3658,3818,I excelled in my career,pride
3659,3819,I graduated from University,pride
3660,3820,I felt pride because I made my own hookah for cooling vaporized hash oil.,pride
3661,3821,my daughter did great in her GCSE's,pride
3662,3822,my boss thanked me for my work and appreciated what I contributed to the team,pride
3663,3823,I felt pride when I achieved 5000 sales in the shop I created.,pride
3664,3824,when I got a first class honours in my uni exams,pride
3665,3826,Watching my son walk into primary school for his first day in big school.,pride
3666,3827,I felt pride when I received placement on Deans Honour roll at my university for the first time.,pride
3667,3828,I bought my house,pride
3668,3829,I had my first kid,pride
3669,3830,I felt pride when I landed my first vending machine location because I set out to do something and I accomplished it.,pride
3670,3832,I went to view my new university accomidation,pride
3671,3833,Whenever someone punches my ego,pride
3672,3834,When my son was born,pride
3673,3835,"I felt pride when three runners from my country won 1st, 2nd, and 3rd place at the Olympics, it made me feel great to be identified with them.",pride
3674,3836,"when, at work, callers would specifically request to talk to me for assistance.",pride
3675,3837,My daughter received an award at school.,pride
3676,3838,I helped my mum shopping because she enjoys company.,pride
3677,3839,I obtained my high school diploma.,pride
3678,3840,I did well on my test that I worked hard for,pride
3679,3841,Decorating my first flat by myself,pride
3680,3842,I first overcame my fear of rides,pride
3681,3843,I felt PRIDE when my son learnt to speak as he was speech delayed.,pride
3682,3844,I won man of the match,pride
3683,3845,I got a new job that took many interviews and skill.,pride
3684,3846,"I felt pride the day I decided to start working for myself, because it was a decision I was unsure about. The consequences were unknown.",pride
3685,3847,I got a new job at a higher level and pay than previously.,pride
3686,3848,when my daughter graduated from high school,pride
3687,3849,I got accepted to my university program,pride
3688,3850,I surfed one of my biggest waves of my life,pride
3689,3852,I was accepted onto my university course,pride
3690,3853,I felt pride when I got the chance to perform at Disney World.,pride
3691,3854,Presented with a long service award for volunteering,pride
3692,3857,my daughter handed her ice cream to her little brother who had dropped his ice cream on the ground outside and started to cry. She handed him her ice cream to stop him crying.,pride
3693,3859,When we won a war.,pride
3694,41112,when I beat my friend at chess on the first try.,pride
3695,41113,I felt pride when I taught my first yoga class after graduating.,pride
3696,41114,"i exclusively breastfed my son for 8 weeks, even though he had a severe tongue tie.",pride
3697,41115,I felt pride when I got a promotion,pride
3698,41116,I felt pride when I led my workforce to an important event and my boss told me I did a great job at it. It was nice to be appreciated.,pride
3699,41118,I felt pride when my wife gave birth because I had a new baby,pride
3700,41119,"I felt pride when I realised I had overcome my addiction to drugs. I had spent 2 years with a class A drug addiction. I had tried to stop many times but always failed. I finally removed myself from the influences around me and went through weeks of withdrawls, and months of depression but I stayed the course. It was the hardest thing I have ever had to do in my life. About 6 months later I was going for a walk and I realised that I had gotten through the worst of it and I had stayed clean and looking back at all the pain and suffering I had gone through to get clean, I felt such a sense of pride that I had been strong enough to do it on my own without any help from anyone.",pride
3701,41120,My boyfriend got promoted at work,pride
3702,41121,I got the job I wanted,pride
3703,41122,I won the premier league on football manager with a team i took from division 4 in portugal,pride
3704,41123,I felt pride because my boyfriend has stuck through his apprenticeship and come out the other end as a barber,pride
3705,41124,My son walked up into his school for the first time without my holding his hand.,pride
3706,41125,when my little sister received straight A's last semester.,pride
3707,41126,I was accepted into a Ph.D. program,pride
3708,41128,I finished a book I was preparing for several years and it was published with a leading publisher.,pride
3709,41129,I felt pride when I taught my little sister how to ride a bike.,pride
3710,41131,I felt pride when I performed well at a specific game in front of people I care about,pride
3711,41052,I bought my car recently,pride
3712,41053,I got the job I currently have. I worked hard to get it and experienced several set backs. However I did not give up and worked even harder to achieve my goal.,pride
3713,41054,I felt pride when I completed my first half marathon.,pride
3714,41055,I felt PRIDE when my team and I brought in a major client for construction to the organization. The news was well received by the whole company and we got a lot of recognition and credit for our hard work.,pride
3715,41056,I felt pride when I qualified for two finals at my sports day as I had never achieved this before.,pride
3716,41057,"I felt pride when, after completing a programming bootcamp, I was chosen by the bootcamp to be put forward for an interview at a major marketing company for a web-development job. I didn't have a degree in computer science, so I worked very hard to learn programming during the 6-month program, so to be one of the 5 people out of more than a hundred to get a shot to represent the program and get a real programming job made me extremely proud.",pride
3717,41058,I passed my university exams,pride
3718,41059,an essay that I wrote for a class was personally chosen as an example for other students,pride
3719,41060,I felt pride when I was able to stand up to my toxic boss and quit my job.,pride
3720,41061,i met my husband,pride
3721,41062,I felt pride when I came out as gay to my friends and family,pride
3722,41063,I felt pride when I got my first apartment and was able to buy my own furniture.,pride
3723,41064,I made it to semi finals at nationals,pride
3724,41066,My fiancée said yes to wed me,pride
3725,41067,"I recieved an almost perfect grade on a group final essay project I worked really hard on, in an upper level psychology course that I took during my first semester of college. In the comments, my professor said the section I wrote in particular was one of the best pieces of writing she had read all semester, which was really cool to hear since she has a lot of students, most of whom are upperclassmen.",pride
3726,41068,I got invited to join the golden keys honour society for my university,pride
3727,41069,my peers admired my artwork.,pride
3728,41070,I completed a large project at work that got recognized in front of my colleagues,pride
3729,41071,"when i had my first breakup ,i had so many reasons to be prideful cause i didnt what to look weak begging for her attention, so my pride was in my way",pride
3730,41072,My daughter was accepted into Cambridge university,pride
3731,41073,"when my friend told me that I inspire her because I am happy doing my own things such as, painting, reading, exercising etc.",pride
3732,41075,I traveled across the world on my own for the first time.,pride
3733,41076,When I was accepted by everyone when I came out as a lesbian,pride
3734,41077,"I got an A on an important project for my class, one that a lot of my other classmates did poorly on.",pride
3735,41078,"I felt pride when I finished my first novel, and gave it to people in my life to read",pride
3736,41079,I felt pride when I was praised by my Arabic teacher for being a good student and a fast learner.,pride
3737,41080,hit my first home run,pride
3738,41081,I found out I got hired to work at a company that aligns well with my personal values.,pride
3739,41082,I felt pride when I completed a drawing and my art instructor complimented my skill and attention to detail,pride
3740,41083,I felt pride when I sold one of my original paintings.,pride
3741,41084,I received a grant for college.,pride
3742,41085,When I finished my body of work for graduation,pride
3743,41086,When receiving exam results,pride
3744,41087,"I felt pride when my friends and acquaintances complimented my long-term relationship with my boyfriend. It felt good receiving that type of (positive) attention and  also boosted my pride a bit for being able to have my first relationship last so long. For reference, my boyfriend and I are both 21 and have been dating for over 6.5 years.",pride
3745,41088,When I completed my first sprint triathlon,pride
3746,41089,"I felt pride when I was hired at my current job. I was still finishing up my last semester in college when I had my interview, and this was one of the first interviews I went on. When I learned that I got the job I was so proud of myself that I can found a job in my field quickly, and even before I had officially graduated college. I was so proud and happy that I cried.",pride
3747,41090,I got an email saying I was considered a high achieving student at my university and should consider enrolling in an honours program.,pride
3748,41091,"It was summer 2010, I just came back to Canada from living in Paraguay over the last 8 years. These were during the World Cup event, and team Paraguay made it the farthest it's ever been in its history. I was watching the Paraguay-Italy game with other Paraguayan expats. I remember the distinct feelings of pride that overwhelmed me throughout that day of that very important game.",pride
3749,41093,I fixed the heating element on my oven when it broke because my partner said he couldn’t do it and we need to hire an electrician. I saved us a lot of money and felt accomplished for doing the task on my own.,pride
3750,41094,I felt pride when I graduated from college,pride
3751,41095,after giving up swimming at age 13 I trained hard for three weeks and at age 18 swam a mile and a half unassisted across a lake.,pride
3752,41097,I retained all PT employees after a location closure at my company.,pride
3753,41098,I walked onto the stage to collect my masters diploma. I was being awarded a distinction with honours,pride
3754,41099,I felt a feeling of pride when I seen my girlfriend graduate because I had never been in this situation before and felt pride to have her,pride
3755,41100,"I was able to beat a good friend at a chess game, which he bragged he was better at than me.",pride
3756,41101,"I felt pride when I was giving a role in my work. I work very hard and to be recognised for the work I do gave me alot of pride, and I take pride in what I do",pride
3757,41102,Wizkid sold out three shows at the O2,pride
3758,41103,I finished my big digital sculpt and my teacher praised it,pride
3759,41104,When my fiancée got promoted,pride
3760,41105,I was at gay pride in manchester,pride
3761,41107,Someone compliments my writing. I often feel insecure about my ability and it helps bolster my confidence.,pride
3762,41109,I helped out a friend in need,pride
3763,41110,I was given special award pf excellence at work as the most the most enterprising female. I was really proud of myself.,pride
3764,41111,I felt pride when my oldest child stole the basketball from a member of the opposing team. I couldn't stop smiling and cheering them on! I was so happy for them because they were super shy and reserved.,pride
3765,41172,My children gained a qualification from home learning and we attended a presentation at a local university for them to collect the awards.,pride
3766,41173,"I felt pride when I was in full time employment and was pregnant with my second child, whilst in comprehensive school I did not achieve a C grade GCSE maths result and this was something that I had always wanted to get. So whilst pregnant I attended night school for a whole year whilst pregnant and then took the exam 6 weeks before i was due to give birth. I am pleased to say that I finally got my C grade and this filled me with a huge amount of pride that I myself had worked so hard for and achieved from my own efforts.",pride
3767,41174,I got my new job,pride
3768,41176,I felt pride when I went for a job interview and was offered 2 different positions on the spot.,pride
3769,41177,When I completed a skydive because I never thought I would do it,pride
3770,41180,When I qualified as a solicitor,pride
3771,41182,I felt pride when my brother said he was proud of me,pride
3772,41183,i felt pride when i saw shang chi because i could resonate with the chinese culture on the big screen.,pride
3773,41184,Got a promotion,pride
3774,41185,I participated in a pride event with my gay friend,pride
3775,41189,When my sons band played on the radio,pride
3776,41190,"I completed a text based online banking simulation using Java programming language.  It was connected to a free online database, so that users who downloaded the program could sign up if they were a first time user or login if they were a returning user.  They could make fake transactions such as withdrawals, deposits, and update their account information, and it would all be stored in a persistent database the next time they decided to log in.  It was just a personal project to learn Java and SQL, but it took me a pretty long time.  There was a lot to learn and a lot of kinks to work out, but I was pretty proud that I created something like that once I was done.",pride
3777,41191,winning a magic the gathering card game on a video game called MTG ARENA,pride
3778,41192,"When I bought my dream home, I grew up in a small home with a hard working single mum and never thought I'd be in a position where I could buy such a big and beautiful home, I feel very proud of how far I've come",pride
3779,41193,I felt pride when I drove my car home from the dealership by myself.,pride
3780,41194,I saved £1000 myself for the first time get after always having budgeting and financial issues,pride
3781,41195,I felt pride when I got a promotion in work because I had been working hard towards it,pride
3782,41196,I bought my first house,pride
3783,41198,I completed altering a dress.,pride
3784,41199,I achieved an award for Personal Excellence at college.,pride
3785,41200,I found a creative outlet for my ideas and was able to create something I enjoyed through it,pride
3786,41201,I felt PRIDE when I was able to get out of my toxic household because I was finally given a sense of relief and freedom. I was now living for myself and focusing on me.,pride
3787,41202,I accomplished a difficult presentation on my own,pride
3788,41203,"I felt pride when the Stray Kids (k-pop boy group) won a reality competition show called ‘Kingdom’, where they had to compete against five other k-pop boy groups to win the title of ‘Kings’ in the competition.",pride
3789,41204,I felt pride when i won gold at a dance competition,pride
3790,41205,I felt pride when I was able to complete a task at work which a Co worker told me I wouldn't be able to do,pride
3791,41206,My daughter started to walk,pride
3792,41207,I felt pride when my best friend came out to me,pride
3793,41208,"I felt PRIDE when I was at a track and field meet in 5th grade. I was running the 100m, and all of the girls I was competing against were much taller than me. They all said to me ""you're not going to win. You're too short. Short people are not fast."" Anyway, I ended up absolutely SMOKING all of them and getting first place. They all looked at me in such disbelief. It was awesome.",pride
3794,41209,"I felt pride when at my job as a tour guide, the random strangers who sign up tell me that I do a good job, or that I seem like a natural, or that they have had a good time. Also I feel pride when I get tipped for a job well done, because that proves I really did a good job.",pride
3795,41210,I won an award for my university work,pride
3796,41211,When I has paid off 2 of my loans. Unfortunately I had gotten myself into some debt and after having family help me out I have cut back on things and saved up to repay one off myself and now I only have one loan to pay and concentrate on paying family hence me doing these surveys which help a lot.,pride
3797,41152,I was able to over achieve target at work and it meant that my region was able to hit higher for their yearly figures.,pride
3798,41154,"I saw a player achieve a medal, and I’d played a part in that",pride
3799,41156,I felt pride when I tried on a size 14 jacket and it fit my body perfectly,pride
3800,41159,I felt proud when my son started smiling,pride
3801,41160,I felt PRIDE when I received a call for a job interview at the Blue Man Theater group at the Luxor Resort in Las Vegas after submitting it twice with 2 different resumes.,pride
3802,41161,I felt pride when I completed Highschool because my parents did not get the chance to.,pride
3803,41162,I felt pride when I successfully completed my first week of college without a hitch.,pride
3804,41164,I received rookie of the year during the first year at my job,pride
3805,41165,I won my first competition,pride
3806,41167,I felt pride when I ran a marathon at a decent pace and finished the race in a good place,pride
3807,41168,I got my first freelance client,pride
3808,41169,I received the news that I had been successful in a job interview.,pride
3809,41171,I was selected to participate in helping students with organic chemistry.,pride
3810,41133,I took pride in my appearance for the first time in ages,pride
3811,41136,I watched my child perform in a dance show,pride
3812,41137,i felt pride when my niece said my name for the first time.,pride
3813,41138,My brother got into university because he struggled at first,pride
3814,41139,Watching my junior sports team that I coach compete and win at a cheerleading competition,pride
3815,41141,I felt pride when my phone bill was wrong but I phoned the company myself to get it fixed to the proper amount,pride
3816,41142,"I felt PRIDE when I accomplish my goals through a team effort. I take part in team sports and have a pivotal role in success, and being able to do my job and make my team proud of me gives me a strong sense of pride.",pride
3817,41143,I graduated from university,pride
3818,41144,I passed my driving test,pride
3819,41145,I graduated uni,pride
3820,41146,I graduated from my degree,pride
3821,41147,"My friend got her dream job, but 250 miles away which will be hard on me, so partially mixed emotions.",pride
3822,51659,"I felt pride when I got my university results especially, in the ones I found hardest. One of the last essays that I had written was extremely hard. It led me to believe  that I failed that assignment so when I received the high grade I felt immense pride in myself.",pride
3823,51660,I felt pride when my father showed me pictures of my great-grandfather while explaining his journey and immigration story as well as detailing his military service.,pride
3824,51661,When I received my degree in the award ceremony.,pride
3825,51662,I beat somebody in a fight,pride
3826,51663,My mum said what a good boy my doggy is,pride
3827,51664,I completed an acrylic portrait of worked on for several days,pride
3828,51665,I assisted a group of teenagers with learning how to put up a military tent/learn camping skills. Seeing them enjoy the experience and learn important life skills was great.,pride
3829,51666,my daughters end of year report came through during the pandemic and she was doing so well despite the difficulties and challengings during homeschooling with us all working full time from home and her being an only child.,pride
3830,51667,"I felt pride when I spent my summer volunteering at the local SPCA.  I was responsible for cleaning out empty animal carriers, cages, things of that nature.  I felt pride because I knew what I was doing would help out innocent cats and dogs find a home for themselves.",pride
3831,51668,I received my results from completing my undergraduate degree in psychology. This was very emotional for me as I had a really hard final hear mentally and physically and I was really worried about what my result would be and had been having very bad panic attacks and migraines. When I got my result (a 2:1!) I was so proud of myself that I cried!,pride
3832,51669,My youngest son achieved his black belt in karate at the age of 11. I was bursting when pride when he achieved it. He work long and hard for it.,pride
3833,51670,I felt pride when I received my perfect college grades,pride
3834,51671,When I helped a family overcome some stress,pride
3835,51672,I felt pride when I marched in Sydney's mardi gras parade,pride
3836,51673,"I felt pride when I completed my work better than anyone else in my workplace, knowing that  I did a really good job and produced the best work I could.",pride
3837,51674,I graduated from university,pride
3838,51675,I was first in my immediate family to get a Masters degree,pride
3839,51676,I won prizes at school for being best in my year for several subjects.,pride
3840,51677,I had set myself a practical and emotional challenge of cycling 1000 miles during the last lockdown,pride
3841,51678,on A-Level results day as I achieved great results. I was also happy as I was able to speak with my old teachers who I hadn't seen for a couple of months.,pride
3842,51680,I felt pride when my children were born.,pride
3843,51681,completed my bachelors degree,pride
3844,51682,I felt pride when my son got all As in school,pride
3845,51683,My daughter was chosen to be a narrator in her first school concert. I’ve never felt so much pride.,pride
3846,51684,"When I took my daughter to an indoor climbing wall. She's only 4, but she's so confident and keen and I love to encourage her activities that she enjoys",pride
3847,51685,"Got a really good grade on my accounting exam that i studied for a worked hard on. I remember getting the exam score back in my accounting class, and feeling like I was the best student ever. After, I told my roommates and they were proud of me as well",pride
3848,51686,When my daughter graduated,pride
3849,51687,"I can still remember vividly the day i went to my friend birthday party, the way my friends welcome me I felt honored and walk in with full of pride, I gave him the present I brought for him and I left the party after some minutes",pride
3850,51688,"I am proud of my D&D campaigns. Between myself and my friends, I am the dungeon master and designer of our tabletop games. I am proud my players enjoyed my work, they invest in the plots, feel emotion from the music and events and that they enjoy our shared story adventures",pride
3851,51569,I won a championship with my friend Floyd in rowing,pride
3852,51570,my daughter taught herself to write her own name.,pride
3853,51571,My son behaved well at the park. He shared his ball and snacks and played well with the other kids. I felt proud of him,pride
3854,51572,My son dis a poo in the potty by himself for the first time,pride
3855,51573,Finishing my second degree,pride
3856,51574,graduating from my undergrad,pride
3857,51575,I gave birth to my daughter and she was perfectly healthy and beautiful.,pride
3858,51576,I felt pride when my daughter was chosen as student of the month.,pride
3859,51577,i received my GCSE results.,pride
3860,51578,My child read his school book well to me,pride
3861,51579,my boyfriend passed his drivers test on the first time and was able to get affordable car insurance,pride
3862,51580,I served an ace in tennis,pride
3863,51581,An art piece I produced was auctioned off for charity and raised a good sum for the cause,pride
3864,51582,when my girlfriend graduated college,pride
3865,51583,i got accepted into university,pride
3866,51584,"I graduated High School.  I slacked off a lot in my earlier years of school, making my senior year very difficult and stressful as I was unsure of whether or not I would have the sufficient credits for graduation.  I had to put in many extra hours and late nights, but it had all paid off.  I ended up just meeting the requirements, and graduated with honours.  I felt so much pride in myself for being able to overcome my past mistakes and make something of myself.",pride
3867,51585,My son was potty trained,pride
3868,51586,"When my partner was offered a job. After over a year of applying through the pandemic, she was struggling a lot with self worth. But finally seeing that hard work pay off and how happy she was filled me with a lot of pride.",pride
3869,51587,my son was born because we didn't think we could have children.,pride
3870,51588,my daughter learning to ride her bike,pride
3871,51589,I completed a 26 mile walk for charity,pride
3872,51590,"My 18yr old son who has autism got his first job, he did an amazing interview and it’s given him a huge confidence boost.",pride
3873,51591,"my autistic daughter got an unconditional offer for college, because she's had such a hard time at high school.",pride
3874,51592,"I was at work and I received a phone call from a university lecturer who told me I had been nominated for (and won) two prizes for my BSc, the BPS Undergraduate award and the Faculty Award.  I had had a difficult year completing the final year of my degree in covid-times and I was a mature student who had never studies at degree level before, and so I felt immense pride that my efforts had been noticed and appreciated.  I have never won an award before.",pride
3875,51593,At work by helping others and providing a good experience,pride
3876,51594,i got my first ever job,pride
3877,51595,I felt pride when I graduated the  best student in my class,pride
3878,51596,when I graduated from college.,pride
3879,51597,my band got signed to a label run by an artist i admire,pride
3880,51598,the event was successful,pride
3881,51600,"I got my mother to eat and move a bit after her stroke, when doctors said it would never happen.",pride
3882,51601,I felt pride when I got accepted into a good University,pride
3883,51602,I felt pride when my step son started school,pride
3884,51603,My son obtained his master's degree,pride
3885,51604,I cleaned mum in laws paving block driveway,pride
3886,51605,My daughter received an award at school for her Math improvement that school year.  She found the subject very very difficult but I hired a tutor and she improved so much.  I was very emotional when she was called on the stage to receive her award in front of the school. and so very proud as she had worked so hard,pride
3887,51606,When I gotMy recent job promotion,pride
3888,51607,I graduated from university,pride
3889,51608,I received my GCSE results,pride
3890,51610,When my community gardening group held an open day to open up the allotment which we had been working on together for a year.,pride
3891,51611,I came out to my parents,pride
3892,51612,my 4 year old daughter swam with no arm bands,pride
3893,51613,"WHEN I WENT AND GOT MY G.E,D.",pride
3894,51614,"my son started mainstream school three weeks ago (he is diagnosed as autistic) and he went in happily, he had an excellent day and he came home to show me a piece of artwork which he had made. I was full of pride as he didnt communicate or show emotion till around 4 years old and i thought it would never happen.",pride
3895,51615,I felt pride when I got promoted at work after being at the company for only a year.,pride
3896,51616,I felt pride when I was offered a pay rise.,pride
3897,51617,I got a promotion,pride
3898,51618,when I did a dance performance,pride
3899,51619,I was the only one promoted in my team sometime ago.,pride
3900,51620,My daughter did brilliantly for her first dance exam,pride
3901,51621,I felt pride  when I was able to drive my  car over 5 miles without stopping.  It was something that have never happened before.,pride
3902,51624,I feel pride when I complete a task well at work,pride
3903,51625,I felt pride after giving birth to my son with only gas & air being given as pain relief.,pride
3904,51626,When I worked at the hospital and saw the nhs staff across all areas of the hospital come to work day after day to help the general public.,pride
3905,51628,i felt pride when i was asked to be my sisters bridesmaid as we were not too close before.,pride
3906,51629,I graduated. I am the first in my family to graduate and I had worked really hard.,pride
3907,51630,when i managed to buy my own house at 21,pride
3908,51631,I achieved the highest rank in Overwatch.,pride
3909,51632,I received honors for my degree,pride
3910,51633,my daughter first started walking,pride
3911,51634,When my children graduated from university,pride
3912,51635,I was recognised for doing well at work by my line manager,pride
3913,51636,"I stood up to a man who was sexually harassing me outside a nightclub. It was my first ever time clubbing on my own, and two young men around my age (or I presume so, as it was a Fresher's week event so they were likely fellow students) flirted with me and made inappropriate comments about me, including some homophobic comments when I told them I was a lesbian and therefore wasn't interested. Before I had even entered the club, one of the boys grabbed my hips from behind and touched me inappropriately while rubbing himself against me. I immediately turned around in a rage and told him I didn't want him touching me, and when a security guard came over to see what the fuss was I confidently reported the incident and got the boys thrown out. I'd never stood up to someone harassing me before, and I felt incredibly empowered.",pride
3914,51637,When my son won an award,pride
3915,51639,my client was happy with the painting they commissioned from me.,pride
3916,51640,Winning an award,pride
3917,51641,I know i did better than someone else,pride
3918,51642,I won a scholarship,pride
3919,51643,"I felt pride when I was promoted to manager in a vacation club in Dominican republic, I had worked so hard 7 days a week for months to get that promotion and I got it. I was proud of myself for that.",pride
3920,51644,my son used the toilet by himself for the first time today,pride
3921,51645,I felt pride when I got a very high mark on a test even after not studying much,pride
3922,51646,When I completed and submitted my dissertation.,pride
3923,51647,"I felt pride when I graduated with a law degree. It wasn't something that I had anticipated feeling so proud of, but the entire day of my graduation I was so, so proud of myself.",pride
3924,51648,bought my house,pride
3925,51649,I felt pride when my partner found out that he got his new job as he had been working really hard for it and we had been practicing for his interview together and I had helped him by proof reading his application and making suggestions as I had a similar job myself.,pride
3926,51650,the company I work for became a serious contender in the market we operate in. Starting at this company when it was a mere start up with a handful of staff to becoming the 4th biggest in the country was a huge achievement that we all worked so hard for. The pride we all felt kept on growing as the momentum of our hard work meant that we pushed harder and harder.,pride
3927,51651,My son graduated from university,pride
3928,51652,I got my degree,pride
3929,51653,My sons were born,pride
3930,51654,Completed my internship.,pride
3931,51655,I felt pride when a mate really achieved more in a certain competition,pride
3932,51656,"I resigned from my job after seven years. It was a permanent position, I was paid well but got no job satisfaction at all. I have financial responsibilities so I felt proud at being able to take a big step into the unknown as I do not currently have future employment lined up.",pride
3933,51658,"Last month I felt incredibly proud of my mum, as she passed her motorcycle test. She was never able to ride a two wheeled bike growing up, and always cycled using her trusty red trike during my childhood! So for her to overcome this (and also overcome a heart attack christmastime last year!!) to achieve her goal, is incredible, and I am still busting with pride at her for the epic achievement",pride
3934,51749,when i introduced my girlfriend to my family and friends,pride
3935,51750,when my partner won an award for his photography,pride
3936,51751,my daughter was baptised and confirmed on the same day,pride
3937,51752,watching my brothers flag football game and seeing all the hours i had spent teaching him had payed off,pride
3938,51753,my son did well in football last night,pride
3939,51755,I helped push a car that rolled on to a ladies foot.,pride
3940,51757,I won in a video game,pride
3941,51758,I told my family I was leaving the UK to travel full-time and they were all so happy for me,pride
3942,51760,I was made an offer to study a prestigious teacher training course,pride
3943,51761,"I completed a half marathon, having never run before in my life I committed to the training for this event for 5 months and worked really hard to complete the training and eventually the run itself.",pride
3944,51762,"Working on current art commission, I worked hard and it turned out pretty well",pride
3945,51763,I felt pride when I worked hard on an assignment for school and then received a high mark on the assignment.,pride
3946,51765,"When my brother came out to me as Transgender.  I felt nothing but love for him when he told me, and I couldn't have felt more proud of him for accepting himself for who he is.",pride
3947,51767,i qualified as a nurse,pride
3948,51768,I finally put up my kitchen blinds because I'd put it off for a year!,pride
3949,51769,I obtained my air brake endorsement on my drivers license.,pride
3950,51770,I felt pride when I helped my brother build a website for his consulting business because he really liked the end product and the work and effort I had put into it.,pride
3951,51771,I got a complimentary review of my work,pride
3952,51772,I got the management position,pride
3953,51773,I felt PRIDE when my son become the overall best student,pride
3954,51774,I felt pride when I aced a test.,pride
3955,51775,I had my baby in the water all natural,pride
3956,51776,When my son told me he saved a butterfly from a puddle because I felt like I was raising a good and kind person and it made me really proud of him that he'd think to save an insect.,pride
3957,51777,My young son building a train track on his own,pride
3958,51778,i receive a thank you for doing something i deem is normal,pride
3959,51779,I got a job because I'm autistic,pride
3960,51780,i overcame my fear of swimming,pride
3961,51781,my name was called out as I walked on stage for my university graduation.,pride
3962,51782,I felt pride when my son got voted head boy at school,pride
3963,51784,I complete a party successfully in my event business,pride
3964,51785,when i was awarded an award at work. it's a thank you award given out each month for hard work and effort.,pride
3965,51786,I felt pride when my group assignment based on my idea came back with amazing marks.,pride
3966,51787,I helped a partially sighted patient at work with getting some new equipment that made a real difference to their life.,pride
3967,51788,When I graduated university,pride
3968,51789,I won a public speaking competition,pride
3969,51790,"I learned how to play the guitar.  I had played a lot throughout my childhood, and after years of practice, I got to a point where I felt comfortable to play a gig on stage at a bar with some friends of mine.  Felt very proud of myself that night.",pride
3970,51791,my child got an award at school and showed it to me,pride
3971,51792,when i succeeded at my current product development project,pride
3972,51793,completed a virtual marathon,pride
3973,51795,I became chartered,pride
3974,51796,I realised I'd lost so much weight after the birth of my first son. I went from a size 20 to a size 10-12 and I did it completely healthfully and on my own without slimming aids. A relative of my husbands came to stay that I hadn't seen in a few years and he asked my husband who I was. It was then i'd realised how far I'd come,pride
3975,51797,I felt pride when I completed my DofE silver,pride
3976,51798,when i attented graduation for my bachelors degree as it required a lot of work and stress to complete nad meant I was ready for a career.,pride
3977,51799,My boyfriend said he was proud of me,pride
3978,51801,I did really well in a course I didn't think I would do well in,pride
3979,51802,I felt pride when my daughter won an award,pride
3980,51803,I put on makeup,pride
3981,51804,i see my daughters achieve things - daughters nativity play,pride
3982,51805,i spoke at my nans funeral,pride
3983,51806,I felt pride when I got to wear a Park Ranger flat hat (an important symbol of my career path) for the first time.,pride
3984,51807,My son attestation when becoming a police officer,pride
3985,51808,I felt pride when I got myself a new pair of nike air force 1s because it felt really good putting on the latest pairs at the time.,pride
3986,51719,When I built my home and we moved in.,pride
3987,51720,I felt pride when I got my first job as a teacher.This is because of how much effort I had put in that year and what I had been through to get the job. Secondly because of how hard I had worked and how good the job is and was.,pride
3988,51721,i got a new job!,pride
3989,51722,I felt PRIDE when I aced 4 exams in one week,pride
3990,51723,My girlfriend got her ideal job after days of coaching from me,pride
3991,51725,I completed a project,pride
3992,51726,my Dad was able to break his smoking habit.  My father was a smoker for 46 years before he finally managed to quit.  I was so proud that he was able to do that for himself.,pride
3993,51727,Accomplished a goal I had for my running,pride
3994,51729,I realised that I have become the person I had always hoped I would be.,pride
3995,51730,I felt pride when I passed my PhD viva because it was a lot of work and things such as personal loss and the pandemic made the last year and a half particularly challenging.,pride
3996,51731,My husband and his team mates came 5th in a UK  24hr go-karting event/race,pride
3997,51732,I crochet. I finished a blanket for my best friend for her baby shower. I showed it to a couple of my friends and they loved it!,pride
3998,51733,my husband passed his probation in his new job,pride
3999,51734,When my colleagues commended me on a presentation,pride
4000,51735,My counsellor said I am enough,pride
4001,51736,"I made a cute amigurumi frog and he turned out well and I didn't think I'd be able to, and I gave it as a gift to my bf's mom.",pride
4002,51738,I went to lgbt pride.,pride
4003,51739,i felt pride when i completed my assignment,pride
4004,51740,"I receive good marks in school, in which I work hard for.",pride
4005,51741,my child performed on stage,pride
4006,51745,I have 2 beautiful sons.,pride
4007,51747,Because I had my newborn grandson out in public and he is beautiful and people were looking and cooing at him,pride
4008,51748,When my son passed his level 2 swim exam on his second try as it took him 6 times to pass level 1.,pride
4009,51690,my brother came out as gay,pride
4010,51693,my son said his first word,pride
4011,51694,"I used to answer emergency ambulance calls, I felt pride when I received a letter last week to say that I had saved a patient's life who was in cardiac arrest, I gave CPR instructions over the phone and they survived.",pride
4012,51695,My daughter had a great parents evening,pride
4013,51697,my boss told me that he was leaving his role and told the CEO that I was the only person who could replace him,pride
4014,51698,im able to make someone smile through an act of kidness.,pride
4015,51699,I attended a social event for the first time as a single women following a divorce,pride
4016,51702,i am proud of how well i did in my practicals yesterday,pride
4017,51705,"I graduated from sixth form, with the grades that I had strived to achieve.",pride
4018,51706,my boyfriend and I managed to overcome a big hurdle in our relationship. I felt very proud of both of us for how we handled the situation and how we became stronger as a result,pride
4019,51707,I felt pride in learning my new job all remotely during the pandemic,pride
4020,51708,my son came home with a headteacher's certificate from school for having a positive attitude and being kind,pride
4021,51709,the day that my 30 year old stepson asked if he could call me dad!,pride
4022,51710,I felt pride when I graduated from school because it took many years and a lot of work to get to the point where I completed the program.,pride
4023,51711,"One moment I felt pride was when I was an NCO in my cadets squadron, and I was issuing commands to the new recruits. Being able to be in such a position made me feel immense personal growth and responsibility.",pride
4024,51712,my children are kind to others,pride
4025,51713,Because I'm married to a wonderful man.,pride
4026,51714,I played above my own standards in a match of League of Legends,pride
4027,51715,"the day I was celebrating my 30th birthday, I didn't really knew that my my wife have invited all my friends and colleges. after work that day, she told me to get something from her mum along  and that took some hours. on getting home, I was very surprise to see my friend sibling and parent around. I was overwhelm and felt proud.",pride
4028,51716,"i felt pride about my finances, there was a day i went for shopping their was this particular freezer i saw  and like it but  i did not prepare to purchase but because i had enough money in my account i have to purchase  the freezer",pride
4029,51718,I got married to my partner.,pride
4030,6632,I traveled alone for the first time.,pride
4031,6633,when my son first learned how to walk.,pride
4032,6634,I completed a particularly challenging work task,pride
4033,6635,My son got a good report at school,pride
4034,6636,i made a daily goal to practice speaking japanese for 20 min every day and have stuck with it since,pride
4035,6637,I seen a student that I support carry out a task in the way that I have taught them without my help. This student has additional support needs (down syndrome) and I was not sure they had fully learned the process until I witnessed them carry it out.,pride
4036,6638,"My daughter walked for the first time, following my encouragement",pride
4037,6641,Son started school,pride
4038,6642,someone i love achieved something they set out to do,pride
4039,6643,My son stood up to the class bully and told him to leave himself and his friends alone.,pride
4040,6645,I scored a goal.,pride
4041,6646,I finally paid off my outstanding debts,pride
4042,6647,When I won a tournament with my badminton team,pride
4043,6648,I felt pride when I won honor marcher in the band my senior year because I had taken two years away from band and I worked so hard for weeks over the summer to relearn an instrument after two years and learn the show and the first honor marcher of the season is judged over a long period of time while others are only judged for a week so I had to impress my directors for a long time and not just one week. It was so awesome to get my name announced in front of the whole football stadium and my dad and other family members were really proud of me and I usually don't ever get to do anything to make them proud of me like that,pride
4044,6649,I was offered a new job and they offered me the position above the one I interviewed for with great pay,pride
4045,6652,"I felt pride when I organised, managed and played in an ice hockey varsity game. It had never been done before and the team was in financial trouble and I saw it as a great opportunity to make some money for the club and also to give the team and sport some exposure. It took a lot to get other members on the team to buy in but eventually they did. On the night of the game we made £1700 for the team and wider club which helped pay for a lot of different things. Not only that but over the following years the game just got bigger and bigger each year with the game eventually being played in front of 3000 people. It gave me immense pride to have this initial idea for it to grow into a great spectator event, but also a game that the guy who took part in it will remember for the rest of their lives.",pride
4046,6654,I felt proud at having cared for my grandad after my grandmas passing. I spent evenings after work taking care of him at a time that was emotionally challenging and I am proud of myself for putting in the time and effort for something  so worthwhile,pride
4047,6657,"i participated in pride march, surrounded by people who look and accepted me.",pride
4048,6658,I felt pride when my family was proud of me.,pride
4049,6659,my son first learnt how to crawl,pride
4050,6660,I felt pride when my ex told me she found me attractive.,pride
4051,6661,When I showed my friends my newly decorated apartment,pride
4052,6663,A gallery that I have work on display with shared my work on social media.,pride
4053,6664,getting my drivers license,pride
4054,6665,I look at the people my children are becoming.,pride
4055,6668,I watched my daughter count up to 12 (in front of her Grandma) when simply moving magnets from one fridge to another,pride
4056,6669,The CEO was looking at a piece of my work,pride
4057,6671,I felt pride when I got comments about my boys behaviour because it made me feel proud,pride
4058,6675,My daughter did really well with visiting the dr and dentist,pride
4059,6676,when I cashed the first paycheque from the first month as my own business.,pride
4060,6678,I felt pride when I got a payrise at work,pride
4061,6679,I got an email after waiting for weeks to let me know that I got into the county rugby team after trials.,pride
4062,6681,I felt pride when my children do something new and amazing. It makes me feel proud to be their mummy.,pride
4063,6682,watching my niece perform in a west end stage show in london,pride
4064,6684,i feel like i have to reach out to certain individuals first often.,pride
4065,6685,People complimented my kids Halloween costumes,pride
4066,6686,my rescue dog showed great recall when out walking.,pride
4067,6687,My son won his showjumping class,pride
4068,6688,When my daughter moved up in her swimming grade,pride
4069,6689,When I successfully got the money out of a customer that was not going to pay what they owed,pride
4070,6690,When England qualified for the Euro 2020 finals,pride
4071,6691,I first set up the LGBT club in my school.,pride
4072,6693,I completed a 10 mile running race,pride
4073,6694,Won in a video game,pride
4074,6695,somebody commented how well behaved the grandchildren were when out with me,pride
4075,6696,I saw my daughter perform at her gymnastics show,pride
4076,6697,I decorated my house by myself,pride
4077,6699,It was my sons speech and drama exam. He went up on the stage and recited his poem in front of the audience. I felt unbelievable pride watching him so confidently speak.,pride
4078,6700,I paid off my car loan,pride
4079,6701,When my son scored 98%in Math Advance placement in grade 11,pride
4080,6703,I completed the 3 peals challenge,pride
4081,6704,"I gave a talk at an academic conference. Around half-way through, my e-notes malfunctioned and went away. I proceeded to step away and just give the talk without notes. It went incredibly well and gave me an intense feeling of pride",pride
4082,6705,my daughter stood up for herself to a bully. I felt really proud of her because she was brave and confident and managed to be firm while not becoming a bully herself,pride
4083,6706,I found mistakes in someone else’s work and managed to fix it because it was causing my major problems and my boss saw how capable I am.,pride
4084,6707,I recently bough a new car,pride
4085,6708,I introduced my girlfriend to my family,pride
4086,6709,when I bought my house,pride
4087,6711,"I felt pride when I received my diploma from the university's faculty of extension. I had completed a set of courses on management development - essentially, a night school B. Comm. It took me almost 5 years to get the money and time in place to finish. I didn't have a fancy graduation ceremony, the receptionist at the faculty just handed the diploma over the desk.",pride
4088,6712,"my daughter went to a birthday party for the first time because she was so sweet, polite, enjoyed playing with other children, and it was such a heart warming experience and I was so proud of her",pride
4089,6714,I managed to take on a higher role without any experience and achieved a lot of success from it,pride
4090,6716,my son started school,pride
4091,6717,my proposal was selected for my first solo artist exhibition at a local gallery as it validated my choice to pursue my B.F.A. and become an artist even though I had a previous degree in sciences.,pride
4092,6718,"When my child got picked as Joseph for the school play. so proud, done a cute job",pride
4093,6720,"I read in the press that the Irish Naval Service had sent its flagship to the Mediterranean to help in the rescue of migrants from Libya. As it is one of very few ships, it was a significant gesture in support of the European effort.",pride
4094,6721,When I received a positive evaluation at the end of a difficult year of work,pride
4095,6722,"my roommate told me I am good at cooking, especially with knowing what amounts are without measuring, or making soups from my mind rather than a recipe.",pride
4096,6723,I completed my final project for an art class and everyone loved it.,pride
4097,6724,I helped someone in need,pride
4098,6728,I sang with the band at a church service for the first time. The band is very amateur and there are no auditions but I had worked hard to prepare well and do my best. A couple of days later I got a message from a friend who had heard me sing and told me it sounded great. This friend is not only honest but is professionally trained in theatre arts so doesn't give that kind of feedback lightly. The coment made me feel proud of my preparation and performance.,pride
4099,6729,my youngest son who has a health condition has progressed and is slowly beginning to speak as he has a speech deficit,pride
4100,6730,my daughter learnt to ride her bike.,pride
4101,6731,"my mother appeared on national television and told the story of the child she adopted and her search for the birth mother, and ended up being surprised on the show when they found his birth mother.",pride
4102,6732,i took a moment to look back and saw how far i had come mentally over the last year,pride
4103,7105,When I saw my nephew take his first steps because I have seen him grow since a baby.,pride
4104,7107,I've spent a day gardening and my garden looks great,pride
4105,7108,My little brother came out as gay because I myself am a pansexual girl whose marrying a woman and being raised by a homophobic mother I know how hard it was for him and I couldn't be more full of pride,pride
4106,7109,I felt PRIDE when I quit a toxic work environment after 9 years of pure hell.,pride
4107,7111,when i read the correspondence from my fathers colleagues and friends after he died and realised how well thought of he was,pride
4108,7113,When I wrapped up a load of birthday presents and they didn’t look awful,pride
4109,7117,I was trusted enough to train someone at work despite not being there long myself.,pride
4110,7118,That I put together a funeral service for my Aunt,pride
4111,7123,"I felt pride when my son (13), who has always feared being bullied called his teacher aside and explained his feelings to her about an incident where she embarrassed and singled him out. He acted so maturely and confident. I was so proud of his emotional intelligence",pride
4112,7124,i boxed because it was a challange,pride
4113,7125,when I do something good,pride
4114,7128,I watched my baby girl walk for the first time,pride
4115,7130,I felt pride when I got my first sale on my small business I started.,pride
4116,7131,I managed to be no contact with my narcissist ex and escape his claws from driving me back into his drama.,pride
4117,7132,"the first time I landed in America, because it had been a childhood dream that I finally managed to realise",pride
4118,7133,moved into my first flat (moving out of parents house),pride
4119,7134,A friend described me as her angel because I had travelled by several buses to bring her to a group meeting over several weeks when she wasn’t able to leave home alone.,pride
4120,7135,I am able to help someone with something they need,pride
4121,7136,I felt pride when I made a new friend at college because I struggled to find somebody trustworthy and ‘’my kind of person”. I’m not very social and I don’t like to talk outside of work so I was filled with pride when I found myself a friend who felt the same way. I was full of pride because I embraced who I really was and I didn’t feel so alone because I knew there were people like me.,pride
4122,7138,when at 25 I over came my anxiety and depression enough to  finally receive my drivers license,pride
4123,7139,I managed to finish trimming a ceramic pot well after nearly ruining it.,pride
4124,86,On the anniversary of my business,pride
4125,2159,I thought I had made a major mistake at work only to find I had not,relief
4126,2160,My partner came home after a night in the hopital,relief
4127,2161,I passed my Irish language test,relief
4128,2144,Finding out my degree classification,relief
4129,2145,I completed my degree and found out I got a 1st Class Degree overall.,relief
4130,2146,when I finished my last clinical placement of my master's degree,relief
4131,2147,I finally left a job that was bringing me down,relief
4132,2149,when my daughter recovered from a bad seizure in hospital,relief
4133,2150,I got the correct ferry,relief
4134,2151,When I got my dream job,relief
4135,2152,A young man who I witnessed jump into a river was not badly injured,relief
4136,2153,relief was felt when i eventually passed my driving test as i didnt need to continue practicing and spending all my money,relief
4137,2154,When I didn't have to go to a event.,relief
4138,2155,when I passed my driving test,relief
4139,2156,i HAVE FINISHED at the end of term,relief
4140,2157,I found out I didn't love my credit card,relief
4141,2158,"I had my first vaccine, as I have a fear of needles but it was not as bad as I thought it would be.",relief
4142,3976,I felt relief when my best friend called me after being MIA for a week.,relief
4143,3977,"I finished the end of my contracted work and was going to be out of work AND also not have any government support. But I was able to reapply for government support and when I got the email that it had been accepted, and that I also had a concession card again, it was relieving. I still need to find more work, but I won't be completely hopeless.",relief
4144,3978,When I went to a beach it was such a wonderful feeling,relief
4145,3979,I got my a-level results,relief
4146,3980,when I quit my last job,relief
4147,3981,I finally found my bank card,relief
4148,3982,I found out I had legal help,relief
4149,3983,when I got a professional massage because I felt like I could finally relax and did not have to worry about anything.,relief
4150,3984,my coworker said she would keep my information private,relief
4151,3985,"I felt relief when I told my partner I was non-binary, and they accepted me for who I am with open arms.",relief
4152,3986,I got my first flat,relief
4153,3987,"I felt relief when I decided to drop out of my college program. I had been struggling mentally and every time I asked a professor for help they just told me to read the instructions or figure it out myself, and I felt a giant weight lift off my shoulders when I finally dropped out.",relief
4154,3988,"I felt relief when I had to go to hospital because I was in severe pain with kidney stones, the pain was so bad that I had to have an injection of morphine which provided relief within a few minutes from the pain.",relief
4155,3991,I felt relief when I managed to complete a work task that I had been putting off.,relief
4156,3992,I felt relief when I found out that I was accepted to the universities of my choice.,relief
4157,3993,We successfully purchased our house.,relief
4158,3994,i felt relief sometime ago when i was trading on a forex account and i forgot to add my sto ploss to control my risk and i slept off. i woke up to see that the trade went in my favor later .,relief
4159,3995,I felt relief when i was told I had been misdiagnosed and that my health was mostly fine,relief
4160,3997,"a tornado came within a couple blocks of my house, but fortunately went past me.",relief
4161,3998,I didn't have to go to my senior year graduation.,relief
4162,3999,"The same day I broke my arm, I had surgery to secure it with a plate.  It was performed very late after a very unpleasant day and finished just after midnight.  One of the most relieving experiences I've ever had was waking up on the gurney with an arm that no longer had two halves of a bone jousting with each other.  I was wheeled back to my room and had my first proper sleep since about 4am the previous day.",relief
4163,31000,I felt relief when I got my period once because I was afraid I was pregnant.,relief
4164,31001,I made the decision to retire from work as I had no control over ome events that were causing me great deal of stress and anxiety. Relief because work was one less stressful situation to deal with,relief
4165,31002,the event I went to went well and smoothly and I got home safely.,relief
4166,31003,I rewrote an examination and i passed.,relief
4167,3888,"when I submitted an assessment less than an hour before the due date. I guess it was relieving because up until that point I'd be very stressed, and relief is a very sudden release of that stress knowing that everything is going to be okay. I don't like that I stress over assessments and grades and leave things til last minute, but I always do, it's always relieving to submit something that I wasn't enjoying doing.",relief
4168,3889,I graduated college with my bachelor's degree.,relief
4169,3890,"I felt relief the time that I thought my dad had seriously injured himself while cutting down a dead tree branch. Turns out, the design on his shirt was a red splatter pattern-not blood seeping through from the chest area.",relief
4170,3891,"I felt relief when I knew that I could sleep in and take a break after completing my masters program. I had been working so hard consistently for so long without much of a break, so knowing that after I finished my program I could do the things I wanted to do freely on my own time was very relieving.",relief
4171,3892,My brother tested negative for Covid,relief
4172,3893,I got on the plane to come back to the USA from Kuwait to be with my family.,relief
4173,3895,my mother told me her biopsy result was negative,relief
4174,3896,I spoke to my family about my poor mental health and that I had failed my uni degree because of it and they understood. It felt like a weight had been lifted after being able to talk about my struggles and being able to talk with them about it,relief
4175,3897,I got the all clear from a health test,relief
4176,3898,I finished a HIIT workout because it was seriously tiring and I came close to passing out. So when it ended I was relieved that it was all over.,relief
4177,3899,I finished my maths work minutes before a cutoff deadline,relief
4178,3900,When I passed my most recent exam in order to continue to qualify for my professional qualification,relief
4179,3902,I dropped my toxic friends,relief
4180,3903,"my cat was very sick and I thought she was going to die, but I took her to the vet and they treated her and she got better",relief
4181,3904,I got my hardest exam back and I got an A,relief
4182,3905,I was able to relax and work on artistic endeavors,relief
4183,3906,I felt relief when I was working as a lifeguard and a boy began to drown and he was given CPR and then began breathing on his own again and was safe and alive.,relief
4184,3910,a family relative was diagnosed with MS but was later proven it was wrong diagnosis,relief
4185,3911,i felt relief when i heard you are alright,relief
4186,3912,"I felt relief when after my brother hit my car and I thought that my car was broken but when we took it to the mechanic, it was all superficial damage and the mechanic didn't even charge us!",relief
4187,3913,I left hospital following a COVID-19 infection,relief
4188,3914,I felt relief when I graduated high school,relief
4189,3915,"I felt relief when I was almost caught on a high dose of cannabis, but managed to avoid possible observers by hiding until I became sober.",relief
4190,3916,i felt RELIEF when i was done paying off a student loan.,relief
4191,3918,the first time I had a sleepover with my boyfriend,relief
4192,3919,I found out I wasnt pregnant after missing my period for 4 months,relief
4193,3920,When I found out I got accepted into college,relief
4194,3922,i was finally diagnosed with depression and recieving help,relief
4195,3923,I felt relief when I realized I was able to quit my job to pursue my education.,relief
4196,3924,I realized I wasn't a bad person,relief
4197,3925,When I got off of probation.,relief
4198,3926,I got enough money to sort my bills,relief
4199,3927,I was safe from the storm,relief
4200,3928,I got a negative test for a disease that I thought I might have.,relief
4201,3930,"I had a sore throat, was tested for Covid-19, and it was negative.",relief
4202,3932,I signed the lease for the place i would stay in Vancouver.,relief
4203,3933,I completed a project at work that I had been working on for months.,relief
4204,3934,I found relief when I was able to keep my job during a worldwide pandemic,relief
4205,3935,I felt relief when I was finally able to enroll in classes for college after not being able to enroll in any of the ones I had picked out because they got filled quickly. I thought I was not going to be able to attend school that semester.,relief
4206,3936,I felt relief when I got into university,relief
4207,3937,When I found my dog,relief
4208,3938,"When I got accepted into collect, I'd worked so hard for so long and eventually my hard work had paid off",relief
4209,3939,My sister's doctor appointment went well.,relief
4210,3940,I was able to leave one job to start a new one,relief
4211,3941,"I felt relief when I was able to turn in a recycled (which is to say, plagiarized from my earlier essays, but rewritten and resourced in order to avoid detection) and was able to avoid being accused of plagiarism.",relief
4212,3942,I found my child,relief
4213,3944,When I got a good. response on an article I wrote for work because I had been stressing out about it all week.,relief
4214,3945,when it was announced that covid restrictions would be lifted within 6 weeks,relief
4215,3946,i found my missing pet,relief
4216,3947,When I got accepted for my current job because I needed a new job.,relief
4217,3948,I felt relief when my COVID test came back negative,relief
4218,3949,I came out and received (mostly) positive feedback,relief
4219,3950,When I got hired at walmart,relief
4220,3951,"my husband and I bought groceries, and we had fully stocked freezer, fridge and pantry.",relief
4221,3952,When I found out my eye surgery was successful.,relief
4222,3953,When i told my boss i was leaving because the job was so stressful and i was overworked and underpaid,relief
4223,3954,"I felt relief when I thought I had failed second semester of college, but I ended up passing all of my classes.",relief
4224,3955,we got power back after a power outage for over a week.,relief
4225,3956,"I felt relief when I saw I had more money than I thought I did in my savings. This has happened a few times, but in this case, it meant I could pay all my bills and have about a week without worrying about my finances, which is very rare for me.",relief
4226,3957,I finish a shift of work as an essential worker during the COVID-19 pandemic.,relief
4227,3958,I felt relief when I found out my boyfriend wanted to stay together despite moving to a different city.,relief
4228,3959,I thought I was going to do badly on my exams but I ended up doing well,relief
4229,3960,"I felt relief the day that I moved in with my partner because I had been dreading it, and once it happened I realized I was worrying about nothing.",relief
4230,3961,I got a job I applied for,relief
4231,3964,I thought my boss was upset with me about a mistake I made at work but it turned out she was really understanding once I spoke with her.,relief
4232,3965,my partner was given the all clear for cancer.,relief
4233,3966,I'm supposed to speak publicly but the event gets cancelled.,relief
4234,3967,I saw I could go to school,relief
4235,3968,My operation for placing a stent in my heart was over,relief
4236,3969,"I felt relief when I entered my car and saw that it has been broken into but that nothing was taken or damaged. Someone had gone through it over night. In the morning, I got into the car to go to work and saw they the contents of the glove compartment and centre console had been emptied all over the seat and floor. I searched through and was relieved to find nothing was missing or damaged.",relief
4237,3970,I got my job,relief
4238,3971,school ended because i had nothing to worry about,relief
4239,3972,I found out  that i had already paid the landlord the rent due for the month as i was low on cash at the time,relief
4240,3973,I felt relief when I was able to collect enough money for my business to make payroll. I was worried I did not have enough money in the business bank account to pay employees for the time period and wasn't sure what to do. At the last minute I had a few customers make payments on their accounts and was able to successfully pay my employees.,relief
4241,3975,I felt relief when I got a job at my current position permanently.,relief
4242,41272,"The local authority accepted my education report for my children's home education, meaning I don't need to worry about a surprise doorstep visit.",relief
4243,41273,I found out I was accepted for a rental property,relief
4244,41276,I felt relief when I was told by the chiropractor he could get rid of the pain in my shoulder.,relief
4245,41277,I caught my pony that had escaped the field,relief
4246,41278,I felt relief when my boyfriend said I could move in when my flat flooded,relief
4247,41279,"I felt relief when, after helping a female friend of mine move out of a house with her abusive spouse, where they got into a physical altercation over something she tried to remove, it came to no legal trouble for me. I tried to stop them from fighting, but I was worried that when he contacted the police, he would implicate me in his getting injured. I did receive a call from the police to ask what happened, but he had not blamed me. Given his anger during the situation, and that I was helping his wife move out, I thought I'd get dragged in.",relief
4248,41281,Got a promotion,relief
4249,41282,I felt relief when I was worried last week from a vaccination that gave me severe side effects and I received an antidote and finally started to get well again. I felt relieved because I was worried as I struggled to function and breathe for several days until I was provided with the dose to help me feel better.,relief
4250,41283,I found out my exam results from the end of my second year at university.,relief
4251,41284,"at work, i made an extreme lapse in judgement which led me to fear being fired. however, i was amazed to learn that i was not going to be fired for this event. i have never felt the feeling of relief as strong as this.",relief
4252,41285,Catching an expensive train that I thought I wouldn't make.,relief
4253,41286,I felt relief when Geoff held me.,relief
4254,41287,I felt relief when I woke up this morning because another day had passed,relief
4255,41288,Submitting all my a level photography work for the deadline when being miles behind at the beginning of covid,relief
4256,41289,"My boss called me into her office randomly and didn't say why. It turned out everybody in our office was being moved to different branches. But because I was already scheduled to move, it didn't really affect me.",relief
4257,41290,I felt relief when I was able to finish a project I was working on in time for presentation,relief
4258,41291,When my son under went tongue tie surgery because it improved his weight gain and our feeding experience,relief
4259,41212,I felt relief when I got offered a new job.,relief
4260,41215,I felt relief when I thought I was going to aqua plane my car and crash but didn’t.,relief
4261,41216,I felt relief when I got my new job because I’d been trying to get a job for a while and knew it was going to help me financially,relief
4262,41217,I felt relief when I thought I had covid-19 and would miss out on valuable school clinic time but the test came back negative,relief
4263,41218,I moved out of my parents’ home,relief
4264,41219,Caught my bus that I was running for,relief
4265,41220,"I felt relief when I was very broke and I needed some money to pay for a particular bill that came up unexpected. My car engine broke down and I wasn't expecting such situation to happen initially, but the situation happened at a time when I had no money.But at the end of the day, my close friend loaned me some money to fix the problem, so i was well relieved.",relief
4266,41221,"I felt RELIEF when I started training the new girl and she was cool and fit in with me and my other coworker. The team is really divided and full of bullies, so I was glad when we had another sane person to vent to.",relief
4267,41222,Things go to plan,relief
4268,41223,I felt relief after going on a short vacation with my family.,relief
4269,41224,I had to take my child to hospital with a high temperature and suspected meningitis. I felt relief when the test results came back negative.,relief
4270,41225,My car was hit by a drunk driver and because it's an older car we were pretty sure it would be totaled even though the damage was only cosmetic. It was totaled but his insurance let us take the car back and gave a couple grand for when we get a new car. It was a relief to be able to get the car back because I don't have another one yet.,relief
4271,41226,"I moved to Brisbane. It was a big step in my life, and everything went according to plan. It was the first time I lived outside my home city, so it was a relief it was a smooth transition.",relief
4272,41227,"I found out that I gained a 2:1 in my degree - I didn't think I did very well in my final exams, so was relieved when I found out my result.",relief
4273,41228,My grandad recovered from a temporary ailment. I have not lost anyone close to me as yet and I did not feel ready to. This was the closest I have come and I felt a sense of hopelessness and upset and so the relief when it was not life threatening was huge.,relief
4274,41229,I felt relief when I graduated from university,relief
4275,41230,I felt relief when I found my lost dog because he was a security blanket for me,relief
4276,41231,I felt relief when I finally graduated college. I knew that I would never have to stress over any more assignments or how I would be able to get them done in time and no longer feel the fact that everyday I am in college my debt is getting worse.,relief
4277,41232,"after a rough mental health week I talked to my friends and apologized for not being my best self recently (short tempered, a bit disconnected etc.) and they assured me that I had nothing to apologize for and that they did not take it personally. Felt relieved about that because I don't want my mental health to interfere with my relatinoships",relief
4278,41233,An important meeting went well,relief
4279,41235,Leaving a bad job,relief
4280,41236,Arsenal won 2 games,relief
4281,41237,"I found out that I did not have to do something in my planned trip which I did not personally like, but another friend was trying to convince the others to do.",relief
4282,41238,I felt relief when I did well on a chemistry test I was certain i had failed.,relief
4283,41239,I found out my mam didn't need a serious surgery,relief
4284,41240,when my parents came back negative for a COVID test.,relief
4285,41241,When my mum got released from hospital,relief
4286,41242,I passed the CFP exam,relief
4287,41243,"I felt RELIEF a couple days ago when my roommates and I found a stuffed teddy bear on our front bear with its chest cut open, and police investigated the situation and confirmed that it was just a prank played by our neighbors. Before we were informed that our neighbors were responsible, we were very afraid. There are so many sick people in this world that it is so hard to tell when situations like this are nothing serious.",relief
4288,41244,I felt relief after my family dog came out of surgery alright after having kidney issues.,relief
4289,41245,I paid off a $45 bill for an ambulance i took because i had a heatstroke. It was about to be such where i wouldnt be able to pay it before i would have to pay more because i had forgot about it as i had just had a heatstroke and forgot to file it when i got it.,relief
4290,41246,"I texted my friend to drop off her hard drive at my house in my mailbox when I was gone. When I arrived home, it was not there. I was worried that it might have been stolen. I texted her back and she said she had literally just dropped it off moments ago. I went back to check and sure enough, there it was, in the mailbox.",relief
4291,41247,I could lay down knowing I did not have any tasks due in the near future.,relief
4292,41249,I procrastinated and was able to turn in my final project on time,relief
4293,41250,"I felt relief when I got accepted into my first choice of university into the nursing program. I felt a sense of accomplishment and relief as I felt good enough, and smart enough to be apart of this program. I was relieved that I would be able to leave home, and travel to a new state, where I would be able to meet new people and have new experiences.",relief
4294,41251,"i got into university. Because i felt like i actually had a future, and wouldn't feel any regret with my past education.",relief
4295,41252,I finally told someone a secret that was making me anxious for several months. I was in a lot of debt and I finally told someone who helped me organise a plan to get out of it.,relief
4296,41254,I was going to court for a traffic ticket and it was dismissed.,relief
4297,41255,when I finished my uni assignment.,relief
4298,41256,I woke up from an unpleasant dream and realized it didn't really happen,relief
4299,41257,I finished my Master's degree in the middle of covid lockdown,relief
4300,41258,"When I found out I had not jeopardized my paycheck by submitting my invoice before I had received an auto invoice. I had been loosely/vaguely instructed not to submit my invoice before receiving all my hours, but the automated hours were hadn't showed up on my invoice and the deadline for submission was approaching",relief
4301,41259,I felt relief when I was accepted into a community college while missing required documentation that was still in the mail.,relief
4302,41260,"I felt relief when I realized that despite my past, I had the ability to love again. After a horrible toxic relationship, I felt as if I would be better off alone forever. I moved to a different city, met new people and was able to fall in love again.",relief
4303,41261,I was paid on Friday and I didn't need to worry about my bills.,relief
4304,41262,"I felt relief when my wife successfully delivered our son. Prior to that moment, it has been very tensed for us.",relief
4305,41263,I felt relief when I found out that my next school term didn’t start until October.,relief
4306,41264,I felt relief when my mother's surgery went well,relief
4307,41265,I felt relief when my medical results were negative.,relief
4308,41266,I thought I had cancer but got the all clear,relief
4309,41267,when my parents divorced. I couldn't deal with being around my dad anymore as he was an alcoholic.,relief
4310,41268,I felt relief when I graduated college.,relief
4311,41269,I made up with a friend,relief
4312,41270,when I got accepted for my first job out of college,relief
4313,41271,"i felt relief when I found out that my boyfriends dog was going to be okay. They had taken the dog to the vet to get some tests and found out that if the results were bad, they would have to put him down.",relief
4314,41332,when I finally got the notice i would receive enough money from my student loans because my father would not give me his information and i wasnt sure if i could actually receive them. without them i would not be able to go to university,relief
4315,41333,I didn’t have to lead an important meeting at work,relief
4316,41334,My pay cheque being higher than expected so finances weren't quite as tight.,relief
4317,41335,I passed my exam because I needed to to continue in my course,relief
4318,41336,my daughter's covid test came back negative because I was close to going into labour and positive result would have meant labouring alone along with struggling to manage my daughter's illness.,relief
4319,41338,I felt relief when I was not called on in class to speak because I did not feel prepared to present on the information being discussed.,relief
4320,41339,I felt relief when my partner went to the hospital and ended up making a full recovery,relief
4321,41340,my fiance accepted my proposal,relief
4322,41343,I felt relief when I received my masters acceptance and saw that I got a scholarship too.,relief
4323,41344,my mother in law went to the ER and was told a medical condition wasn't an immediate emergency.,relief
4324,41346,I finish an assignment.,relief
4325,41347,My grandad beat cancer,relief
4326,41348,When I finally finished moving out of my apartment into my new place,relief
4327,41349,a recent dental surgery was over because I am terrified of dentists,relief
4328,41350,I'm under immense pressure at work but felt relief when my coworker related with me and said she's made mistakes before and that it's okay. Things carry on and it won't be the end of the world.,relief
4329,41352,I'm dog-sitting a puppy and I left him alone yesterday for the first time. When I came home he was napping and hadn't peed in the house or destroyed anything.,relief
4330,41353,I was able to make it home late at night despite being drunk,relief
4331,41354,I found my phone after forgetting it at a store,relief
4332,41356,i felt relief when i finally applied to jobs and attended the interviews after they asked me to respond,relief
4333,41357,the school year ended and I had a couple months to myself,relief
4334,41358,I cleaned and vacuumed my entire house,relief
4335,41360,When I made it through my surgery safely,relief
4336,41361,A medical diagnosis was not as bad as I thought,relief
4337,41362,I felt Relief when I was doing first aid on a student and their allergic reaction wasn't serious,relief
4338,41363,I felt relief when I arrived safely and calmly to our destination after driving a rental car in a different province.,relief
4339,41364,"I felt relief when my second child, Jonas, was born happy and healthy. That pregnancy was rough for me, my emotions were intense and my pain was also more intense. I was worried about his health because I was so stressed and sick the whole time.",relief
4340,41365,i finished my first econ quiz and turned it in,relief
4341,41366,"I felt relief after completing all of my exams for the week. Last week, I had three exams I had to take so most of my days were spent studying. After taking my last exam I felt relief, I felt like I could relax and take it easy for the remainder of the week and for the weekend.",relief
4342,41367,I felt relief when I passed my course at school.,relief
4343,41368,"I didn't have to answer a call on wednesday because it's been rescheduled, so I have time to calm myself down",relief
4344,41369,"Finding my phone, after I had lost it.",relief
4345,41313,A medical scan confirmed that I did not have a serious illness,relief
4346,41315,I felt relief when I took a Covid test on the day before my graduation and it was negative. I was relieved as if it was positive I wouldn't be able to attend my gradation the next day.,relief
4347,41316,"I felt relief when the advice I gave for a friend's math problem helped them solve the answer correctly. In an online chatroom, my friend asked for help answering a calculus question that they only had one attempt left to try to get right. When I successfully helped them through the problem, and the submission was successful, I was relieved that my advice wasn't wrong.",relief
4348,41317,I was trading and after taking a risk and being on course to lose money I had the patience and skill to turn it into a gain.,relief
4349,41318,I received news of a relative that successfully recovered from COVID-19,relief
4350,41319,So basically I felt a huge relief a few months back because let me start of by saying I’m 19 so I make minimum wage. So basically over the course of about two months I got about 4 speeding tickets each of them 200$ a piece so it was a lot for someone my age and I was working super hard. Anyways so one day I’m coming home from work super tired and upset because I know all my money from work is going towards these tickets right. So I get a phone call from my mom telling me she had a surprise for me and she pretty much went to the court house and paid all my ticket fees and the relief I felt knowing I wouldn’t have to slave my days away just to give my money back to the governing anyways I know this is long but I admire my mom for that and it was a big relief and weight off my chest !,relief
4351,41320,I came home from a long trip away from home,relief
4352,41321,I felt relief after getting my first car,relief
4353,41322,a miscommunication was resolved and an important assignment was accepted.,relief
4354,41323,I visited the doctor because I was having symptoms of pregnancy back then in high school. the doctor confirmed I was not pregnant.,relief
4355,41324,when I told the person I had feelings for how I felt about them,relief
4356,41325,I was able to pay off a long existing student loan that was causing financial harship.,relief
4357,41326,I was worried that my mail was stolen (this would've been the 3rd time this week) but I came inside and someone was kind and put it inside the door of my apartment building for me.,relief
4358,41327,i felt relief the first night i moved in with my boyfrend because i had my own space and never hd to worry about when i would see him again.,relief
4359,41328,When I received a raise that i needed to make ends meet.,relief
4360,41329,"I felt RELIEF when i came to know, my friend who is in hospital is feeling well now.",relief
4361,41331,"I felt RELIEF because when my wife had an operation at the hospital to take out a growth, it was successful. I was so happy the surgery was a success",relief
4362,41292,my friend got out of the hospital,relief
4363,41293,when I completed a chemistry exam.,relief
4364,41294,A family member was released from hospital,relief
4365,41295,My son was safely conceived.,relief
4366,41296,i felt relief when i heard that my cousin was not a part of the crew that suffered a crash.,relief
4367,41297,My little girl was In a accident she was ok,relief
4368,41298,"I felt relief when my daughter chose to live with me instead of her father. Her father and I have been separated for 10years since my daughter was 1year old. Him and I always got along well and co parented well until he remarried and his new wife did not treat my daughter well or like that I had contact with him. He was trying to push for my daughter to change her living arrangements from visiting him every second weekend to spending week on, week off between both households. The morals, values and influences that would be had over my daughter in that house worried me sick. I have seen the negative impact on the other child that lives in their household. I did not want to influence my daughters decision either way so I remained neutral and said the decision was up to her. It would have broken my heart and made me so worried if she had decided to go. But she chose to stay with me as she does not like the way she is treated in that household.",relief
4369,41299,I got my Leaving Cert results and had enough points to go to college,relief
4370,41300,I felt relief when my dad took care of a crucial part of my auto claim that I was stressing over.,relief
4371,41301,I felt relief after my boyfriend and I apologized to each other after a fight,relief
4372,41302,when I was able to quit my stressful job and found another one right away.,relief
4373,41303,I handed in a piece of work to a client that I wasn't very proud of but it turned out they were happy with it,relief
4374,41304,"I was concerned that I was pregnant and I did not want to be, and I have no desire to have children. So I was awaiting the results from a pregnancy test since my period was late. Seeing the negatives and a period shortly after was a huge relief.",relief
4375,41305,My nephew was born safely even with complications,relief
4376,41306,I felt relief when the vet came out to my car to tell me that my cat was ok after she'd had a bad reaction to a vaccination and I'd had to bring her back because I thought she might be dying.,relief
4377,41307,I finally got to see me boyfriend after a month apart.,relief
4378,41308,"I requested for an internship at a company that was highly competitive, and was accepted.",relief
4379,41309,I felt relief when I got vaccinated against covid-19.,relief
4380,41310,my son was born.,relief
4381,41311,I signed a lease to our house just before we became homeless.,relief
4382,51900,A friend of mine responded to an important email.,relief
4383,51901,I felt relief when I got to know that the course which I thought I would fail I latter perform excellently there,relief
4384,51902,I felt relief when I found out that I passed a physics test because it was exceptionally difficult and I needed to do well on the test to pass the course.,relief
4385,51903,I got my car back after it being in the garage for 3 weeks,relief
4386,51904,my sister helped me to pay my rent when I was struggling for money due to being unemployed.,relief
4387,51905,when my dog survived an attack,relief
4388,51906,I got the news that my friend was okay after a really bad accident.,relief
4389,51907,We sold our house and made an offer on another house which was accepted. I felt relieved that we had found a house we loved and that our offer was accepted.,relief
4390,51908,"I was abroad on holiday at Disneyland Paris before the first lockdowns and the whole time the pandemic was steadily getting worse and there was rumours that the parks and hotels would close and everyone would have to go home. Each day we woke up and went about our day, not knowing it our holiday would be cut short. This was a stressful time for me as I had always wanted to go to Disney and it was my first ever time and I was going to be gutted if it got cut short. However, we were able to enjoy our holiday and although the park did close, it closed at the end of our very last day there so we were able go travel home as planned, having had our whole holiday and we didn't need to claim anything back on our holiday insurance.",relief
4391,51909,I got my first covid vaccine,relief
4392,51910,I got safely to the bottom of a rocky path leading down from a mountain.,relief
4393,51911,Had surgery to fix a painful damaged lower back,relief
4394,51912,I realized I was taking a situation way too personally,relief
4395,51913,When my biology exam was cancelled because I was afraid I would not have enough time to study for it,relief
4396,51914,I saw my girlfriend after surgery,relief
4397,51915,my wife just left for work,relief
4398,51916,my mum came out of hospital,relief
4399,51917,"i felt relief when I last took my driving test and i returned to the test centre, whilst the result wasnt what I had wanted, I was glad it was over. Reaching the end of it felt as though a weight had been lifted and I could finally breathe again.",relief
4400,51918,My neice rang the bell to be cleared of cancer,relief
4401,51919,When my nannan was okay after her operation,relief
4402,51920,I discovered I passed my university exams,relief
4403,51921,"I smoked a joint at the end of the day. It helps me relax, and give me the kick I need to make it through to bed time.",relief
4404,51922,I got college placement place,relief
4405,51923,when I submitted an urgent project at work with minutes to spare,relief
4406,51924,I finally had my braces off after 4 years and a surgery to fix everything,relief
4407,51925,my COVID test came back negative,relief
4408,51926,I went to my first baby scan,relief
4409,51927,I felt relief when my mum came out of her surgery and everything had gone well because I was really worried about her and wanted her to be ok,relief
4410,51928,"I felt relief when my stepdaughter came on holiday and enjoyed the holiday, because she has been having mental health and behavioural problems",relief
4411,51809,When I graduated high school,relief
4412,51810,Returning home after a long day shopping,relief
4413,51811,"I got paid and was worried that they had messed up my pay and I would be left short for the bills and expenses I had for the month, but they didnt and I got paid correctly.",relief
4414,51812,"I had gotten back on land after my first time on a boat at sea.  When I was 16, I took a ferry ride that lasted about 6 hours.  It was my first time on a boat of that size, so I had never realized just how susceptible to sea sickness I truly was until the second hour of the trip.  I've never felt more relieved in my entire life than the moment that the boat docked, and I was able to finally set foot back on solid ground.",relief
4415,51813,Finding out I passed my nursing degree,relief
4416,51814,"I found out that I was able to defer my place at university for another year, due to my mental health and physical health, so that I could work on bettering myself during the year.",relief
4417,51815,I found out that a store had kept my wallet safe after I thought I had lost it a few days earlier,relief
4418,51816,"My mother lost consciousness on the phone and we were frightened for her life, but it was from pain due to breaking a bone, nothing more serious.",relief
4419,51817,I bought my new puppy,relief
4420,51818,the government announced our strict lockdown was ending,relief
4421,51819,my baby was born healthy,relief
4422,51820,Finding out that my insurance claim from a car accident came back as successful made me feel very relieved. With the incident against my name caused a lot of stress and for it to be determined as not my fault was a relief. There was also a monetary sense of relief with the third party insurer paying out.,relief
4423,51821,When my child settled well into school,relief
4424,51822,my son fell hard on the concrete today but wasn't hurt,relief
4425,51823,I felt relief when a turbulent flight I was on landed safely.,relief
4426,51824,I passed my exams in banking,relief
4427,51825,After a hard shift,relief
4428,51826,I received some test results back from the doctor that cleared me of further illnesses,relief
4429,51827,I found out I did not have cancer (after never being told they were looking for cancer),relief
4430,51828,I finished work yesterday.,relief
4431,51829,I gave birth to my daughter after a painful pregnancy,relief
4432,51830,I felt relief when I saved my nephew from falling down the stairs.,relief
4433,51831,I lost my daughter in the house and then I found her again,relief
4434,51832,when I finally got an iPad pro,relief
4435,51834,When finishing Christmas shopping within budget,relief
4436,51835,When my ex partner finally stopped harassing me. He would make me feel so scared that once it stopped I was so relieved.,relief
4437,51837,i thought my little girl had gone missing but she was hiding,relief
4438,51838,My daughter has very sensitive hearing but as a young baby health professionals thought she may have hearing loss due to her reaction to loud sudden sounds. She was referred to the audiologist and I felt relief once I was told there was nothing wrong with her hearing.,relief
4439,51839,when I received my A-level results which did not meet the entry requirements for my first choice university but the university accepted me on their foundation course instead so I could enter into the bachelors course the following academic year on passing the foundation.,relief
4440,51840,"I finally got my lab grade back. I was the only one who didn't get there's returned, so I thought I messed up.",relief
4441,51841,my child got a school place at our chosen school,relief
4442,51842,When I finished a work project.,relief
4443,51843,My mother finally ended the relationship with my then step father. He was very controlling and had brain washed her into his way of thinking. It was a common occurrence to have to try and deal with the next fallout every couple of weeks. After years of stress and the situation having a negative impact on the family she finally took the decision to get away from it all. It came as a huge relief to myself when she got settled in her own place away from him.,relief
4444,51844,I went to the dentist and I didn’t need any work done,relief
4445,51845,My cat coming home after being missing for 4 days,relief
4446,51846,I felt relief when I got my tooth out at the dentist because I was in pain.,relief
4447,51847,Moving back home after moving to London,relief
4448,51848,i gave birth to my daughter.  There were some health concerns whilst i was pregnant with her and i was anxious until she was actually born.  the birth was quick so the pain was not so bad but i felt such relief she was born without a disability.,relief
4449,51849,I realised I hadn’t had put the wrong fuel in my car,relief
4450,51851,when i finished my first interview,relief
4451,51852,made my flight on time after missing the bus,relief
4452,51853,"When I was having a tired, stressful day and my toddler finally fell asleep for her nap. I had lots to do and couldn’t manage doing it with her awake and wanting to play, so when she fell asleep it was a big relief that I could carry on without distraction.",relief
4453,51854,I felt relief when I finished an assignment,relief
4454,51855,a friend rescued me from waiting on the freeway when my car broke down,relief
4455,51856,I've finished work for the week,relief
4456,51857,I felt relief when my boss sent a message saying that I could switch from taking phone calls to responding to letters.,relief
4457,51858,"I felt relief when, after falling behind on a certain work task, I learned that my boss was taking a sick day and I didn't need to update her on my progress that day.",relief
4458,51859,I finished an interview for a job,relief
4459,51860,"My 4 year old son had just started school and was being a 'pickle'. We had been having a tricky morning with him not listening and general difficult behaviours. I had planned for us to go to a street festival in town. My partner arrived and we set out, but my son was still not in a good place.  As we left the flat my son became annoyed, and ran in the other direction.  My partner said ""I'll get him"", I waited but they did not return, I rang my partner, he said ""he just run into the road!"" I ran as fast as I could, but could not find them (there were lots of adjoining streets).  Then my partner called, he had my son, he was safe, and we reunited. I felt such a sense of relief that he was safe. Utterly overwhelming, and I picked him up and held him tight, and cried a little.",relief
4460,51862,I felt relief when I was able to move away from an awful area and into a place with my partner. For context I was living in a horrible area and was searching for ages to move and not able to find anywhere. A house I did not think I was going to get accept my details unexpectedly and I was able to leave.,relief
4461,51863,"my dog had to be rushed to the vets after collapsing due to vomitting several times. She had a weak pulse and was very pale. After a few minutes on oxygen she became more responsive, got her colour back and attempted to get up.",relief
4462,51864,I felt relieve when i spend time out with my family. It is always a refreshing moment,relief
4463,51865,I was given a clean bill of health after a long illness,relief
4464,51866,I felt relief when I was able to get my ipad to work after I thought it was broken,relief
4465,51867,My dad had a medical test and they said he was ok,relief
4466,51868,My brilliant daughter was accepted into Columbia University - with a full scholarship(!) - upon graduating High School.,relief
4467,51869,I felt relief when I found out my dog that went missing was found and safe. Our dog was with the dog sitter while we were out of the country so we were unable to do anything but luckily he was found quickly.,relief
4468,51870,Something wasn't true which I believed was.,relief
4469,51871,"I let my cat outside for the first time at night, and I thought he'd run off but he reappeared at the other side of the house",relief
4470,51872,I found out i could go back to my old job,relief
4471,51873,I saw my daughter after she disappeared briefly whilst playing outisde,relief
4472,51874,i was offered fulltime employment in another job after having my hours reduced,relief
4473,51875,I felt relief when I finished my final university exams as was able to finally relax and spend time doing things I love.,relief
4474,51876,I found over a hundred dollars in my pocket when I needed to pay rent and had thought I didn't have enough.,relief
4475,51877,i was once waiting for a train but it was delayed by hours and we were all waiting for a replacement bus service which was taking a very long time . I felt relief when the bus finally turned up.,relief
4476,51878,I hit my bonus for the month,relief
4477,51880,I found out I did not have COVID last week,relief
4478,51881,I felt relief when I found my lost phone.,relief
4479,51882,When certain committee members left the committee.,relief
4480,51883,I got a job after months of searching.,relief
4481,51884,I felt relief when getting a new job during my time at university which allowed me to support myself financially during my studies.,relief
4482,51886,I got a new job with higher pay,relief
4483,51888,I felt relief when I went to the doctors about a lump and found out it was nothing to worry about,relief
4484,51889,"I was being investigated for a brain tumour and I was not it was not a tumor nor cancerous, but inflammatory scarring caused by shingles",relief
4485,51891,"When I finally got my wisdom teeth removed. I was in pain from them for so many years and I finally had the money to get it done and to not have that pain anymore, it is a relief everyday.",relief
4486,51892,I finally finished my big assignment for university.,relief
4487,51893,I had spent over 6 hours doing a piece of work and splitting a lot of bills and in the end it all added up and was thoroughly checked by another team member at work and all correct.,relief
4488,51894,I felt relief when my friend offered me a business opportunity when I was on my last straw.,relief
4489,51895,My mum came home from hospital,relief
4490,51896,I've finally got round to doing a task which Ive been putting off.,relief
4491,51897,"I felt relief when my father died after a short illness because I feared that even if he recovered from his illness, he would then have a lifestyle and standard of living which he would not be happy with, and in which I would struggle to look after him satisfactorily.",relief
4492,51898,I felt RELIEF when I realized my partener had my back,relief
4493,51899,"i felt reliel when my dissertation results came through. Due to covid I did not have any 1-1 sessions, and because I had to delay the process because of a death in the family, I had no idea what grade I would have got. Yet the relief is massive.",relief
4494,51988,when my partner told me he was coming home from working away,relief
4495,51989,I felt relieved when I got diagnosed with autism because it made me understand who I am a bit better.,relief
4496,51990,my toddler daughter went missing and we eventually found her.,relief
4497,51991,i scroed a 5/5 for a quiz i had not done the required reading for because i thought i would fail,relief
4498,51992,I felt relieved when I heard about your coming.,relief
4499,51993,I got results of test confirming I don't have multiple sclerosis,relief
4500,51994,i finally reached my wife on phone after she hadn't answered for several hours,relief
4501,51995,i had finished my work for the day,relief
4502,51996,When I attended my 12 week pregnancy scan. It was such a relief to know everything was okay and he was healthy and growing as he should be.,relief
4503,51997,Mother recovered from illness,relief
4504,51998,Moving in with my father after not speaking to him for years,relief
4505,51999,Right after pooping,relief
4506,52000,I discovered that I didn't have kidney cancer.,relief
4507,52002,When I found my indoor cat that had run outside,relief
4508,52003,I stepped down at my job,relief
4509,52004,There were 15 slots left on prolific and I got in this study,relief
4510,52005,the midwife did my antenatal check today and the baby was totally fine and healthy.,relief
4511,52007,my boyfriend and I found a place to live relatively  quickly.,relief
4512,52009,i cancelled my over time due to being burnt out,relief
4513,52010,"I received my 2nd dose COVID Vaccine.  I felt like I had done my part, and was relieved that if anything bad would happen to me again, at least I would have that extra layer of protection.",relief
4514,52011,When I was told my tumour was not cancerous,relief
4515,52012,I felt relief when I submitted my midterm last night.,relief
4516,52013,I heard my wife got out of labour for the past 3 days that she's been there.,relief
4517,52014,My daughter started therapy,relief
4518,52015,"we were trying to sell our second home and it seemed we were not going to actually sell it as we had no people around in ages. Then someone viewed and offered asking price, they were a cash buyer and the sale went through in only 6 weeks",relief
4519,52016,I felt relief when I was feeling warm and took my temperature and it turned out to be normal (no fever) because it meant that I was not ill.,relief
4520,52018,When a medical test came back negative for cancer.,relief
4521,52019,i remembered my password to my email account,relief
4522,52020,our aeroplane landed.  (I'm terrified of flying),relief
4523,52022,"After the passing of my dog, he had cancer and was in a lot of pain but he also didn't have to suffer anymore",relief
4524,52023,i moved out of a shared house into my own place,relief
4525,52025,"I felt relief when we saw that people were still waiting at the bus stop be sure I had slept in and had been rushing to get my son ready for school, as I had to work, and if we missed the bus I'd have been late for work and I have severe anxiety about being late. So when we left the building and looked down the street to the bus stop and saw people waiting still, relief washed over me because I knew everything was going to be okay.",relief
4526,52026,I often feel relief immediately when I come through the door from a hard day at work. Particularly changing my clothes and getting something nice to eat whilst I sit down.,relief
4527,52028,my mom's cancer surgery was a success.,relief
4528,52029,I was assigned my project of choice for my final year degree project,relief
4529,52030,I felt relief when my friend messaged me after being very quiet for 3 days,relief
4530,52031,my dad was in hospital and the doctors originally said its likely he'll need his foot/leg amputated but days later were told it was no longer needed.,relief
4531,52035,I came round from operation,relief
4532,52036,"I felt relief when I tested negative for covid 19, because testing positive would have meant that myself and my son would get poorly and pass it to other family members.",relief
4533,52037,"I appealed a negative decision for something I desperately needed, by myself, after no lawyers would take my case... and I won.",relief
4534,52038,I felt relief when I was offered a job after being unemployed for almost three years due to a health condition. The relief was to do with knowing that even though I had this condition I was still employable and that the organisation was very understanding and offered a flexible working pattern.  It was however a long wait for me to receive the offer following the interview.,relief
4535,52039,I felt relief when my recent dentist appointment went well,relief
4536,52041,my attacker was finally put in jail after abusing me.,relief
4537,52042,"My mum received surgery for cancer, they thought they had collected all infected lymph glands",relief
4538,52044,My son recently had a bad coughing spell in the middle of the night. He couldn't catch his breath. We were so scared he had covid. We made it to the ER within minutes and they instantly started treating him and he tested negative for covid. I was so relieved.,relief
4539,52045,I found my manuscript that I had lost the day prior.,relief
4540,52046,I lost my daughter while in a large department store and then found her safe and sound,relief
4541,52047,When I had changed the time of an exam before the dead line,relief
4542,51959,my interview i was scared for got cancelled,relief
4543,51960,I rested after a hard day at work,relief
4544,51961,"One dark and stormy night (yes. really!). I was driving home past a field and it was raining heavily and I ran over a cat that darted out from the field. I felt it as well as heard it hit the bumper. Long story short, i'd bust its jaw and phoned the poilice to get the number of a vet and banged on doors to get help. 10 minutes later that felt like hours blood everywhere in the car.. we got the cat to the vet, jaw hanging off and the vet said they'd seen worse, no problem. I felt such relief , and you'll be pleased to know the cat was fixed and reunited with its owner (an old lady). :-)",relief
4545,51962,I finally saw my long distance partner in person after waiting 9 months.,relief
4546,51963,I got to work on time after the train was cancelled,relief
4547,51964,"When I had been dealing with a difficult customer (as a cashier) and the customer behind had been waiting for so long, when I had finally finished with the first customer I apologized to the one who had been waiting and they were so nice about it and told me not to worry at all and even praised me for how I handled the situation. I was relieved because I had been expecting the customer to be unhappy and upset and was genuinely not expecting them to be so kind.",relief
4548,51965,making up after a big argument.,relief
4549,51966,I wanted time off from work due to burnout and it was approved,relief
4550,51968,"I was diagnosed with anxiety because it meant I wasn't crazy, but I had a real problem that could be solved.",relief
4551,51969,when my wife got negative results on a health scare,relief
4552,51970,my package arrived,relief
4553,51971,i felt relief when i finished my presentation for university,relief
4554,51972,When I had operation,relief
4555,51973,when i got in bed after a day at uni,relief
4556,51974,I went into a store and saw the item I had my eye on for a while was still in stock. I then purchased it,relief
4557,51975,When I quit my previous job,relief
4558,51976,I felt relied when I finally got both my Covid-19 vaccines,relief
4559,51977,when I realized I did not accidentally make a mistake at work.,relief
4560,51978,"I thought I would have to repeat a University module due to failing it, but for some reason I was allowed to move forward with the fail grade without it affecting my final results.",relief
4561,51979,when medical tests come back normal,relief
4562,51980,I was called back to the job I was formerly furloughed off from,relief
4563,51981,When we completed on our house sale,relief
4564,51982,"I felt relief when I got a passing grade in Intermediate Biostats in grad school because I was making a failing grade going into the final, but I made an A on the final so I passed and was able to graduate",relief
4565,51983,I went into a job interview and the interviewer enjoyed my answers to the application,relief
4566,51984,I felt relief when my friend had to cancel her trip to visit me,relief
4567,51985,i have the fund required at that time,relief
4568,51986,my cats came back okay from the veterinarian after a surgery.,relief
4569,51987,I felt RELEF because my wife tested negative for Covid 19 even after she had a minimal contact with someone infected,relief
4570,51929,I was able to complete a task that I was having issues completing,relief
4571,51930,"the child I was babysitting ran off in the park and I couldn't find him for a few minutes, and then he finally came out of the wooded area that he had followed some other children into.",relief
4572,51931,I had lost my passport and found it.,relief
4573,51934,I returned to my home country after spending a month in Budapest.  Driving down the highway and being able to see my hometown in the distance brought me a great deal of relief.,relief
4574,51935,it was my first day at university and I had spent all night worrying about finding where the lecture hall was. I felt a wave of relief when I walked up to the door and seen that the room code matched the one on my timetable.,relief
4575,51936,when I found out my unborn baby was not going to be born premature as we had thought,relief
4576,51937,my dog's lumps were said to be fatty cysts as opposed to cancer during a vet checkup.,relief
4577,51938,"My husband finally found out that we didn’t have to move house for his job, but could continue living in our current home/location. We had waited for months to be told, right up until the deadline and were worried about going through last minute packing, sorting schools and transportation to the new area, how our children would react and the pressure it would put on us. It was a complete relief to find that we did not have to move, and stress about any of those things, but carry on as before",relief
4578,51939,I received back a series of assignments I wasn't sure I had done correctly and had actually done well on them.,relief
4579,51940,my Grandma fell and she had no broken bones,relief
4580,51942,I flew home for a few days for the first time in a long time and went to my favourite restaurant and finally had my favourite meal there again which I hadn't had in a very long time. it was just as good as I remembered,relief
4581,51943,When the gcse's were over. I was really stressed before them,relief
4582,51945,A friend who had stopped talking completely for a while (health reasons) called me,relief
4583,51946,I quit my job as a waitress at a restaurant where I felt like they didn't treat their employees with respect.,relief
4584,51947,I felt relief when my best friend told me that he wasn’t going to give up on me,relief
4585,51948,I felt relief when I had completed a job at work because it was tough.,relief
4586,51949,"I finally was able to get approved to refinance my home after a divorce.  My income is somewhat non-standard (not salaried) and even though it is quite consistent and reliable (arguably more reliable than a salary because I can't really get ""fired"") the bank did not like that the amount wasn't guaranteed.  It looked at one point like I was going to have to sell my home.",relief
4587,51951,"I felt relieved when I did not have to have my wisdom teeth removed while being awake. Originally, the dentist told me I would be on mild anesthetic during the procedure but I was too scared about seeing the surgery happen. I was relieved when they didn't go ahead with the anesthetic, and told me I could be 'put to sleep' for the procedure.",relief
4588,51952,"I hate flying. Not the bits in the middle which are usually plesant and filled with sweets and doing puzzles, but the takeoff and landing. Especially the landing. Coming into land at Teneriffe airport, you fly low, really low over the rocks on the approach to the airport. If you could stick your hand out the window (I don't advise it, personally) you could touch them. The sense of relief when you finally land can be felt across the entire plane. Phew ! Hurrah ! we didn't die horribly !!! (huge applause for captain).",relief
4589,51953,i had a health problem resolved,relief
4590,51955,"My daughter texted me to let me know that she had arrived safely after driving in the dark and wind, she had not long past her driving test",relief
4591,51956,Told my father did not have cancer.,relief
4592,51957,"my wife and my mother, after years of therapy, conversations, and emotional turmoil fueled by my mother's alcohol abuse, finally started to rebuild a relationship.",relief
4593,51958,When I heard that my dog had recovered from it's illness because I was worried.,relief
4594,6733,I felt relief when I found a lost pet,relief
4595,6734,I could stop taking a medication that was having bad side effects.,relief
4596,6735,I felt relief when the plane landed,relief
4597,6736,I get home and don’t have to be social,relief
4598,6737,"there was a 3 year old boy that went missing in the woods near where I live.  I didn;t know him, but because i have a son around the same age I felt very worried.  He was missing for 3 days.  I felt sure that he would not be found alive, but HE WAS!  He had a very warm wool sweater on and he was fine.  What a relief.",relief
4599,6738,my first tattoo experience wasn't that painful,relief
4600,6739,"When my 1 year-old son was in his swing in our back yard and he flung himself forward towards a ball in front of him. He managed to tip himself right over, which we didn't realize was possible as the swing was designed for children his age, and he nearly to the ground onto his head but luckily I was a few feet away and was able to catch him.",relief
4601,6740,I placed a large bet on a sports game and in the last few minutes of the match they scored a goal in order to win my bet.,relief
4602,6742,When I found a ring that I had lost,relief
4603,6744,My parents were vaccinated from COVID 19,relief
4604,6746,I was back at home after an evening out and my daughter had gone to bed for her dad ok,relief
4605,6747,I felt relief when I finally fell asleep last night.,relief
4606,6749,When I heard from my Dad after his second heart attack that he had been able to have a stent fitted and surgery wouldn’t be necessary,relief
4607,6750,I once had a really bad flight from Cape Town to London. During the night flight the turbulence was so bad we were told to get into the brace position. The level of relief I felt when we landed was huge.,relief
4608,6751,I felt relief when I took a pregnancy test and found out that it was negative because I was worried that I might be pregnant,relief
4609,6752,after a job interview,relief
4610,6753,My partner was told he would live.,relief
4611,6754,I landed safely after a long and turbulent flight.,relief
4612,6755,I felt relief when I got a negative pregnancy test when i was almost certain that it would be positive,relief
4613,6756,When I though I was going to get fired but I didn't,relief
4614,6757,I felt relief when I got a high score in a game because I was so close to not making it,relief
4615,6758,I arrived home after a very long journey which took all day and got into my own bed for a decent night sleep.,relief
4616,6759,when my dog returned home safely after running away,relief
4617,6760,My lost ring was found in a pub,relief
4618,6761,when I had someone help me with a stressful event,relief
4619,6762,my foster dog came home from the ER vet safely,relief
4620,6763,I was relieved when my next door neighbour moved because she had an affair with my now ex partner.,relief
4621,6764,the day my immigration case for the US was approved. It had been over 6 months and was the tougher part of the process.,relief
4622,6765,Being able to pay rent on time when being unemployed,relief
4623,6767,My test results for my follow up mammogram came back negative,relief
4624,6768,my dad was told his cancer had not spread.,relief
4625,6769,I felt relief when i found a jacket i had been looking for for days,relief
4626,6770,"A friend had spilled wine on my Mum's shite carpet. I panicked as I didn't think it would come out, but eventually it did.",relief
4627,6771,My wife and I secured our new home.,relief
4628,6772,A relatives genetic cancer test which could have affected me came back negative,relief
4629,6773,My covid pcr test was negative,relief
4630,6774,I heard my youngest childs heartbeat for the first time as I had had a major bleed,relief
4631,6775,"when my mother recovered from Covid. She was very ill with it, although she avoided hospitalization I was so relieved when she was feeling better.",relief
4632,6776,winning money gambling,relief
4633,6777,"yesterday I decided to take a pregnancy test because I was having some nausea, it came out negative, which was very relieving.",relief
4634,6778,I first went to baby massage when my daughter was 4 months old.,relief
4635,6779,I quit my job that I hated,relief
4636,6780,I felt relief when I see my partner as it means I can finally relax and do not have to worry about anything else.,relief
4637,6781,knowing i have a bit of money coming in to help clear some of my debts,relief
4638,6783,I received a significant tax refund recently as things have been very tough for me financially and I was worried about being able to pay the bills.,relief
4639,6784,My house purchase went through,relief
4640,6786,We got approved for the mortgage for our new home,relief
4641,6787,When I was told my mom had awoken from her coma,relief
4642,6788,I had been experiencing some difficult days. I was feeling sad and slightly detached. When I woke up that morning I felt those feelings had lifted. I felt genuine relief to feel like myself again.,relief
4643,6789,I felt relief when we had an our offer accepted for the house we now call our home. We had sold our then current property and we due to exchange in a couple of weeks despite the fact we had nowhere else to go yet. Thankfully everything fell in to place at the last minute and it was a huge relief for us all!,relief
4644,6790,I received an unemployment insurance payment that I had not anticipated,relief
4645,6791,my mother after 4 weeks starting making a recovery from covid,relief
4646,6792,I found a place to live for the school year,relief
4647,6793,After weeks of ongoing investigations and evidence gathering I was told that my employee’s bullying claims were not upheld and I had done nothing wrong.,relief
4648,6794,the working week was over,relief
4649,6795,our new floors were put down in our new house because I felt responsible for them as I was the main decision maker and I was so anxious that my husband was pleased with them as it was our joint home and he financed them,relief
4650,6796,When the webinar was over as I was concerned it wouldn't run smoothly,relief
4651,6797,"after waiting for years, fighting the paperwork bureaucracy and continuously being followed and treated poorly and continuously going to see all kinds of specialists, I FINALLY received approval for disability assistance. Prior to this, I was unable to work but had no financial support whatsoever. I had been a graduate student when I first fell ill (and thus already a low-income individual).",relief
4652,6798,I woke up from a horrible dream and realised none of it really happened,relief
4653,6799,"I had my cell phone on the rim of the bathtub. My home phone rang, I grabbed it and my cell phone fell into the bathtub.  AAAGHHHHHH.  I had bought the phone within the last month.I dried it, put it in a bag of rice overnight, and in the morning discovered that it was still working.  What a relief!",relief
4654,6801,When I completed a large cross stitch which took me over a month to complete. P,relief
4655,6802,I come home from work and relax at the end of a busy shift.,relief
4656,6804,I got home from a flight that we were almost refused on as we didn't have the right documentation,relief
4657,6805,I found out my X-ray came back clear,relief
4658,6806,"after 10 years of suffering with migraines, I got diagnosed with IIH which I got medicated for and helped alot",relief
4659,6807,My mothers cancer was in remission,relief
4660,6808,"my house sold. My husband and I decided to sell our house last year. It was a hard year for us. He finished his contract at the military and we really hadn't planned for the transition. Due to some circumstances this transition happened sooner than expected. We decided the best thing to do was move to another state to pursue an opportunity. I was really nervous about selling a house during a pandemic, even if the market and interest rates were the best they ever were. I just didn't think someone would want our house or that it wouldn't sell that quick. It sold in 4 days. We received multiple overs and I never imagined having that much profit only having a mortgage for 2 years.",relief
4661,6809,I found out I did not have cancer,relief
4662,6810,"I felt relief when I got my results back from my year 12 exams and found out that I did well, because I was very stressed beforehand and did not believe that I had done well. i needed to do well to get into the uni course that I wanted and I was so relieved to find out that I had in fact achieved the grades for this.",relief
4663,6811,I got good news from a specalist in relation to an eye issue.,relief
4664,6812,Finishing a half marathon,relief
4665,6813,My dog had a successful operation,relief
4666,6814,I felt relief when I paid my mortgage off.,relief
4667,6815,I was told that a CT scan hadn’t identified any metastatic disease in my body.,relief
4668,6817,Receiving a negative covid test after being exposed,relief
4669,7140,"I thought my friend had gone missing after a night out because he wasn't responding to texts, he eventually replied later in the day and was fine.",relief
4670,7142,When I found my dog after I though she was lost because she means the world to me and the idea of loosing her was heartbreaking so having her come back was beyond relieving,relief
4671,7143,"we went on a hike on a UK holiday. The weather was warmer than we anticipated, the hike was rougher, we didn't take enough to drink as we were stopping at a cafe on the way. The cafe had closed! We had to trawl all the way back to the holiday cottage and when I saw it on the horizon, got there and had a long drink, that was true relief.",relief
4672,7144,I perform  concert without mistakes,relief
4673,88,I was playing an online competitive match of FIFA22 and was in total control of the whole game. I made a mistake and went 1-0 down at the end of the first half against the run of play. This game was hugely important and i pressed on in the second half. After applying shed loads of pressure i finally equalised and in injury time secured a second goal to put that game 2-1 to me. I had won promotion,relief
4674,89,I finally was told my leaving date for my current job.,relief
4675,2176,My grandad was ill and passed away.,sadness
4676,2178,I found out my grandpa passed away,sadness
4677,2179,I had a miscarriage recently,sadness
4678,2163,my dad was diagnosed with cancer and eventually passed away.,sadness
4679,2164,when my best friends child was killed in an accident,sadness
4680,2165,I felt SADNESS when my cat died. We were travelling home and my cat was laying at the side of the road with her tongue sticking out. My mum was screaming and I was crying. She had been my fluffy companion since I was born and it felt horrific when we lost her.,sadness
4681,2166,when I had to say goodbye to a really good friend because I was flying across the country to visit family,sadness
4682,2167,when my daughter was diagnosed with cancer,sadness
4683,2168,I felt sad when arguing with a friend,sadness
4684,2169,I felt sadness when my 18 year old son passed away.,sadness
4685,2170,My cat of 16 years passed away last year,sadness
4686,2171,because I lost my grandpa last year and he was the closest person to me in my life.,sadness
4687,2172,I was diagnosed with fibromyalgia,sadness
4688,2173,I failed my driving test that I really wanted to pass,sadness
4689,2174,It was my last day on holiday and I had to return to work,sadness
4690,2175,my husband died,sadness
4691,31091,I felt sadness when my heart was broken,sadness
4692,31092,"I was really sad earlier today thinking about covid and thinking about how I don't feel that I can achieve my goals. I was filling out a skills assessment thing for uni and it just made me feel worthless and sad. I want to be able to go into acting as a career, but there's so many barriers that I don't feel that I can overcome, and covid has multiplied that ten fold.",sadness
4693,31093,an I learned an acquaintance was suffering from alcoholism,sadness
4694,31094,My daughter died,sadness
4695,31095,i felt sadness when my friends went out to eat without me because i felt alone and like they didnt care about me,sadness
4696,31096,when my grandmother passed away,sadness
4697,31097,When a patient was dying and I had become close to their family who were both at home and at their bedside. They passed away after I cared for them all day and I found out the following morning they had died a few hours I left my shift. I felt sad when I found out their family had only been gone 5 minutes when they eventually died.,sadness
4698,31098,When my dog died,sadness
4699,31099,I hit a bird while I was driving,sadness
4700,31100,I had to move home from college,sadness
4701,31101,when my cat died a year ago because I loved him.,sadness
4702,31103,I found out my aunt has cancer,sadness
4703,31104,My boyfriend left for Australia,sadness
4704,31105,I felt SADNESS when my mother died,sadness
4705,31106,"I felt sadness when I had to go to a funeral of a family member, she had been ill for some time so was very sad once she did pass away.",sadness
4706,31107,Didn't sell my GameStop stock,sadness
4707,31108,I was fired from my job,sadness
4708,31109,I felt sadness the day my childhood pet died because the situation could have been avoided if I had acted sooner.,sadness
4709,31110,I felt sadness when my great-uncle passed away.,sadness
4710,31112,I felt sadness when my 15 and a half year old dog had to be put down in January 2020. wed had him since I was four and it was a huge loss for my whole family.,sadness
4711,31113,I had to play my Grandmother's favourite song for her right before she went unresponsive hours before she passed away.,sadness
4712,31114,I felt sadness when I graduated high school because I remember that I'm growing up and that means leaving people behind.,sadness
4713,31115,I found out my mum was terminally ill,sadness
4714,31116,my house burned down,sadness
4715,31117,"I felt sad when I learned that I did not do well on my law school aptitude test (LSAT). I wanted to attend the same law school where I was completing my master's degree, which required a high LSAT score (around 165 or above). I developed health problems the year that negatively affected my reading comprehension, resulting in a low score. When I learned that a health condition I could not control harmed my LSAT score, I was extremely sad (not depressed, more very bummed out).",sadness
4716,31118,my dad died,sadness
4717,31119,i received a phone call from a family member to inform me that my great aunt who was 100 years of age passed away.,sadness
4718,31004,The sudden death of my father,sadness
4719,31005,"when I have a dream about my high school crush who stopped talking to me. It always results in me waking up sad and I go look at their public facebook profile. It intermingles with feeling bad (guilt), but mostly sad because I know I'll never be able to talk to them again, and I lost a really good friend. In high school when she stopped talking to me I got really depressed (more than I was), and thinking about her usually brings back those feelings. Even the good memories are turning sour.",sadness
4720,31006,"I found out my mum had died. It was truly the worst moment of my life. I had comlete and utter disbelief and it shattered my life for a year. I cried until my face was red, I wandered the streets wanting to be killed. It was the worst sadness I had ever felt.",sadness
4721,31007,I broke up with my girlfriend.,sadness
4722,31008,my friend's mum died.,sadness
4723,31009,"I felt SADNESS when my grandmother was suffering from dementia, forgot that her husband died, and wanted to die when she found out that he was gone again. She blamed me for lying to her and said I didn't love her.",sadness
4724,31011,"I felt sadness when my cat went missing for multiple days. I spent half the week calling into drain pipes near my house, leaving out food, walking around calling her name...she set my ring doorbell sensor off at 3:40 am multiple nights later. i was beyond happy to go get her from the front porch!",sadness
4725,31012,I was recently let go from my job.,sadness
4726,31013,I realized how poor I was today,sadness
4727,31014,I felt sadness when my family left after helping me move to a new city.,sadness
4728,31015,I felt sadness when my boyfriend didn't text me back in a timely manner. He has moved to another city for college. We used to hang a lot before he left so when we couldn't see each other like how I wanted to it made me feel very sad. I want him to myself which I know is selfish now but then it made me sad and brokenhearted. I cried for a few days. I do have relationship anxiety so I think that was a big part of it. I'm okay now I haven't cried about it. We talked it through and I feel better about the situation.,sadness
4729,31016,my dog bit a human whom I thought he trusted and I didn't know what to do,sadness
4730,31017,When my 14 year old dog (we got her when she was 6 weeks old) had to be put to sleep on new year's eve when I was 21. She had been suffering mentally and physically for a while so my dad took her to the vet that day to see what could be done. Deep down I knew that she shouldn't continue to suffer but I told myself that she would come home again that day so when my dad came home without her I was heartbroken.,sadness
4731,31020,When my pet dog passed away.,sadness
4732,31021,I was in a personal relationship,sadness
4733,31023,my grandma passed away.,sadness
4734,31024,my cat died,sadness
4735,31025,I felt sadness when I was flying home march start of Covid because my dad died.,sadness
4736,31027,My grandma died,sadness
4737,31028,of grief,sadness
4738,31029,"my pet fish died, and I wasn't there. The person feeding him for me told me.",sadness
4739,31030,When I couldn’t graduate with my high school classmates,sadness
4740,31031,my cousin died,sadness
4741,31032,My ex died in a car accident,sadness
4742,31033,I felt sadness when my sister was too busy to spend an hour with me last week.,sadness
4743,31034,I was notified of my mother's death.,sadness
4744,31036,My grandma was suddenly in the hospital and not anticipated to live much longer.,sadness
4745,31037,My dog died very suddenly.,sadness
4746,31038,My mum died,sadness
4747,31039,I felt sadness when I couldn't go to a small friends get together because my road flooded and the next day I found out that my best friend and my boyfriend made out for hours and were all over each other the entire night and no one stopped them or mentioned me or told me everyone just watched it happen,sadness
4748,31040,I felt sadness when my dog died,sadness
4749,31041,When a loved one died,sadness
4750,31042,"I felt sadness when my grandmother died. She was bedridden for about a week, then passed while I sat with my family outside her bedroom. It was not unexpected, but was very sad.",sadness
4751,31045,When I was made redundant from my primary career,sadness
4752,31046,My girlfriend left,sadness
4753,31047,when my grandma was diagnosed with cancer,sadness
4754,31048,all my friends were going out for my mate's birthday but I had no money to join them,sadness
4755,31049,I watched pretty much any episode of This Is Us,sadness
4756,31050,I felt sadness when I was worried that my girlfriend was going to break up with me.,sadness
4757,31051,"I realized the U.S is in the same place now as it was at the beginning of the COVID-19 pandemic, if not in a worse place.",sadness
4758,31052,I felt sadness when my grandma died because we had been very close when I was growing up and I wasn't there when it happened. I didn't get to say goodbye to her.,sadness
4759,31053,When my dog died.,sadness
4760,31054,my dad passed away,sadness
4761,31055,i felt sadness when i was left out of a football team to represent my department at work after weeks of preparation for it,sadness
4762,31056,My boyfriend is moving away,sadness
4763,31057,My grandmother died,sadness
4764,31058,I learned that my ex boss had passed away.We had our differences; but overall I respected his tremendous work ethic and friendly personality.,sadness
4765,31059,my sister called to let me know my dad passed away. My sister and brother had travelled to the US because he had a massive heart attack and was on life support. They went to let him go. I have a critically ill husband and couldn’t travel. So I had to stay home and sit by the phone waiting for the call to let me know he was gone.,sadness
4766,31060,in the uk we were put into a lockdown over Christmas where I thought I would be able to see my family who I hadnt seen in a while and celebrate my 21st birthday,sadness
4767,31061,Visiting my grandpa in the hospital when he first got sick.,sadness
4768,31062,IVF failed,sadness
4769,31063,when I was told my dog was really ill,sadness
4770,31064,I felt sadness when I was diagnosed with Ehlers Danlos,sadness
4771,31065,My friend died of a an heart attack,sadness
4772,31066,I sang to my dog when he was being put to sleep.,sadness
4773,31067,"I felt sadness when I visited my great grandmother in the hospital and knew this would be the last time I saw her alive due to her old age and current condition. Death has always been extremely saddening to me, and this was my first time experiencing it with a close family member.",sadness
4774,31069,"I feel sadness whenever my parents and I get into a fight and they threaten to kick me out of the house and take away my car that I payed for myself. they gave my brother a free car, they give him anything he asks for, they still buy him clothes and don't make him get a job but I'm somehow always the bad guy in my family.",sadness
4775,31070,When my grandson died,sadness
4776,31071,"I felt sadness when my partner and I had to move away from home, back a place we weren't overly fond of.",sadness
4777,31073,Didn't get job I wanted,sadness
4778,31074,I felt SADNESS when my older sister stole a lot of money from me.,sadness
4779,31075,I felt sadness when my grandmother passed away,sadness
4780,31076,my girlfriend broke my trust at a time when I very much trusted her.,sadness
4781,31077,my friend broke my heart,sadness
4782,31078,I felt SADNESS when my best friend moved away for her erasmus year in college.,sadness
4783,31079,my grandpa died. He'd been ill for a number of months.,sadness
4784,31080,i had to leave my job,sadness
4785,31081,I read my little sisters good bye letter to me.,sadness
4786,31082,i felt sadness when my dog died because i was with him for 10 years and we were always very close until he fell ill and had to be put down,sadness
4787,31083,i felt sadness when the concert I was supposed to go to got cancelled,sadness
4788,31085,I discovered on Instagram that I was being cheated on,sadness
4789,31086,I felt sadness when my boyfriend left for college,sadness
4790,31087,my husband became seriously ill very suddenly and almost died 3 times in 5 months. we spent months in the hospital whilst they tried to discover what was wrong and how to help him.,sadness
4791,31088,People abuse my race,sadness
4792,31089,I felt SADNESS because my mother died.,sadness
4793,31090,I felt sadness when my great grandmother past away.,sadness
4794,41430,"I felt sadness when I found out that my friend had been killed in Afghanistan. He was in the army and had been driving a warrior truck when he drove over an IED. We found out early on a Sunday morning, I was pregnant at the time with my first child already going through a huge amount of emotions to find out this. My friends and I went to his mums house and just sat there for hours upset and lost and not knowing what to do or what to say. To lose such a close friend in such a horrible sad way was really difficult to deal with.",sadness
4795,41431,my mom has struggled with bipolar and attempted suicide three weeks ago. been slowly recovering from that trauma. felt sad the past few weeks,sadness
4796,41433,I felt sadness when my sister passed away.,sadness
4797,41434,I left my old job as I had built such good friendships with my coworkers.,sadness
4798,41436,I lost my first baby,sadness
4799,41437,I felt sadness when my cat sustained significant injuries after being hit by a car,sadness
4800,41438,I couldn’t be around someone I wanted to be,sadness
4801,41439,I felt sadness at the death of my dad,sadness
4802,41440,I lost my grandma. It wasn't a sweet experience at all. I cried bitterly for days.,sadness
4803,41441,I felt sadness when I bumped my car into a lamppost,sadness
4804,41442,I felt sadness when I couldn’t buy the house we wanted because we didn’t have enough funds at the time,sadness
4805,41443,i felt sadness when i was refused a job offer because i really wanted that job.,sadness
4806,41444,Losing my grandad,sadness
4807,41445,i felt sadness when i heard that my dog died while i was away.,sadness
4808,41446,Being ignored by people I though were my friends on my birthday.,sadness
4809,41447,I felt sad when my Nanna was diagnosed with alzheimers,sadness
4810,41448,"my sister developed multiple sclerosis and has slowly disappeared, from a cognitive standpoint.",sadness
4811,41449,"My older dog at the time went to the bathroom in the house but not only that, there was blood mixed with it. My family knew something had changed with her more recently, like it was harder for her to stand up, so she would end up staying in the same place for very long periods of time and her eyes began to sink in her skull. That’s when we knew it was coming close to her time.",sadness
4812,41371,I was betrayed by someone I trusted,sadness
4813,41373,when our dog died,sadness
4814,41374,my brother deferred his university place because of his mental and physical health.,sadness
4815,41375,the girl I was dating left me for someone else,sadness
4816,41377,"I felt sadness when I heard about a friend who has recently gone into a psych ward because he used to be very close to me, an ambitious young man, but for reasons that may or may not be in his control he has abandoned society and society has done the same to him.",sadness
4817,41378,I knew I needed to put my dog Holly to sleep. It was awful but I knew it was the right thing to do to stop her suffering she looked so sad most of the time.,sadness
4818,41379,my dad passed away,sadness
4819,41380,I had a miscarriage.,sadness
4820,41381,I saw on social media my old friends were still hanging out together,sadness
4821,41382,I got Covid and had to miss the first 2 forest games of the season with fans aloud back,sadness
4822,41383,I felt sadness when I woke up one morning to a call from my mother informing me that my childhood cat had passed away unexpectedly.,sadness
4823,41384,my grandfather died - that was the first time I lost somebody I felt close to.,sadness
4824,41385,when my grandad passed away,sadness
4825,41386,when I bought an online purchase and realized I couldn't return it. It was my fault that I didn't read the refund policy but nevertheless I was sad.,sadness
4826,41388,I feel sadness when i am loaded with tasks at work which does not allow me spend enough time with my family,sadness
4827,41391,I felt sadness when I found out my husband had an online gambling addiction. He had got us into thousands of pounds worth of debt and was heart breaking to find out. I found a bank statement in the kitchen and just happened to open it and see all the ins and outgoings. I felt so sad and confronted him when he got home from work. He was very sorry but it still to this day makes me feel upset that we were put in such a horrible position and what the outcome could have been if I had not found out when I did.,sadness
4828,41392,My dad passed away,sadness
4829,41393,When my grandma passed away because we were very close,sadness
4830,41395,I had a miscarriage,sadness
4831,41396,I was unable to get annual leave in order to spend time with my family. I felt as though I would be missing out on experiences with them.,sadness
4832,41397,when I returned to my apartment after being away during COVID.,sadness
4833,41398,my grandmother died in the hospital.,sadness
4834,41399,I felt sadness when I almost missed being able to watch my girlfriends graduation.,sadness
4835,41400,I felt sadness when I felt unappreciated and overlooked by my peers,sadness
4836,41401,I felt sadness when a friend of mine no longer wanted to be friends,sadness
4837,41402,I felt sadness when I graduated high school,sadness
4838,41403,when I found out I may be on the list for the 3rd COVID-19 vaccine booster in my country. I just want this pandemic to be over.,sadness
4839,41404,"Tonight, my daughter stuck her tongue out at me during a temper tantrum. I yelled at her and sent her to her room for a timeout and she cried for a long time. I felt really disgusted and sad about it.",sadness
4840,41405,I found out s close relative had died through an online news article. The article hadn't even given the family time to tell extended family and a few family members all found out from the same article,sadness
4841,41406,I felt sadness when my friend moved away because he was one of the only people i could trust at the time.,sadness
4842,41407,I thought I had upset a fiend and damaged our relationship,sadness
4843,41408,my best friend died.,sadness
4844,41412,I felt sadness when my childhood pet passed away suddenly,sadness
4845,41413,"I lost an online video game tournament that I had been trying for several years to win.  Truthfully, my team has always came in 2nd or 3rd for several years, and as one of the top players, I really really wanted to come in 1st place one year because I felt I worked hard for it and I deserved it.  It was the last year the tournament would be running and I got trolled by some guy who didn't like me who was a guild leader of a different team by recruiting a player that was widely agreed to be a lesser tier player and who also didn't like me.  They ended up coming in first place and of course the other guild leader and everyone else who didn't like me trolled the hell out of me and threw it in my face because everyone knew I wanted my team to come in first that year since my team never came in first and it was likely the last year of the tournaments.  I pretty much wanted to smash my monitor with a chair and then set it on fire and then go cry in a corner",sadness
4846,41414,I felt sadness when I said goodbye to my sister as she was leaving for university. She was crying so it made me very sad,sadness
4847,41415,I felt sadness when I was laid off from a job I had just started and was excited for.,sadness
4848,41416,I felt SADNESS when I had an argument with my partner and I realised we were always going to keep misunderstanding one another,sadness
4849,41417,My boyfriend broke up with me,sadness
4850,41418,"I felt sad when a concert that my partner and I had been looking forward to for months was cancelled. I had been having a really stressful week at the time, and had been banking a lot of my happiness on the ability to have a night off and go to the concert. When it was cancelled the night before it was due to occur, I had was disappointed, but the sadness came during the night the concert was scheduled. Instead of having fun, we sat and continued to work.",sadness
4851,41419,I felt sadness when I had a bad breakup in the past,sadness
4852,41420,I had to leave for college,sadness
4853,41421,I felt sadness when my aunt fell sick.,sadness
4854,41422,current events in the world are really heavy. The disappearance of a girl's body being found is so sad.,sadness
4855,41423,the person I liked and we both shared feelings with choose someone else over me,sadness
4856,41424,I received dozens of job rejections over the course of months.,sadness
4857,41425,"The saddest day of my life is when my dog got hit by a car. I watched her get hit. Luckily after everything was said and done she ended up being okay, but at the time it was the worst and saddest day of my life. She is my best friend. TAfter finding out she wasnt going to die I still had to quit my job to rehab her and nurse her back to health.",sadness
4858,41426,I felt sadness when I came out as a queer woman and had to figure out how that was going to change my marriage of 10 years to a man. I felt sadness for him and for my true life that I don't know if I'll ever get to experience the life I want because I don't want him to feel sadness.,sadness
4859,41427,I had to put my dog down at the vets,sadness
4860,41428,"I felt sadness because I have to share this lifetime with humans. With my experiences of racism, sexism, mistreatment, and discrimination, I have come to the conclusion that there is no such thing as a good human. Knowing that there’s bad people everywhere makes it hard to tolerate the existence of something so horrendous and ugly both inside and out. All monsters are human. Only humans are monsters.",sadness
4861,41429,I felt sadness when I had to move to another state as my partner.,sadness
4862,41490,I separated with a partner,sadness
4863,41493,I was duped of $50000,sadness
4864,41496,I felt sadness when dealing with confrontation,sadness
4865,41497,I discovered my fiance was cheating on me and we broke up,sadness
4866,41499,I found out my aunt has terminal cancer.,sadness
4867,41500,"i spent all of my money on things i don't need such as fast food, McDonalds and then i realize later that i could have used that money on things i needed: phone bill, hygiene products, and wants that could have last longer than food.",sadness
4868,41501,I felt SADNESS when i watched the gruesome video of the killing of George Floyd for 9 minutes. It felt like a pit of emptiness and sadness opened up in my body,sadness
4869,41502,"I went an important playoff basketball game, but the team I was rooting for lost and was eliminated from the playoffs.",sadness
4870,41503,I felt sadness when I called my mom and found out that she and my dad were on vacation with my brother and they hadn't told me they were going somewhere together.,sadness
4871,41504,"a man on the street asked me for money, and I didn't have any on me",sadness
4872,41505,I felt sadness when my boyfriend and I broke up.,sadness
4873,41506,I felt sad immediately when I heard bad news,sadness
4874,41507,My work office was relocating across the country,sadness
4875,41508,my dad committed suicide,sadness
4876,41509,I felt sadness when I found out I had diabetes.,sadness
4877,41510,"I'm a nurse and I see patients making really poor health/ lifestyle choices that will likely result in premature death and even though I work hard to try and help them, they don't want to make the changes.",sadness
4878,41511,I felt sadness when i was diagnosed with breast cancer aged 29,sadness
4879,41512,"I felt SADNESS when my friends all decided to go out to eat after a band competition without inviting me. Some of the people going to eat were not necessarily my friends, but they were not on bad terms with me. I did not know why I wasn't invited, and it was upsetting because I felt left out and like nobody liked me. This was not a regular occurrence with my friends, either, so I didn't know what was going on.",sadness
4880,41514,I felt sadness when I had to quit my job as a child care taker.,sadness
4881,41515,When returning home from a vacation because I didn't want it to be over.,sadness
4882,41516,"When my ex boyfriend told me his mother started to abuse him. Attacking him with brooms, nail clippers, and just in general beating him.",sadness
4883,41518,"I had to move from the house i had built because of financial hardship, and leave behind what i had worked for years to accomplish.",sadness
4884,41519,I had to leave my dog,sadness
4885,41520,When my partner and I had a discussion about ending our relationship,sadness
4886,41521,When my SO started using drugs again,sadness
4887,41522,I felt sadness when I fought with my boyfriend,sadness
4888,41523,everyone around me got invited to an outing but left me out of the loop.,sadness
4889,41524,I felt SADNESS when i lost my grandmother who i was very close to some years ago. We had the closest and best relationship. I was very open to her and felt very comfortable talking to her even before my parents. She gave me very important advises and told me what not to do and to always show kindness to others no matter the situation,sadness
4890,41525,i felt sadness when i realized how much weight i gained in june and how badly i let myseof go,sadness
4891,41527,"my mother emotionally explodes on me. The last time was just a month ago. She tends to cuss me out, insult everything about me, threaten to walk out of my life, and accuse me of various things that aren't true.",sadness
4892,41528,"my sister was struggling with mental illness; I knew how it felt since I too struggle, but seeing her struggle with it was saddening.",sadness
4893,41529,"When I was 13 years old I was raped by a friend’s older brother. I didn’t tell anyone about it. I felt embarrassed and scared. And because of keeping this inside, I began acting out. I was then sent by my parents to a wilderness troubled teens program where I was forced to live outdoors in a tent, cooking my own food, cutting down trees, and put into extreme physical labor type situations. I had just turned 14 at this point. I was confused as to why I had to wake up one morning with two strangers in my bedroom, who then handcuffed me and drove me 2 hours from my home and dropped me off in the woods with other young girls and some “group leaders” who were barely of age themselves. I lived my life like this, with no goodbyes to family or friends, for 5 months. I was terrified. And I was sad. The most sad I’ve ever been in my life.",sadness
4894,41470,A person I thought was a friend betrayed me very badly and I abruptly had to stop all contact with them.,sadness
4895,41471,My Dad died suddenly.,sadness
4896,41473,I felt sadness when my cat died because it was unexpected and I loved her,sadness
4897,41474,I wasn't invited to my close friends wedding,sadness
4898,41475,I got suddenly sick,sadness
4899,41476,"I felt sadness when I finally bought a weighing scales and I realised how much weight I had put on. There is something about seeing it on the scales in front of you, no escaping what it is saying. I was so sad that day and still no really. Weight is a vicious cycle, you are sad because you are overweight yet eat because you are sad.",sadness
4900,41477,My parents got a divorce,sadness
4901,41479,I felt sadness when my sister's dog passed away.,sadness
4902,41481,"i felt sadness when i lost my first dog, it was sad because i had grown up with the dog since a child it was apart of my family.",sadness
4903,41482,"I felt sadness when I realized I will have to quit my job, which I was previously quite proud of having.",sadness
4904,41483,"I felt sadness when my cousin passed away, because she was a close friend of mine.",sadness
4905,41484,"My ex wife (who I divorced) would not take me back after I begged her to.  I realized I made a huge mistake and tried to explain how badly I messed up and how I realized how I was the one who was the problem in the relationship and that I would change and begged and pleaded with her, but she would not take me back.  She was ""in love"" with someone else after being together with him for 2 months (we were together for almost 11 years).",sadness
4906,41485,I felt sadness when my mom told me she has cancer while I was away from home was not able to be there to support her or be near her.,sadness
4907,41486,I felt sadness when my Grandma passed away when I was at a young age,sadness
4908,41487,"I felt sadness when my younger sister called me crying that dad wouldn't answer her calls after he walked out on her and mom, because I felt as if I needed to be there to comfort her and I as well needed somebody to comfort me and I was hiding my own emotions about the situation.",sadness
4909,41489,I felt sadness when my parents dropped me off at my new apartment,sadness
4910,41451,I had to put my dog to sleep.,sadness
4911,41453,A close colleague was leaving to work elsewhere.,sadness
4912,41456,I felt SADNESS when I had to break up with this guy I was falling in love with because I could tell he wasn't feeling the same way and I needed him to be feeling and thinking about me and he wasn't.,sadness
4913,41457,I felt sadness when I saw the negative pregnancy test because I knew I would then have to start IVF as the next step.,sadness
4914,41458,I was rejected by someone I liked.,sadness
4915,41459,My child was ill,sadness
4916,41460,"I felt sadness when I had a night out planned and friends cancelled. I was sad as they knew how much this meant to me and they cancelled at the last minute, to which I then saw them out elsewhere.",sadness
4917,41462,my dad was diagnosed with Alzheimer's (he was only 50) when i was still in school. i knew that i was losing my dad in front of me and was beginning to have to mourn his loss while he was still alive. my parents had also began legally divorcing/separating so i knew that i wouldn't get to spend much time around him.,sadness
4918,41463,"I felt sadness when I watched the trailer to ""The Farewell"".",sadness
4919,41464,my grandma died.,sadness
4920,41465,My nan lost her fight and passed away,sadness
4921,41466,i lost my grand mother to corona virus,sadness
4922,41467,I felt sadness when I had to drive to the airport and drop off my girlfriend. I knew that I would not see her for a month and when I got back to my apartment I felt even sadder cause it did not feel the same being there without her.,sadness
4923,41469,I felt sadness when my favourite tv show got cancelled,sadness
4924,52139,My rabbit Sookie died,sadness
4925,52140,My hamster died.,sadness
4926,52141,When my first dog died,sadness
4927,52142,I felt sadness when my aunt was diagnosed with leukemia because she wasn't expected to live very much longer.,sadness
4928,52143,Had to make the decision to put my dog to sleep,sadness
4929,52144,when my mother died,sadness
4930,52145,my grandfather passed away while I was still young. He had lung cancer and I didn't understand why he had to die as I was too young to understand how illnesses work.,sadness
4931,52146,"My cat of 12 years died of liver cancer.  About 3 years ago, the best furry friend anyone could ask for, Max, had a diagnosis from his Vet that he had liver cancer, and that he only had a month or two left to live.  I was absolutely destroyed emotionally, leading me to taking 3 weeks off of work.",sadness
4932,52147,I found out that my grandma died,sadness
4933,52148,When I Miscarried,sadness
4934,52149,My parent’s dog died. We knew Doris was getting old but it was still very sad when she died. I still miss her but I’m getting less sad as time goes on.,sadness
4935,52150,"I felt a lot of sadness when I received a message to let me know that one of my very good friends who I love a lot had suddenly passed away due to a pulmonary embolism. It is/was heartbreaking and my friend was so full of life and energy that even now, I sometimes have to remind myself that she is no longer with us as it doesn't quite feel real still and I feel that I will always be in a state of disbelief and shock about it.",sadness
4936,52152,"I felt sadness when my first dog passed away from old age as he lived a long, fulfilling life and was one of my closest friends growing up.",sadness
4937,52153,my eldest son approached me and told me he wasn't comfortable with himself and wanted to be the opposite sex. I felt extreme sadness for him knowing that he was going to have a long hard road ahead of him and that he couldn't just be happy with who he already was. It always brings waves of sadness each time i look at him.,sadness
4938,52154,When I got up one morning g our baby bunny was vey poorly. I rang the vets and took him over there immediately. When I went to see later that afternoon and snuggled into me. When I got home the vets called and told me that he had died,sadness
4939,52155,I realised I had been in an abusive relationship,sadness
4940,52156,Found out my papa was dying,sadness
4941,52157,"I felt sadness when it was during Ramadan 2020 during the pandemic. I remember hearing little conversations about my uncle (mothers brother) being ill and I'd always ask of him just to check if he was okay. My family and I had woken up at around 04:00 to pray fajr together. We'd finished praying and we were making dua as we usually do for the deceased and in general and I'm guessing my mum and dad had found out about his death earlier that morning and my mums voice just completely cracked and she broke down completely and just kept saying the words ""he's gone, (uncles name) gone"". It took me and my sister a while to process what we'd just been told and me, my mum and dad were in my parents room just crying for hours. I, personally had never really experienced death or grief in my life before, so this was the first time. Seeing my parents, especially my mum cry was excruciating.",sadness
4942,52158,"My ex partner had mental health problems and I had reached the end of the road in being able to help her, and could no longer stay with her.",sadness
4943,52159,my holiday to visit my sister in NY was cancelled due to covid after not seeing her for two years,sadness
4944,52161,I spoke with my partner about our future and he couldn't say if he loved me.,sadness
4945,52162,"my cat was very sick, needing to visit the vets several times resulting in an operation.",sadness
4946,52163,I want to be in a relationship with someone who doesn’t want to be with me,sadness
4947,52164,I found about the due to a pin administrative issue I would have defer my Masters course,sadness
4948,52165,When I had to have my elderly dog put to sleep,sadness
4949,52166,when I got into a car crash,sadness
4950,52167,I felt sadness when my grandad died unexpectedly when doctors said he would be out of hospital in a couple of days.,sadness
4951,52168,I felt sadness when I aimed for something and I couldn't,sadness
4952,52048,I felt sadness when my cat died and I was not there for her.,sadness
4953,52049,"Last week I attended hospital and my father died. He was in a coma for about 10 days, but after some meetigns with doctors, it was decided to pull out his breathing tube. He would get morphine before that. Looking at my dad's face, with several tubes up his nose and down his throat made me feel sad. It also made me sad to think I would never see him alive again.",sadness
4954,52050,our dog died of cancer suddenly a year ago.,sadness
4955,52051,my grandad passed away,sadness
4956,52052,I had to become my mums,sadness
4957,52053,"After having my second child, I remember feeling alone and exhausted in her bedroom while caring for her in the night. And feeling sadness.",sadness
4958,52054,I recieved my A level results,sadness
4959,52055,My child hurt themselves,sadness
4960,52056,When my father died,sadness
4961,52057,I failed at work,sadness
4962,52059,when I seen that a bomb had exploded in Afghanistan killing many people,sadness
4963,52060,My grandad passed away,sadness
4964,52061,My grandad died 5wks before my first child was born.,sadness
4965,52062,I felt sadness when attending my Grandads funeral because I knew I would never see him again and we were very close,sadness
4966,52063,when my grandmother passed,sadness
4967,52064,my hamster died,sadness
4968,52065,"I lost my grandmother, this was something I knew was coming as she had been unwell for a while. So when it happened, I felt sad, but this sadness became more intense during the funeral when it felt more real. I also find myself reflecting and feeling very sad, more than I was at the moment I found out.",sadness
4969,52066,I felt sadness when I missed my Papa's funeral due to covid.,sadness
4970,52067,I think about my cat not living as long as me,sadness
4971,52068,my brother passed away suddenly,sadness
4972,52069,"I felt sadness when I was told that my grandad had passed away, this was in 2011 and I had just given birth to my eldest son and was.unable to fly which made things even worse as I was 9 hours away. He was like a father to me.",sadness
4973,52070,My dad passed away,sadness
4974,52071,I was diagnosed with coeliac disease,sadness
4975,52072,I found out my friend had committed suicide,sadness
4976,52073,I got told my grandad had passed away,sadness
4977,52074,when my horse died.,sadness
4978,52075,I felt sadness when I had to leave Texas to go to college in New Haven.,sadness
4979,52076,my little brother was ran over,sadness
4980,52077,"When my mum died of cancer four years ago, I am a parent of two young children and she was my best friend and my mum, I relied on her and confided in her, I have not got many friends or family, she gave me strength and when she passed I felt half of me past with her.",sadness
4981,52078,"I found out both my grandparents were very ill and I realised that they probably never see me get married, which makes me really upset.",sadness
4982,52079,my long time girlfriend broke up with me.,sadness
4983,52080,my 10 year old dog died,sadness
4984,52081,I lost my wallet,sadness
4985,52082,my daughter was ill and was very sick through the night and i felt i couldn't help,sadness
4986,52084,My mum left to go back to Spain where she lives,sadness
4987,52085,I lost a friend,sadness
4988,52086,I suffered a miscarriage in my first pregnancy,sadness
4989,52087,sometimes i feel my life has not worked out the way i wanted it to and i missed some opportunities like not applying for certain jobs,sadness
4990,52088,I felt sadness when my grandmother died.,sadness
4991,52089,my grandfather died suddenly,sadness
4992,52090,my ex-husband stole the children,sadness
4993,52091,My dog was getting elderly and her health was deteriorating. It got to the point where I had to make the decision to take her to the vet to put her to sleep.,sadness
4994,52092,I moved away from my best friend,sadness
4995,52094,I woke up this morning because it is in my blood and routine to be sad.,sadness
4996,52096,when I finished my final year in college.,sadness
4997,52097,my grandma passed away,sadness
4998,52098,my work colleague told me they were leaving,sadness
4999,52099,"I felt sadness when I moved abroad to study, and my boyfriend had to go back home, knowing I wouldn't see him for months.",sadness
5000,52100,Thinking about a recent family members passing,sadness
5001,52101,My grandmother passed away,sadness
5002,52102,my parents were upset before my wedding,sadness
5003,52108,My nan died from cancer at home in bed.,sadness
5004,52109,my grandfather passed away after having a bad fall,sadness
5005,52110,my daughter went to nursery for the first time because I am used to being with her 24/7 and its all going too quick.,sadness
5006,52111,My dad was hospitalised for liver failure because of his drinking problem.,sadness
5007,52112,when I couldn't see my partner for almost a year due to covid,sadness
5008,52113,I got broken up with,sadness
5009,52114,my dog was running up the stairs and she started yelping horribly and when she reached the top she just sat down and started shaking. It made me feel awful to see and hear her like that,sadness
5010,52115,I felt sadness when my dog got injured because I accidentally stepped on his foot,sadness
5011,52116,I am stressed at work,sadness
5012,52117,I couldn't visit my parents during covid lockdowns,sadness
5013,52118,My brother died,sadness
5014,52119,When our family dog passed away,sadness
5015,52120,I opened up to a friend about my struggles and they ignored me,sadness
5016,52121,Being left out at school,sadness
5017,52122,I recall as a child finding out my cat had died.  I didn't quite believe it until I climbed the fence and I could see her body on the wasteground next to where we lived at the time.  I recall this feeling of sadness sweeping through me and I burst into uncontrollable tears.,sadness
5018,52123,I found out that my intellectually disabled client was critically ill and might die,sadness
5019,52124,My father passed away,sadness
5020,52125,16th sept 2020 my beautiful 12year old staffie passed away.,sadness
5021,52126,I felt sadness after I snapped at my fiance.,sadness
5022,52127,"I found out on the telephone that my uncle had just passed away , i felt sad because he was a special person",sadness
5023,52129,when one of my really close friends moved to another country.,sadness
5024,52130,My father passed away very suddenly,sadness
5025,52131,we cannot have a baby naturally and have to go through IVF,sadness
5026,52132,my previous manager resigned from her position because we worked well together and she became a great friend outside of work. I knew she was being pushed out of the company.,sadness
5027,52133,My daughter choosing not to take sides in an argument with her father,sadness
5028,52134,I travelled to Malta when I was 11 years old with my mum and nan to visit my father's grave for the first time,sadness
5029,52135,I felt sadness when I lost my dad. I became very sad,sadness
5030,52136,When I tried really hard and put my all into an interview for a job I really wanted but then lost out to a person taking a step down in her career.,sadness
5031,52137,I had a termination,sadness
5032,52138,my sister couldnt get married due to covid,sadness
5033,52230,when my girlfriend broke up with me,sadness
5034,52233,my pet hamster died because he was a large part of my childhood.,sadness
5035,52234,I was kicked out of my family home,sadness
5036,52236,I lost my phone,sadness
5037,52238,My husband lost his job.,sadness
5038,52241,I felt sadness when I found out my grandad needed surgery,sadness
5039,52243,"When my son felt too shy to say hi to a kid that he was friends with last year, because I was a shy kid and I don't want him to have to go through the same things that I did when I was young. I want him to be happy and live without fear and it makes me sad to know that these things aren't in my control.",sadness
5040,52246,"Of covid, my daughter was sent home from school with symptoms the day before my other daughters 1st birthday",sadness
5041,52248,i was verbally abused at supermarket,sadness
5042,52250,I felt rejected and not good enough by friends. I had planned on hosting my friends baby shower when she came to me and told me she would rather have it at our other friend's house and they had already started planning everything. I was really excited to host and had already done a lot on my end to begin and I felt really sad and hurt when they changed it to someone else's house.,sadness
5043,52251,"When I was a child, around Christmas time, there were many presents under the tree, with everyones name on. I found one of mine (wrapped, of course), but it was flat. Like 2 pieces of paper. I actually thought my parents had got me two sheets of paper for Christmas and I felt extremely sad about this. So after a lot of sobbing I got to open my present early. It was a cool glow in the dark skeleton, that was about 6 foot tall . It eventually hung on my bedroom wall for years after that, until it was too old to hang any more :-)",sadness
5044,52252,My husband was poorly with covid,sadness
5045,52253,My father died when I was barely 10 I felt the world collapsed and I had my mind running over and over again,sadness
5046,52255,I felt sadness when my friend committed suicide last Thursday,sadness
5047,52256,My girlfriend broke up with me.,sadness
5048,52257,I was on the train and a black lady and her son were sitting in a 4 seater with a drunk homeless man. the man was shouting at her and verbally abusing her. her kid was upset (only a baby) and crying and this man got very angry,sadness
5049,52258,I felt sadness when i did not hear back from a friend after texting them multiple times. I was checking on them to see if they were okay after a traumatic event. I did not know if they were avoiding me because they were not ready to talk yet or if they just did not like me anymore.,sadness
5050,52262,My daughter was struggling with another child in her class being unkind to her. She was breaking her heart after school every day which make me feel completeness sadness and helplessness.,sadness
5051,52263,I saw my mother the last time before she died.,sadness
5052,52264,I upset my partner this morning.,sadness
5053,52267,I moved countries at a young age,sadness
5054,52268,I check my money on my bank account,sadness
5055,52270,I felt sadness when I did not get picked for a job I had applied for recently.,sadness
5056,52271,a party that I was really looking forward to got cancelled due to unforeseen circumstances. this party had been in the diary for months so it was a real shame when it didn't go ahead.,sadness
5057,52272,I felt sadness when my young nephew asked me why my dad didn't take his phone with him when he died because I couldn't explain the scope of our loss to him.,sadness
5058,52273,"Donald Trump won in 2016.  I felt so sad for the people of the USA to have to deal with such an incompetent, in such a powerful position.",sadness
5059,52274,a job opportunity has not emailed back,sadness
5060,52275,when I was not listened to during an important conversation,sadness
5061,52279,"I had just started my dream job when I had found out I was pregnant with my second child. We had tried for 4 years and never got pregnant. Then I start a new job and BOOM! Because I was brand new in the company, my maternity leave got denied. I was given 2 weeks of vacation time and another 4 weeks of FMLA which only gave me 6 weeks with the baby I had prayed for for so long. I was so sad when they denied my request.",sadness
5062,52280,I was broken up with recently by a man who I had been dating for 4 months. I really liked him but he decided it wasn't working for him. He let me know rather suddenly.,sadness
5063,52281,I remembered that I would have to go back to work after my leave of absence ended,sadness
5064,52282,my co-worker passed away from a brain tumour they had for two years at the age of 39 and losing their presence at work was very sad,sadness
5065,52283,"I felt sadness when my dad told me he was moving further away because everyone else in my family had also moved away and it makes me feel very sad and alone, and knowing that another family member was moving even farther away really brought out the sadness I had been repressing about it all.",sadness
5066,52284,I didn’t get a job,sadness
5067,52285,when I left home to go to college.,sadness
5068,52287,my boyfriend had to return to his home country and we needed to be separated for several months.,sadness
5069,52289,I found out that my ex-wife was divorcing me.,sadness
5070,52290,I felt sadness when my husband left for work this morning. I like having him around and when he leaves it makes me sad.,sadness
5071,52200,My Holiday was cancelled,sadness
5072,52201,I felt sadness because the characters in the movie were really well written and you knew the unfortunate circumstances they were stuck in,sadness
5073,52202,my boyfriend dumped me,sadness
5074,52203,I fight with someone I care about,sadness
5075,52204,my first love admitted he wanted someone else.,sadness
5076,52205,i stopped communication with former friends because of my lifestyle choices.,sadness
5077,52206,"My brother accidentally broke my new iPhone.  We were staying at a hotel, hanging out on the balcony and he bumped into me, knocking my phone out of my hand and over the railing, shattering the screen.  I was so sad because we had literally just gotten back to the hotel after coming from the phone store where I bought it.",sadness
5078,52207,My daughter was in physical pain from her anxiety,sadness
5079,52209,When my dad was ill,sadness
5080,52210,My mom moved to a different city & she is far away now,sadness
5081,52212,my cat passed away suddenly,sadness
5082,52213,"When I started to feel my fibromyalgia symptoms returning after a prolonged period of being medication/pain free. I had been able to live a more normal lifestyle during and for a few months after pregnancy, when recently I started waking up more often with the old familiar aches of my fibro, followed by periods of fatigue and exhaustion. After being free from those restrains for so long, it hit me hard that I would have to go back to pacing myself, taking multiple medications in order to function and not be able to run around with my children as much as I would like anymore.",sadness
5083,52214,my boyfriend split up with me,sadness
5084,52217,my favourite serial drama comes to an end,sadness
5085,52221,I felt sadness when my best friend gas lit me to other friends and broke my trust,sadness
5086,52222,I lost my personal belongings due to a different person.,sadness
5087,52223,I didn’t get a job,sadness
5088,52224,"my gorgeous cuddely kitten ""coconut"" died last month",sadness
5089,52225,my 18 year relationship was ending,sadness
5090,52227,I moved into my new apartment and I felt very alone,sadness
5091,52170,I had a miscarriage,sadness
5092,52172,I dropped my food when i was really hungry,sadness
5093,52173,I realised that my boyfriend and I's long-term plans might not be compatible.,sadness
5094,52174,I felt sadness when I found out that my sister-in-law's brother was struggling with addiction because I knew it would be a hard road to recovery for him and a difficult situation for their family.,sadness
5095,52176,watching toy story 3 at the cenima as a grown man surrounded by children,sadness
5096,52177,"I felt sadness when someone told me no one liked me because I was boring when I was in the 3rd grade because I was young and impressionable and even at that age I felt different and knowing that people didn't like me made me feel like I was worthless and that's an incredibly sad thing to think at any age, but especially so young.",sadness
5097,52178,my boyfriend and I broke up.,sadness
5098,52181,I saw a picture of my family who is currently at home while I am at school because I miss them,sadness
5099,52184,I felt sadness when I was rejected from a dance team after spending a year working on my dance skills.,sadness
5100,52185,"I read an article about a young child who was kidnapped from another family when they were ""found"" for the initial family's supposedly kidnapped child",sadness
5101,52187,my holiday to Newquay wasn't as fun as I thought it would be,sadness
5102,52189,I didn't make friends in my first week at Uni,sadness
5103,52190,I dealt with an incident of abuse involving an elderly widowed man,sadness
5104,52191,I felt sad last week because  I wasn't able to meet up with the task I was assigned to,sadness
5105,52192,I felt sadness when I weighed myself this morning and I’m still not under 175,sadness
5106,52194,I felt an unexpected overwhelming sadness when I handed my car of 17 years over to a scrap dealer! My car was in perfect working order except for a rogue engine warning sensor which made it fail its MOT. It would have cost me in excess of £3000 to replace as it meant removing the engine to reach it. My car was deemed valueless so I had to pay to have it scrapped. This made me sad as it was a daily memory maker of the good times my children and I had had throughout their childhood.,sadness
5107,52195,"The day my project was rejected. actually, have been briefing my supervisor about the project since the day I started the project. but on the final day, the project was rejected due to to some irrelevant complain.",sadness
5108,52196,when my boyfriend left to go back home as we are long distance at the moment. We had an amazing month together and him leaving always gets me sad that we have to part ways.,sadness
5109,52197,I felt sadness when the job I was looking forward to working at didn't offer me the salary pay I needed to make the change in jobs.,sadness
5110,52198,My son broke his arm,sadness
5111,6818,I felt sadness when my dad left,sadness
5112,6819,I was diagnosed with autism.,sadness
5113,6820,"When we had to put down Milton, our pug.",sadness
5114,6821,Our IVF cycle failed,sadness
5115,6823,I think about my financial future,sadness
5116,6826,"There’s an old man who passes my house regularly. He is always on his own and most of the time he is carrying shopping that looks heavy. I pulled up beside him a few times and asked if he would like me to give him a lift but he obviously has no trust in people as he seemed afraid and reluctant to take the lift, even after I explained where I live & how he passes. It broke my heart that he didn’t trust enough to take the lift.",sadness
5117,6828,when my parents were on the verge of divorcing,sadness
5118,6829,"After going through IVF and finally being pregnant with what should of been my second child, losing the baby when I was 9 weeks pregnant.",sadness
5119,6831,when my husband and I divorced,sadness
5120,6832,my family was going through a dark time.,sadness
5121,6835,I was packing my suitcase to come home from my holiday to Israel because I had enjoyed spending two weeks of with my sister and would miss the feeling of freedom.,sadness
5122,6836,I was not approved for an apartment complex. After putting so much time and work into this. I was completly upset.,sadness
5123,6837,Changing class groups in my job,sadness
5124,6840,"I went through a round of IVF, taking medication for 2 months, having surgery that left me unwell and I got a negative pregnancy test at the end of it!",sadness
5125,6843,The person I considered to be my closest friend turned their back on me with no explanation,sadness
5126,6844,I made a fool of myself on a night out,sadness
5127,6845,My mum fell out with me and we didn’t speak for many weeks,sadness
5128,6848,my feelings were hurt.,sadness
5129,6849,I read about the effect we are having on the planet,sadness
5130,6850,"a horse I compete on has gotten older and is now not able to be as athletic as has and he may need to retire. I can feel it when I ride him, that he feels stiffer and older and that feeling makes me very sad.",sadness
5131,6852,A trip I was really looking forward to was cancelled due to the pandemic as well as financial situations.,sadness
5132,6853,"My wife went out with her friend for lunch, and I was left with my daughter (stay at home Dad), and felt really sad that it was another incident of me not seeing friends but she was.",sadness
5133,6855,When I finished my McDonald’s because I was still hungry,sadness
5134,6856,I moved to England,sadness
5135,6858,Yesterday because my daughter was having a meltdown,sadness
5136,6860,when my partner of 9 years told me he didn't love me anymore,sadness
5137,6861,My mum stopped speaking to me,sadness
5138,6862,A child at the residential educational establishment I used to work at was having an intense period where she was self-harming a lot. It was very emotionally draining on the staff and extremely upsetting to work with such a distressed child who had no home to go to.,sadness
5139,6864,A friend betrayed me at work.,sadness
5140,6866,When I was too late to grab food at the cafeteria,sadness
5141,6867,I visited the Eden Project and read about the destruction of the rainforests,sadness
5142,6868,my uncle died suddenly.,sadness
5143,6869,I felt sadness when my ex boyfriend of 7 years cheated on me.,sadness
5144,6871,i felt sadness when covid happened,sadness
5145,6875,I lost my first patient to an irreversible cardiac arrest.,sadness
5146,6879,I felt sadness when I found out my boyfriend was cheating on me.,sadness
5147,6883,When i was fired from a job that was  really close to my home,sadness
5148,6884,i think of my neighbour,sadness
5149,6885,"I broke up with my ex, because we were together for 7 years and shared lots of memories together.",sadness
5150,6887,I had to move my whole life to look after a family member. I moved away from all my friends and my job.,sadness
5151,6888,for no reason. I felt sadness encompassing me for days. There was nothing that made me feel like this and logically I was aware of that and yet I couldn't lift myself out of the sadness. I simply had to wait for it to pass.,sadness
5152,6890,I lost the school government election,sadness
5153,6892,I was leaving my parents’ house to drive home knowing it will be a while before I see them again,sadness
5154,6894,my daughter went away for the first time on a trip. I felt alone and for the first time that she was growing up. It made me really sad.,sadness
5155,6896,I had to leave my husband and dog in another country for an unknown amount of time due to immigration processes. They dropped me off at the airport to say goodbye.,sadness
5156,6897,Moving away to a new city,sadness
5157,6899,"I felt sadness when I broke up with my ex boyfriend because I did love him but it wasn’t enough, I felt a sense of loss and guilt along with the sadness.",sadness
5158,6900,"I get quite anxious and sad when I think about my family, because we do not often speak",sadness
5159,6901,"my husband is not in the mood to chat because I feel lonely and I so enjoy chatting to people and after a day with the girls, I look forward to spending time together so it makes me feel sad if he doesn't feel the same way",sadness
5160,6903,Feeling sad due to corona virus stopping my travel plans for the year. I’d worked hard to earn money to travel Asia and then the pandemic stopped it so I felt sad.,sadness
5161,6904,i had read a post on facebook that somebody in my area had been seen drowing a dog in the river behind my house,sadness
5162,6905,I lost contact with my extended family,sadness
5163,6906,I received an insult from someone,sadness
5164,6907,I struggled to help my husband through an emotional event,sadness
5165,6909,I ended a long term relationship,sadness
5166,6910,my daughter was crying and i couldn;t help,sadness
5167,6911,My grandpa says he wishes he could walk like he used too,sadness
5168,6912,My period was due,sadness
5169,6915,"I was watching a film for class about Hurricane Katrina, and saw people describing the experience of losing their loved ones, their moms and their siblings, and the film showed these grieving people and the dead bodies of their loved ones, and it all felt so avoidable if the government wasn't so evil and neglectful.",sadness
5170,6916,"I needed to move to a different province because of the aid I would receive as a disabled person, but I really did not want to leave where I was living and my good friends there.",sadness
5171,6917,my dad had called me a few weeks ago and told me my great grandfather had a stoke and isn't doing good in the hospital. My great grandfather and I didnt talk everyday but when I did see him it was great times and I just wanted him to get better not only for himself but for my family.,sadness
5172,6918,my husband has become very distant from his family and has only interests in gaming and gambling.,sadness
5173,6919,My relationship was ending,sadness
5174,6920,my husband left me,sadness
5175,6922,I felt sadness when my sister was describing her panic attack,sadness
5176,6923,I felt sadness when my holiday was cancelled for a second time due to the pandemic,sadness
5177,6924,I left a long standing job,sadness
5178,6926,I felt sadness when my brothers moved away because I am very close with them.,sadness
5179,6928,I felt like my relationship was possibly ending.,sadness
5180,6929,I read a book in which one of the maincharacters died. I ahve read the book multiple times before but it makes me sad every time when I get to that part.,sadness
5181,6931,"I felt sadness when I met a nice guy at a wedding and hit it off with him, only to find out that he lives in another part of the UK and was also leaving the following week to travel for 6 months. We decided to keep in contact depsite this, and spoke on the phone every night for hours for around 4-5 weeks, making plans for when he came home. Now it just seems like he isn't interested anymore and I'm wondering what I did wrong or what has changed.",sadness
5182,6932,"A co-worker/friend who was very kind to me quit her job to go into a different career. She was the person I chatted with and got along with the best at my employer. Several good co-workers had left over the course of a couple of years and her leaving hit me the hardest, like the straw that broke the camels back. It was very sudden, it was announced it was her last day and then she was gone.",sadness
5183,6933,when I lost my job today.,sadness
5184,7145,i didn't do good,sadness
5185,7146,my favourite mug broke,sadness
5186,7147,going to visit my family and realising my dad is turning in to someone I don't really want to be associated with. They are saying quite racist and homophobic things as well as watching/listening to quite right/conservative opinions.,sadness
5187,7152,I felt SADNESS when my brain put me into a mental fantasyland that is so far from reality and then forced me to remember/realize that it's not real.,sadness
5188,7153,When I feel alone,sadness
5189,7157,"i had started working from home in 2020 and lost all the progress of my apprenticeship in a business as we were moving rooms and i had helped set it all up with the laptops and tables moving and so forth, missing my colleagues i had a fun time with",sadness
5190,7158,I took magic mushrooms and watched Edward Scissorhands,sadness
5191,7159,I felt sadness when I discovered I wasn't able to get the mark I felt I deserved or worked for.,sadness
5192,7160,I realised I had not overcome a mental struggle when I thought I had.,sadness
5193,7161,"I felt sadness when the day came for me to sign over possession of my house to a housing agency. Whilst this meant I could stay in the house, it was no longer mine. This was after 8 years of back and forth with court",sadness
5194,7163,"I despised my body completely. I was sorting through my clothes and deciding what could be donated, and I had to try things on in the process. I was trying not to look at my full body in the mirror - only the clothes and fit. But the amount of clothes that were too tight/didn't fit right were mounting up. And I felt so overwhelmed with sadness. I stared in the mirror, pulling at my skin, I disassociated for a few minutes, felt dizzy when I came round, and collapsed on my bed. I sat there for about an hour. Staring at a pile of clothes. I felt sad that I wasn't enough/was too much to be a normal person.",sadness
5195,7164,my ex fiancé left me.,sadness
5196,7166,I felt SADNESS when someone I liked did not want to go out with me.,sadness
5197,7173,"I felt sadness when I didn’t achieve my weight loss goal, I had been working for months to achieve.",sadness
5198,7175,"Someone in my direct community stole from me and we caught them red handed. It made me feel sad not just because I’d been a victims of a crime, but someone I knew had done this to be and I had been violated",sadness
5199,7176,"I wanted to go out camping and having a mini break. But I did not end up going or doing it, even alone because my boyfriend didn’t want to go. So I ended up staying home watching sports with him instead. I felt I had let myself down for not doing something I wanted.",sadness
5200,7177,"My nephews child was put up for adoption, without anyone in the family being asked if they could help.",sadness
5201,7178,I felt sadness when I went to a restaurant I really love and they had got rid of my favourite dish: lentil spaghetti.,sadness
5202,7179,I regularly feel sadness due to mental illness but the last night I a specific event triggered sadness was when my brother was angry at me.,sadness
5203,7180,people betray me,sadness
5204,7182,I discovered my partner of 11 years had been cheating on me via a chance social media scrolling session.,sadness
5205,7183,I was bullied in school,sadness
5206,7184,When I was under payed last week. I felt sad because I can’t afford a lot of things because of being underplayed and I really need the money at this moment.,sadness
5207,7186,I felt as if I would never get a job and would become a burden to my family.,sadness
5208,7187,I moved away from my friends to a new province.,sadness
5209,7188,I do not perform up to my personal standards,sadness
5210,7189,i felt sadness when i moved away from home,sadness
5211,7191,Duncan Ferguson left everton football club,sadness
5212,7192,My marriage ended,sadness
5213,7193,I'm not where I thought I would be at this point in my life. Went through a nasty divorce. My daughter & grandkids moved far away,sadness
5214,7194,When I lost my job last week,sadness
5215,811,"I don't really like my job anymore and I feel disappointed and sad about it. I worked hard for it, and my job is very desirable by many, but I don't really care for it. I realized recently that my job has not turned out to be what it should be.",sadness
5216,812,Finding out the man I romantically liked went on a date with someone else,sadness
5217,813,I lost a pair of earrings that were important to me.,sadness
5218,815,"I found out my Aunt had passed away from covid at the beginning of the year. She spent chrstmas day with her daughter, son in law and their kids however caught covid over christmas dinner. Within a week she had gone from being completely healthy and fit to being rushed to hospital. We received a text message from the family one afternoon early January to say she had been admitted to hospital with covid, within 24 hours she had gone onto a ventilator and sadly passed away.",sadness
5219,816,the UK voted to leave the EU,sadness
5220,819,I thought we were going to get a cat and we did not,sadness
5221,822,When I was cut from a sports team,sadness
5222,823,I have had a bad day,sadness
5223,824,when the event got cancelled as there was no issues.,sadness
5224,825,I left my parents house,sadness
5225,2184,"I felt shame when I got my right/left directions mixed up in front of my new boyfriend's dad, and he made fun of me in front of my parents.",shame
5226,2185,I felt shame when I ate a lot of food because I was sad rather than hungry.,shame
5227,2186,I got a 2:2 on one of my essays,shame
5228,2187,"One day as my sister and I were sharing a car, she decided she was not going to let me have it. She had done this many times before and was doing a horrible job of sharing and helping me get to work. I lost my temper in front of her and my mother. I was slamming doors and yelling. I have not thrown a fit like that ever since. I still feel ashamed I let my emotions get the best of me.",shame
5229,2188,I fell down in front of a great number of people when giving a speech,shame
5230,2180,when i failed my driving test,shame
5231,2181,when i sent nude pictures,shame
5232,2182,I was bullied badly and everyone made fun of me in a situation that made me feel shameful,shame
5233,2183,I felt shame when my uncle found out that I was taking time out from my degree while I was pretending that I was still participating in it.,shame
5234,31150,"I felt shame when I got angry at my partner for drinking alcohol, but they were really exhausted from the heat and work.",shame
5235,31151,I was hit in the face by a criming,shame
5236,31152,"I think about when I lost my virginity. I just went to find a random, much older person online, it wasn't special, it wasn't anything really, and I don't want to tell anyone about it (except this survey, congrats!). I'm ashamed that I didn't care about it, that I just wanted to experience it but didn't bother about it really, and I wish I hadn't done it. The shame is worse because I don't feel like I can tell anyone without making the shame worse. It's just not how it was meant to go.",shame
5237,31153,I dated my ex,shame
5238,31154,I was shouted at by a stranger for ignoring a sign,shame
5239,31155,coworkers were repeatedly meeting without me to discuss a program I run.,shame
5240,31156,lost my best friends favorite shirt I was borrowing because she told me to take care of it.,shame
5241,31157,when my actions allowed a loved one to get hurt,shame
5242,31158,i put someone down without thinking to make myself to feel better,shame
5243,31159,"I felt shame when I dropped out of college and now have no direction for where I want to go in my life. My seasonal job is just about to end and I don't have anything to replace it yet, I feel lost and like I'm not good enough or not doing enough things.",shame
5244,31160,My sister called me out for eating ice cream even though I am a vegan,shame
5245,31161,I forgot to feed my fish,shame
5246,31162,My church singled me out as sexually impure.,shame
5247,31163,I tripped over a little kid,shame
5248,31164,i felt shame when he came out,shame
5249,31165,When I lied,shame
5250,31166,i got angry and shouted at somone i love,shame
5251,31167,I dropped out of college,shame
5252,31168,i got caught stealing,shame
5253,31169,I wanted to quit my uni course,shame
5254,31170,i felt shame when my work supervisor called me out in front of my colleagues to yell at me for not doing an examination very well for a patient,shame
5255,31171,I missed work for selfish reasons.,shame
5256,31172,I told my mother that I hated her and made her cry when I was 12.,shame
5257,31173,"I felt shame when I found out that my favorite aunt was in renal failure, because I let the fear of losing her paralyze me and I did not visit or check on her.",shame
5258,31174,i have lied to my parents,shame
5259,31176,I could not pay a bill,shame
5260,31177,When I was shopping and accidently took someone else's cart rather than my own,shame
5261,31179,I did cheating in passing one exam and I got very good grades,shame
5262,31120,"Getting on the scales the other day and seeing my weight and then looking in the mirror and knowing that I am gaining weight and don't look good because of it. I'm spending too much and eating too much take out, not exercising, sitting in bed all day. It's embarrassing to go out because I feel that others judge me.",shame
5263,31121,I failed an exam,shame
5264,31122,my father called me out when he didn't like the decision I made,shame
5265,31123,When I dated someone I regret sleeping with because they were not my type and I settled.,shame
5266,31124,I felt shame when I saw a video of me being mean to my cousin as a child.,shame
5267,31125,I almost gave someone COVID.,shame
5268,31126,Embarrassing incident at school,shame
5269,31127,when I failed my maths module,shame
5270,31128,cheated on a test in high school and got caught,shame
5271,31129,"I felt shame when I realized how badly I've been treated by others, and that I constantly put myself in crappy situations. I need to learn how to avoid putting myself in those situations because it causes me so much embarrassment.",shame
5272,31130,I walked right out of a GED test when I was in my early 20's.,shame
5273,31131,I asked someone to go the wrong way a second ago when giving directions.,shame
5274,31132,I cheated on a test,shame
5275,31133,i was walked out of a seminar,shame
5276,31134,I wet myself in the airport in front of lots of people,shame
5277,31135,I felt shame when my parents found out something I had been hiding from them,shame
5278,31136,my mother had to look at a hemorrhoid,shame
5279,31137,I forgot to turn my homework in.,shame
5280,31139,When I let down my parents,shame
5281,31140,I felt shame telling my friend i liked her,shame
5282,31141,I couldn't afford a bill.,shame
5283,31142,My sister threw up on me in a taxi,shame
5284,31143,my daughter got very ill from eating a tiny drop of laundry detergent that i'd spilt and I had to take her to A&E,shame
5285,31144,I learned Biden left Americans behind in Afghanistan,shame
5286,31145,I was totally wrong when testifying in court to an event,shame
5287,31146,sent my daughter to school in uniform but it was dress up day,shame
5288,31147,I shouted at my son for doing something wrong but I found out it wasn’t his fault.,shame
5289,31148,I was in my old high school cafeteria that was full of people and i fell. What made this worse was the fact my trousers also ripped and you could see my boxers.,shame
5290,31149,Dropping out of school,shame
5291,41551,I weighed myself and felt overweight,shame
5292,41552,One night stand during uni,shame
5293,41553,I felt shame because I was caught speeding and received points on my license. I felt sad and angry as well as shamed because it was not usual behaviour for me and did not get me anywhere positive.,shame
5294,41554,I felt shame when I got that drunk my gran had to come pick me up and I had to get taken home in an ambulance,shame
5295,41555,I felt shame immediately when I did something wrong to people I love,shame
5296,41556,I felt shame when I cheated on my wife because she didn’t deserve it.,shame
5297,41557,I did not spend enough time with my son on my days off due to catching up on housework. I then saw photos on social media of other families and felt that I should have done better.,shame
5298,41558,"I felt SHAME when I was throwing up last week and I didn't know why and thought it might be COVID. It wasn't, but I had people waiting on my and it was embarrassing.",shame
5299,41559,I was rude to a friend,shame
5300,41560,when i hadnt showered for two days,shame
5301,41561,"I felt shame when I worked my first night as a prostitute. My entire life I had good family values and I found myself in a situation where I could not make ends meet and provide for my child. So I looked for jobs in the paper to earn quick money and saw sex worker ads for brothels. I told myself it was good to just do it so I could get the money. But once I slept with my 1st client, all I could think about was the shame I felt degrading myself to such a low level and what my family would think if they found out.",shame
5302,41562,I last drank too much.,shame
5303,41563,i let my mum down,shame
5304,41564,"I felt shame when I lost my virginity at a very young age, to look ‘cool’",shame
5305,41566,"i woke up from being drunk at university but had gotten into such a state that i had gone missing and my housemates had to get security to search with them. they feared i had died. i felt so much shame that my silly, selfish behaviour had caused so many people heartache and stress.",shame
5306,41567,I couldn't control urges and ate when on a diet.,shame
5307,41568,Nottingham Forest (my team) didn't win since easter,shame
5308,41569,"I felt shame when I falsely accused my wife of stealing my money when in actuality, I forgot where I had dropped it. It was after I had accused he wrongly I found it and shame filled my heart.",shame
5309,41530,"My neighbour was angry at the amount of noise my autistic children make and instead of talking to me about it she posted on a public facebook page that most of my friends are members of, and many people responded by assuming I was abusing them.",shame
5310,41531,I felt shame when my husband and I took a break from our marriage. A lot had gone on and I felt somewhat responsible for the breakdown in the marriage. I don't know why but I felt a great deal of shame in my marriage breaking down and needing to take a break which resulted in my husband leaving the family home for a couple of months.,shame
5311,41532,when I got drunk and said a bunch of stupid stuff to my friends.,shame
5312,41533,I felt shame when I cancelled on a friend coming over just because I didn’t want to tidy my house,shame
5313,41534,When I got bad grades on my exams which meant I didn't get into the university of choice,shame
5314,41535,my ex boyfriend caught me cheating on him after he got me angry over an issue we have been trying to resolve.,shame
5315,41536,I kissed my best friend's girlfriend,shame
5316,41538,when my parents were disappointed in me due to grades at school.,shame
5317,41539,I felt shame when I was repeatedly late with my schoolwork due to depression.,shame
5318,41541,I didn't receive a fellowship,shame
5319,41542,when i let others down,shame
5320,41543,I stole petty cash to fund a brief gambling addiction when I was 18.,shame
5321,41544,I was diagnosed with OCPD.,shame
5322,41545,I littered a bottle on the street because there were no available trash cans,shame
5323,41546,I felt Shame when I had to abort a pregnancy because I wasn't ready to give my husband anther kid due to some personal reasons,shame
5324,41547,i felt shame when i stole money off my mum when she was struggling for money. i regretted doing it and owned up to it and felt shame.,shame
5325,41548,I felt shame when my boyfriend found out that I had a secret Tinder (dating app) profile and had used it during our relationship.,shame
5326,41549,I collided with an old woman due to the fact that I was in a haste to work.,shame
5327,41572,when I did something incorrect in group projects,shame
5328,41574,when I lied to my mom about opening her card in the mail,shame
5329,41575,I felt shame when I intentionally did not do an assignment for work and then got called out for it.,shame
5330,41576,I was caught stealing from a store,shame
5331,41577,I remembered that earlier this year I'd contacted an old fling for closure and felt embarrassed,shame
5332,41578,I felt shame when I accused a friend wrongly,shame
5333,41579,when my dad cried because I lost my virginity.,shame
5334,41580,I felt shame when I had to cancel plans because I realized I had promised other plans shortly before the former was supposed to happen.,shame
5335,41581,aborted my baby,shame
5336,41583,my father had an intervention with me about my drinking habits and how it is affecting my relationships and work.,shame
5337,41584,"there was an incident at my workplace where a crew member acted way out of line and I was one of the only people to witness hat had happened. I got called in to give a report knowing that what I would say would have an impact on the persons employment. Although I was doing the right thing, I felt extremely shameful when he was fired as I knew I had a big impact on that.",shame
5338,41585,I reacted out of anger and said hurtful words to my spouse.,shame
5339,41586,"I felt shame when a previous partner of mine made fun of me for one of my sexual fetishes. I had built up the confidence to ask them to include it when we had sex, and instead of the hoped-for reaction of agreement, or the emotionally-neutral reaction of politely declining, they ridiculed me for having the fetish and strongly refused to ever indulge it.",shame
5340,41588,arguing with my partner because I have tried to shame him for not wanting to quit smoking.,shame
5341,41589,I raised my hand in class to answer a question but gave a wrong answer,shame
5342,41590,I felt shame when I lied to my parents.,shame
5343,41591,i have felt shame when i went behinf my moms back and snuck out because i know if she found out she would be disapointed in me.,shame
5344,41593,I felt shame when I lost a sporting activity in school after bragging that I could win,shame
5345,41594,Didn’t get my driving test,shame
5346,41595,I felt shame when I said a lie to one of my work friends and you could tell that I was lying about it but once it came out I could not stop telling it. it was about going to see a family member that is ill in wales so i could get time off work just to go on holiday this make me feel very shameful to lie about it this was 2 weeks go.,shame
5347,41596,"When I admitted to my partner that I was suffering with depression and was taking medication to help me, which I kept to myself for a period of time.",shame
5348,41597,i felt shame when i lied to someone important to me to spare their feelings.,shame
5349,41598,I hurriedly paid for my groceries at a store when it wasn't my turn to have done that.,shame
5350,41600,my family told me I was sinning and going against God's will by dating someone outside of the church.,shame
5351,41601,i injured my back and wasn't able to do what i normally do,shame
5352,41602,I felt Shame when I was saw naked by another man who wasn't my husband.,shame
5353,41604,I ran over pigeon,shame
5354,41605,I felt shame when I cheated on my boyfriend.,shame
5355,41606,"I did not stand up for my friend when I knew she was in the right. However, I didnt know how to handle the situation. In hindsight, i let her down.",shame
5356,41607,Not being around my son,shame
5357,41608,"I felt shame when I discovered through self-diagnosis that I suffer from complex ptsd. It came about from toxic friendships and toxic workplaces, as well as being manipulated on the internet.",shame
5358,41609,"I felt a great amount of shame when I was younger and I lied to my parents because I had knowledge of some boys that I knew did something wrong and there were efforts to find out who did those things and bring those boys to task, but I never said anything about them.  Later, my mom had found out that I did know about the boys and she had not necessarily yelled but spoke harshly to me about the circumstance and that had stayed with me for the rest of my life up to this point and that was like 22 years ago",shame
5359,41610,"I went against my beliefs to win an argument with a loved ones. We were arguing about the use of certain words in society and I used straw man arguments to get my point across, instead of arguing something I truly believed in.",shame
5360,41611,"i have difficulty explaining myself, my emotions or actions to other people. I often shut down or dismiss what i was going to say because it was much easier than having to explain what i was going to say and why it was difficult for me to do so in the first place. For instance if i am trying to tell someone what they said confused or hurt me, i get lost in thought and end up over-explaining about everything but the true issue.",shame
5361,52322,I left a mug on my desk for months and it grew new life.,shame
5362,52323,I felt shame when I was 10 years old and I had a bathroom accident at an extended family members house.,shame
5363,52324,Wasted money on useless things,shame
5364,52325,Someone on the street made a snide comment about the fact I a young but stil use a mobility scooter (due to a chronic illness),shame
5365,52326,I lied to my parents about where I had been for 3 days as I was staying with a girl that they did not approve of. I was raised in a Christian household where they do not believe that you should spend time alone with members of the opposite sex.,shame
5366,52327,"About 8 or 9 years ago I was going to school on a public bus, my brother was getting on the bus after me. There was one open seat but I chose to sit in the seat in front next to someone else because at the time I didn't want to sit next to my brother (I think that was my reasoning at the time). At the time it was fairly awkward - the person I sat next to looked confused, and occasionally I look back on it and feel embarrassed about the whole thing, and ashamed that I didn't want to sit next to my brother for some reason.",shame
5367,52328,when I shouted at my niece for doing something she shouldn't have,shame
5368,52329,I felt shame when I fell over walking with my friends,shame
5369,52330,When I got pregnant young,shame
5370,52331,Had a fight with a woman and slapped her,shame
5371,52332,Got a bad score on a test,shame
5372,52333,Laughing at a girl falling over when i should have helped,shame
5373,52335,I felt SHAME when I could not meet up with what my new girl friend requested of me,shame
5374,52336,my mother found out about elements of my sexual history,shame
5375,52337,I got drunk on holiday with my daughter,shame
5376,52338,offended someone,shame
5377,52339,I revealed a family secret acccidently,shame
5378,52340,I manipulated my partner to come home early from a night out due to my own anxieties.,shame
5379,52341,"I felt shame going through my divorce with my ex wife, my parents have been married longer than I have been alive and have stuck together through a lot, I felt shame that I wasn't able to be like them",shame
5380,52342,I didn’t achieve the desired exam result,shame
5381,52343,I felt SHAME when I could not afford to go on vacation with my sisters. I did not want to ask to borrow money and felt ashamed that I could not go with them because of money.,shame
5382,52344,I was pulled out of a role because of incompetence,shame
5383,52345,I felt shame when I didn't get into med school because I felt like I had failed and that the rejection was something to be embarrassed of,shame
5384,52346,I felt ashamed when a man come running out to me when I was shopping after paying for my items because the staff member forgot to take the tag off.,shame
5385,52347,I failed a maths test and the teacher called me out in front of the class,shame
5386,52348,i felt shame when i was in the university during my educational days because i wasn't able to answer a specific question i was asked during the lecture,shame
5387,52349,I lose my temper,shame
5388,52350,My short-tempered father caused a scene at a family gathering,shame
5389,52351,I felt shame when I was told by the doctor I had put on weight.,shame
5390,52291,i failed a subject.,shame
5391,52292,"I cheated on a Math test in middle school and got caught by the teacher.  I had notes scribbled on my arm which I was covering up with the sleeve of my shirt.  The teacher must have noticed me repeatedly looking towards my arm, and came to see what I was doing.  She was able to see a word on my wrist so she pulled up my sleeve.  She yelled at me, telling me to get out of the class and go to principals office.  I felt very embarrassed and shameful afterwards, and regretted trying to cheat.",shame
5392,52293,I entered a horse riding competition and then fell off onto a jump,shame
5393,52294,I was ridiculed in front of my high school class for not trying in that class.,shame
5394,52295,"I was talking to my manager about a meeting that hadn't gone well with someone in my team and I ended up getting upset and frustrated so cried, I had to leave the call and then call her back later. I was emabarressed I'd let my emotions get the better of me and cried on a video call.",shame
5395,52296,I lashed out a friend when they hurt my feelings and I said horrible things to them.,shame
5396,52297,had a fight with my best friend,shame
5397,52298,I felt shame when I spent too much money. I told myself we needed these things but we didn’t really. I just wanted them. Then it caught up with me and I felt shame for having been indulgent and ending up in a difficult financial position because of that.,shame
5398,52299,I felt shame when I did something wrong in work and my boss pulled me up on it,shame
5399,52300,I dropped out of university and had to move home with my parents,shame
5400,52301,Having to close my new business down for health reasons,shame
5401,52302,i felt shame when i lied to a friend about having other plans.,shame
5402,52303,I felt shame because I had never been on a date with someone before and I was very embaressed,shame
5403,52304,I felt shame when I took credit for someone else's work.,shame
5404,52305,I felt shame when I was called out for giving incorrect information on a topic that I thought I knew very well.,shame
5405,52306,My brother got in trouble for something I did,shame
5406,52307,"I mixed up the names of two women in my workplace. They were of the same race, but a different one to mine, and I realised at the time that it was due to racism on my part that I did so.",shame
5407,52308,i got bad grades for a big test,shame
5408,52310,When i was in junior school I was chosen to sing solo in the harvest festival however on the day I was so nervous that as i went to perform I lost my voice. This was very embarrassing and I felt a lot of shame.,shame
5409,52312,Lost my temper with my child,shame
5410,52313,I didn't supply a picture for a family members funeral service as I forgot about it on the day,shame
5411,52314,when I got myself in thousands of pounds worth of debt and my sister found out.,shame
5412,52315,when I was walking home after school and slipped on wet leaves in front of a number of classmates,shame
5413,52316,"I had to stay overnight in a boy's bedroom when the door handle broke off, and people assumed we had been having sex.",shame
5414,52317,I was tied to a pole by my shoelaces when I was in kindergarten.,shame
5415,52318,"It was a night where me and my housemates had been having drinks at home to celebrate a new house mate arriving. We had been playing a drinking game, which I lost, which made me drunker than I had initially intended to be. Following this, I sent some text messages causing an argument between me and someone close to me. I woke up in the morning with no memory of having sent these messages until I checked my phone to reply to something else they had sent me. When I read back through the texts I felt awful and a genuine sense of shame for having said what I said to someone who was important to me who I know isn't the type of person I was suggesting in the texts.",shame
5416,52320,I felt shame when my mother told me I looked like a whore,shame
5417,52321,I misheard someone and made an assumption about their sexuality,shame
5418,52352,Somebody walked in on my masturbating in a b&b,shame
5419,52353,When I weighed myself and realised how many kilos I needed to lose,shame
5420,52354,I wet myself (illness) in public,shame
5421,52355,I felt shame when my manager critiqued a project I had worked hard on.,shame
5422,52356,This past weekend I attended a wedding with my girlfriend's family. I got too drunk and was apparently an embarrassment.,shame
5423,52358,i was a teenager at school on a non uniform day and being teased about the choice of clothes i chose to wear,shame
5424,52359,When I spilt a drink all over me,shame
5425,52360,When my dad scolded me,shame
5426,52361,I didn't like how I previously behaved in work,shame
5427,52362,I struggled to want to help my drug addicted stepson,shame
5428,52363,Of my actions while being drunk,shame
5429,52364,"Said something to a friend that was derogatory and nasty in hindsight, although it was said as a joke.",shame
5430,52365,broke an expensive item in a shop accidently,shame
5431,52366,I felt shame when i was humiliated by my boss at work because she said my work wasnt good enough,shame
5432,52367,I don't want to help others so I complain about it.,shame
5433,52368,I tasked with sorting out some files from the office the previous day and I slept off when I got home,shame
5434,52369,I DIDNT DO WELL AT WORK WHICH CAUSED A TEAM MEMBER TO BE ANNOYED,shame
5435,52370,I had to have an endoscopy,shame
5436,52371,I had to get fillings,shame
5437,52372,Telling my husband I was in debt,shame
5438,52373,failed my piano exam,shame
5439,52374,when I said the wrong thing.,shame
5440,52375,I feel shame when I get in trouble for something when its not a bad thing,shame
5441,52376,"I stole a stuffed rabbit from a store when I was 10.  Growing up we didn’t have much money.  One day on a trip to the store with my dad, I saw a stuffed rabbit that I really wanted.  I asked my dad if he could buy it for me, but because we were so short on money, we couldn’t afford it.  I took it and stuffed in it my shirt.  We left the store, but it fell out of my shirt when we got out to the parking lot.  My dad made me bring it back in and apologize to the manager of the store.  I fell so ashamed of my actions, and it cemented my beliefs to never steal anything ever again.",shame
5442,52377,I let my best friend down. On purpose because i didnt tell the truth,shame
5443,52378,One time at a part time waiter job i was working i had accidently spilled soup on a customer during a crowded dinner service. The customer was very mad and i tried to get away from the situation without resolving it.,shame
5444,52379,i didn't help someone when i knew i could have,shame
5445,52380,was late for work,shame
5446,52381,I was embarrassed by a male colleague.,shame
5447,52382,I felt SHAME when I heard transphobic remarks said behind my back.,shame
5448,52384,I was so drunk I couldn’t remember my password for my Apple Pay to pay the taxi driver.,shame
5449,52385,when i tripped into the wall while playing table tennis with friends after jokingly mocking my friend's skills,shame
5450,52387,when I conceded a goal by letting the ball go right between my legs.,shame
5451,52389,I tried to quite smoking and failed,shame
5452,52390,My manager scolded me,shame
5453,52391,When I failed a maths test,shame
5454,52393,I spoke to someone who was in a relationship inappropriately,shame
5455,52394,I came out lesbian,shame
5456,52395,I had to breakup with my ex,shame
5457,52396,"I felt shame when I didn't catch on to a new job as quickly as expected.  I was asked to input simple settings into a machine and I put in very wrong settings.  I could tell the other employees there were talking badly about me, and the incident was also reported to management.",shame
5458,52397,I was fired from my job because of breech of trust,shame
5459,52398,i vomited at work in front of colleagues.,shame
5460,52399,"I've felt shameful  in different ways, a scenario  I can vividly remember  was when my wife had her last birthday, I wasn't  capable  to get her all she wanted due to the fact that I was low on money at that period.",shame
5461,52400,I was jobless then and my wife asked me the bills for groceries,shame
5462,52401,"I was found out to be hiding the fact I was throwing away food to enable my eating disorder, behind my parents back, when I first started recovering. Even thought I felt good for doing it, I could see how upset my parents were from finding this out.",shame
5463,52402,I felt shame when I returned from school with one leg of my school sandal. The day I would never forget when a little conflict happened between my class and other classes in college,shame
5464,52403,i eat chocolate after declaring I want to be healther,shame
5465,52404,When I audibly gagged and cried during a COVID test,shame
5466,52405,ate my partner's dinner leftovers,shame
5467,52406,when I was caught cheating on a test,shame
5468,52407,i felt shame when i couldnt answer a question in a lecture,shame
5469,52408,when i did something bad,shame
5470,52409,"When i soiled myself in work, I had been ill but still decided to go to work and i did not manage to make the facilities one time and had an accident.",shame
5471,52410,when i cheated in a relationship,shame
5472,6934,I felt shame because of who I am,shame
5473,6935,I failed an exam in university.,shame
5474,6936,I felt shame when I told my parents I wanted to move back in with friends than with them,shame
5475,6937,I haven't been able to afford to do something with my children,shame
5476,6938,not getting as much work done as i could,shame
5477,6939,I failed an exam,shame
5478,6940,"When I accidentally dropped a TV remote onto my infant son's forehead. It only dropped a matter of inches, but the poor little guy had a big cry over it and I felt awful!",shame
5479,6941,didn't stop a bully from hurting someone.,shame
5480,6942,I lost my temper and shouted at my child,shame
5481,6944,over the last year because I've become disabled and now often find myself dealing with family who don't understand how severely my illness has affected me.,shame
5482,6945,i shouted at my grandson for being naughty,shame
5483,6946,When I farted in front of my girlfriend's friend,shame
5484,6947,"I felt shame when I looked at my bank account and saw how much I have been spending, because I am a college student and don't make very much money, but I notice that I spend like I make a lot of money and It's sort of like an addiction and I want to stop but it is so hard to stop and I did not want my boyfriend or my dad finding out because I knew that if they did then they would be disappointed in me",shame
5485,6950,I manage a small family run restaurant - one night I forgot one of our day one regulars had a booking and i gave away their table to some walk-in customers. When the regulars came in there was no room for them and they had to wait half an hour. I was so ashamed and embarrassed,shame
5486,6951,I felt shame when I lied to my wife because she found out something and it made it worse,shame
5487,6952,brother in law speaking to a teacher about their son who they taught in a social situation,shame
5488,6953,"When I was at uni and was deciding who to live with in my final year I really didn't want to live with this one girl who I was living with currently, I didn't have the balls to say anything so we lived together anyway and became really close bizarrely and I found out her mental health was awful and that she knew we didn't want to live with her and I was really ashamed that I'd treated her so badly at that time",shame
5489,6954,I had sex in a public car park,shame
5490,6956,I misspent most of my money and may not have enough to pay rent this month,shame
5491,6957,"I felt shame when my I told an embarrassing story about my sister in front of her friends. It was an embarrassing story about when she was learning to potty train as a child. I thought the story was funny but my sister felt really upset and embarrassed that I told it. After I told that story, I felt shame because I embarrassed my sister and made her feel bad when I know that if she would do the same thing to me, that I would be very upset.",shame
5492,6959,When I was used to fulfil someone’s  certain purpose,shame
5493,6960,When my grandmother asked me if I was working and I told her i was unemployed,shame
5494,6961,I dropped out of college,shame
5495,6962,I felt the feeling of shame when I was arrested as a teenager,shame
5496,6963,I felt shame when I drank too much and called into work sick.,shame
5497,6964,"I had sex with someone who ended up having a swastika tattooed on their back. I did not see it at any point before, I didn't get any hint of them being racist, or a, you know, neo-nazi. I just had sex with someone I had been talking to for a bit, and when they went and got up to put their shirt back on, I saw it. I don't think I've ever felt so much shame within myself for somehow not noticing. It was horrific.",shame
5498,6965,When i failed most of my pre-summer exams,shame
5499,6966,"when i was young, it is a memory that stays with me, i was on my ride on toy and i was playing in the street, i fell off my toy and rolled over and the pople on the street (adults) laughed at me which made me feel shame.",shame
5500,2205,I felt surprise when I did better than expected in my end of year exams at uni.,surprise
5501,2206,I felt surprise when Max Verstappen crashed out of the British GP last weekend.,surprise
5502,2207,i got AAB in my a levels/ i got into my university of choice,surprise
5503,2208,When the father of my children proposed to me.,surprise
5504,2209,I had a call from my sister,surprise
5505,2189,when I found out two of my best friends were dating,surprise
5506,2190,they announced international travel is allowed,surprise
5507,2191,the national licensing body for my profession made an announcement to change the format of the clinical exam to virtual after decades of it in person,surprise
5508,2192,"I walked into my girlfriend at the time's house with her and heard various noises coming from her living room. Nearly frozen with fear, I thought someone had broken in and was waiting for us. When she turned on the lights, almost all of my friends were waiting for me yelling ""surprise!"" It took me a few moments afterwards to calm down and catch my breath.",surprise
5509,2193,i discovered a lost person item that i hid for myself years ago.,surprise
5510,2194,I felt suprised when my little sister chose me to read her story instead of my dad,surprise
5511,2195,I finished 13th out of 170 in my first half marathon. I didn't expect to do as well as I did.,surprise
5512,2196,my new car arrived on the drive,surprise
5513,2198,England scored in the 2n minute of the Euros final,surprise
5514,2199,I realized I had manged to save and additional 1000 in my savings,surprise
5515,2200,I won a public speaking competition because I didn't think my speech was the best one,surprise
5516,2202,I found out my exam results,surprise
5517,2203,a friend shared her news with me,surprise
5518,2204,My boyfriend surprised me with a weekend trip to London. He isn't very romantic so it was amazing to be surprised with such an exciting trip. We went to watch a Rugby League final and had a fancy dinner.,surprise
5519,31272,I felt surprise when I qualified for Team Alberta as a competitive level 8 gymnast because I was not expecting my scores to be enough to qualify.,surprise
5520,31273,"I felt surprised when my partner accused me of doing less household chores than him. I cook every night 7 days a week, and do some of the other chores and pay all the bills and worked a full time 60 hour a week job with him along with a second job. he just does some of the laundry and sweeps and does some of the dishes.",surprise
5521,31274,I felt SURPRISE when my friend kissed me.,surprise
5522,31275,"I felt surprised watching the Umbrella Academy, and when I saw that Vanya and Sissy kissed. I sort of barely saw it coming right before it happened, but it was still a shock, a good shock, and I had to stop the episode and just sit there like punching the air because it was awesome and I could barely believe it, then go back and rewatch it again to process properly.",surprise
5523,31277,when I got my first car for my birthday,surprise
5524,31278,I felt surprise when one of my coworkers almost attacked me.,surprise
5525,31279,i found some money,surprise
5526,31280,I felt surprised when I came home and my friend had flowers delivered for me.,surprise
5527,31281,my girlfriend brought home a kitten after going for a walk,surprise
5528,31282,I felt surprise when I found out that my cousin was having a baby.,surprise
5529,31283,I found out I won a contest for $100!,surprise
5530,31284,"It was my birthday my boyfriend told me he was taking me away for 3 nights I had no idea where I was going, day before we left he surprised me with a trip to Barcelona, he had it all planned out",surprise
5531,31285,"I felt surprised when my students planned a surprise birthday party for me. I was a TA for a study abroad trip to Tanzania and I was responsible for the 18 students. On my birthday, the students informed me that they found someone who could drive us to an area where there was no light pollution so we could star gaze (something I do often). I was surprised because they remembered my birthday, planned it, and realized that I like to star gaze (it's not something I talk about, just do).",surprise
5532,31286,My girlfriend took me on holiday but didn't tell me where to.,surprise
5533,31287,I felt surprise when my mom told me we would be adopting a dog after years of insisting she didn’t want one.,surprise
5534,31288,I found a mouse in the basement,surprise
5535,31289,I felt surprise when I was nominated to attend a class over summer at Berkley.,surprise
5536,31290,I found out a schoolmate of mine was getting married.,surprise
5537,31291,when I found out my friend liked me romantically.,surprise
5538,31292,I felt SURPRISE when I went to a restaurant for dinner with a friend. On the evening we went to the restaurant they were running a random competition for diners to win a free meal. We heard an announcement being made and a waitress then appeared at our table and told us that our meal would be free. I felt joy and surprise when this happened because it was so unexpected.,surprise
5539,31293,my sister told me she was pregnant,surprise
5540,31294,"I felt surprise when I received a cheque from the bank as I had put in a claim for PPI, this resulted in a refund of several thousand pounds based on the products I had previously taken PPI insurance on.",surprise
5541,31296,I found out I was pregnant.,surprise
5542,31297,"I felt surprise when I met my current boyfriend, because he wasn't my type and not the sort of person I would date. But we got along fantastically",surprise
5543,31298,Friends I'm not close with remembered my birthday,surprise
5544,31299,i got offfered a higher role at work as a supervisor as i dont feel like i am able rto manage ans supervise others,surprise
5545,31301,A birthday was thrown without me knowing about it and i was extremely surprised as i had no idea at all,surprise
5546,31180,"I felt surprise when my sister sent me a message detailing how our aunt had stated that she disliked a tapestry my sister had made for her because of a very small, inconsequential detail on the piece.",surprise
5547,31181,"When I gave birth to my baby girl last December, and we thought she was another baby boy.",surprise
5548,31182,I got a high grade in a test which I thought I would have failed as I hadn't revised,surprise
5549,31183,I found out my old friend was pregnant,surprise
5550,31184,when I woke up and my boyfriend had ordered us breakfast,surprise
5551,31185,when I was given a promotion at work.,surprise
5552,31186,My boyfriend proposed to me.,surprise
5553,31187,I had a motorbike for Christmas when I was a child,surprise
5554,31188,my friend told me she was pregnant,surprise
5555,31189,I felt Surprise when I was given a very nice gift from someone special,surprise
5556,31191,I was proposed to,surprise
5557,31192,My dad offered to help me when buying a house,surprise
5558,31193,I felt SURPRISE when my partner told me he had planned a secret holiday for my birthday,surprise
5559,31194,Wales beat Belgium in the Euro 2016 quarter finals,surprise
5560,31195,I felt surprised when I learned I had gotten lice from a monkey on a cruise. I don't know if whoevers reading this has ever been on a cruise but at certain ports there are these tiny monkeys and the workers will place them on your shoulder when you aren't looking and try to charge you for pictures and my moms always told me no monkeys because of lice but I didn't believe her until it happened to me.,surprise
5561,31196,the flight was quicker than i expected,surprise
5562,31197,My boss gave me a bonus at work,surprise
5563,31198,when my sister visited me without telling me,surprise
5564,31199,I was stepping out the bathroom after a shower and saw my brother standing there with a scary face. I was home alone before I had gotten into the bathroom so I wasn't expecting anyone there.,surprise
5565,31200,my boyfriend sent me flowers and he lives in another contry,surprise
5566,31201,"I felt surprise the day my parents gave me my first car, it was a beater but I didn't expect them to do it and it was a pleasant surprise",surprise
5567,31202,my boyfriend ordered roses and fairy lights to my house,surprise
5568,31203,I passed my economics exam,surprise
5569,31204,my husband asked me to be his wife.,surprise
5570,31207,my parents said they would help pay for my wedding,surprise
5571,31208,"i felt surprised when i was invited to my girlfriend's house on  my birthday, on getting there i was greeted and surprised with a birthday party that was planned by my girlfriend",surprise
5572,31209,I found out of a family member’s affair,surprise
5573,31210,when my husband gave me flowers for my birthday. I never ever get flowers so was very surprised,surprise
5574,31211,When my biological mom called me,surprise
5575,31212,"I was making lemon slice, it was done cooling in the fridge, and I needed to get it off the tray. I didn't have anything nearby except a knife, so decided it would be a good idea to pry it off with that. Knife slipped and I sliced my thumb open, which was a huge shock/surprise, took a second to process and act (was then followed by fear).",surprise
5576,31213,I got my first puppy,surprise
5577,31215,My I had a baby boy instead of a girl.,surprise
5578,31216,i felt surprise when my best friend from australia flew here to the uk to see me,surprise
5579,31217,I got a surprise birthday party,surprise
5580,31218,I reviewed everything I had learned it Portuguese and was surprised by how much it was,surprise
5581,31219,"I felt surprise this morning when I realized instead of me paying for college, my college was paying me",surprise
5582,31220,my cousin asked me to be a bridesmaid in her wedding and I did not expect her to,surprise
5583,31221,I won a photographic contest,surprise
5584,31222,my parents got me a car,surprise
5585,31223,I received a surprise gift from my boyfriend,surprise
5586,31224,My family surprised me with a brand new car as at the time mine was in a poor state,surprise
5587,31225,I found out my grandpa used to believe interracial marriage was a sin.,surprise
5588,31226,I found out my friend was engaged,surprise
5589,31227,I felt surprised when my parents told me they were taking me to Disney land,surprise
5590,31229,"I felt surprise the day my fiance asked me to marry him, it was unexpected and I didnt realize he was thinking about us in the long term",surprise
5591,31230,I went for my 12 week scan when pregnant and was told i was 16 weeks pregnant,surprise
5592,31231,my sister bought me a bouquet of flowers for no reason.,surprise
5593,31232,I won a scholarship,surprise
5594,31233,My wife was angry at me,surprise
5595,31234,I received a refund cheque through the post from a previous electrical company due to being overcharged.,surprise
5596,31235,My sister surprised me showing up from england to my 18th,surprise
5597,31238,I felt surprise when my boyfriend asked me to prom.,surprise
5598,31239,I felt surprise the other day at work when a coworker presented me with a thank you card and gift to thank me for helping her during a difficult time.,surprise
5599,31240,I felt surprised when I was 6 years old and my mom told me we were getting a dog.,surprise
5600,31241,i had a bad day and my partner surprised me with flowers,surprise
5601,31242,A party was organised for me and I had no idea,surprise
5602,31244,I felt surprised when my parents bought me a car,surprise
5603,31245,I received a gift from my partner that she repeatedly told me she wouldn't be able to get.,surprise
5604,31247,I was offered a place on my postgraduate course in University,surprise
5605,31248,"I felt surprised when all of my friends actually showed up for my birthday last year.  Most of my friends are people who will say they're coming and then never message or reply and just won't show up so I honestly expected 2 people at my birthday, but 7 of my friends ended up coming through which extremely surprised me.",surprise
5606,31249,"I travelled abroad for the first time and went to Florida and was surprised with how different the air smelt, it was very humid and had a strong plant smell, like I'd imagine a rainforest would smell",surprise
5607,31250,my dog pooped in an icecream shop,surprise
5608,31251,I felt surprised when I got my own home.,surprise
5609,31252,I felt surprised when my partner proposed,surprise
5610,31255,"I heard my daughter pronounce words with ""le"" at the end of them correctly.",surprise
5611,31256,I didn't have any severe reaction to the covid vaccination,surprise
5612,31257,"I felt surprise when my now-husband proposed to me. We were on a walk one weekend and toward the end of the walk, he proposed. We had talked about marriage and planned to get engaged at some point, but I was still surprised when it happened.",surprise
5613,31258,i was told my aunt was pregnant,surprise
5614,31259,I felt SURPRISE when my brothers friend vandalized my car.,surprise
5615,31260,I was gifted a puppy as it was something I had wished for for a long time but didn’t think was on the cards,surprise
5616,31261,my mum was diagnosed with terminal cancer,surprise
5617,31263,I felt surprise when my boyfriend brought me flowers for my last day of work,surprise
5618,31264,I felt surprised when my grandmother from Cuba came to visit the US for the first time back in 2007.,surprise
5619,31265,I got offered a job I had been wanting,surprise
5620,31266,"I felt surprise when I sold my first piece of artwork, because I didn't believe that anyone would want my art.",surprise
5621,31267,my co-workers planned a birthday party without my consent,surprise
5622,31268,I felt surprise when I got a call to come in for an interview for my previous job as I had spent a long time searching to no avail and was not expecting a response from the company I had applied for as several weeks had progressed since I had handed in my CV and so I assumed that they would already have selected candidates for interviews if they wanted them.,surprise
5623,31269,i felt surprise when i was in year 8 and i was awarded the student of the year award. this was not something that i had anticipated and it felt good that my hard work was well rewarded,surprise
5624,31270,I felt surprise when I found out that I would be able to work from home.,surprise
5625,41672,I suddenly had more money than expected in my bank account,surprise
5626,41673,I felt surprise when I was offered the use of a car for 6 months without asking.,surprise
5627,41674,I applied for a prestigious position at my university when I was a student. The competition was intense and I was very much a dark horse with nothing more than an outside shot. I felt surprise when the hiring committee showed up at my front door with party streamers and a bottle of champagne to tell me that I'd been selected for the job.,surprise
5628,41675,I saw what this study was about,surprise
5629,41676,when my mother told me we would be going on vacation to Cuba for my 17th birthday.,surprise
5630,41677,"For my 40th birthday, my wife planned a trip. I didn't know where we were going until we got on the plane and they announced that we'd be landing in Seattle. I thought the surprises were over, but when we got to the place we were staying, I opened the door, and there stood one of my very best friends, who I hadn't seen in years, because she moved to Iceland. I was stunned.",surprise
5631,41678,when my friend bought me a present because it was my birthday.,surprise
5632,41679,We could get a discount rate on our insurance repayments. We had an issue that the premiums went up and we were able to negotiate a lesser rate all because we and the marketer were cooperative.,surprise
5633,41680,I felt surprise when I got my exam results and found out id passed my year,surprise
5634,41681,"I was asked to be the best man at a wedding of a friend I did not consider myself close with. I had not talked to him in more than a year, but he said I was one of his best friends. I had never even met the bride.",surprise
5635,41682,A close friend told me she was pregnant after years of trying,surprise
5636,41683,My sister told me she was pregnant,surprise
5637,41684,My boyfriend surprised me with a necklace from my favourite brand and his mum bought me a present as well. It was not for a special occasion they did it randomly.,surprise
5638,41686,I felt surprise when my boyfriend cheated on me,surprise
5639,41687,I felt surprise when I was working as an intern for one company and that company's competitor reached out to me to offer me a full time position with that company.,surprise
5640,41688,my friend came out as gay to me,surprise
5641,41689,"I felt surprise when i was hit head-on by a semi-truck in sophomore year of high school. This surprised me because he randomly swerved out of his lane into into mine, which is why he hit me.",surprise
5642,41690,i got offered a job that i felt like i was unqualified for and had only applied to on the very small chance that i would get it.,surprise
5643,41691,"I was fired, because i did not have much warning or reason to suspect it, and I had been at the company for almost 10 years.",surprise
5644,41612,When I had a surprise birthday party because I wasn’t expecting it,surprise
5645,41613,I had a surprise party,surprise
5646,41614,I felt SURPRISE when my wife arranged a surprise party on my birthday,surprise
5647,41615,my youtube channel received a lot of views and subscribers all at once,surprise
5648,41616,"I felt SURPRISE when my boyfriend at the time, who was/still is a cadet at the United States Military Academy, came to visit me at college. I had no idea that he was coming to visit me. He had just recently finished basic training, and our only form of communication for the past 6 weeks had been through letters. He had been in contact with my roommate and had planned with her how he was going to surprise me. My roommate told me we were going to dinner, so I got all dressed up, and she ended up driving me to the airport, where my boyfriend and I were reunited after two long months. Although we are no longer together, it was honestly one of the greatest moments of my life!",surprise
5649,41617,when my manager called me to tell me I got the job.,surprise
5650,41618,I felt surprise when I learnt how to cook a new dish and I got it on the first trial,surprise
5651,41619,I felt surprise when I got a graduation gift from my parents.,surprise
5652,41620,"My sisters boyfriend at the time, told me he loved me instead of my sister.",surprise
5653,41621,my friend told me she was pregnant.,surprise
5654,41622,I felt surprised when my supervisor offered me a part time position following my term.,surprise
5655,41623,I was nominated for President for a student organization I'm a part of.,surprise
5656,41624,My partner became pregnant in 2004.,surprise
5657,41625,I felt surprise when my father brought home a birthday cake for my mother’s birthday. The cake was beautifully decorated and looked aesthetically pleasing.,surprise
5658,41626,I had a music lesson and my teacher gave me a very kind compliment at the end.,surprise
5659,41628,"I was proposed to. Even thought I had thought about it some time before maybe a few months. I was on holiday and was not expecting it at all, it was a huge surprise.",surprise
5660,41629,My football team won,surprise
5661,41630,I felt surprise when my best friend gave me a little kitten as a birthday gift.,surprise
5662,41632,"I felt surprise when i discovered i was pregnant after thinking i was infertile after i had had breast cancer and due to my chemo etc, also because i have another medical condition which is one of the biggest causes of infertility",surprise
5663,41633,I felt surprise when the last date I had resulted in a relationship. I did not expect it however I was very happy and surprised it went as well as it did as we are now very happy.,surprise
5664,41634,when my husband sent me flowers to me.,surprise
5665,41635,My partner proposed to me,surprise
5666,41636,I felt surprise when my Fiance proposed to me on vacation.,surprise
5667,41637,I felt surprised when my mother gave me a kitten for my birthday without me knowing,surprise
5668,41638,I felt surprise when my boyfriend's mother gave me an envelope and when I opened it it was an invitation to her grandsons christening and I was surprised as I didn't think I would be invited as I only met him a few times.,surprise
5669,41640,I went to pick up my daughter from her grandma's house and there was company over; family members who I haven't seen in a long time due to Covid. I felt I was underdressed and frumpy looking so I was not entirely happy to see them or have them see me.,surprise
5670,41641,A time o felt surprised is when my mom and friends planned a surprise bday party for my 17th bday.,surprise
5671,41642,I found out a puppy was available for adoption.,surprise
5672,41643,"I felt surprise when my ex-boyfriend broke up with me. We'd been having a lot of arguments and I'd been debating whether or not to break up with him but had decided to stick it out. He called to talk and I thought we were going to have a difficult conversation, but I was really surprised when he broke up with me. I hadn't expected him to do that.",surprise
5673,41644,I won  gift card at work,surprise
5674,41645,When my friend came to visit after 2.5 years of not seeing her and I had no idea she was coming!,surprise
5675,41646,I felt surprise when my fiance's mother sent me flowers just beacuse.,surprise
5676,41647,my grandpa got a brain injury by falling down the stairs,surprise
5677,41648,I got gifted a Pandora bracelet,surprise
5678,41649,I got a phone call saying i got a job i interviewed for.,surprise
5679,41650,When one of my investment doubled,surprise
5680,41651,"I felt surprise when I went back to a city I had once lived in for 11 years, Montreal (Canada). When I had left the city 23 years ago, I was in love with the city. When I returned for the first time two weeks ago, I felt surprised that I no longer felt that way. I, as a matter of fact, hated every minute I was in the city. Both me and the city had changed.",surprise
5681,41652,I was travelling on a bus when it knocked over a pedestrian,surprise
5682,41653,I felt surprise when my parents gave me my Christmas gift they had kept hidden ever since my cousin sent it over.,surprise
5683,41654,I felt surprise when I passed my English GCSE with an A as I had failed all prior ones before,surprise
5684,41655,got rejected from first college choice,surprise
5685,41656,I was shopping when I suddenly ran into my dad and his new girlfriend who I hadn't met,surprise
5686,41657,"I got a job offer from a law firm for a position in accounts payable with a salary of $54,000 per year.  I had left my last job several months ago and that job paid just over $40,000 per year.  I was looking to make at least that much at a new job, but preferably (and realistically) somewhere in the $43,000 - $46,000 range.  When I got the call from my recruiter, who I was working, telling me that the company wanted to hire me and offered me a salary of $54,000 per year, I was extremely surprised.",surprise
5687,41658,I felt surprise when my parents threw me a surprise party.,surprise
5688,41660,my friends asked me to be maid of honour,surprise
5689,41661,I was a child and my parents surprised my sister and I with a golden retriever puppy,surprise
5690,41663,"i felt surprise when i was gifted my first car by my parent on my 18th birthday, it was like a dream to me , cause i never expected it, Didnt see it coming",surprise
5691,41664,The new house that I moved into at university did not look like the pictures (in a bad way),surprise
5692,41665,I had a poutine last night that didn't look good but was delicious.,surprise
5693,41666,I felt surprise for my birthday when my sister got me this purse that I wouldn't have picked for myself but I liked it very much! My sister usually doesn't give that great of gifts so it's nice when she gets me things that I like and I can use.,surprise
5694,41667,I felt surprise when I found out that my brother was moving out.,surprise
5695,41669,My boyfriend kicked my door in and beat me up,surprise
5696,41670,i felt surprise when i had an unexpected birthday party thrown for me because i rarely get to celebrate it.,surprise
5697,41671,I felt surprised when I had won the first woman's greco roman style wrestling match in my countries province. I was not told before hand that the tournament I was wrestling at was going to be the first to offer this style of wrestling to women. I was just the first match that was up and I won.,surprise
5698,41732,I felt surprise when I got a first class result in my degree,surprise
5699,41733,I lost three dress sizes without dieting over a few months,surprise
5700,41735,My hubby bought my favorite dress last week.,surprise
5701,41736,I received positive feedback at work from a member of the public. I work in the emergency services and the public tend to be very critical of my role. I was therefore surprised to be thought of positively and thanked for the job I had done.,surprise
5702,41737,"I felt SURPRISE when my friend bought me a copy of Zootopia during a trip to the mall. We were just looking around, and I had expressed that I loved the movie, and expressed sadness that I could not purchase it. A few minutes later, another friend came up to me and told me to go find her. I did, and she gave the bagged copy of Zootopia. I was surprised because she didn't express any intent to purchase it for me beforehand.",surprise
5703,41738,i got a laptop for christmas,surprise
5704,41739,I found $20 on the ground while walking,surprise
5705,41740,my RMT told me that she was pregnant even though she's said that she wasn't plannign on having kids!,surprise
5706,41741,I felt surprised when my girlfriend bought ne a present for no reason,surprise
5707,41742,I was given a helping hand financially with something,surprise
5708,41743,When my fiancée said yes to marry me,surprise
5709,41744,I read that someone prominent in my workplace announced he was leaving.,surprise
5710,41745,we got fined by the HOA,surprise
5711,41746,I was laid off due to Covid,surprise
5712,41747,"I felt surprise when, during a routine performance review with my boss in which I didn't expect to receive any change to my compensation, he told me I was getting a 19% raise because they discovered they'd been underpaying me for 2 years.",surprise
5713,41748,i felt surprise when my sister threw me a party my 16th birthday.,surprise
5714,41749,I was surprised when my friend told me she had slept with a friends brother who happened to be engaged. It was very surprising to me as the person in question who was engaged did not seem like the type and acted like a very wholesome person.,surprise
5715,41750,when I found out I ended my last semester of college with a 4.0 GPA.,surprise
5716,41751,i felt surprised when a guy said hes interested in me and wants a relationship because this doesn't tend to happen to me often especially since i gained a bunch of weight recently,surprise
5717,41752,my mom took me to my favorite smoothie place without telling me,surprise
5718,41753,I was whisked away for a suprise birthday trip,surprise
5719,41754,I thought I wouldn't have birthday celebration because of covid but my friends surprised me with an outside birthday party (I had no idea),surprise
5720,41755,i found out we would be in level 4 lockdown,surprise
5721,41756,I felt surprise when I got a prize for an event I didn't expect,surprise
5722,41757,got dumped by an ex girlfriend,surprise
5723,41758,my favourite football team won against a better team,surprise
5724,41759,I got stood up on a date,surprise
5725,41760,I was surprised when I was hired for my job 6 months ago. I'm a recent graduate that had no relevant experience and was concerned how my job prospects were looking. Even without any experience the company still took a chance with me and things have been going great ever since.,surprise
5726,41761,My friend got married,surprise
5727,41762,I had my hours cut at work because the company was struggling financially,surprise
5728,41763,"I found the perfect man for me, and the more time goes on, the more I realized he was the best person for me. Every day is a surprise.",surprise
5729,41764,my husband proposed on my birthday,surprise
5730,41765,I felt surprise when I got my undergraduate results.,surprise
5731,41767,A friend gave me a present I was not expecting,surprise
5732,41768,"i felt surprise when my teacher had run in to me after school and had stopped to tell me that he had stumbled upon one of the stories that i had written and said it was one of the best things he had written and said that if i ever wanted someone to read them, he was always there",surprise
5733,41769,when i received my teaching certificate last week.,surprise
5734,41770,I wasn't expecting the reaction the other person had.,surprise
5735,41771,"I felt surprise when my partner surprised me at home while we were long distance while we were both living abroad. We tried to visit each other every other weekend, which included traveling about 8 miles by walking/ using unreliable public transport. We didn't plan to see each other one week, but she surprised me at home after a difficult week.",surprise
5736,41712,A surprise birthday party was planned for me for the first time by new friends I’d just recently met,surprise
5737,41713,I achieved a first in my university dissertation.,surprise
5738,41714,I felt surprise when I achieved a scholarship award for university providing me with an unconditional offer,surprise
5739,41715,"I felt surprise when a job I was already hired for, fired me before I even started working.",surprise
5740,41716,I found out I was pregnant after having ivf,surprise
5741,41717,I felt SURPRISE when I was on the phone talking to my family on my Birthday and a whole bunch of my friends and family randomly joined the call.,surprise
5742,41718,Someone surprised me with a gift,surprise
5743,41719,When I got engaged,surprise
5744,41721,I was given a present,surprise
5745,41722,"I felt surprise when I was able to hold hands with and kiss my girlfriend in public and not feel any shame, despite growing up in an extremely homophobic environment.",surprise
5746,41723,I was thrown a surprise leaving party,surprise
5747,41724,I passed an exam that I didn't study for,surprise
5748,41725,My partner surprised me with a kitten. We had not discussed getting a pet and it was out of the blue but amazing.,surprise
5749,41726,I saw a spider in my bathroom,surprise
5750,41727,I got a bad grade on my ODE exam.,surprise
5751,41728,i got a surprise when i open the door and my mum was standing there as i not seen her for 14 years as she walked out of my life to be with another man and i was surprise she would ever get in touch with me again,surprise
5752,41730,"I felt surprise when my friends threw me an early birthday party because I was not expecting it at all, especially a month before my birthday.",surprise
5753,41731,I felt SURPRISE when my best friend told me she was moving to Calgary,surprise
5754,41692,Finding out I was pregnant,surprise
5755,41693,a close friend at work got a promotion over me,surprise
5756,41694,I felt surprise when my friend visited for my birthday because I thought she was away,surprise
5757,41695,"When my partner and I recently found out we were pregnant again, about 2 months before our daughters first birthday. The feeling was excitement mixed with worry, fear and anxiety. But it was and still is a lovely surprise we can’t wait to meet.",surprise
5758,41696,when I got a shiny Beldum on my 253rd encounter.,surprise
5759,41697,a lot of my friends showed up for my birthday,surprise
5760,41700,Partner bought new clothes for me as a gift,surprise
5761,41701,i felt surprise when i won an award that i was not expecting to win.,surprise
5762,41702,i received an award at work,surprise
5763,41703,My wife bought me a new football shirt because I wasn’t anticipating recieving it this year,surprise
5764,41704,I felt SURPRISE when i found out my parent's were getting a divorce after a long and successful number of years together. I was so sad and unhappy which made me mentally and emotionally unavailable for a while,surprise
5765,41706,I felt surprised when my dad and his girlfriend told me they were engaged.,surprise
5766,41707,I fell out of my front door,surprise
5767,41708,I got into university,surprise
5768,41709,"my mother bought me a car. coming from a low income family, i really did not expect this generosity.",surprise
5769,41710,"I felt surprise when my wife organized a surprise birthday party for me. I was just coming back home for work and I had even forgotten. Immediately I came home and opened the door, she had brought all my parents and my close friends waiting for me. It was a real surprise.",surprise
5770,41711,I last felt surprised when I was told a family member didn't have long life left.,surprise
5771,52503,"I felt surprised when I was 14 years old and my Dad returned earlier from a 3 month business trip to pick me up from school. I didn't know he was coming to pick me up and as far as I knew he was stilling working, so it was a very pleasant surprised.",surprise
5772,52504,I found $100 on the footpath,surprise
5773,52505,I won £200 whilst playing an online slot machine with money given to me for free by the website.,surprise
5774,52506,my husband took me away on a surprise holiday,surprise
5775,52507,My friend got me the best gift i have ever received out of nowhere.,surprise
5776,52508,my husband and my daughter came to meet me from work when i thought they were staying at home.,surprise
5777,52509,I met a friend by chance when I was on holiday,surprise
5778,52510,Someone bought me a birthday gift,surprise
5779,52511,I felt surprise when my friends and family threw a surprise birthday party for me which I had no idea was going to happen and came as a lovely surprise.,surprise
5780,52512,I found out I was pregnant,surprise
5781,52513,I ran into a friend from out of town,surprise
5782,52514,I felt surprise when I  met   my husband  for the first time,surprise
5783,52515,When it was my birthday and my boyfriend at the time had secretly planned a surprise birthday party for myself without me knowing .,surprise
5784,52516,When I got my dog for m birthday,surprise
5785,52517,someone had a party for me,surprise
5786,52518,I felt surprise when my fiance proposed.,surprise
5787,52519,my friends gave me a surprise birthday present,surprise
5788,52520,when i won a £500 john lewis voucher,surprise
5789,52521,I felt surprise when my parents bought me a laptop for my birthday because I didn't expect it as I didn't think they would spend that much on me and I hadn't asked them to.,surprise
5790,52522,my friends threw me a surprise party,surprise
5791,52523,Someone crashed into my car,surprise
5792,52524,when my wife arranged my friends to be at the pub for my birthday,surprise
5793,52525,I found out I was pregnant because our fertility doctor told us there was only a 15% chance.,surprise
5794,52526,i scored 2 goals for my team on the weekend,surprise
5795,52527,I found out from my girlfriend that she was pregnant,surprise
5796,52528,I won a competition for a custom birthday cake on a radio show. This was something entered as a bit of fun and I was very surprised to win as I am typically unlucky and rarely win anything.,surprise
5797,52529,I was accepted to adopt two pet kittens in a week after having spent so long looking,surprise
5798,52530,I felt surprise when my girlfriend broke up with me because it was very unexpected and came out of nowhere.,surprise
5799,52531,My dad gave me a car on my birthday.,surprise
5800,52532,"my fiance proposed to me because I wasn't expecting it, he had led me to believe he was going to do it when we were finally able to travel again. But instead, he did it at our home on an ordinary night and had invited my friends over to be there for it who were hiding in the bathroom while it was happening.",surprise
5801,52412,"I felt surprised when I found out my cousin has a kid, because to my knowledge none of us knew he was even with someone, he was not married or anything so when we found out he has a child but kept it a secret we were all very surprised.",surprise
5802,52413,My now husband asked me to marry him,surprise
5803,52415,"my friend asked me which show I would like to see, I responded, unsure if he would like me choice, and he said he would even take me to watch grass grow if that's what I wanted to see.",surprise
5804,52416,when my family organised a surprise birthday party for me,surprise
5805,52417,the first time I went clubbing with friends in my home city,surprise
5806,52418,When I found out I was pregnant with my first child as he wasn’t planned,surprise
5807,52419,I found out I was pregnant 1 month after suffering a miscarriage,surprise
5808,52420,My brother announced his pregnancy with his girlfriend,surprise
5809,52421,When I discovered that my friend gossip about me,surprise
5810,52422,i took the high side off my motorcycle,surprise
5811,52423,I received a huge birthday present,surprise
5812,52424,I felt surprised when I my boyfriend booked for us to go away to see my best friend (who i had not seen in a long time) for my birthday present,surprise
5813,52426,I felt surprise when my best friend said she was moving home.,surprise
5814,52427,I bought a new vehicle,surprise
5815,52428,Someone left my team,surprise
5816,52429,covid19 happened globally,surprise
5817,52430,I dropped my water bottle on my toe,surprise
5818,52431,I felt surprised few weeks back seeing  a college mate of mine after a very long time.,surprise
5819,52432,when i found out that i was pregnant because it was unexpected,surprise
5820,52433,I won a large free bet on a site I had not visited for a long time.,surprise
5821,52434,when I built my first computer,surprise
5822,52435,I was proposed to by my partner because I didn’t expect it,surprise
5823,52436,I bumped into a good friend that I hadn't seen in a long time. This happened in a place I really wouldn't have expected to have seen her.,surprise
5824,52437,I felt surprise when my fiancé proposed to me.,surprise
5825,52439,winning in bingo that i didnt expect.,surprise
5826,52440,A colleague acted out of character,surprise
5827,52441,When my sister shared she was pregnant,surprise
5828,52442,I won a competition. I was very surprised as I don’t normally win anything but I was pleased too,surprise
5829,52443,When I found I had passed my driving test,surprise
5830,52444,"my ex boyfriend messaged me back after 10 years of not speaking. I never expected a response, I was married at the time (unhappily) and i contacted him by just saying ""hi"". He instantly messaged back with his phone number and we spoke for ages on the telephone. we then went onto re-kindle our romance and are still together 4 years later. it still surprises me now as i never expected it",surprise
5831,52445,My son announced his engagement,surprise
5832,52446,I was noticed and offered a job without applying,surprise
5833,52447,my husband had booked theatre tickets and a weekend away. picked me up from work with a suitcase packed,surprise
5834,52448,my friend from a different state came to my birthday party without me knowing,surprise
5835,52449,I felt surprised on my 25th birthday when my girlfriend organised a surprise birthday party for me. I didn't expect it at all and was anticipating a quiet evening.,surprise
5836,52450,My mum and sibling visited me at college on my birthday,surprise
5837,52451,"the result of the UK referendum re remaining/leaving the EU was announced.  I had voted to remain in the EU, and everyone I worked or socialised with voted the same, so incorrectly assumed that the majority of the UK had voted similiarly.  I was very surprised (and disappointed!) when the results came back as leave.",surprise
5838,52452,I am called about work on a weekend,surprise
5839,52453,I felt surprised when I found out I was going to be an aunt,surprise
5840,52454,I had a trip booked for me that I didn't know about,surprise
5841,52455,my friends threw me a surprise birthday party last year.,surprise
5842,52456,I felt surprise when I had a pay out already from prolific.,surprise
5843,52457,when there was no jobs after graduating college.,surprise
5844,52458,"I felt surprise when I received a job offer immediately after graduating college, especially because I had gone through nearly forty interviews and a hundred applications without positive results.",surprise
5845,52459,I found out I was preganant with my first child.,surprise
5846,52460,My cat jumped on me in the middle of the night as I was trying to go to sleep,surprise
5847,52461,I passed my professional work qualificaton,surprise
5848,52462,When my sister told me she was pregnant.,surprise
5849,52463,I felt SURPRISE when my boyfriend booked me a holiday to Iceland without me knowing.,surprise
5850,52464,I felt surprised when I found out I was pregnant after trying for a baby for several years.,surprise
5851,52466,I found out we could get funding for fertility treatment,surprise
5852,52467,I got a message from my colleague about my increment in wages which wasn't expecting due to COVID-19 issues.,surprise
5853,52468,when i found out someone was preganent,surprise
5854,52469,Someone took me on holiday on a special occasion,surprise
5855,52470,WHEN MY LADY GAVE MY A BIRTHDAY PARTY,surprise
5856,52472,I felt SURPRISE when I won a radio contest to have a conversation with my favorite musical artist.,surprise
5857,52473,"When I received my American Fender Telecaster for my 17th birthday.  I'd never expected to ever have a real American made Telecaster in my life, and the sense of surprise I felt in that moment was indescribable and incomparable to anything else I've ever felt in my life.",surprise
5858,52474,My sister-in-law announced she was pregnant the same day my partner made her pregnancy public,surprise
5859,52475,My friends threw me a secret suprise party,surprise
5860,52476,My friend told me she was moving to the same city as me,surprise
5861,52477,Starting a new job in a completely different environment,surprise
5862,52478,Receiving presents on my 18th birthday,surprise
5863,52479,a close relative announced that they were moving house to a long distance away,surprise
5864,52480,I found out I was pregnant with baby number 3,surprise
5865,52481,my workplace gave me a very generous gift of money unknowingly,surprise
5866,52482,"I felt surprise when I won a small amount of money on a lottery ticket. It wasn't a huge amount of money, but I had never won anything before.",surprise
5867,52483,My boyfriend proposed to me in one of our favourite places!,surprise
5868,52484,I feel surprise when I got offered a job for next year after completing my degree,surprise
5869,52485,I felt surprise when I got promoted at my working place,surprise
5870,52486,I gave birth to a baby boy,surprise
5871,52487,my sister got married,surprise
5872,52488,a person let me down on a task they had promised to do. It surprised me as they are usually very reliable,surprise
5873,52489,When I found out I was pregnant.,surprise
5874,52490,I got a grade B on my science GCSE,surprise
5875,52491,I felt surprise when I found out I was pregnant,surprise
5876,52492,When I won on a scratch card,surprise
5877,52494,when she slapped me,surprise
5878,52495,A friend managed to catch one of my emu and put it in the trailer,surprise
5879,52496,I surprise when my dad planned a trip to Italy for me and my sister.,surprise
5880,52497,i realised my mum was having an affair with my dad,surprise
5881,52498,"I felt surprised when I noticed my grandmother bearing the same name with my wife, the day I first introduced my wife to my mother, my mother introduced herself to my wife with her full name not even knowing that she's bearing same name with my wife",surprise
5882,52499,my daughter told me she was pregnant,surprise
5883,52500,I tested positive for covid-19.,surprise
5884,52501,"My partner announced she was pregnant, after many years of miscarriages this surprised me because we both thought it would never happen for us.",surprise
5885,52502,"my wife was pregnant for the first time, this really was a big surprise because we were trying to have a baby for long time, visiting many doctors and neraly giving up hope, however when my wife was preganant for the first time I was surprised and so happy.",surprise
5886,52594,I felt surprise when I found out I was pregnant with my daughter,surprise
5887,52595,My daughter won a full ride scholarship,surprise
5888,52596,one of my best friends came to a girlguiding meeting unexpectedly after I hadn't seen her for a couple of months,surprise
5889,52597,"When I picked up my dog as puppy, I couldn't be more surprised how much I would love him.",surprise
5890,52598,I got pregnant with my son,surprise
5891,52599,I got accepted in a job that I applied for,surprise
5892,52600,my husbands head blew up,surprise
5893,52601,someone I considered a friend tried to embarass me at a party in front of everyone. It was completely out of character and I was shocked when she tried to do it.,surprise
5894,52603,My best friend surprised me for morning cuddles,surprise
5895,52604,I got offered a new job,surprise
5896,52605,I felt surprise when I found out I lost the mirror cover on car.,surprise
5897,52606,when my boyfriend finished work on time,surprise
5898,52607,Birthday party had been arranged,surprise
5899,52608,I went to a restaurant expecting a work meeting and it was a party my colleagues thrown for me,surprise
5900,52609,"my dad told me his net worth, which suggested that he has enough to retire, despite his insistence to work multiple more years",surprise
5901,52610,my partner brought me a special gift,surprise
5902,52611,I felt surprise when I won an award at school,surprise
5903,52613,when i found out that my wife was going to be having my child,surprise
5904,52614,my boyfriend surprised me with a handwritten note,surprise
5905,52615,I got offered my current job. I didn't think I had the experience for it so was really pleasantly surprised when I was offered it,surprise
5906,52616,I turned 21. Biggest birthday effort was made for me.,surprise
5907,52617,I felt surprised when I found out two of my friends had ended their relationship.,surprise
5908,52618,when I found out me and my wife were expecting our first child naturally after being told IVF would be best.,surprise
5909,52619,"Crazy golf is not my thing, but since Im not posh enough for GlenEagles , it's all i can do. Im rubbish at it. Anyway.. everyone else had had their go and scored 2-3 points.. on my turn, the ball literally stopped on the edge of the hole. Just as I was about to pick up the ball, a gust of wind blew it in. hole in one. Everyone surprised. totes amazeballs. I still lost the game tho, see ? told you I was rubbish .. :-)",surprise
5910,52620,As I was entering a romantic relationship with a coworker I had known for 10 years. I discovered that the persona they presented at work had hidden or mislead about important elements of who they were. A pleasant surprise in this case.,surprise
5911,52621,I saw someone unexpected,surprise
5912,52622,When I met a celebrity,surprise
5913,52623,I lost my purse.,surprise
5914,52625,my uncle had an argument with my cousin,surprise
5915,52626,Patient accepted elaborated treatment plan easily,surprise
5916,52627,I heard that my daughter had diagnosed type diabetes,surprise
5917,52628,I got accepted to a masters program,surprise
5918,52629,I found out I had heart disease,surprise
5919,52630,a coworker scared me,surprise
5920,52631,my friend responded with a slightly negative joke towards me.,surprise
5921,52632,I was elected as a student union officer,surprise
5922,52633,My cat did so well on his first overnight trip away from home.,surprise
5923,52635,I got a dog for my birthday,surprise
5924,52636,"A friend sent me a package of Chinese tea in the mail for ""no reason""",surprise
5925,52637,"I have been dating someone online for a couple of years, and we finally got the chance to meet in person last week. It didn't go well at all, and I was very surprised by how he over reacted to a very minor thing that I said, and our relationship crumbled in a matter of minutes. I still don't fully understand what happened!",surprise
5926,52638,I felt SURPRISE when I went to Wrestlemania for the first time a few years ago and had The Rock have his music hit and come out to the electricity of the crowd. Felt like a kid all over again.,surprise
5927,52640,"I was woken up by an earthquake in my area early in the morning. It was the first time I had experienced an earthquake, it wasn't very intense but the feeling was extremely confusing and surprising at the same time, especially since I had just woken up and was trying to comprehend the shaking all around and the sound of the earth.",surprise
5928,52641,my optometrist told me my tear film breaks apart immediately and it should last ten seconds.,surprise
5929,52642,i felt surprise whit a new anime,surprise
5930,52643,I felt surprised when I was offered an entrance scholarship of $1000 for college.  I was not expecting this because I did not think I deserve any scholarships.,surprise
5931,52644,I realised how much more money I could have saved if I transferred my savings to a higher interest rate account,surprise
5932,52645,I received a letter approving a visa application to migrate to Canada which was almost impossible to get from a middle eastern country,surprise
5933,52646,I was gifted a large amount of money,surprise
5934,52648,my offer on commercial lease was accepted because i didn't it would.,surprise
5935,52649,I got invited to the prom by my crush,surprise
5936,52650,I found out that two of my best friends started dating,surprise
5937,52651,I felt surprised when I joined a zoom call and found my webcam on.,surprise
5938,52652,"When I found out someone I went to school with was homosexual I very surprised. Especially as for years at school he was dating the same girl, who was quite pretty and a lot of the other boys were jealous of. He married her and had 2 kids with her. None of us had any idea he was gay. She asked him for years if he was gay and it took until he was 30 to finally come out. Total surprise. !!",surprise
5939,52653,My wife gifted me a new car for my birthday,surprise
5940,52564,I felt SURPRISE when I was diagnosed with leukaemia with no prior symptoms.,surprise
5941,52565,I felt surprise when my partner who was driving lost control of the car on a roundabout in wet conditions. We spun and bumped into the curb and a post which luckily stopped us from toppling over. it all happened so suddenly.,surprise
5942,52566,When the person on the drive thru in front of me paid for my drinks,surprise
5943,52567,ronaldo transferred to MUFC,surprise
5944,52568,"I felt surprise when my sister told me she was pregnant with her third baby, because I didn't realise she was trying for another baby.",surprise
5945,52569,I had a phone call to say someone was seriously unwell,surprise
5946,52570,I got into my chosen university,surprise
5947,52571,my parents surprised me to go for dinner,surprise
5948,52573,I was surprised when I came home and found out I had won a raffle.,surprise
5949,52574,my boyfriend surprised me with a trip away for the weekend.,surprise
5950,52576,I felt surprise when my friend bought me a bracelet,surprise
5951,52577,on my birthday party,surprise
5952,52578,when I got accepted into my college course,surprise
5953,52579,Finding out I was pregnant with twins,surprise
5954,52580,My partner got me a personalised video greeting for my birthday from someone famous I like.,surprise
5955,52581,my husband found out he had a half brother,surprise
5956,52582,I felt surprised when my ex boyfriend still bought me a birthday gift.,surprise
5957,52583,"My parents woke me up during a school morning and told me we were going off to see a movie instead, as we had all been looking forward to it and wanted a break.",surprise
5958,52584,my theater professor called on me to perform our exercise,surprise
5959,52585,I was asking advice from a mentor about how to deal with a person we both knew and were close with (and who was my boss). The mentor suggested that I do some soul searching and essentially questioned whether I should even keep that job,surprise
5960,52586,I felt surprised when I got my birthday presents because I wasn’t expecting them,surprise
5961,52587,I felt surprise when I found out my girlfriend felt ill,surprise
5962,52588,My new partners parents arrived at the house unexpectedly.,surprise
5963,52589,i found out i was pregnant,surprise
5964,52590,"I felt surprise when I was out one day picking up trash in the park and a woman around my age came up to me and was so excited to see what I was doing, she asked for my phone number and said maybe we could hang out sometime and get our kids to hang out. I was surprised because no one had ever been that excited about something I was doing, and as an adult I'd never had a stranger ask for my number and want to be my friend so randomly like that.",surprise
5965,52591,my wife bought me a car on my birthday,surprise
5966,52593,"I felt surprise when I took my driving test for the first time. I knew I was a good driver and had practiced very hard for it, but when the actual driving test came, it was like I forgot everything I had learned for the past half year. One small mistake led to the next and the next until I ultimately failed and then proceeded to feel really bad about my driving skills. A month later when I took the test again, I passed with flying colors.",surprise
5967,52533,when I saw my teacher on an aeroplane,surprise
5968,52534,I felt surprised when I found a turkey on sale for only 15 dollars,surprise
5969,52535,My parents visited me all the way from our home country,surprise
5970,52536,"my boss initially refused my leave of absence multiple times even though I had been asking for one for weeks, and then suddenly responded to my email to start taking it the next day.",surprise
5971,52537,I found out my best friend was also dating a woman,surprise
5972,52538,Our mortgage renewal went to plan and in our favour,surprise
5973,52539,Myhusband surprised me with a trip to Dubai,surprise
5974,52540,We recently purchased a guinea pig for my daughter as a reward for getting straight A's for the entire year. A few weeks after we got home we discovered that the guinea pig was very pregnant. A few days later we woke up to 3 extra guinea pigs. We were all VERY surprised!,surprise
5975,52541,I felt surprised when I got a car for my 16th birthday,surprise
5976,52542,a relative of mine had sent me some money. I checked my bank account and saw they had sent me money which I was not expecting,surprise
5977,52543,When I found a tenner on the floor last month,surprise
5978,52544,I felt really surprised when I discovered my friend was pregnant. She has a disability and always said she wasn't sure if she could have children. I was so surprised when she told me I actually spat out my drink!,surprise
5979,52545,I got a new job,surprise
5980,52546,when my girlfriend visited me unexpectedly overseas,surprise
5981,52548,I felt surprise because my boyfriend got me a gift out of nowhere,surprise
5982,52549,When I left a job and the gifts I received,surprise
5983,52550,someone named their kid after me,surprise
5984,52551,"we were chosen to rent the house we currently now live in, out of several applicants",surprise
5985,52552,I got the job!,surprise
5986,52555,My dog passed away,surprise
5987,52556,My partner brought me flowers,surprise
5988,52557,I got a new job,surprise
5989,52558,I felt surprised when my partner put their arms around me at a concert and started to dance with me to a song we listen to.,surprise
5990,52559,I was purposed to after only a year relationship,surprise
5991,52560,"I felt surprise when I was sitting on my balcony on the fifth floor and when I looked beside me there was a squirrel that had climbed up the side of the building. I felt surprised because I had never seen a squirrel up so high and he was so calm l, he didn't run away when I got up and went inside to grab some nuts for him, he wasn't even scared and I had never experienced it before.",surprise
5992,52561,My boyfriend got me an Apple Watch for my birthday,surprise
5993,52562,My best friend told me she was pregnant,surprise
5994,52563,I found out that I had received an unexpected windfall due to an inheritance from a will belonging to a great aunt.,surprise
5995,6968,My teen age son wasn't in his bed after bedtime,surprise
5996,6969,A hummingbird suddenly appeared.,surprise
5997,6970,I got a new job that I had really wanted but doubted I would be offered.,surprise
5998,6971,when there was a plot twist in Game of Thrones,surprise
5999,6975,when I found out I was related to someone very famous.,surprise
6000,6978,"I felt surprise when the person I have had interest from a long time, that i lost touch with came back into my life and confessed the same feelings",surprise
6001,6979,I got a payrise at work and a promotion,surprise
6002,6980,last night when there were unexpected guests when I arrived for a family dinner.,surprise
6003,6981,My boyfriend turned up with a starbucks,surprise
6004,6982,Offered a job straight away,surprise
6005,6983,I received a money cheque.,surprise
6006,6985,"I felt surprised when a little while ago I learned that college was not how I thought it seemed or would be based on the little things teachers and movies told us, which I know shouldn't have been so shocking but I was still shocked on how I would do online courses during the pandemic.",surprise
6007,6986,My brother came out to us,surprise
6008,6987,my sister travelled to New Zealand to surprise me whilst travelling. I had not seen her for over 6 months and was not expecting her to arrive in Auckland.,surprise
6009,6988,i got a promotion,surprise
6010,6989,I was praised at work for a successful task,surprise
6011,6990,I felt surprised when I found out a close friend had introduced her children to a guy she has been dating for a few weeks.,surprise
6012,6991,"I felt surprised when I opened up prolific to see that there were so many studies to do because usually when I log on to look for studies, I can't find very many to participate in and today I saw around 20 and I also felt excited to see all these studies and make a little bit of money participating in them",surprise
6013,6992,I won money on the lotto,surprise
6014,6993,I had a win on the premium bonds,surprise
6015,6994,"My friend told me she had just bought a new house, and I was the first person she had told.",surprise
6016,6995,i found out about a house sale,surprise
6017,6996,I ran into a mother of another boy my 10 year son knew at nursery to find her child was now living as a girl,surprise
6018,6997,When I met my niece at how small she was.,surprise
6019,61002,I got a great too good to go bag,surprise
6020,61003,when my dad announced that he had a new girlfriend,surprise
6021,61004,i was given extra money in my pay packet,surprise
6022,61005,I was surprised when my loved one was diagnosed with cancer.,surprise
6023,61006,I had been told my son was a girl and I thought he was a girl until the moment he was born.,surprise
6024,61007,"having arranged installation of a new boiler with a date of 18th November, I received a call to say it would be installed next Saturday, 6th November",surprise
6025,61008,I was offered a promotion at work without any conversations or interviews previously,surprise
6026,61009,Getting my job with the pay scale I am on,surprise
6027,61010,I came to Canada and applied for few jobs and landed with one in the very first month,surprise
6028,61011,I felt surprised when my husband surprised me and flew to Portugal to meet me on holiday and propose,surprise
6029,61012,I felt surprise when the US borders opened again for UK travellers,surprise
6030,61013,I managed to travel internationally alone without any issues or problems,surprise
6031,61014,I saw a whale shark when snorkelling.,surprise
6032,61015,I found out my best friend at Uni was from the same Village in Nigeria as me,surprise
6033,61017,"when I got promoted at work, despite only having been employed there for a year.",surprise
6034,61018,Someone crashed into my car,surprise
6035,61019,My father came out of retirement to accept a job in a remote location of Canada,surprise
6036,61020,My partner (at the time) told me that he decided he was fully gay (not bisexual as he had previously told me) and wanted to end our relationship.,surprise
6037,61021,found out I didn't get a promotion,surprise
6038,61023,"i got asked to be part of my sister in laws wedding as i wasn't particularly close to her at the time, nor was I married to her brother yet.",surprise
6039,7195,I felt surprise when my long distance friend gave me a phone call because we hadn’t spoke in months,surprise
6040,7196,"we were moving house and I found an old music promotional poster. I listed it onto an online auction website and it sold for £3000, I couldn't believe it!",surprise
6041,7197,When I discovered my grandparents were coming to visit me as for the last 6 years they have stressed they never had any intention of coming to visit me,surprise
6042,7198,I got promoted.,surprise
6043,7199,My best friend visited from NB,surprise
6044,7200,Last night I was suprised I could smell smoke in my basement,surprise
6045,7201,I felt SURPRISE when I returned home one day recently to find that a neighbour had dramatically trimmed many of our fence-line trees and had dumped them in our garden without any discussion or warning.,surprise
6046,916,i felt surprise when my partner came to my door with a milkshake unannounced,surprise
6047,917,i learned my great grandad had a secret second family,surprise
6048,919,I felt SURPRISE when my grandmother died,surprise
6049,920,I got my recent pay rise,surprise
6050,2228,"Approaching a large jump on a horse, I trust the horse to safely get us over it.",trust
6051,2229,A girl told me what was bothering her,trust
6052,2230,"I felt trust when I got sick mysteriously and puked two days after moving away from home into a dorm, and going to the drop in clinic very very early in the morning and they looked after me even when I was stress-crying and freaked out from puking blood and being in a new place where I knew no one.",trust
6053,2231,"My friend demonstrated authenticity in validating my feelings, and also vulnerability in sharing her thoughts with me.",trust
6054,2232,when my friends send farewell wishes to me when I finish my exchange,trust
6055,2210,I told my parents I was pregnant at the age of 16 and they told me they'd support me and help me with everything I need and always stay by me,trust
6056,2211,I asked my partner to do a task for me,trust
6057,2212,I felt trust when my cat sleeps by me,trust
6058,2213,My manager asked me to take voluntary pay reduction due to COVID. He promised that my pay would return to normal after 3 months and that I would be rewarded for my sacrifice. I trusted him and it all worked out well.,trust
6059,2219,I felt trust when I asked my coworker to cover for me and they did.,trust
6060,2220,"After convincing my son he would have a good time at bike camp, and shouldnt be nervous.",trust
6061,2221,a partner saw me naked,trust
6062,2222,My son who suffers anxiety listened to me & calmed down,trust
6063,2223,My friends let me take their children fishing,trust
6064,2224,I knew I could rely on a friend on holiday as I have had previous bad experiences with holidays with friends,trust
6065,2225,I was able to tell my partner about an unwanted sexual experience I had when I was younger,trust
6066,2226,working with my financial advisor,trust
6067,2227,because I know people understand me,trust
6068,2214,"someone sticks up for me, or does something for me",trust
6069,2215,I felt TRUST when my friends helped tidy my room whilst i was in hospital,trust
6070,2217,I felt trust when working on a team project and one of the team members went over and above to get our deliverables completed because the team member showed me that they have my back even if I was not able to contribute as much as I wanted to the project.,trust
6071,2218,I told my husband a secret.,trust
6072,31393,"I felt trust when my partner told me about the harsh bullying the endured during grade school and how they are still dealing with the impacts of that bullying today, which affects their personal relationships and emotions.",trust
6073,31395,"When I called my mum and dad earlier on the phone to talk about how bad I was feeling. I was sad, but after a bit I felt better, I felt safe or 'trust', because they love me, and I love them, and I can talk to them about a lot of stuff and know they'll always be there for me.",trust
6074,31396,when I rant/vent to my boyfriend,trust
6075,31397,A friend told my to place my trust in him that he would catch me if I fell,trust
6076,31398,my friends had my back during a certain situation when I felt like they would turn their back on me. We had deferring opinions and I thought they wouldn't want to see me because of it.,trust
6077,31400,when my doctor assured me my surgery went well.,trust
6078,31401,I see my girl,trust
6079,31402,I felt trust when my girlfriend opened up to me about her sexual fetishes.,trust
6080,31403,when I broke up with my ex because I trusted my choice.,trust
6081,31404,my coworker shared personal experiences with me and connected with me on a personal level,trust
6082,31405,My relatives brought furniture over and helped me move into my new place.,trust
6083,31406,i was trusted to look after my sisters savings,trust
6084,31407,"I felt trust when I was at a bar downtown and my sober driver completely left me and my other friend stranded, and the first person I called picked up right away and came to pick us up no problem at all. I've never been more grateful and trusting in someone.",trust
6085,31408,I told my boyfriend a secret and he didn't judge me,trust
6086,31410,"I felt trust when my boyfriend and said""I love you"" for the first time",trust
6087,31411,my parents let me hold by baby siblings,trust
6088,31412,When my friend and I had an argument but another person backed me up and shared facts about the quarrel,trust
6089,31413,I told my sister about a terrible situation i had found myself in,trust
6090,31414,I felt trust when I left my daughter at home alone for the first time.,trust
6091,31415,I was allowed to park my colleague's brand new car.I felt a sense oft rust from him as it was brand new,trust
6092,31416,I moved to Seattle with my boyfriend because he was consistently dependable.,trust
6093,31417,I felt trust when my parents returned back to my college to help me move in because I knew they'd always be there.,trust
6094,31418,I had a baby scan,trust
6095,31419,i got stuck in a bin and my friend wheeled me home and now i trust him for life,trust
6096,31420,"I felt trust the day a physician picked my husband up in the hospital, and gently lowered him down into his hospital bed. It was my husband’s first episode of his life threatening illness. He had been in hospital for months, had lost so much weight and was frail and weak. The physician needed my husband to stand for a blood pressure but he lost his strength. That’s when the physician lifted him up. To witness someone treat my husband so gently was very emotionally touching. I felt instant trust in this physician I had never before met. We asked him to be my husband’s specialist as an out patient and he agreed. He’s saved my husband’s life multiple times in the decade since.",trust
6097,31421,"I felt trust when the nurse, assisting in a procedure I was going under anesthesia for, made me laugh at a funny joke literally moments before I blacked out.",trust
6098,31423,I felt trust when my family member stepped forward to be my guarantor.,trust
6099,31302,I told a friend something personal about myself and she was very accepting.,trust
6100,31303,Someone remained loyal,trust
6101,31304,I felt TRUST when me and my partner opened up to each other for the first time,trust
6102,31305,My friends came and picked me up from the airport,trust
6103,31306,I felt TRUST when my girlfriend and I got high for the first time ever. The trust was specifically for her.,trust
6104,31307,i felt trust when i gave my savings to a friend to look after after finding out my dad was taking money from me and after a year i got the money back without any missing,trust
6105,31309,I trusted my boyfriend to drive us to our holiday safely,trust
6106,31310,I felt trust when I opened up about my feelings.,trust
6107,31311,my manager trusted me to run the shop while he was on holiday,trust
6108,31312,The doctors delivers my baby safely,trust
6109,31313,when my friend stayed with me during a hard time,trust
6110,31314,"I felt trust whenever customers come into the store, give me their water sample and trust everything I tell them and buy all of the products I suggest. when people actually trust me and believe that I'm not just selling them stuff to make money.",trust
6111,31316,I felt trust my roommate shared her location with the rest of us before going out,trust
6112,31317,I told a friend that I was having trouble with my relationship.,trust
6113,31318,I felt trust when I went on a trip North of my state without my parents and my friends who had done the trip before were looking after me the whole time.,trust
6114,31319,I let my assistant cover my class.,trust
6115,31320,I’m given a leadership,trust
6116,31321,"I felt trust when I went skydiving. I trusted in the equipment that was supporting me as well as the experienced skydivers who worked at the facility, and especially the one skydiver I was strapped to when jumping out of the plane.",trust
6117,31325,I felt trust when I was seeing my  doctor and discussing a particular issue.,trust
6118,31326,i felt trust when i went out with my girlfriend and i left her alone in the park of a shopping mall . on getting back she told me how a man in a rolls royce phantom approached her and asked for her contact but she refused to give him because she was in a relationship. i was driving a prius then.,trust
6119,31327,my friend stood up for me when I was have issues with another friend.,trust
6120,31328,"i was having a bad day and my partner decided to surprise me with a date, i didn’t know what was happening and was quite concerned that he was making me drive somewhere with him so late. before we drove out, he gave me a self care night with a bubble bath, massages and cuddles, he chose my outfit and took me to a 24 hour restaurant where he proposed. i felt trust that he would always make sure i felt happy and loved and safe with him, even on my worst days.",trust
6121,31330,my friend and I were playing with her daughter in the park and my friend had to take a phone call so she trusted me to look after her daughter whilst she took the phone call away from us. I felt that she trusted me to watch her daughter and make sure that she didn't get hurt whilst playing.,trust
6122,31331,My friend came back and showed me i can trust him.,trust
6123,31332,I gave my wallet to a friend,trust
6124,31333,"Back in high school when I told my friend that I was feeling suicidal. I trusted them to be there for me, and trusted them when they convinced me to talk to the school psychologist. I regularly confided in them about my problems and always trusted them, but particularly then, I trusted them as they came with me to see the psych.",trust
6125,31334,when I met my best friend,trust
6126,31335,Told a deep secret to my best friend that I trust,trust
6127,31336,I had to believe that doctors would get me beyter,trust
6128,31337,I married my husband as I knew we would spend our lives together,trust
6129,31338,My friends helped me answer a survey for a job reference and did so very positively,trust
6130,31339,My boyfriend shared with me that someone’s actions toward him made him feel uncomfortable,trust
6131,31340,When i successfully completed a transatlantic journey,trust
6132,31341,my partner packed my suitcase.,trust
6133,31342,I trusted my parents to look after my dog,trust
6134,31343,I felt TRUST when my doctor listened to worries and referred me to the hospital,trust
6135,31344,"I felt trust when my car broke down in the middle of nowhere that everything would be okay and it turned out to be true. I pushed my car into a hotel parking lot and there was a mechanic also staying at the hotel who was smoking outside, saw me pushing my car and fixed it for me.",trust
6136,31345,I became pregnant,trust
6137,31346,I locked the shop myself for the first time,trust
6138,31347,I felt trust when my boyfriend called me because I knew he would support me always.,trust
6139,31348,when my boyfriend and I had an argument but he still reassured me that he loves me etc.,trust
6140,31350,I feel trust whenever people tell me their secrets and tell me that I'm one of the only people to know. I love knowing things other people don't and I'm a great secret keeper.,trust
6141,31351,I started confiding more in my mother.,trust
6142,31352,when I had to ask for help at work because i knew i could go to my colleague for help.,trust
6143,31353,I felt trust when I realized that I was able to depend on the people around me for support when I was in need.,trust
6144,31354,I felt trust when my brother stuck up for me after my mom confronted my actions,trust
6145,31355,When letting a friend into something really personal,trust
6146,31356,I was removed from a list when something got missing.,trust
6147,31359,When I went on a rollercoaster and had to trust that the equipment had been checked and would work properly.,trust
6148,31360,a friend opened up to me about the end of their relationship and we talked about it,trust
6149,31361,My wife said she turned off the electric fence as i was about to go through it,trust
6150,31362,I felt trust when I told my boyfriend personal stories about my life that I knew he wouldn’t share with others.,trust
6151,31363,My husband had to arrange some childcare in an emergency,trust
6152,31364,when I asked my friend to look after my dogs when on holiday,trust
6153,31365,my sister helped me set my business up,trust
6154,31366,I felt trust when my family took care of me after a medical procedure.,trust
6155,31367,"This occured when my friend in my neighborhood was about traveling for a business trip, she have to plead with me to watch over her 5 year old son till she comes back I was so surprised to hear such coming from her but I was glad she could trust me to watch over her son when she is gone.",trust
6156,31368,I confessed to being in debt and the boyfriend forgave me,trust
6157,31369,"I felt trust when I was listened to, and helped.",trust
6158,31370,I was promoted,trust
6159,31371,Trust my gut feeling about a situation,trust
6160,31372,I felt trust when emergency services were called after a car accident.,trust
6161,31373,my wife never believed a wrong accusation against me.,trust
6162,31374,I felt trust when I used to spend the night at my friend's house. His father was a cop and always made sure we were safe.,trust
6163,31375,my mom was there with me for an anxiety attack,trust
6164,31376,I started to feel depressed and I was able to open up to my friends.,trust
6165,31377,I felt trust when my friend had to drive my boyfriend home before I had a car and they lived two minutes away from each other and nothing happened between them.,trust
6166,31378,My co-worker confided in me about a personal life issue,trust
6167,31379,my dad let me drive his truck for the first time,trust
6168,31380,I was able to tell my closest friend things that were never repeated.,trust
6169,31381,I left my wallet on the counter in a store and the person behind me in the queue returned it to me when I was walking away,trust
6170,31382,my organization told me they were sending me to the Dominican Republic for study abroad instead of Uganda because they thought it would be best for now.,trust
6171,31383,"I was drunk, throwing up and my sister took care of me",trust
6172,31384,I told a friend about a boy I was in love with,trust
6173,31385,my husband was so supportive during the births of our daughters,trust
6174,31386,I purchased my home last month,trust
6175,31387,"I felt trust when we went to a restaurant in London, and asked for steak done to a particular level, the waiter came out and advised that the steak had not been cooked to his satisfaction, so asked for the steak to be redone, it was at this point that we realised we could fully trust that we were going to get exactly what we had asked for.",trust
6176,31388,I felt trust when I was at home with my family. I felt trust because I know they are supportive of me and will do everything they can to keep me safe and happy.,trust
6177,31390,I felt trust when I told my close friend about a situation that I was scared to open up about but because she didn't react with any judgement I knew I made the right choice opening up to her. It felt a lot like a weight being lifted from my shoulders.,trust
6178,31391,I felt trust because my girlfriend drove me for the first time.,trust
6179,31392,I felt trust when my manager asked me to do a really important piece of work by myself because it had big implications and showed I was able to be trusted to do it,trust
6180,41832,"i moved into university with complete strangers (a flat of 8 strangers) and i had to learn to trust them. this involved trusting that they would be safe around me and my possessions. it meant that if i was to be drunk around them i needed to trust them. i did get drunk and trusted them, and upon waking up i felt a new bond.",trust
6181,41833,Wen I had to get a operation and ad to trust the staff,trust
6182,41834,I felt trust when my friends helped me work through my problems instead of brushing them off.,trust
6183,41835,"my current boyfriend asked me to date him. This told me that he only wanted associations with me, and I trusted him from then on out to only want to date me and focus on me rather than other girls.",trust
6184,41836,when I asked my supervisor to nominate me for an award.,trust
6185,41837,"I felt TRUST when I told my boyfriend about how I was feeling stressed out about our friends and my work and my health and he sat and listened to me and offered advice. I didn't expect him to, and I've had bad relationships in the past. When he didn't react poorly, I felt trust towards him. I felt like he was someone that I could go to with problems that wouldn't get angry with me for them.",trust
6186,41838,i felt trust when my friend kept a very important secret of mine because i never told anyone it before,trust
6187,41839,My auntie let me take my cousin to a football match,trust
6188,41840,"I felt trust when I could open up about my feelings to my significant other. Growing up, I would bottle up my feelings. As an adult, I am working toward not doing that so often.",trust
6189,41841,"A work colleague told me a secret about another associate, because she trusted I wouldn't spread the news around nor would I tell the colleague that I knew. I agreed I would not tell, that she could trust me and I felt pride that she could tell me. I did keep the secret until the colleague the news was about, informed the rest of the workplace of her pregnancy.",trust
6190,41843,when i told my parents a secret that only I knew. I trusted them when they kept the secret.,trust
6191,41844,"I felt trust when I realized my friends and family supported me in a big career jump I made because deep down I had feared I had made the wrong decision. I myself do get in my own way sometimes because I am type a so when i feel like things arent perfect, I get nervous. I realized they supported me because they lent me some money while I couldnt afford a bill that they would struggle to afford as well.",trust
6192,41845,I felt trust when I was asked to deliver a maid of honour speech at my mothers wedding.,trust
6193,41846,My girlfriend came and brought me food and medicine when I was sick,trust
6194,41847,i felt trust when i got nominated to set up a working group at hte charity i vouluenteer for,trust
6195,41849,my friend trusted me by telling a secret about his personal life that he felt strongly about,trust
6196,41850,I was with my wife,trust
6197,41851,hardly are you trusted these days with all the lies and betrayals that go on. An associate had told my girlfriend that I was having something to do with another lady. My girlfriend did confront me on it and I explained everything to her telling her that all those things she heard and had been told were lies. The other folks was just interested in ruining our relationship. She told me my explanations were satisfactory and that she believes me since I had proven I could be trusted on several occasions whilst being with her.,trust
6198,41772,Partner stood by me during pregnany,trust
6199,41773,I got married and had to be a wife.,trust
6200,41774,I was operated on by a trained and specialist surgeon,trust
6201,41775,my girlfriend first confirmed her feelings for me as it validated any fears I had about relationship prior to her voicing them.,trust
6202,41776,"I felt trust when I overheard a conversation about me that was happening between the guy I was dating and an acquaintance of mine. The acquaintance was fishing for personal information about my life situation and the guy I was dating said without hesitation ""That's information you should be asking her directly. I know the information but I am certainly not going to share it with you without her permission and shame on you for thinking I would throw her under the bus."" It was a guy I had just began to date and was still a little unsure about him. But this showed me that he had my back right from the very start and I knew in that moment that I could trust him.",trust
6203,41777,I told my fiance a few personal secrets,trust
6204,41778,i wasn't judged by my therapist whenever i would talk about the little things in life that upset me. And when they validated my feelings when no one ever has.,trust
6205,41779,"I form a meaningful connection with someone that shares my beliefs, listens to my thoughts and communicates with me in a respectful way",trust
6206,41780,"I felt trust when I confided in my partner about my past experiences, and he listened to me without judging",trust
6207,41781,i was ased to be a freshers rep for my college,trust
6208,41782,my manager at work made me feel supported through their actions during a time of a very busy work day.,trust
6209,41783,"i felt trust when i was playing field hockey in highschool and i had been placed on the team with a majority of boys on in and they had taken it upon themselves to make sure nothing would happen to me, they called my name and said that they had my back throughout the match.",trust
6210,41784,I had to catch my brother who was stuck in a tree and he had to jump to me,trust
6211,41785,because my boss consider me for a role and felt that i was capable of performing the job,trust
6212,41786,I felt trust when my rescue animal allowed me to pet him.,trust
6213,41787,when my partner and I would openly discuss our feelings and concerns about our relationship during lockdown.,trust
6214,41788,I came out as bi to my best friend,trust
6215,41789,"4 years ago i had open heart surgery done.  I was new to the hospital and knew none of the doctors or nurses, even though I did not know the surgeon I implicitly trusted him and his decisions.",trust
6216,41791,"I felt complete trust when I learnt that a colleague of mine defended my reputation in my absence. While some people were trying to defame me, my colleague in a question, took it upon himself to defend my honor and reputation. I was elated when I got wind of it and knew then that this was someone I could really trust.",trust
6217,41794,my good friend shared something personal with me,trust
6218,41795,I felt trust when I was voted class president,trust
6219,41796,I felt trust when someone comes to me with something personal they don't want others to know,trust
6220,41797,"Being walked home from a night out, as a single female, by a close male friend that I fully trusted.",trust
6221,41798,I was being held by my girlfriend,trust
6222,41799,"I told my friend about my plans to buy a ring to eventually propose to my girlfriend, and I told him not to tell others.",trust
6223,41800,"Two years ago i tagged along on my uncles family vacation, my uncle invited me to keep my 12 year old cousin company on the trip from Michigan to Florida, then Tennessee and back to Michigan. It was the first trip id ever gone on out of state with people that arent my immediate family and i had to trust my uncle to have my back across the country.",trust
6224,41801,When I was in an ambulance I trusted the professionals,trust
6225,41802,I was able to secure a personal loan myself. Previously I had been unable due to a low credit score as I had been irresponsible with money when I was younger. I worked hard to improve my score and it finally felt like it was paying off and I could be trusted again.,trust
6226,41804,I felt Trust when my girlfriend found a random shoe under my bed belonging to a woman and she couldn't explain it but knew it didn't belong to me,trust
6227,41805,When I planned a surprise gift for friend. I knew that my other friends who I told about it would not give away the surprise.,trust
6228,41806,I felt trust when my friend shared her experience with SA with me,trust
6229,41807,"when I told y friend, Jeremy a secret I had kept in a long while. A series of events occurred that made my mum to probe him to find out some information. He disclosing this to her positions him to let this secret out. However, when my mum spoke to me ; I was somewhat worried that she might have come to the knowledge of the secret I shared with my good friend.  This turned out not to be. I really came to trust Jeremy very much and know that he is not only a friend, but a brother and confidante and that he always has my back no matter what.",trust
6230,41808,I felt trust when my bestfriend just listened to my problems.,trust
6231,41809,Was given the responsibility to become a special education specialist.,trust
6232,41810,"I was driving home tonight with my family in the car. We were driving on the highway at a considerable speed. There were break lights up ahead on the road, the cars were slowing down because of construction on the side of the road. I quickly told the driver and he quickly and efficiently slowed down and avoided a possible collision.",trust
6233,41811,My work was going through some job cuts which was making me feel very anxious but my manager told me to trust him when he said my job was safe after a few weeks I found out he was telling the truth and that I could trust him on the situation,trust
6234,41812,"I felt trust with my ex partner when I was giving birth to my babies, when I was at my most vulnerable, in pain, scared and emotional he cared, he helped me cope, he let me trust him to cafe.",trust
6235,41813,A lady found my phone on a train and offered to mail it back to me.,trust
6236,41814,my client opened up about abuse he had experienced at the hands of a woman. He felt he could not tell another woman what happened but he stated he felt completely accepted by me and this meant that he was able to trust me with his darkest secret.,trust
6237,41815,I got married to my husband,trust
6238,41816,"at work i made a mistake and my coworker rectified this mistake. their actions caused me to not get into a lot of trouble/ risk being fired. as a result, i really trusted my coworker and their integrity.",trust
6239,41817,"I felt trust when someone reached out to me to let me know that justice had occurred in my previous place of employment and that my working directly with HR had made a positive impact because he and I had talked previously about it. He had shared with me that he was trying and failing to work on the problem person so that he would change how he was treating others. Furthermore, this person talked to me about how he had changed for the better - the hard work that he had put into it and why he was the way he was before. I was directly impacted by the ways that he had changed positively. When he told me what had happened, and that this other person had been demoted, I felt elated for him and his team, and I trust him more.",trust
6240,41818,I felt trust when my friend stood up for me against someone and she didn't need to be told do. She stood up for me automatically and that's when I knew she was someone I could trust.,trust
6241,41819,"I met up with a friend and we caught up about our lives, spoke very openly and honestly. I trust her",trust
6242,41821,my friend came to me with an issue she was having and came to me for advice,trust
6243,41822,when I let my brother have access to my bank account so that he could borrow some money.,trust
6244,41823,I felt trust when my boss gave me a promotion,trust
6245,41824,my friend put himself between myself and a dangerous object during an activity that I was feeling worried about anyway. I felt trust that I could continue with the activity because they would protect and help me.,trust
6246,41825,I felt trust when my girlfriend told me it was okay to eat some food the day after even though i did not feel comfortable with the idea.,trust
6247,41826,"My boss left his job and I was appointed to his role. He left me a two page letter afterwards with his encouragement, and I felt trust because two years prior, when we commenced working together, he established a very strong wall between us. Over the years he started to trust me and that was a sign to me of that wall having come down.",trust
6248,41828,I felt trust when my father brought me into work to help out because he viewed me as a dependable worker.,trust
6249,41829,I felt TRUST on the first day that my grandmother relented and let me bike into town without supervision to pick up groceries.,trust
6250,41830,A child asked for my help with a difficult situation (at work),trust
6251,41831,I felt trust when I was promoted to a higher position in my workplace.,trust
6252,41893,I told my friends I was feeling suicidal,trust
6253,41894,"Confining into my friend. Makes me feel comfortable, and engages with events in my life",trust
6254,41895,I felt trust when my boyfriend drove out of town to see me at 2 in the morning.,trust
6255,41896,i felt trust when my stepdaughter and i told each other secrets,trust
6256,41897,I felt TRUST when my relationship with my spouse took a turn for the worst and we were apart but she still cared and loved me even after i hurt her,trust
6257,41898,My husband helped me when I got hurt while hiking and he had to carry me down a thin pathway on the edge of a mountain side,trust
6258,41899,I told my friend something personal and they didn't take advantage of that,trust
6259,41900,my mother opened up to me about her mental health problems as i confessed about my own. i felt safe to trust her.,trust
6260,41903,When I reached for the hand of a lifeguard,trust
6261,41904,I felt trust when I arrived home from a weekend away and my partner completing many of the tasks I asked and then some. I trust him very much and never worried that anything would happen but now I know I can trust him to do even more.,trust
6262,41906,My friend shared a secret with me.,trust
6263,41907,I felt trust when my american football coach told me to go into a tackle as opposed to backing out as it would do more harm to back out as opposed to not going into the tackle causing me more harm.,trust
6264,41908,I felt trust when my group members got their part of the work done and put in the effort to make it stand out even more.,trust
6265,41909,Believed despite having no evidence,trust
6266,41910,I was with family and friends,trust
6267,41911,When I went through my significant others phone and I didn't find anything. I have been paranoid because I have been cheated on in the past.,trust
6268,41912,"In my current relationship when I heard my partner say I love you for the first time, it made me feel valued and assured in my relationship and instilled a sense of trust in my partner and my relationship.",trust
6269,41917,I was left alone with my nephew. The parents trusted me with their child,trust
6270,41919,I was able to confide in my friend,trust
6271,41920,When I had to trust my partner to do what I had asked because it was an important task,trust
6272,41921,i felt trust when my mom allowed me to move across the country to go to college.,trust
6273,41923,I felt trust when my family turned up for me at a very critical point of my life,trust
6274,41925,I talked to my sister about anger I was feeling towards my parents because I know she will always be there for me and listen to what I have to say. She would never tell anyone the things I told her.,trust
6275,41926,"My husband helped me cross a stream on a log, by holding my hand .",trust
6276,41927,A doctor started to administer a general,trust
6277,41928,"i have felt trust when i confided in a friend about an issue i was having (a potential pregnancy) and they helped me find a solution. they kept this issue private and it caused me to really trust them as a friend, and really helped our friendship blossom.",trust
6278,41929,Because of the connection I feel with my partner,trust
6279,41930,I knew the person I was with had no ulterior motive.,trust
6280,41932,"I felt trust when my boyfriend and  I climbed to the  top of a fort at a national park ,I was afraid because we were 5 stories above the ground. He calmly guided me down back to the  ground .In that moment I trusted him  to keep me safe.",trust
6281,41873,my now husband sacrificed everything and got a job where I live and moved away from his family. No man has ever done that for me before and it showed me he was completely trustworthy.,trust
6282,41874,I hug my mum because she is my safe place,trust
6283,41875,I let people in myHome,trust
6284,41877,I walked along a busy riverbank with my ex partner,trust
6285,41878,i travelled to America on my own for work at 18,trust
6286,41880,"I was left to complete something without being told how to do it, or when by",trust
6287,41881,I felt trust because my friend chose to tell me about a deeply emotional situation and came to me for support first,trust
6288,41882,I felt trust in my career prospects because I performed well academically,trust
6289,41883,i felt trust when i had to open up to a close friend about my health. i struggle to trust people in day to day life but needed someone to talk to. she was there with a listing ear and the relief from opening up and trusting someone was a weight lifted. its helped me to have trust in more people and realise there is more good people in life than there is bad,trust
6290,41884,"I changed jobs, was really struggling and broke down in front of my manager and she supported me to make changes.  I had previously had a bad manager so had learnt to try avoid problems rather than ask for help, for fear of being told I was bad at my job or punished.",trust
6291,41885,I felt trust when my new girlfriend went away on holiday and kept in contact with me. I was concerned about her however she helped me and ensured I knew she was OK by video calling.,trust
6292,41886,I felt trust around my dad,trust
6293,41887,My child started nursery and I trusted the nursery nurses to look after him,trust
6294,41891,I felt trust when I was very drunk and my friend had to walk me home,trust
6295,41892,I felt trust when my mum supported me,trust
6296,41852,"I did an abseil for charity and walked off a very tall block of flats, trusting the person holding the rope.",trust
6297,41853,My doctors managed to help my pain and found the source,trust
6298,41854,I told my husband I was suffering from anxiety and he supported me,trust
6299,41857,I felt trust when I was applying for a promotion in work. I looked to my line manager who I trusted and gave me great advice and support through the process,trust
6300,41858,I was unwell & I trusted my family with my kids,trust
6301,41859,I felt trust when I lost my virginity.,trust
6302,41860,"I felt trust when I was having an anxiety attack on the way to work and the gentleman who was driving the taxi, kindly pulled over to allow me to get some fresh air and calm down before carrying on with the journey and he was very understanding and caring. I felt trust in humanity that not every individual will look down on your situation",trust
6303,41862,When i had to get in a strangers car because mine was stuck in the snow in the midde of the lanes.,trust
6304,41863,They made me feel safe,trust
6305,41864,I trust my hairdresser to cut my hair how I like it,trust
6306,41865,I explained my feelings and lack of trust to a partner and they made me feel normal,trust
6307,41866,I felt trust when I was threatened at work because my manager put in place measures to keep me safe,trust
6308,41867,"I remembered when I was given $50000 to hold by a friend. He doubted me at first but he was shocked when after 1 year, I gave him his complete money.",trust
6309,41868,"I felt trust when I told me now husband about past trauma and he listened, accepted and helped me to process my emotions without judgment or imposing his own opinion",trust
6310,41869,"I was walking up mount snowdon, and I did not think I could complete it. I put trust in my best friend to lead the way, and her guidance kept me going.",trust
6311,41871,My boyfriend told me to not get into more debt and get a new car on finance. He said to me that I would be better off using my current car for as long as possible as it was a good car and didn’t have any problems. I didn’t need a new car. I trusted his advice and managed to get myself out of debt quicker.,trust
6312,41872,I felt TRUST when I received the keys to my new flat from a housing association because it was the first time in my life I have had housing security.,trust
6313,52744,I felt trust when I asked my close friend to watch over my dog while I went to take care of family business for about two weeks. I felt trust because I felt like I could count on my friend to take care of my dog.,trust
6314,52745,a close friend of mine allowed me to practice for my upcoming motorcycle exam by riding his motorcycle and getting pointers from him.,trust
6315,52746,I felt trust after I started therapy to help manage my anxiety and depression. My therapist was very understanding and helped me to start making changes from our very first session. I had really been struggling with my daily routine and mood and she did not judge me at all which was so helpful as I felt very ashamed to be in the position I was. She really met me at the point I was and just listened and gave me the validation I had been missing and I really trusted her from that point onwards.,trust
6316,52747,I felt trust when I had to trust my instructor when I went skydiving for the first time as it required an enormous amount of courage and trust.,trust
6317,52748,I had to rely on my partner when I was upset,trust
6318,52749,I am surrounded by my family at home watching tv,trust
6319,52750,After I had an operation in hospital and had to leave my 3 week old baby with my partner for the hours that I was under general anaesthetic.,trust
6320,52751,I felt trust when my fiance went on holiday with his friends.,trust
6321,52752,my boss backed my decision with a client,trust
6322,52753,I asked family not to share details of my illness.,trust
6323,52754,Entering into a new relationship after my ex partner cheated,trust
6324,52755,"A passerby handed me my wallet, apparently it had dropped from me unknowingly.",trust
6325,52756,a pastor answered my question and gave me advice.,trust
6326,52757,I told my friend I had attempted suicide the night before and she just listened and hugged me and we got fish and chips.,trust
6327,52758,working with my financial advisor.,trust
6328,52759,my dad was helping me rock climb when I was struggling,trust
6329,52760,when i was buying my house because the estate agent kept me in the loop throughout the whole process and i felt like i was in control,trust
6330,52761,I did a Go Ape course with my friends and a guide,trust
6331,52762,I felt trust when a friend verbally defended me behind my back because he could've easily just just said nothing,trust
6332,52763,"When I was giving birth to my first child. It was a difficult labour and the baby was as risk, so I had to trust the consultants etc to choose the right course of action for my baby's survival.",trust
6333,52764,I allowed my husband to design my wedding ring for me,trust
6334,52765,When I did not get sick after eating from a gluten-free restaurant (it caused me to trust them),trust
6335,52766,when my rescue donkey let me touch him.,trust
6336,52767,I felt trust when I went to hospital with pains and the doctors did everything they could to make sure I got diagnosed,trust
6337,52768,when I dyed my hair blonde with highlights,trust
6338,52769,I rode on the back of my friend's motorbike on the Hai Van Pass in Vietnam,trust
6339,52770,i married my husband 32 years ago,trust
6340,52771,I felt trust when my friend had her money paid into my account and asked me to help her budget.,trust
6341,52772,I felt trust around people because I also wan to be trusted too,trust
6342,52773,When my sister promised to be there for me for a really important event in my life,trust
6343,52654,I felt trust when I received the money that I lended to them,trust
6344,52655,"My line manager conided in me that the team at work were to be made redundant, but me and her had new positions lined up",trust
6345,52656,I met people who have my best interests at heart,trust
6346,52657,Telling my boyfriend of past traumers,trust
6347,52658,first time me and a friend were permitted to climb alone after weeks of practice,trust
6348,52659,I was asked to be a birthing partner for a friend,trust
6349,52660,My sister did the task I asked her to,trust
6350,52661,I told a nurse at the mental hospital I was at about my experience of sexual abuse,trust
6351,52663,I felt TRUST when my mother allowed me to drive her car for the first time,trust
6352,52665,I let another nurse monitor my dog under anaesthetic,trust
6353,52666,My husband by my side through cancer treatment,trust
6354,52667,I am with my friends,trust
6355,52668,I felt trust when i was given the responsibility of looking after a sentimental item from a friend.,trust
6356,52669,a colleague helped me with an assignment when I was swamped,trust
6357,52670,"When having a truthful discussion about difficulties in life with friends, recently",trust
6358,52671,I asked a friend to take me to the hospital for an appointment,trust
6359,52672,"I was very poorly in hospital in a high dependency unit, I felt trust in the nursing and doctor team looking after me and luckily I made a full recovery with their help.",trust
6360,52673,Working at height with another person in control of the equipment,trust
6361,52674,I gave birth to my son,trust
6362,52675,a case of mine at work told me they were ill,trust
6363,52676,i felt TRUST when i could really tell someone how i felt.,trust
6364,52679,"I gave my son some rubbish to put in the bin. I was able to trust him to do this by himself, he is 3 years old .",trust
6365,52680,When I left my car with a friend as I was on holiday.,trust
6366,52681,I felt trust when my partner helped me with my finances as they showed me what they did with theirs.,trust
6367,52682,I felt trust when I told my boss about an issue and without needing to look into it he trusted what I was telling him.,trust
6368,52683,When we had to leave our daughter overnight for the first time.,trust
6369,52684,My boyfriend drove to visit me in the next town because I was sad and stuck there for a few hours,trust
6370,52685,Somebody kept my secret,trust
6371,52687,my daughter smiled at me,trust
6372,52689,I felt trust when my boyfriend shared his past life problems with me,trust
6373,52690,A friend followed through with keeping an important secret,trust
6374,52691,When I consulted my therapist about my past trauma,trust
6375,52693,I got my COVID vaccine,trust
6376,52694,A friend kept a secret I told her,trust
6377,52695,When I got married to my second husband and he promised to love and cherish me for eternity.,trust
6378,52696,"when I went on holiday with my friends and one of them was left in charge to book it and sort out the accomodation, how we were getting there and timings.",trust
6379,52697,when someone kept their word.,trust
6380,52698,When my fiance kept a secret that i told him from my mother (re; my spending habits),trust
6381,52699,my friend caught me after I fell,trust
6382,52701,I went hill walking with a qualified instructor,trust
6383,52702,when my daughter told me a secret,trust
6384,52703,I gave birth to my daughter,trust
6385,52704,I felt trust when my family helped me from a abusive relationship and i lacked alot of trust and felt isolated and affectly me hugely mentally and i didn't trust myself and no one. They helped me with trust and realise i can do this!,trust
6386,52706,I felt trust when my boss said that she wants me to stay in her business for a long time and wanted to know how she could help me grow.,trust
6387,52707,I visited the doctor with a medical issue that was concerning me a lot.,trust
6388,52708,MY TRUCK BROKE DOWN AND I NEEDED A RIDE,trust
6389,52709,Someone told me a secret,trust
6390,52712,"I felt trust in my friend Frans, when I was riding pillion on his motorbike, even though he drove very fast, because he has excellent control of the bike.",trust
6391,52713,MY COLLEAGUES RISK THEIR LIFE FOR ME AND THE PUBLIC EVERYDAY,trust
6392,52714,my friend visited me in the hospital after a life-threatening experience.,trust
6393,52715,I asked for a favour from a friend and she said yes which I felt she would. I feel I can trust my friend to help me out.,trust
6394,52716,When my then boyfriend allowed me to pick up his son from daycare,trust
6395,52717,I performed an aerial performance with my partner for the first time,trust
6396,52718,"I felt trust when allowing my family to help me take care of my very ill dog. Any wrong steps, and he could have very easily had his life shortened due to the medications he needed. When my family stepped up and helped me on occasion, I felt trust allowing them to do so.",trust
6397,52719,My friend told me a secret about her relationship,trust
6398,52720,Working with vulnerable adults in my job as a care worker,trust
6399,52721,"when my husband said ""I do"". I felt like i could trust him with my life. Was an amazing feeling to feel that someone loved you so much that you really could trust them with your life.",trust
6400,52722,I trusted my school counsellor when going through a bad time,trust
6401,52724,Meeting someone new,trust
6402,52725,When I shipped my belongings via a courier service from Italy to the UK at the end of my year abroad,trust
6403,52726,I felt trust when my friend sent me to the bar with her bank card.,trust
6404,52727,i opened up to my friend about my health issues.,trust
6405,52728,I was expecting a friend to help me when I was on vacation and she accomplished it.,trust
6406,52729,"When giving birth I trusted the doctors and midwifes to deliver my baby safety, I trusted them because they talked me through everything they did and made me feel as if my feelings at the time were valid.",trust
6407,52730,My friend relied on me to help him when his girlfriend was very drunk and ill during a party,trust
6408,52731,i loaned a friend money,trust
6409,52732,I got married to my husband,trust
6410,52733,My childs tutor comes to teach my child,trust
6411,52734,I trusted the drs to deliver my babies,trust
6412,52735,got laser hair treatment,trust
6413,52736,i felt TRUST when i was at school when the teachers supported me,trust
6414,52738,i felt alot of trust when i allowed my daughter to start walking to school  by her self it took a while but now i fully trust her,trust
6415,52739,he seemed confident,trust
6416,52740,I felt trust when someone close to me helped me handle my emotions in an intimate moment together. They dropped everything and only focused on making sure I was alright.,trust
6417,52742,I HAD MY CHILDREN,trust
6418,52743,"I felt trust when I put my hand in my dog's mouth. I knew that she wouldn't hurt me, because it isn't in her character.",trust
6419,52836,"When I was in hospital, I needed blood. I was scared at first, never needed anything like it before, so I had to trust that the Nurse & doctors knew what they were doing  and would not get my blood type wrong",trust
6420,52837,A friend asked me to be a confident for her and mediate for her in her relationship,trust
6421,52838,I had a medical procedure. I had to have trust in the professionals that they would do what was in my best interests and save my life.,trust
6422,52839,"Putting trust into my dog, that he would be there for me when he was around.",trust
6423,52840,One of my newest friends made a disclosure to me of something terrible that had happened to them,trust
6424,52841,I was tasked with a special role in planning a birthday party for my niece,trust
6425,52842,When I was jealous but my girlfriend and I talked about it so we developed trust,trust
6426,52843,I leant my roommate my bike to get around one morning.,trust
6427,52844,I felt trust when my friend kept a promise and stuck to a commitment,trust
6428,52845,i applied for a joint mortgage with my partner,trust
6429,52846,I felt trust when my counselor validated my concerns and is honest with me about my mistakes.,trust
6430,52847,I was admitted to hospital to have a C section to deliver my baby I put my trust in the nurses and doctors,trust
6431,52848,i lend my friend £20,trust
6432,52850,I worked with my previous boss,trust
6433,52851,I felt trust because I was being held by my best friend,trust
6434,52852,a friend made a reservation at a restaurant I have never been to and it turned out great,trust
6435,52853,I got asked to give guided tours of my university,trust
6436,52854,I recieved help from a family member,trust
6437,52855,"I felt trust when I attended my first AA meeting because all of the people there were so friendly and welcoming and forthcoming, sharing their experiences and stories, I felt like I could open up and that these people really cared and could help me to become the person I wanted to be.",trust
6438,52857,I had to collect a parcel for a friend,trust
6439,52858,A friend picked me up late at night when I needed them even though it was inconvenient for them,trust
6440,52859,My manager told me during performance reviews that I was selling myself short and she would be advocating harder on my behalf.,trust
6441,52860,when being told a piece of deeply personal information because it was not something shared with just anyone,trust
6442,52861,My friend rejected my wife's proposal to him and he reported thr scenario to me even against her wish,trust
6443,52862,"I felt when in our office they was a theft, and me and my colleague was the people incharge of money, so everyone accused expect for my whom trusted me out of the respect he had for my father.",trust
6444,52864,I felt trust when I had to have my car repaired. My car--which I had just bought the month before--had been hit in a 'hit and run'. I called my brother and had him put me in touch with his mechanic. I trusted my brother was sending me to someone who would do a good job and charge me a fair amount. I also trusted the repair shot to fix my car door (scraped and dented) for the 4 days they had it in the shop.,trust
6445,52865,when my best friend helped me escape a crucial event,trust
6446,52866,I heard my mom giving my aunt hell for treating me crappy. I knew i could trust my mom to stand up for me,trust
6447,52867,when i held hands with someone I love while we walked around a park,trust
6448,52868,"I felt trust when my son's teacher called me one afternoon to let me know that my son was having a bit of a rough day. She let me speak to him and also filled me in in the situation and asked if it was okay that she called on days he wasn't feeling great, and it made me feel trust in her to know that she was watching out for my son when I couldn't be there with him.",trust
6449,52869,My mother let me drive her car,trust
6450,52870,I felt trust because my roommate confided in me,trust
6451,52871,"my boss confided in me that he planned to leave months in advance, which would have significant ramifications for the company, and that I was the first person he told",trust
6452,52872,I was asked to be a birthing partner and i was a 1st choice.,trust
6453,52873,I felt trust when I left my children with a friend.,trust
6454,52874,I left my door unlocked and nobody went in,trust
6455,52875,when I asked my family to help me make a decision,trust
6456,52876,my best friend helped me with a  difficult situation,trust
6457,52877,I had a big job interview coming up and I had been preparing for a while. I trusted myself that I would perform well in the interview and get the job,trust
6458,52879,I felt trust when I opened up to my friend about my mental health,trust
6459,52880,I felt trust when my nan gave me some pocket money to buy some flowers,trust
6460,52882,I felt trust when my friend didn't leave me while I was upset at a party,trust
6461,52883,my boyfriend helped me out at the dealership to get a new car,trust
6462,52884,I felt trust in myself when I applied to jobs this past summer because I had to trust myself and my abilities to know that it would all work out in the end.,trust
6463,52885,"I felt trust because I needed someone to look after my kitten (9 months old) while I was on holiday for a week. Because he's a cat, I needed to give my friend (who I haven't known that long) they keys to my home to allow him to come in and out twice a day to check on and feed the cat. I had to trust him or I couldn't have gone on holiday and he was so great, I trusted him to do a good job (for free) and he sent me photos of our cat every day and the cat seemed happy and well-fed on our return.",trust
6464,52886,My wife told me about how a man has been making sexual advances at her and she even showed me her chats with him.,trust
6465,52888,When telling some one something private and asking them not to tell anyone,trust
6466,52889,my boyfriend told the truth to me after we got in an argument.,trust
6467,52890,i told my friend something and she didn't tell anyone,trust
6468,52892,she said she loves me at the time i needed one,trust
6469,52893,when my girlfriend took care of my house when i was in the hospital,trust
6470,52894,"when i was collect I was very sick and there was no cash with me to get some stuff, it was a terrible situation but i have to trust a girl friend of my whom i have been hiding my actual balance from with my Card and the pin to help get those things i needed. i was very afraid, for many hours she was gone with my phone i was like what if and what if",trust
6471,52895,"a client of mine paid me upfront for a project which i never ask clients to do that, but he did it and i had a big massive trust that made my day.",trust
6472,52804,"my mother had an accident and i was unable to get straight to her but my work colleague was local, she went directly to her and waited with her until i could arrive. i put all my trust in her for this occasion and she did not let me down",trust
6473,52805,I had to train the new person in at my workplace and they looked for me for guidance for everything. They trusted that I knew what I was doing and that I would show them the appropriate way of doing things.,trust
6474,52806,When my manager helped me through a very difficult period in my life I began to trust she has my best interests at heart,trust
6475,52807,When someone told me to trust them at work when we had a hard task,trust
6476,52809,someone can look me in the eyes and be extremely vulnerable with me or I can do the same.,trust
6477,52810,I was asked to be a stand in player at my university netball game,trust
6478,52811,I felt trust when as a child I jumped off of a rock into the lake and my dad was waiting at the bottom like he had promised,trust
6479,52812,I felt trust when my friend listened to me talk about and helped me through something personal,trust
6480,52814,When someone told me which bus I had to take,trust
6481,52815,I was the first friend invited over to meet my friends new baby son,trust
6482,52816,A student told me something important in confidence,trust
6483,52818,I felt trust when my boyfriend comforted me through a mental health crisis.,trust
6484,52819,I told my dad I wanted to downshift my career and he was very supportive despite generally being a career driven individual,trust
6485,52820,my long distant relationship partner and myself were apart for almost a year,trust
6486,52821,my colleague helped with a  work situation,trust
6487,52822,"I was diagnosed with a rare blood disease and had to see a specialist. His knowledge and expertise in a field that most doctors I had encountered before knew nothing about, made me trust him greatly.",trust
6488,52823,My baby was born and I felt a trust for my husband I had never felt before when he first held her whilst I was still beingClosed up where I knew he would always keep her and the rest of our family safe,trust
6489,52824,My partner let me use his phone and had no issue with me using it unsupervised.,trust
6490,52825,When a close close friend came out as gay to me.,trust
6491,52826,"I revealed to a colleague information about myself that could have had negative consequences for me at work, but I thought was important for the colleague to know in order for us to complete a project.",trust
6492,52827,"I felt trust when everyone in our company accused me of theft despite the fact that we were two people incharge of finance, everyone expect our boss, Because he knew my father, and knows the kind of thing i can do. This made me really relaxed.",trust
6493,52828,I felt trust when the gym staff were actively checking for covid vax documents and proper ID.,trust
6494,52829,I got too drunk and my friend brought me home in an uber and fed me and put me to bed,trust
6495,52830,I felt trust because my boyfriend is loyal,trust
6496,52831,When my dogs recall was good,trust
6497,52832,"I was sexually assaulted as a young teen and it has impacted a lot of my relationships. When I first started dating my now husband, there was a time where we were being intimate and I had to stop. Right in the middle of it with no warning. I was crying and shaking - and all he did was hold me. He didn't even talk. We had a great conversation afterward about consent, my past, my depression and anxiety. It really solidified my trust in him and our relationship, knowing the worst bits of me didn't make him want to leave.",trust
6498,52833,I was playing in a team game and had to trust my team mates.,trust
6499,52774,"My wife and I left our kids and went on a vacation just the two of us. While we were away we entrusted the care of our kids with our nanny, who we've worked with for many years.",trust
6500,52775,when my mum said so about me,trust
6501,52777,"An example of trust for me was in related to my education. Prior to undergrad, I had been severely behind and informed my teacher that I would need a tutor. I wanted to get one as I had an opportunity to secure one before school began, and it would be very hard for me to find one after school begun. I also knew this would be a financial investment. My teacher told me that she assured me that I would not need a tutor and she would provide all the extra help I needed. I was hesitant at first, considering she had hundreds of other students to help, but in the end, I took her advice and did not get a tutor. That class was amazing. She managed to catch me up completely wherever I needed it and dedicated lots of time for me after school. This was a time where I took a risk and trusted my teacher, and this trust payed off.",trust
6502,52778,When I needed surgery and I was terrified and my dad was in the room with me before I went in. He talked to me and told me everything was going to be okay and he told the doctors to take good care of me. In that moment I trusted that everything would be fine because of how protective he was and how sure he seemed that everything would go well.,trust
6503,52779,"my boyfriend defended me in front of  his friends,",trust
6504,52780,"my friend told me she had seen my boyfriend on a dating app, i completely trusted him and told her that it must have been his old profile which he had not deleted correctly, believing that he deleted the app from his phone rather than the profile.  i said to him that you need to log back in to it and delete your profile properly. i felt nothing but trust for him that this was the case, turns out i was completely wrong, found out a week later he was talking to others and his profile was showing up on my friends dating app as he had been active recently",trust
6505,52781,I left my new partner in my house whilst I was away even though I hadn't known them very long.,trust
6506,52782,"I felt trust when I first really grasped the understanding of trust. I was maybe 10 years old sat in assembly in school when they asked for a volunteer. So I put my hand up and was chosen. The teacher asked me to close my eyes, he stood behind me and asked me to fall backwards and trust me to catch him. I did trust him and so I fell back and he caught me. Then as he was still stood behind me speaking he asked me again to close my eyes but this time fall forward. I was confused as I knew he was still talking behind me. I thought i would fall flat on my face. What I didn't know was the assembly had been asked to keep quiet as another teacher snook up and stood in front of me ready to catch me. ""Trust me"" the teacher behind me said and so i stumbled forward and didn't fall. After i got a round of applause and sat back down he did a presentation on what trust is and i knew the exact feeling thanks to that assembly.",trust
6507,52783,"I opened up to my boyfriend about my mental health, and my feelings of depression.",trust
6508,52784,I was confused about how my partner was treating me and so I went to a friend who I thought could help and she really listened to me and provided me with good advice.,trust
6509,52785,My best friends supported me through tough times,trust
6510,52787,my friend told me a secret and asked me not to tell anybody else,trust
6511,52788,i see my self on other's,trust
6512,52790,I was not well and my partner needed to look after me.,trust
6513,52791,I was talking to my partner about personal issues and they truly listened and provided valuable advice based on what I was saying,trust
6514,52792,I did gymnastics and had to trust my coach to catch me when trying new and difficult skills.,trust
6515,52793,I got asked to be in charge of my school's charity bake sale money,trust
6516,52794,i had a long conversation with a friend about a problem in my life,trust
6517,52795,I felt trust when I first told my boyfriend about my struggles with OCD and depression.,trust
6518,52796,I was a ring bearer in the most important person to me wedding.,trust
6519,52797,I felt trust at work this morning when I confided in a coworker,trust
6520,52798,I dropped my wallet in the club and someone gave it back to me,trust
6521,52799,I felt trust when my friend signed me out at school,trust
6522,52800,"I felt trust when my boyfriend and I first started discussing marriage to each other. I felt trust because he makes me feel safe and cared for, which makes me feel comfortable enough to trust that he won't take advantage of those feelings.",trust
6523,52801,I asked a favor of a friend and they actually came through and did what they said they were going to do.,trust
6524,52802,I felt trust when I was experiencing traumatic anxiety and contacted the doctor concerning it. They were very respectful of my situation and accommodated me by putting me on medication to help me get my life back on track.,trust
6525,52803,I was voted for by my collogues to supervise a particular project even at tender level.,trust
6526,61024,I felt TRUST when I moved into my partners,trust
6527,61025,my parter said he would put the snow tires on the car and then he came in and told me it was done.,trust
6528,61027,I worked on a creative project with a friend.,trust
6529,61028,someone follows up with a promise,trust
6530,61029,I felt trust when I asked a guy friend to hold my drink at a party and he held it for 20 minutes without setting it down because he knew that would stress me out,trust
6531,61030,my mentee asked me for advice on her career,trust
6532,61031,my husband is always there for me and i can trust that no matter what he will be there for our child and do what ittakes to provide for us as a family,trust
6533,61032,When I ask someone to do a favour for myself and they help me,trust
6534,61033,I gave birth to my daughter.,trust
6535,61034,one of my friends picked me up from a pregnancy termination and didn't tell a soul.,trust
6536,61035,my husband stood up for me against his family.,trust
6537,61037,My partner comes home from work and we are all together again,trust
6538,61040,"When I worked alongside one particular co-worker doing window cleaning. The reason I felt trust was because I'd previously been working with a different co-worker whom we later had to fire because he was doing a consistently bad job, but so I was worried this new worker would be similar but he showed a willingness to learn and put in great effort, and I was able to trust the quality of his work just as well as my own.",trust
6539,61041,my friend told me she was having a baby,trust
6540,61042,I felt trust when my friends came to be with their secrets and problems,trust
6541,61043,I did a sky drive from an airplane,trust
6542,61046,When my colleague kept my secret,trust
6543,61047,I felt trust when I talked about my very mentally abusive relationship with my ex partner to my friend.,trust
6544,61048,I felt trust when my boss asked me to co we whilst she was on holiday because it made me know I was doing a good job,trust
6545,61049,I spotted an attractive guy flirting with my wife but she wasn't intetested.,trust
6546,61050,I was saved at work by colleagues when I was assaulted,trust
6547,61051,I felt a sense of trust when I was asked to become store manager in my first job. It was a big jump and I was fairly new but the fact the company trusted me made me feel trusted.,trust
6548,61052,i felt trust when my boyfriend stood up for me,trust
6549,61053,when a friend of mine let me stay at his for a month when i didn't have a place to stay,trust
6550,61054,I had a test at the hospital,trust
6551,61055,When I went to a teacher about a problem I had,trust
6552,61056,our builder suggested work and provided us a quote because he is both an expert and a long-term loyal friend and I really respect his opinion and know he would be honest with us.,trust
6553,61057,I asked a colleague to follow up on a phone call for me while I was on leave,trust
6554,61058,Going on a fairground ride,trust
6555,61060,My manager recommended me to work on a project,trust
6556,61061,my best friend kept a secret for me.,trust
6557,61062,I found trust in my job when my boss had my back,trust
6558,61063,I felt trust when my friend helped me out financially when I was going through a messy break up that involved me moving out of my home that I shared with my ex partner. I wouldn't have had somewhere to live if it wasn't for this person.,trust
6559,61064,Being in a serious committed relationship,trust
6560,61065,I was rock climbing with friends,trust
6561,61066,I saw techniques on how to make money online because I saw results,trust
6562,61067,I gave my friends the opportunity to plan a party for me even though I hate surprises,trust
6563,61068,I did my first dive with my scuba instructor,trust
6564,61069,I met my husband . He made me trust myself,trust
6565,61070,My wife underwent surgery and I had to trust her safety and welfare to others.,trust
6566,61071,My friend needed support to manage her money so she gave me control of her bank accounts,trust
6567,61072,I was feeling overwhelmed and my husband sensed it. He asked me what was in my head and I listed them all out. He then categorised them into importance and gave me small tasks to accomplish. I felt I could trust him to help me through overwhelming times.,trust
6568,61074,my partner got home from work,trust
6569,61075,When my therapist told my mother that they wouldn't tell her about what happened in our session and told her to leave their office.,trust
6570,61076,"when I was letting my friend help me sort out my online accounts, I felt trust when I let them see my personal information",trust
6571,61077,I felt trust when I began seeing a health professional as they responded to my individual circumstances and needs,trust
6572,61078,A worker wanted me to help them in a medical situation.,trust
6573,61079,when someone makes me feel comfortable,trust
6574,61080,My boyfriend kissed the top of my head for the first time when I was scared and crying with my head on his chest.,trust
6575,61081,I showed a friend of mine around my hometown,trust
6576,61082,when someone wanted to help me in a vulnerable situation,trust
6577,61083,I felt trust when I crashed my car and a paramedic came to help me because I felt sure that they were there to help me and make sure I was safe,trust
6578,61084,i felt trust when my friend took care of me when i was sick because she took time out of her busy day to bring me medicine.,trust
6579,61085,I told my new dentist what another dentist was going to do and she told me that they were lying to me.,trust
6580,61086,My mother told me about a doctors appt she had been putting off,trust
6581,61087,I felt trust when my students backed me at university when things went wrong. It made me realise how many people have my back and are comfortable coming to me.,trust
6582,61088,My boyfriend asked me to fall back into his arms,trust
6583,61090,I abseiled down a 20 story building for charity,trust
6584,61091,Trusting others to help me down when stuck on a mountain,trust
6585,61092,I felt trust when my boss told a customer we didn't want their business after they called me a liar.,trust
6586,61093,bein driven somewhere,trust
6587,61094,I felt TRUST when I moved to a new country with my partner.,trust
6588,61095,My old team leader at the course I used to attend told me he was going to help me in life/work.,trust
6589,61096,When I had first started hanging out with the man who is now my husband. He was telling about all about something he was passionate about that was an obscure and kind of weird to some hobby. He spoke about it with such confidence and passion and not a single worry about what anyone else would think of him. It opened me up to trusting that I could fully be myself around this man without ever feeling like I would be judged.,trust
6590,61097,"when my bride and I knelt at the alter to be married, I realized just how much she loved me and I loved her.",trust
6591,61098,"I felt trust when me and my friend went to London and I gave her my Oyster card pass which discounts tube prices, my mum was adamant that I shouldn't lose the pass and I gave it to my friend and was worried she would lose it, however I felt trust in her as she did not lose it. It meant a lot for some reason, I really didn't want to let my mum down.",trust
6592,61099,"I was on a zip-line and it malfunctioned just as I stepped off the platform, and I was hanging for a couple of moments 20ft above very shallow water. My sister reached across and pulled me back, and I had to trust that she'd be able to hold my weight and not drop me.",trust
6593,61100,i gave a co-worker my credit card to get something refunded for me and they did it without doing anything else,trust
6594,61101,My mother helped me bake bread. I'd know idea what I was doing,trust
6595,61102,I left my daughter with her nursery for the first time. She had never been away from me for a whole day and I had to completely trust that the nursery staff would take care of my baby and make her feel loved without me. It was a scary thing and involved a lot of trust as she is my world.,trust
6596,7203,I felt trust when I met my partner because he made me feel secure and happy,trust
6597,7204,I asked someone to help me at work and they did,trust
6598,922,"I got married to my husband. When we said our vows, I trusted that they meant them and that I was safe.",trust
6599,923,my girlfriend travelled all the way up the country to see me,trust
