,text_id,text,author_emotion,reader_majority,majority_share,author_matches_readers,classification,persona_a,persona_b,rationale,judge_a,judge_b,flip,pool
0,3118,A man was walking late at night with his dog off a leash. It ran into my garden and killed my sleeping cat. He walked away without saying or doing anything until he saw me chasing after him down the street with a large kitchen knife.,anger,anger,1.0,True,Unambiguous,a pet owner,a bystander neighbor,the pet owner has personal loss the neighbor lacks,anger,anger,False,Unambiguous
1,315,"I felt ... the other day because our fire alarm in the building went off as Tropical Storm Ida came through - we had to stand outside in a torrential downpour. I had my cat with me and she was freaking out as well. My boyfriend told us to go to his car to sit since we were drenched and the rain was not going to stop anytime soon. We got in the car and my cat was still freaking out - my roommate wanted my boyfriend to turn on some music and make it loud. We both told him no because my cat was having trouble with everything going on. Also, she is 17, so she is quite old, so I worry about her stress levels. After we told him no, he then proceeded to sing VERY loudly and when we scowled at him for it, he said ""well she is meowing and stressed either way"", and he did not care that she was having trouble and that I was trying to calm her down. That made me ....",anger,anger,1.0,True,Unambiguous,"the anxious owner of a frail, elderly cat riding out the storm",someone recounting a chaotic storm night as a colorful anecdote for friends,"As the protective owner of a fragile, distressed pet, the boyfriend's loud singing reads as enraging disregard; recast as a wild storm-night anecdote, the same act reads more as a distasteful footnote than fury.",anger,anger,False,Unambiguous
2,340,A next door neighbour has once again started running generators and power tools.,anger,anger,1.0,True,Unambiguous,a remote worker,a night-shift worker,daytime noise disrupts a remote worker but a night-shift worker sleeping days,anger,anger,False,Unambiguous
3,437,.. when a person I served at work ignored what I asked causing me to make a computer error,anger,anger,0.8,True,Unambiguous,a new employee,an experienced employee,a caused error is more distressing for someone new and still proving themselves,anger,anger,False,Unambiguous
4,458,"An older man was in the wrong lane at a round about. He nearly hit me, I had to slam on and his answer was well move then I didn’t hit you, it’s no big deal!",anger,anger,1.0,True,Unambiguous,a new driver,an experienced driver,driving experience changes how threatening the near-miss and dismissive reply read,anger,anger,False,Unambiguous
5,4146,I felt ... when I was at uni and someone stole my fishcake from the freezer. Had nothing to eat in the evening that day.,anger,anger,0.8,True,Unambiguous,a broke student living paycheck to paycheck who carefully budgets meals,a well-off student with plenty of other food options in the shared freezer,"For a student surviving on a tight food budget, having a meal stolen is a real hardship that provokes anger, while a student with other options reads the same theft as merely a distasteful, petty act.",anger,anger,False,Unambiguous
6,4150,My mother invited my unvaccinated sister and her son over to play with my kids without my knowledge.,anger,anger,0.8,True,Unambiguous,a parent of young kids,an immunocompromised parent,health risk stakes change severity of the unvaccinated-visitor decision,anger,anger,False,Unambiguous
7,481,i was in a restaurant and they forgot my order but they blamed me for it. i was still charged for the meal even though i never received it.,anger,anger,0.8,True,Unambiguous,a regular customer,a first-time visitor,being blamed and charged wrongly reads differently for a trusted regular versus a stranger,anger,anger,False,Unambiguous
8,5166,my permanent work contract was not offered to me at the end of my 6 month term even though it was promised it would be,anger,anger,1.0,True,Unambiguous,a recent graduate,a single parent,career disappointment versus financial hardship changes the stakes of a broken contract promise,anger,anger,False,Unambiguous
9,612,I witnessed a resident being emotionally abused by a carer in the care home where I worked.,anger,anger,0.8,True,Unambiguous,a new care worker,an experienced care worker,"a new worker's account reads as shocked alarm, an experienced worker's reads as weary resignation",anger,anger,False,Unambiguous
10,641,I felt ... when I got a bad mark on an assignment because of unfair marking.,anger,anger,0.8,True,Unambiguous,a top student who has never questioned their grading before,a student who has previously filed grievances about inconsistent grading in this course,"A top student unused to low marks internalizes the grade as personal shame, while a student with prior grievances about this course's grading reads the same mark as further evidence of systemic unfairness.",anger,anger,False,Unambiguous
11,3328,I felt ... when I ate a meal which had sausages and when i bit into a sausage it had gristle in it,disgust,disgust,1.0,True,Unambiguous,someone eating alone at home who cooked the meal themselves,a diner at an expensive restaurant who paid a premium for the meal,"Cooking the meal at home, the gristle is simply a stomach-turning disgust, while paying a premium at a fine restaurant, the same gristle provokes angry indignation at being shortchanged.",disgust,disgust,False,Unambiguous
12,3344,I was working in a hospital and a physio was walking a patient through the corridor in a few metres in front of me. The poor patient through no fault of her own was incontinent and had not been given a nappy. She defecated on the floor while walking with the physio and had I not been paying attention I would have walked right the the excrement.,disgust,disgust,1.0,True,Unambiguous,a hospital worker,a visitor,"worker reads it as routine/procedural, visitor reads it as shocking",disgust,disgust,False,Unambiguous
13,3292,I was watching a show and it showed someone having surgery. They were cut open on the table and their organs were being pulled out.,disgust,disgust,0.8,True,Unambiguous,a medical student,a casual viewer,"student reads it clinically, casual viewer reads it as shocking",disgust,disgust,False,Unambiguous
14,4454,I saw mouldy food,disgust,disgust,1.0,True,Unambiguous,a home cook,a food inspector,"home cook feels mild disgust, inspector treats it as a violation",disgust,disgust,False,Unambiguous
15,4431,I was walking to buy food and saw a dead rat on the street,disgust,disgust,0.8,True,Unambiguous,a pedestrian,a tourist,"local pedestrian feels mild disgust, tourist feels surprised/unsettled by unfamiliar surroundings",disgust,disgust,False,Unambiguous
16,5580,I took my child into a family toilet in a shopping centre. The room was absolutely filthy and there was even poo on the floor.,disgust,disgust,1.0,True,Unambiguous,a parent,a grandparent,a parent's account carries protective urgency a grandparent's more resigned observation lacks,disgust,disgust,False,Unambiguous
17,5502,a child threw up in my classroom,disgust,disgust,0.8,True,Unambiguous,a new teacher,a veteran teacher,a new teacher reads as flustered and unsettled while a veteran teacher reads as unfazed routine,disgust,disgust,False,Unambiguous
18,5680,I saw someone let their dog poo on the road and they didn't pick it up,disgust,disgust,1.0,True,Unambiguous,a dog owner,a pedestrian,the incident reads as guilty recognition for a dog owner vs simple disgust for a pedestrian,disgust,disgust,False,Unambiguous
19,5704,Someone flicked a wet bogey on to my cheek. It was ...,disgust,disgust,1.0,True,Unambiguous,an adult stranger on public transport,a parent whose own toddler did this affectionately,"From a stranger on public transport, being flicked with a bogey is simply disgusting, while from one's own toddler doing it affectionately, the same act barely registers as unpleasant at all.",disgust,disgust,False,Unambiguous
20,6228,"My dog rolled on a decomposing rabbit, which caused her to smell very much and actually left her with maggots wriggling on her.",disgust,disgust,1.0,True,Unambiguous,a dog owner,a veterinarian,personal gross-out vs routine clinical observation,disgust,disgust,False,Unambiguous
21,6288,I was walking up the stairs in school and I put my hand in somebody’s spit on the hand rail,disgust,disgust,1.0,True,Unambiguous,a student,a janitor,accidental gross-out vs job-related exposure to mess,disgust,disgust,False,Unambiguous
22,3469,I was running away from a shooting and a car was trying to run me down,fear,fear,1.0,True,Unambiguous,a young pedestrian,an older adult,physical vulnerability differs sharply between the two,fear,fear,False,Unambiguous
23,3426,"I felt ... when my friend and I were chased through a forest by an older man on our way home. He stood about 20 metres away from us whilst we were sat on a bench for about 15 minutes and then ran after us when we moved, we hid in a bush and he was searching for us until he was deterred by a dog walker.",fear,fear,0.8,True,Unambiguous,a teenage girl walking home with a friend late in the evening,a martial arts practitioner confident in handling a physical confrontation,"A teenage girl walking home experiences being chased as outright terror, while someone confident in their self-defense skills experiences the same chase more as indignant anger at the intrusion than fear.",fear,fear,False,Unambiguous
24,3431,I felt ... when i had a night terror.,fear,fear,1.0,True,Unambiguous,a young child having their very first night terror,an adult who has had recurring night terrors for years and recognizes what's happening,"A young child having their first night terror experiences pure fear, while an adult who has had recurring night terrors for years reacts with practiced, almost unbothered calm.",fear,fear,False,Unambiguous
25,3443,I felt ... when I thought I had COVID-19 a few days ago,fear,fear,0.8,True,Unambiguous,someone with a pre-existing respiratory condition living alone,someone fully vaccinated and boosted with only mild symptoms,"Someone with a pre-existing respiratory condition living alone feels real fear at the possibility of COVID, while someone fully vaccinated with only mild symptoms feels barely any concern at all.",fear,no-emotion,True,Unambiguous
26,4490,I felt ... when my family was experiencing a hurricane being stuck in our house. It was ... because two houses behind us caught on fire and our first floor flooded. We were stuck and unable to leave.,fear,fear,1.0,True,Unambiguous,a parent trying to keep young children calm during the disaster,an experienced emergency responder who happened to be home during the storm,"A parent trying to keep young children calm during the disaster feels acute fear, while an experienced emergency responder caught at home feels a calmer trust in their own training even as the danger unfolds.",fear,fear,False,Unambiguous
27,4497,"I felt ... when there was a power outage in my home. That day, my wife and I were cuddling in the sitting room when a thunderstorm started. Then ... filled me when thunder hit our roof and all the lights went off.",fear,fear,1.0,True,Unambiguous,someone whose home was previously damaged by a lightning strike,someone who finds thunderstorms cozy and romantic when safely indoors with a partner,"Someone whose home was previously damaged by lightning experiences thunder hitting the roof as frightening, while someone who finds storms cozy when cuddling with a partner experiences the same moment through comfort and trust.",fear,fear,False,Unambiguous
28,4519,I went for a chest x-ray,fear,fear,0.8,True,Unambiguous,a healthy patient,a cancer survivor,Medical history changes whether a routine x-ray feels routine or ominous.,fear,fear,False,Unambiguous
29,5830,my toddler took a high fever and started to shake without other obvious symptoms,fear,fear,0.8,True,Unambiguous,a first-time parent,an experienced parent,Parenting experience changes how alarming an unexplained fever reads.,fear,fear,False,Unambiguous
30,5730,A housemate came at me with a knife.,fear,fear,1.0,True,Unambiguous,a roommate,a family member,Closeness of relationship changes whether the knife attack reads as betrayal or stranger danger.,fear,fear,False,Unambiguous
31,5914,"I was in labour december last year, my pain was worse than I remembered with my previous pregnancies and my waters still hadn’t broken. The ambulance was called and I was ... that something was wrong with my baby or me. We were rushed to hospital and the pain kept intensifying, until my waters broke suddenly and my baby arrived, safe and well.",fear,fear,0.8,True,Unambiguous,a first-time mother with no prior birth experience to compare to,a mother who previously lost a baby during childbirth,"Prior loss intensifies the same complication into acute, trauma-driven fear rather than the ordinary worry of a first-timer.",fear,fear,False,Unambiguous
32,5880,I felt ... going in to hospital,fear,fear,1.0,True,Unambiguous,"a patient going in for a minor, routine outpatient procedure","a patient going in for a serious, uncertain diagnosis","With no other context, whether the hospital visit is routine or high-stakes is the whole difference between indifference and dread.",no-emotion,fear,True,Unambiguous
33,5856,I was surrounded by four men; they hit me in the face before I offered to give them everything I had in my pockets.,fear,fear,1.0,True,Unambiguous,a pedestrian,a security guard,a pedestrian reads pure victim fear while a security guard reads failure of duty alongside fear,fear,fear,False,Unambiguous
34,762,I was facing my first exam of this year because the results will have a large impact on my life,fear,fear,1.0,True,Unambiguous,a high school student,an international student,a high school student reads general exam stress while an international student facing visa stakes reads sharper fear,fear,fear,False,Unambiguous
35,5986,I accidentally broke one of my mother's cats legs,guilt,guilt,0.8,True,Unambiguous,a teenager,an adult child,age/responsibility changes severity of the accident with the cat,guilt,guilt,False,Unambiguous
36,287,"I felt ... the last time I was at a concert of my favourite band, watching the band walk out on stage felt magical and hearing all my favourite songs live was bliss",joy,joy,0.8,True,Unambiguous,a die-hard fan who waited years to see this band live,someone who tagged along with a friend without being a big fan,The same concert reads as intense joy for a devoted fan and as pleasant but unremarkable for someone who wasn't invested in the band.,joy,joy,False,Unambiguous
37,4874,I felt ... because I was able to see my girlfriend.,joy,joy,1.0,True,Unambiguous,someone in a long-distance relationship reunited after months apart,someone who sees their girlfriend every day as a matter of routine,"Seeing her reads as intense joy after a long-distance separation, and as an unremarkable daily occurrence otherwise.",joy,no-emotion,True,Unambiguous
38,51249,I felt ... when I became partners with my partner,joy,joy,1.0,True,Unambiguous,two romantic partners who formalized their relationship after years together,two co-founders who formalized a business partnership,"Becoming partners reads as personal joy in a romantic context, and as professional pride in a business context.",joy,pride,True,Unambiguous
39,51258,I adopted my cat Sandy because she is like my child and she brings me a ton of ....,joy,joy,1.0,True,Unambiguous,someone unable to have children who treats pets as substitute family,someone who already has a full house of pets and this is just one more,"Adopting Sandy reads as deep, emotionally loaded joy for someone who treats her as a child substitute, and as unremarkable for someone already surrounded by pets.",joy,no-emotion,True,Unambiguous
40,51236,"When it was Christmas, watching my daughter opening her presents and being with my wonderful family.",joy,joy,1.0,True,Unambiguous,a parent,a grandparent,watching presents opened reads as immediate parental joy vs generational reflection,joy,joy,False,Unambiguous
41,6440,I was dancing with my friends at a gig,joy,joy,1.0,True,Unambiguous,a teenager,a parent of young kids,a night out dancing reads as routine fun vs a rare break,joy,joy,False,Unambiguous
42,6524,Got to see a BTS perform live at Wembley stadium with friends I was close with at the time.,joy,joy,0.8,True,Unambiguous,a teenager,an adult fan,seeing BTS live reads as a formative experience vs an indulgent treat,joy,joy,False,Unambiguous
43,783,my boyfriend told me he loved me for the first time.,joy,joy,0.8,True,Unambiguous,a teenager,an adult in a new relationship,"hearing ""I love you"" first time lands differently by life stage",joy,joy,False,Unambiguous
44,2143,I baked a delicious strawberry cobbler.,pride,pride,1.0,True,Unambiguous,a home baker,a professional chef,a cobbler reads as a simple joy vs an unremarkable routine output,pride,pride,False,Unambiguous
45,3857,my daughter handed her ice cream to her little brother who had dropped his ice cream on the ground outside and started to cry. She handed him her ice cream to stop him crying.,pride,pride,0.8,True,Unambiguous,a parent,an older sibling,watching the act of kindness reads differently depending on relation to the child,pride,pride,False,Unambiguous
46,41082,I felt ... when I completed a drawing and my art instructor complimented my skill and attention to detail,pride,pride,1.0,True,Unambiguous,a hobbyist art student who has long doubted their own talent,a professional illustrator taking a casual weekend class for fun,"A self-doubting hobbyist hearing praise feels validated pride, whereas a working professional in the same class takes a compliment as pleasant but unremarkable.",pride,pride,False,Unambiguous
47,51688,"I am ... of my D&D campaigns. Between myself and my friends, I am the dungeon master and designer of our tabletop games. I am ... my players enjoyed my work, they invest in the plots, feel emotion from the music and events and that they enjoy our shared story adventures",pride,pride,0.8,True,Unambiguous,a socially awkward hobbyist finally excelling at something creative,a professional tabletop game designer testing content with friends,"Running a beloved campaign is a rare creative triumph for a socially awkward hobbyist, but routine, expected validation for someone who designs games professionally.",pride,pride,False,Unambiguous
48,51593,At work by helping others and providing a good experience,pride,pride,1.0,True,Unambiguous,a customer service worker,a manager,helping others reads as personal effort for a worker versus supervisory success for a manager,pride,pride,False,Unambiguous
49,51632,I received honors for my degree,pride,pride,0.8,True,Unambiguous,a university student,a mature student,earning honors reads differently for a traditional student versus a returning adult learner,pride,pride,False,Unambiguous
50,51792,when i succeeded at my current product development project,pride,pride,0.8,True,Unambiguous,a team member,a project manager,success reads as personal contribution for a team member versus leadership payoff for a manager,pride,pride,False,Unambiguous
51,51710,I felt ... when I graduated from school because it took many years and a lot of work to get to the point where I completed the program.,pride,pride,0.8,True,Unambiguous,a non-traditional student who juggled work and family while studying,a full-time student with no outside responsibilities during their studies,"Graduating after years of juggling work and family is hard-won pride for a non-traditional student, but a more straightforwardly happy occasion for a full-time student without those burdens.",pride,joy,True,Unambiguous
52,6732,i took a moment to look back and saw how far i had come mentally over the last year,pride,pride,0.8,True,Unambiguous,a university student,a therapy patient,reflecting on growth as normal development differs from reflecting on it as recovery,pride,pride,False,Unambiguous
53,7134,A friend described me as her angel because I had travelled by several buses to bring her to a group meeting over several weeks when she wasn’t able to leave home alone.,pride,pride,1.0,True,Unambiguous,a close friend,a neighbor,going out of the way for someone reads differently depending on how close the relationship is,pride,pride,False,Unambiguous
54,3937,When I found my dog,relief,relief,1.0,True,Unambiguous,a dog owner,a shelter volunteer,"owner reads it as personal reunion, volunteer reads it as a professional outcome",relief,relief,False,Unambiguous
55,3942,I found my child,relief,relief,1.0,True,Unambiguous,a parent,a babysitter,"parent reads it as visceral personal relief, babysitter reads it as relief plus duty of care",relief,relief,False,Unambiguous
56,3966,I'm supposed to speak publicly but the event gets cancelled.,relief,relief,0.8,True,Unambiguous,a shy student,a professional speaker,"shy student reads cancellation as escape, professional speaker reads it as a lost opportunity",relief,relief,False,Unambiguous
57,41228,My grandad recovered from a temporary ailment. I have not lost anyone close to me as yet and I did not feel ready to. This was the closest I have come and I felt a sense of hopelessness and upset and so the ... when it was not life threatening was huge.,relief,relief,0.8,True,Unambiguous,someone who has never lost a loved one and was terrified of this being a first,someone who has already lost several family members and has grown numb to health scares,"A first real brush with losing someone is terrifying, so recovery brings intense relief; for someone who has weathered several losses already, a similar scare barely registers.",relief,no-emotion,True,Unambiguous
58,41239,I found out my mam didn't need a serious surgery,relief,relief,1.0,True,Unambiguous,a daughter,a distant relative,"daughter reads it as deep personal relief, distant relative reads it as mild, detached relief",relief,relief,False,Unambiguous
59,51837,i thought my little girl had gone missing but she was hiding,relief,relief,0.8,True,Unambiguous,a mother,a babysitter,a mother's panic over a lost child outweighs a babysitter's alarm,relief,relief,False,Unambiguous
60,52029,I was assigned my project of choice for my final year degree project,relief,relief,0.8,True,Unambiguous,a university student,a competitive student,general satisfaction vs relief at beating out rivals for the top choice,joy,joy,False,Unambiguous
61,51953,i had a health problem resolved,relief,relief,1.0,True,Unambiguous,a young patient,a chronic illness patient,one-off scare vs relief after long-term uncertainty,relief,relief,False,Unambiguous
62,6761,when I had someone help me with a stressful event,relief,relief,0.8,True,Unambiguous,a new employee,a crime victim,workplace stress support vs support after a serious personal event,relief,relief,False,Unambiguous
63,6768,my dad was told his cancer had not spread.,relief,relief,1.0,True,Unambiguous,an adult child,a caregiver,a child's emotional relief vs a caregiver's practical relief,relief,relief,False,Unambiguous
64,6789,I felt ... when we had an our offer accepted for the house we now call our home. We had sold our then current property and we due to exchange in a couple of weeks despite the fact we had nowhere else to go yet. Thankfully everything fell in to place at the last minute and it was a huge ... for us all!,relief,relief,0.8,True,Unambiguous,a family who had already sold their home and had nowhere to go if this deal fell through,an investor buying an additional property with other housing options available,"Having the offer accepted averts a housing crisis for a family with nowhere else to go, but is simply good news on one of several deals for an investor with other options.",relief,relief,False,Unambiguous
65,2163,my dad was diagnosed with cancer and eventually passed away.,sadness,sadness,1.0,True,Unambiguous,a daughter,a distant relative,closeness to the parent changes how deeply the diagnosis and death land,sadness,sadness,False,Unambiguous
66,31015,I felt ... when my boyfriend didn't text me back in a timely manner. He has moved to another city for college. We used to hang a lot before he left so when we couldn't see each other like how I wanted to it made me feel very .... I want him to myself which I know is selfish now but then it made me ... and brokenhearted. I cried for a few days. I do have relationship anxiety so I think that was a big part of it. I'm okay now I haven't cried about it. We talked it through and I feel better about the situation.,sadness,sadness,1.0,True,Unambiguous,someone with anxious attachment and a history of being abandoned by people they loved,"someone in a secure, low-conflict relationship who was only mildly disappointed","A late text triggers deep sadness rooted in fear of abandonment for someone with an anxious attachment history, but barely registers for someone secure in their relationship.",sadness,sadness,False,Unambiguous
67,31060,in the uk we were put into a lockdown over Christmas where I thought I would be able to see my family who I hadnt seen in a while and celebrate my 21st birthday,sadness,sadness,0.8,True,Unambiguous,a young adult,a key worker,missing a birthday and family time reads differently for someone losing a celebration versus someone bound by duty,sadness,sadness,False,Unambiguous
68,31077,my friend broke my heart,sadness,sadness,1.0,True,Unambiguous,a close friend,a new acquaintance,"the depth of the friendship determines how much a ""broken heart"" from a friend registers",sadness,sadness,False,Unambiguous
69,31089,I felt ... because my mother died.,sadness,sadness,1.0,True,Unambiguous,"an adult child who had a difficult, strained relationship with their mother",an adult child who was extremely close to and emotionally dependent on their mother,"A strained relationship complicates grief with guilt over things left unresolved, while a close, dependent relationship produces more straightforward, overwhelming sadness.",sadness,sadness,False,Unambiguous
70,41378,I knew I needed to put my dog Holly to sleep. It was awful but I knew it was the right thing to do to stop her suffering she looked so ... most of the time.,sadness,sadness,1.0,True,Unambiguous,a longtime pet owner who has never had to euthanize an animal before,a veterinarian who performs euthanasia procedures regularly but this is their own pet,"A first euthanasia decision is devastating, unfamiliar grief for an ordinary pet owner, while a vet's professional familiarity with the procedure shifts the emphasis toward relief that the suffering is over.",sadness,relief,True,Unambiguous
71,52157,"I felt ... when it was during Ramadan 2020 during the pandemic. I remember hearing little conversations about my uncle (mothers brother) being ill and I'd always ask of him just to check if he was okay. My family and I had woken up at around 04:00 to pray fajr together. We'd finished praying and we were making dua as we usually do for the deceased and in general and I'm guessing my mum and dad had found out about his death earlier that morning and my mums voice just completely cracked and she broke down completely and just kept saying the words ""he's gone, (uncles name) gone"". It took me and my sister a while to process what we'd just been told and me, my mum and dad were in my parents room just crying for hours. I, personally had never really experienced death or grief in my life before, so this was the first time. Seeing my parents, especially my mum cry was ....",sadness,sadness,1.0,True,Unambiguous,a young person witnessing their strong parent break down emotionally for the very first time,an adult who has already witnessed their mother's grief many times due to prior family losses,"Seeing a parent's composure shatter for the first time is frightening as well as sad for a young witness, while an adult already familiar with their mother's grief experiences it as more purely sad and less shocking.",sadness,sadness,False,Unambiguous
72,52050,our dog died of cancer suddenly a year ago.,sadness,sadness,1.0,True,Unambiguous,a parent,a young child,whose dog it was and maturity level shape how the loss lands,sadness,sadness,False,Unambiguous
73,52051,my grandad passed away,sadness,sadness,1.0,True,Unambiguous,a close grandchild,a distant relative,closeness to the deceased grandparent shifts depth of grief,sadness,sadness,False,Unambiguous
74,52077,"When my mum died of cancer four years ago, I am a parent of two young children and she was my best friend and my mum, I relied on her and confided in her, I have not got many friends or family, she gave me strength and when she passed I felt half of me past with her.",sadness,sadness,1.0,True,Unambiguous,a young parent,an adult sibling,being a parent leaning on her mother vs a sibling processing the loss differently,sadness,sadness,False,Unambiguous
75,52102,my parents were upset before my wedding,sadness,sadness,1.0,True,Unambiguous,a bride,a wedding planner,personal stake in the wedding vs professional distance changes the reading,sadness,sadness,False,Unambiguous
76,52217,my favourite serial drama comes to an end,sadness,sadness,0.8,True,Unambiguous,a casual viewer,a devoted fan,degree of investment in the show changes how the ending feels,sadness,sadness,False,Unambiguous
77,52225,my 18 year relationship was ending,sadness,sadness,0.8,True,Unambiguous,a middle-aged partner,an elderly partner,life stage changes the weight of a long relationship ending,sadness,sadness,False,Unambiguous
78,52184,I felt ... when I was rejected from a dance team after spending a year working on my dance skills.,sadness,sadness,0.8,True,Unambiguous,someone who has faced repeated rejection in competitive activities before,someone who had never failed at anything they seriously tried before,"Rejection is familiar, resigned sadness for someone used to being turned down, but a humiliating first real failure for someone who has never failed at anything before.",sadness,shame,True,Unambiguous
79,6829,"After going through IVF and finally being pregnant with what should of been my second child, losing the baby when I was 9 weeks pregnant.",sadness,sadness,0.8,True,Unambiguous,a mother,a father,different personal and physical stake in the pregnancy loss,sadness,sadness,False,Unambiguous
80,6848,my feelings were hurt.,sadness,sadness,1.0,True,Unambiguous,a young child,an adult coworker,"a child's hurt reads as minor and fleeting, a coworker's implies a more charged interpersonal slight",sadness,sadness,False,Unambiguous
81,7164,my ex fiancé left me.,sadness,sadness,1.0,True,Unambiguous,a young adult,a middle-aged adult,a fiance leaving reads as an early-life blow vs disruption to an established life plan,sadness,sadness,False,Unambiguous
82,7193,I'm not where I thought I would be at this point in my life. Went through a nasty divorce. My daughter & grandkids moved far away,sadness,sadness,0.8,True,Unambiguous,a retiree,a middle-aged parent,family moving away reads as isolation in later life for a retiree vs disrupted parenting for a middle-aged parent,sadness,sadness,False,Unambiguous
83,3107,my mother made me feel like a child,anger,shame,0.6,False,Author-Independent Ambiguous,an adult child,a teenager,being made to feel like a child reads differently for an adult versus an actual teen,shame,shame,False,Author-Independent Ambiguous
84,378,"I felt ... when my mom did something wrong and immature. When I tried to talk to her about how wrong her behaviour was, she gaslight me and played the vicitm.",anger,disgust,0.4,False,Author-Relevant Ambiguous,an adult child who has been repeatedly gaslit by this parent for years,"someone estranged from their mother, cautiously trying to reconnect","Someone used to a lifelong pattern of gaslighting reads this as familiar, infuriating anger, while someone hopefully trying to reconnect after estrangement reads it as a sad confirmation that nothing has changed.",anger,sadness,True,Author-Relevant Ambiguous
85,476,My ex partner lied to me for 4 years and when I found out he showed no remorse and treated me like I was the one in the wrong,anger,anger,0.6,True,Author-Independent Ambiguous,a spouse,a girlfriend,years of lies and blame weigh more within a marriage than dating,anger,anger,False,Author-Independent Ambiguous
86,414,My waters broke early during pregnancy,anger,fear,1.0,False,Author-Independent Ambiguous,a first-time mother,an experienced mother,early water breaking is more alarming without prior pregnancy experience,fear,fear,False,Author-Independent Ambiguous
87,441,I felt ... because my boyfriend cheated on me,anger,anger,0.6,True,Author-Relevant Ambiguous,"a woman recently discovering the infidelity, blindsided",a woman who had long suspected her boyfriend was unfaithful and just got confirmation,"Blindsided by the news, a first-time discoverer feels raw sadness and shock, while someone who had long suspected it feels more pointed anger at being proven right.",sadness,anger,True,Author-Relevant Ambiguous
88,4117,I got a low score on my biology quiz.,anger,shame,0.4,False,Author-Independent Ambiguous,a high school student,a medical student,stakes of a low quiz score differ by how much the subject matters to their path,shame,shame,False,Author-Independent Ambiguous
89,494,my husband left the house in a mess,anger,anger,0.6,True,Author-Independent Ambiguous,a stay-at-home spouse,a working spouse,whose labor the mess falls on changes the reading of a messy house,anger,anger,False,Author-Independent Ambiguous
90,594,My dad died suddenly,anger,sadness,0.8,False,Author-Independent Ambiguous,a young daughter,an estranged son,closeness to the parent changes a sudden death from grief to something more complicated,sadness,sadness,False,Author-Independent Ambiguous
91,521,A child that I was looking after was refusing to get off the bathroom floor and she needed to go to bed. Whenever I intervened she pushed me away,anger,anger,0.4,True,Author-Independent Ambiguous,a nanny,a grandparent,professional duty versus family bond changes how being pushed away reads,anger,anger,False,Author-Independent Ambiguous
92,525,my neighbour rudely woke us and the whole neighbourhood up when she came back from the pub drunk and then was trying to smash up her boyfriend van,anger,anger,0.6,True,Author-Independent Ambiguous,a young renter,an older homeowner,permanence in the neighbourhood changes how disruptive the drunk incident feels,anger,anger,False,Author-Independent Ambiguous
93,553,a colleague entered a new situation at work and was annoyed and moaning rather than coming to me first to ask questions about the situation they had assumed the worst.,anger,anger,0.6,True,Author-Independent Ambiguous,a team manager,a peer colleague,managerial responsibility versus peer annoyance changes the stakes of being bypassed,anger,anger,False,Author-Independent Ambiguous
94,5206,unfair things happen,anger,sadness,1.0,False,Author-Independent Ambiguous,a young child,a jaded adult,"life experience changes whether ""unfair things happen"" reads as naive realization or resigned statement",anger,anger,False,Author-Independent Ambiguous
95,5225,People make plans and then cancel last moment with no intention to tell me.,anger,anger,0.4,True,Author-Independent Ambiguous,a stay-at-home parent,a busy professional,how much the cancelled plans mattered changes with how much free time is scarce,anger,anger,False,Author-Independent Ambiguous
96,5130,I was ignored by my last manager when I informed her of my leaving the company. They did not acknowledge my email I sent.,anger,anger,0.6,True,Author-Independent Ambiguous,a short-term employee,a long-term employee,tenure and investment in the company change how being ignored on departure reads,anger,anger,False,Author-Independent Ambiguous
97,623,A friend took over my own opinion and discredited how I felt,anger,sadness,0.6,False,Author-Independent Ambiguous,a close friend,a coworker,"a close friend's dismissal reads as deeply hurtful, a coworker's reads as a minor professional slight",anger,anger,False,Author-Independent Ambiguous
98,249,someone at work did not do there job properly and didn't care that it impacted severely on other,disgust,anger,0.8,False,Author-Independent Ambiguous,a coworker,a manager,"coworker feels frustration at a peer, manager feels accountability concern",anger,anger,False,Author-Independent Ambiguous
99,3338,I felt ... when my best friends boyfriend at the time starting texting our other best friend flirty text messages. I was even more ... when I found out that she was responding to these suggestive messages and didn't see an issue with it.,disgust,anger,1.0,False,Author-Independent Ambiguous,a close friend who feels protective of the group's trust and friendship bonds,someone who has been cheated on before and finds this uncomfortably triggering,"A friend who values the group's trust reads the flirting and the other friend's response as morally disgusting, while someone previously cheated on reads the same betrayal as personally triggering anger.",anger,anger,False,Author-Independent Ambiguous
100,3339,My grandad was treated poorly in hospital,disgust,anger,0.6,False,Author-Independent Ambiguous,a grandchild,a hospital employee,"grandchild feels personal grief/anger, employee feels professional concern",anger,anger,False,Author-Independent Ambiguous
101,3267,"I learned how mysoginistic/disrespectful my coworker is. I've gathered as much from his conversations but this event was personal. I work in the position directly under him but am capable of, and do, a lot of his work, a lot of the time. This is only because I like to stay moving while on the clock while his preferences are the opposite. I work in medicine, and we have a bag for biohazardous waste set up at a certain part of the room. I had taken the bag out but not yet replaced it. One day, he had some biohazardous waste, and instead of replacing the bag (fully capable) or asking me, he simply put his needles and other contagious things on the floor, right next to where the bag would be. When I asked him about it, he said he left it on the floor for me to pick up later. I would be regretful to see how he treats janitors and service staff.",disgust,disgust,0.6,True,Author-Independent Ambiguous,a medical worker,a janitor,"medical worker feels professional outrage, janitor feels personally disrespected",disgust,disgust,False,Author-Independent Ambiguous
102,3283,I felt ... when I listened to a man’s pro life views after the passing of the new Texas heartbeat law,disgust,disgust,0.4,True,Author-Independent Ambiguous,a woman who has had to make a difficult reproductive health decision herself,a political commentator who disagrees with the law on policy grounds,"A woman who has faced her own difficult reproductive decision hears the views as personally threatening fear, while a political commentator who disagrees on policy grounds reacts with more detached disgust.",fear,fear,False,Author-Independent Ambiguous
103,3319,I felt ... when I looked down at my shoe while washing dishes and saw I had ravioli stuck to it from the pan I had just finished scraping out.,disgust,surprise,0.4,False,Author-Independent Ambiguous,someone casually cleaning up after cooking a big home meal,a professional chef held to strict hygiene standards in their own kitchen,"For someone casually cleaning up after a home meal, ravioli stuck to their shoe is just mundane disgust, while a professional chef held to strict hygiene standards feels ashamed at the same lapse.",disgust,disgust,False,Author-Independent Ambiguous
104,4387,My uncles family made my aunt homeless after he left his house to them after his death.,disgust,disgust,0.4,True,Author-Independent Ambiguous,a niece close to her,a distant relative,"niece feels deep personal betrayal, distant relative feels mild disapproval",anger,anger,False,Author-Independent Ambiguous
105,4410,when my partner invalidates my feelings.,disgust,anger,0.8,False,Author-Independent Ambiguous,a spouse,a new partner,feeling invalidated lands differently as a long-pattern hurt in a marriage vs an early warning sign in a new relationship,anger,anger,False,Author-Independent Ambiguous
106,5600,when i read a study about eating powdered bugs,disgust,disgust,0.6,True,Author-Independent Ambiguous,a nutritionist,a picky eater,a nutritionist reads the study with clinical curiosity while a picky eater reacts with visceral aversion,disgust,disgust,False,Author-Independent Ambiguous
107,5688,I felt ... when I watched a grown man try to flirt with new college age girls and I.,disgust,disgust,0.6,True,Author-Independent Ambiguous,one of the college-age women being flirted with,a bystander who is simply embarrassed on the man's behalf,"One of the young women being flirted with feels uncomfortable disgust at the unwanted attention, while a bystander merely embarrassed on the man's behalf feels secondhand shame instead.",disgust,disgust,False,Author-Independent Ambiguous
108,5691,I found out my girlfriend was sleeping with a friend,disgust,sadness,0.4,False,Author-Independent Ambiguous,a boyfriend,a close friend,the betrayal reads as personal heartbreak for a boyfriend vs shocked loyalty conflict for a close friend,anger,anger,False,Author-Independent Ambiguous
109,5720,"people snot, especially if it is green.",disgust,disgust,0.6,True,Author-Independent Ambiguous,a parent,a nurse,green snot reads as everyday parental grossness vs routine clinical observation for a nurse,disgust,disgust,False,Author-Independent Ambiguous
110,5641,"My neighbour came and harassed me because he thought our fence was 2 inches onto their land, before getting the proof that it actually wasn’t.",disgust,anger,0.8,False,Author-Independent Ambiguous,a homeowner,a renter,the confrontation reads as a serious property threat to a homeowner vs a passing annoyance to a renter,anger,anger,False,Author-Independent Ambiguous
111,6221,one of my classmates purposely gave me incorrect information about an assignment so that I would perform poorly and look like a fool.,disgust,anger,1.0,False,Author-Independent Ambiguous,a new student,a top student,being fooled reads as vulnerable newcomer vs betrayed high-achiever,anger,anger,False,Author-Independent Ambiguous
112,6304,"when I needed to stop at the side of the road to confirm whether or not the roadkill by my house was the body of one of my cats. I could give more details if you like, but think it is unnecessaryly graphic, suffice to say that maggots were involved.",disgust,disgust,0.6,True,Author-Independent Ambiguous,a cat owner,a neighbor,personal dread over own pet vs detached local curiosity,fear,fear,False,Author-Independent Ambiguous
113,6306,When I found out our CFO was stealing money from the company.,disgust,anger,0.4,False,Author-Independent Ambiguous,an employee,a business owner,discovering betrayal by a boss vs discovering betrayal within one's own company,anger,anger,False,Author-Independent Ambiguous
114,272,when I worked my first shift on my own at my bar job.,fear,fear,0.6,True,Author-Independent Ambiguous,a new employee,a bar owner,nervous first solo shift vs routine responsibility for the business,fear,fear,False,Author-Independent Ambiguous
115,4510,when I discovered my boyfriend had been drinking alcohol alone in his room,fear,surprise,0.4,False,Author-Independent Ambiguous,a new girlfriend,a longtime girlfriend,Relationship length changes whether solo drinking reads as a new red flag or an established pattern.,fear,fear,False,Author-Independent Ambiguous
116,4609,I was nearly hit by a car while commuting to work,fear,fear,0.6,True,Author-Independent Ambiguous,a cyclist,a pedestrian,Mode of commuting changes the physical vulnerability implied by the near-miss.,fear,fear,False,Author-Independent Ambiguous
117,4636,the ladder I was on kicked out from under me.,fear,surprise,0.4,False,Author-Independent Ambiguous,a construction worker,a homeowner,Occupational routine versus a one-off task changes how alarming the ladder fall reads.,fear,fear,False,Author-Independent Ambiguous
118,5725,I woke one night to find my wife trying to harm our child in the belief that it would make her life better if there weren't children to take care of.,fear,fear,0.6,True,Author-Independent Ambiguous,a husband,a live-in relative,Closeness of relationship to the wife changes the shock and stakes of witnessing the act.,fear,fear,False,Author-Independent Ambiguous
119,5802,I didn't submit an essay on time at university.,fear,guilt,0.6,False,Author-Independent Ambiguous,a university student,a scholarship student,a regular student reads mild stress while a scholarship student facing funding loss reads sharper fear,guilt,guilt,False,Author-Independent Ambiguous
120,5951,I have to perform for others,fear,fear,0.6,True,Author-Independent Ambiguous,a professional performer,an office worker,a performer reads routine anticipation while an office worker forced to present reads dread,fear,fear,False,Author-Independent Ambiguous
121,6337,I felt ... when i went to an in person ... experience for halloween,fear,fear,0.6,True,Author-Relevant Ambiguous,a horror fan who loves haunted house experiences,someone dragged along by friends who hates being scared,A haunted-house visit reads as fun thrill-seeking for an enthusiast and as genuine distress for someone who didn't want to be there.,joy,fear,True,Author-Relevant Ambiguous
122,281,"I went out on a night out and got quite drunk, The co-worker I was out with (alongside others) was the boyfriend of one of my friends. We both were having a great time and ended up kissing. The next morning was horrible and I ended up booking a hotel and staying away for the weekend because I felt so bad and didn't want to be around the local area.",guilt,shame,0.8,False,Author-Independent Ambiguous,a close friend,a casual acquaintance,closeness to the boyfriend's girlfriend changes how betrayed the incident feels,shame,shame,False,Author-Independent Ambiguous
123,3514,I cheated on an ex after they cheated on me,guilt,anger,0.4,False,Author-Independent Ambiguous,a long-term partner,a casual dater,depth of commitment changes how justified/painful the retaliatory cheating reads,guilt,guilt,False,Author-Independent Ambiguous
124,3481,eating badly when I was on a diet,guilt,shame,0.6,False,Author-Independent Ambiguous,a casual dieter,a medical patient,health stakes vs casual choice changes severity of the guilt,guilt,guilt,False,Author-Independent Ambiguous
125,51081,I felt ... when I fought with my friends.,guilt,sadness,0.6,False,Author-Relevant Ambiguous,someone who started the fight with friends over something trivial,someone who was defending themselves against friends' unfair accusations,"Starting a trivial fight centers guilt, while defending oneself against unfair blame centers justified anger instead.",guilt,anger,True,Author-Relevant Ambiguous
126,51082,I struggle with addiction,guilt,shame,0.6,False,Author-Independent Ambiguous,a young adult,a parent,responsibility to dependents changes weight of the addiction struggle,shame,shame,False,Author-Independent Ambiguous
127,3639,I went to Los Angeles,joy,joy,0.6,True,Author-Independent Ambiguous,a first-time tourist,a business traveler,"tourist reading implies excitement, business traveler implies routine",joy,joy,False,Author-Independent Ambiguous
128,3645,I felt ... when I found out I was accepted into graduate school because I was scared that I was not going to make it in and that I was going to have to wait another year to re-apply.,joy,relief,0.8,False,Author-Independent Ambiguous,a first-generation student whose family sacrificed for her education,someone who applied to grad school as a backup option with little personal stake,"Getting in after real fear of failure reads as strong joy for someone whose family sacrificed for it, versus mild relief for someone who wouldn't have minded either outcome.",relief,relief,False,Author-Independent Ambiguous
129,4868,when I beat a video game on hard,joy,pride,0.6,False,Author-Independent Ambiguous,a casual gamer,a competitive gamer,beating hard mode reads as light fun vs a hard-won achievement,pride,pride,False,Author-Independent Ambiguous
130,4817,my son has finally committed to joining a baseball team. He is 10 years old and enjoys playing ball.,joy,pride,0.8,False,Author-Independent Ambiguous,a father,a grandparent,direct parental pride vs extended-family pride shifts the tone,pride,pride,False,Author-Independent Ambiguous
131,51263,"I felt ... when I asked someone I used to work with for a date. We always got on at work and when I left I was nervous about asking her to go on a date, but when I did I felt instant ... just from the relief of worrying about it and her saying yes.",joy,joy,0.6,True,Author-Independent Ambiguous,someone who had been quietly attracted to this coworker for a long time,someone who asked on a casual whim without much invested emotionally,"Asking her out and getting a yes reads as strong relief and joy for someone who'd long been attracted, and as mild, low-stakes relief for someone who asked casually.",relief,relief,False,Author-Independent Ambiguous
132,6450,When I received a invite to a wedding,joy,surprise,0.6,False,Author-Independent Ambiguous,a close friend,a distant relative,matches the given example: closeness changes how the invite lands,joy,joy,False,Author-Independent Ambiguous
133,6499,the seeds that I had sowed grew to became vegetables that I could eat and share with others,joy,pride,1.0,False,Author-Independent Ambiguous,a hobby gardener,a farmer,the harvest reads as a personal pastime win vs a livelihood outcome,pride,pride,False,Author-Independent Ambiguous
134,2142,I gave birth to healthy twins,pride,joy,0.8,False,Author-Independent Ambiguous,a first-time mother,an experienced mother,twins read as overwhelming novelty vs familiar competence,joy,joy,False,Author-Independent Ambiguous
135,3864,my niece came out to me and told me she had a girlfriend before she told anyone else.,pride,trust,0.4,False,Author-Independent Ambiguous,a close aunt,a distant relative,being told first matters more to someone emotionally close,trust,trust,False,Author-Independent Ambiguous
136,3833,Whenever someone punches my ego,pride,anger,0.6,False,Author-Independent Ambiguous,a coworker,a close friend,"fragment lacks context; best-guess pair, divergence is weak here",anger,anger,False,Author-Independent Ambiguous
137,51577,i received my GCSE results.,pride,relief,0.6,False,Author-Independent Ambiguous,a teenager,a mature student,GCSEs read as a normal rite of passage for a teen but an unusual late achievement for an adult learner,pride,pride,False,Author-Independent Ambiguous
138,51705,"I graduated from sixth form, with the grades that I had strived to achieve.",pride,pride,0.6,True,Author-Independent Ambiguous,a school student,a first-generation student,finishing school reads differently depending on whether it continues or breaks a family pattern,pride,pride,False,Author-Independent Ambiguous
139,51713,Because I'm married to a wonderful man.,pride,joy,0.8,False,Author-Independent Ambiguous,a newlywed,a longtime spouse,a new marriage reads differently than one many years established,pride,pride,False,Author-Independent Ambiguous
140,6649,I was offered a new job and they offered me the position above the one I interviewed for with great pay,pride,joy,0.6,False,Author-Independent Ambiguous,a recent graduate,an experienced professional,a first big offer differs from a seasoned worker being offered more than expected,pride,pride,False,Author-Independent Ambiguous
141,6696,I saw my daughter perform at her gymnastics show,pride,pride,0.6,True,Author-Independent Ambiguous,a working parent,a stay-at-home parent,catching the show as a rare outing differs from it being part of a regular routine,pride,pride,False,Author-Independent Ambiguous
142,2161,I passed my Irish language test,relief,joy,0.6,False,Author-Independent Ambiguous,a native speaker,a second-language learner,passing a language test means little to a native speaker but is a real hurdle for a learner,pride,pride,False,Author-Independent Ambiguous
143,3964,I thought my boss was upset with me about a mistake I made at work but it turned out she was really understanding once I spoke with her.,relief,relief,0.6,True,Author-Independent Ambiguous,a new employee,a veteran employee,"new employee reads it as high-stakes job security scare, veteran reads it as a minor workplace hiccup",relief,relief,False,Author-Independent Ambiguous
144,41260,"I felt ... when I realized that despite my past, I had the ability to love again. After a horrible toxic relationship, I felt as if I would be better off alone forever. I moved to a different city, met new people and was able to fall in love again.",relief,relief,0.6,True,Author-Independent Ambiguous,"a survivor of a controlling, abusive relationship who thought they'd never trust anyone again",someone who took a short break after a breakup and started dating again quickly,"Loving again after real trauma is deep relief for an abuse survivor, but simple new-relationship happiness for someone who only had a brief, uncomplicated single stretch.",relief,relief,False,Author-Independent Ambiguous
145,41311,I signed a lease to our house just before we became homeless.,relief,relief,0.6,True,Author-Independent Ambiguous,a struggling tenant,a single parent,"tenant reads it as personal housing relief, single parent reads it as relief for the whole family's stability",relief,relief,False,Author-Independent Ambiguous
146,51835,When my ex partner finally stopped harassing me. He would make me feel so scared that once it stopped I was so ....,relief,relief,0.6,True,Author-Independent Ambiguous,a domestic violence survivor who feared for her safety for months,someone mildly annoyed by an ex's occasional unwanted messages,"The harassment ending is profound, safety-related relief for a domestic violence survivor, but a much smaller relief from mild annoyance for someone only mildly bothered.",relief,relief,False,Author-Independent Ambiguous
147,51882,When certain committee members left the committee.,relief,sadness,0.4,False,Author-Independent Ambiguous,a committee chair,a long-time committee member,"departure reads as relief from conflict for one, loss of allies for other",relief,relief,False,Author-Independent Ambiguous
148,52046,I lost my daughter while in a large department store and then found her safe and sound,relief,relief,0.6,True,Author-Independent Ambiguous,a parent,a grandparent babysitting,a parent's panic vs a grandparent's added guilt over losing a grandchild,relief,relief,False,Author-Independent Ambiguous
149,51929,I was able to complete a task that I was having issues completing,relief,relief,0.6,True,Author-Independent Ambiguous,an office worker,a person with a disability,routine task completion vs a more significant personal accomplishment,relief,relief,False,Author-Independent Ambiguous
150,51945,A friend who had stopped talking completely for a while (health reasons) called me,relief,relief,0.4,True,Author-Independent Ambiguous,a close friend,a distant acquaintance,deep concern over silence vs mild surprise at a call,relief,relief,False,Author-Independent Ambiguous
151,51946,I quit my job as a waitress at a restaurant where I felt like they didn't treat their employees with respect.,relief,anger,0.6,False,Author-Independent Ambiguous,a young waitress,a longtime employee,first bad job experience vs a harder-earned decision to leave,relief,relief,False,Author-Independent Ambiguous
152,2168,I felt ... when arguing with a friend,sadness,anger,0.4,False,Author-Relevant Ambiguous,"someone whose closest, oldest friendship is now falling apart",someone quick to anger who frequently bickers with casual acquaintances,"An argument threatens a cherished, long-term friendship for one person, evoking sadness, while for a quick-tempered person prone to frequent spats it reads more as ordinary anger.",sadness,anger,True,Author-Relevant Ambiguous
153,41415,I felt ... when I was laid off from a job I had just started and was excited for.,sadness,anger,0.4,False,Author-Independent Ambiguous,someone who left a stable job specifically to take this new position,someone who had already turned down other offers and had backup options ready regardless,"Losing a job you gave up stability for is devastating sadness, but losing one you had other options lined up for provokes more anger at the unfairness than grief.",sadness,sadness,False,Author-Independent Ambiguous
154,52289,I found out that my ex-wife was divorcing me.,sadness,shame,0.4,False,Author-Independent Ambiguous,a husband,an estranged husband,whether the marriage was already fractured changes how the news lands,sadness,sadness,False,Author-Independent Ambiguous
155,52176,watching toy story 3 at the cenima as a grown man surrounded by children,sadness,shame,0.4,False,Author-Independent Ambiguous,a father,a childless man,context of watching a kids movie alone changes how it reads,sadness,sadness,False,Author-Independent Ambiguous
156,6869,I felt ... when my ex boyfriend of 7 years cheated on me.,sadness,anger,0.6,False,Author-Independent Ambiguous,"someone who had been planning a future, like marriage, with this partner",someone who had already been growing distant and suspicious of the relationship,"Betrayal shatters real future plans for someone who was planning marriage, producing sadness, while it confirms already-growing suspicions for someone who had been drifting apart, producing more anger than grief.",sadness,sadness,False,Author-Independent Ambiguous
157,7147,going to visit my family and realising my dad is turning in to someone I don't really want to be associated with. They are saying quite racist and homophobic things as well as watching/listening to quite right/conservative opinions.,sadness,disgust,0.4,False,Author-Independent Ambiguous,an adult child,a teenager still living home,witnessing a parent's views reads as distant disappointment for an adult vs daily conflict for a teen at home,disgust,disgust,False,Author-Independent Ambiguous
158,7179,I regularly feel ... due to mental illness but the last night I a specific event triggered ... was when my brother was angry at me.,sadness,guilt,0.2,False,Author-Independent Ambiguous,"someone who has lived with chronic depression for years, for whom this is one more low point","someone who rarely experiences distress, for whom this was an unusually sharp trigger","A chronically depressed person absorbs this as one more familiar low, while someone who rarely feels this way reacts more sharply, with anger at the brother's outburst rather than settled sadness.",sadness,sadness,False,Author-Independent Ambiguous
159,7180,people betray me,sadness,anger,1.0,False,Author-Independent Ambiguous,a teenager,a business owner,repeated betrayal reads as social disillusionment for a teen vs professional distrust for an owner,anger,anger,False,Author-Independent Ambiguous
160,2187,"One day as my sister and I were sharing a car, she decided she was not going to let me have it. She had done this many times before and was doing a horrible job of sharing and helping me get to work. I lost my temper in front of her and my mother. I was slamming doors and yelling. I have not thrown a fit like that ever since. I still feel ... I let my emotions get the best of me.",shame,guilt,0.6,False,Author-Relevant Ambiguous,someone who prides themselves on staying calm and rarely losing their temper,someone raised in a household where yelling and door-slamming were normal ways to express frustration,"Losing composure is deeply out of character and shameful for someone who prides themselves on calmness, but unremarkable for someone raised where such outbursts were normal.",shame,no-emotion,True,Author-Relevant Ambiguous
161,2182,I was bullied badly and everyone made fun of me in a situation that made me feel ...,shame,sadness,0.6,False,Author-Relevant Ambiguous,"a child targeted by classmates for something out of their control, like appearance or family background",an adult recalling workplace mockery from colleagues they considered friends but who crossed a line,"Being targeted as a child for something beyond their control turns inward as shame, while being mocked by colleagues one trusted as friends turns outward as anger at the betrayal.",shame,anger,True,Author-Relevant Ambiguous
162,31177,When I was shopping and accidently took someone else's cart rather than my own,shame,guilt,0.4,False,Author-Independent Ambiguous,a busy parent,an elderly shopper,taking the wrong cart reads as a distracted mistake for a busy parent vs a disorienting slip for an elderly shopper,shame,shame,False,Author-Independent Ambiguous
163,31179,I did cheating in passing one exam and I got very good grades,shame,guilt,0.4,False,Author-Independent Ambiguous,a student,a job applicant,cheating on an exam reads as a school risk for a student vs a career-defining risk for a certification applicant,guilt,guilt,False,Author-Independent Ambiguous
164,21,I went outside my house to find a dozen large boxes had been delivered by my father in law for a thousand canning jars that we didn't want.,anger,anger,0.6,True,Author-Relevant Ambiguous,a hobbyist crafter,a minimalist homeowner,unwanted jars read as a nice surprise for a crafter but as unwelcome clutter for a minimalist,surprise,disgust,True,Author-Relevant Ambiguous
165,3117,I was cheated on.,anger,disgust,0.4,False,Author-Relevant Ambiguous,a spouse,a new partner,infidelity carries more weight in a marriage than in early dating,sadness,anger,True,Author-Relevant Ambiguous
166,387,I misplaced my car keys,anger,anger,0.8,True,Unambiguous,a commuter,a parent running late,misplaced keys matter more when a parent has somewhere urgent to be,anger,guilt,True,Unambiguous
167,5105,My teenage son lies in bed all day,anger,sadness,0.6,False,Author-Relevant Ambiguous,a parent,an older sibling,a teen staying in bed reads as worrying to a parent but routine to a sibling,sadness,fear,True,Author-Relevant Ambiguous
168,253,i saw the recent news on England fans,disgust,disgust,0.4,True,Author-Relevant Ambiguous,an England fan,a rival fan,"fan reads news with pride/loyalty, rival reads it with mockery",shame,disgust,True,Author-Relevant Ambiguous
169,3348,I was told the wall next to my desk at work which is currently a neutral colour is to be painted bright orange.,disgust,disgust,0.4,True,Author-Relevant Ambiguous,an office worker,an interior designer,"worker dreads the change, designer sees it as a neutral choice",surprise,disgust,True,Author-Relevant Ambiguous
170,5639,When I witnessed a male making unwanted advances on a female at a club,disgust,anger,0.6,False,Author-Relevant Ambiguous,a bystander,a bouncer,the advances read as unsettling for a bystander vs a routine incident to intervene on for a bouncer,disgust,anger,True,Author-Relevant Ambiguous
171,4573,I felt a project was not meeting upmto standards.,fear,anger,0.4,False,Author-Relevant Ambiguous,a project manager,a new employee,Authority and accountability change how serious falling short of standards feels.,shame,fear,True,Author-Relevant Ambiguous
172,6407,"I accepted a pizza delivery to my address from Dominos, it was marked as paid and with my address on the label but I did not order it.",guilt,surprise,0.4,False,Author-Relevant Ambiguous,a college student,a cautious homeowner,"student reads as amused/lucky, homeowner reads as wary of a scam",surprise,fear,True,Author-Relevant Ambiguous
173,99,i put on weight,guilt,shame,0.4,False,Author-Relevant Ambiguous,a new mother,a bodybuilder,"new mother reading is neutral/expected, bodybuilder reading is a setback",shame,pride,True,Author-Relevant Ambiguous
174,3538,I got approved for my first apartment.,joy,joy,0.6,True,Author-Relevant Ambiguous,a recent graduate,a formerly homeless person,vastly different stakes attached to housing approval,joy,relief,True,Author-Relevant Ambiguous
175,3579,I went skydiving.,joy,fear,0.8,False,Author-Relevant Ambiguous,an experienced skydiver,a first-time skydiver,experience level changes whether the jump reads as routine or momentous,joy,fear,True,Author-Relevant Ambiguous
176,3618,I got my job offer.,joy,joy,0.6,True,Author-Relevant Ambiguous,a recent graduate,a laid-off worker,"graduate reading skews toward excitement, laid-off worker skews toward relief",joy,relief,True,Author-Relevant Ambiguous
177,3620,When I won an online competition because I won just over 3k.,joy,joy,0.8,True,Unambiguous,a casual hobbyist,a person in debt,financial context changes how significant the winnings read,joy,relief,True,Unambiguous
178,51275,When I was healthy and could truly participate in fall activities.,joy,sadness,0.8,False,Author-Relevant Ambiguous,a recovering patient,an elderly person,"temporary illness recovery vs age-related decline changes what ""when I was healthy"" implies",joy,sadness,True,Author-Relevant Ambiguous
179,51329,"watching my favourite show and seeing the characters I find comfort in, because it gave me a chance to escape from reality and also a sense of not being alone",joy,joy,0.6,True,Author-Relevant Ambiguous,a college student,a retiree,"escape and not-being-alone reads as stress relief for one, loneliness relief for the other",relief,trust,True,Author-Relevant Ambiguous
180,51598,the event was successful,pride,relief,0.6,False,Author-Relevant Ambiguous,an event organizer,an event attendee,success reads as earned achievement for an organizer versus simple enjoyment for an attendee,pride,joy,True,Author-Relevant Ambiguous
181,51653,My sons were born,pride,joy,1.0,False,Author-Relevant Ambiguous,a first-time father,an experienced father,a first birth carries more novelty than a birth after already having children,joy,pride,True,Author-Relevant Ambiguous
182,7160,I realised I had not overcome a mental struggle when I thought I had.,sadness,shame,0.4,False,Author-Relevant Ambiguous,a therapy client,a recovering addict,an unresolved struggle reads as a setback in ongoing treatment vs a relapse risk in recovery,sadness,shame,True,Author-Relevant Ambiguous
183,825,I left my parents house,sadness,sadness,0.4,True,Author-Relevant Ambiguous,"someone moving out for the first time, nervous about being on their own",someone leaving after a painful family conflict,"striking out alone reads as nervous uncertainty for a first-timer, but as grief over a fractured relationship for someone escaping conflict",fear,sadness,True,Author-Relevant Ambiguous
184,31154,I was shouted at by a stranger for ignoring a sign,shame,shame,0.4,True,Author-Relevant Ambiguous,a tourist,a local resident,being shouted at for ignoring a sign reads as confusion for a tourist vs a targeted rebuke for a local,shame,fear,True,Author-Relevant Ambiguous
185,31147,I shouted at my son for doing something wrong but I found out it wasn’t his fault.,shame,guilt,1.0,False,Author-Relevant Ambiguous,a hot-tempered parent,a parent who rarely raises their voice,shouting unfairly is business-as-usual guilt for a hot-tempered parent but a jarring lapse for one who rarely loses their temper,guilt,shame,True,Author-Relevant Ambiguous
186,41548,I felt ... when my boyfriend found out that I had a secret Tinder (dating app) profile and had used it during our relationship.,shame,shame,0.4,True,Author-Relevant Ambiguous,someone who was unfaithful and is now facing consequences they know they deserve,someone who made the profile impulsively out of insecurity but never actually met anyone or cheated physically,"Facing deserved consequences for real infidelity produces shame, while facing the same discovery for a lesser, never-acted-on impulse produces more fear of losing the relationship over something felt to be less serious.",shame,fear,True,Author-Relevant Ambiguous
187,41606,"I did not stand up for my friend when I knew she was in the right. However, I didnt know how to handle the situation. In hindsight, i let her down.",shame,guilt,0.6,False,Author-Relevant Ambiguous,"a shy, conflict-averse person",someone usually confident and outspoken,silence reads as an understandable lapse for someone conflict-averse but a surprising failure for someone usually outspoken,guilt,shame,True,Author-Relevant Ambiguous
188,52338,offended someone,shame,guilt,0.6,False,Author-Relevant Ambiguous,someone who spoke bluntly without thinking,someone who intentionally said something provocative,"accidental offense carries guilt, while intentional provocation carries little remorse",guilt,no-emotion,True,Author-Relevant Ambiguous
189,52316,"I had to stay overnight in a boy's bedroom when the door handle broke off, and people assumed we had been having sex.",shame,shame,0.6,True,Author-Relevant Ambiguous,a teenager from a conservative family,an adult among open-minded peers,"the assumption threatens reputation and family standing for a conservative teen, but is a shrug for an open-minded adult",shame,no-emotion,True,Author-Relevant Ambiguous
190,52365,broke an expensive item in a shop accidently,shame,guilt,0.8,False,Author-Relevant Ambiguous,a customer browsing casually,an employee working in the shop,"an employee bears professional accountability for the breakage that a browsing customer, while embarrassed, does not",guilt,fear,True,Author-Relevant Ambiguous
191,52371,I had to get fillings,shame,fear,0.8,False,Author-Relevant Ambiguous,someone anxious about dental visits,someone unbothered by dental work,the same procedure provokes dread for someone with dental anxiety but registers as a non-event for someone unbothered,fear,no-emotion,True,Author-Relevant Ambiguous
192,52398,i vomited at work in front of colleagues.,shame,shame,1.0,True,Unambiguous,someone visibly sick with the flu,someone who was hungover,"being ill draws sympathy rather than judgment, while being hungover invites embarrassment over the self-inflicted cause",no-emotion,shame,True,Unambiguous
193,6938,not getting as much work done as i could,shame,guilt,0.8,False,Author-Relevant Ambiguous,a freelancer accountable only to themselves,an employee on a team with shared deadlines,underperforming affects only oneself as a freelancer but lets down teammates in a shared-deadline job,no-emotion,guilt,True,Author-Relevant Ambiguous
194,6957,"I felt ... when my I told an ... story about my sister in front of her friends. It was an ... story about when she was learning to potty train as a child. I thought the story was funny but my sister felt really upset and ... that I told it. After I told that story, I felt ... because I ... my sister and made her feel bad when I know that if she would do the same thing to me, that I would be very upset.",shame,guilt,0.8,False,Author-Independent Ambiguous,"the narrator, the sister who told the story",the sister's friend who was present when the story was told,The narrator's own account is thick with guilt and shame for having hurt their sister; a friend simply present at the gathering would more likely read it as awkwardness/embarrassment (surprise) at witnessing a socially uncomfortable moment.,guilt,guilt,False,Author-Independent Ambiguous
195,31181,"When I gave birth to my baby girl last December, and we thought she was another baby boy.",surprise,surprise,0.6,True,Author-Relevant Ambiguous,parents who deeply wanted a daughter,parents who had prepared entirely for a boy,"the surprise reads as a joyful wish fulfilled for parents hoping for a girl, but a disorienting shock for parents fully prepared for a boy",joy,surprise,True,Author-Relevant Ambiguous
196,31207,my parents said they would help pay for my wedding,surprise,relief,0.6,False,Author-Relevant Ambiguous,someone whose parents are financially strained,someone from a financially comfortable family,"the offer feels like a moving, unexpected sacrifice from strained parents but an expected gesture from a comfortable family",surprise,joy,True,Author-Relevant Ambiguous
197,41688,my friend came out as gay to me,surprise,surprise,0.8,True,Unambiguous,"a close, trusted friend",an acquaintance who barely knows them,"being confided in feels like a meaningful gesture of trust to a close friend, but disorienting to a mere acquaintance",trust,surprise,True,Unambiguous
198,41641,A time o felt ... is when my mom and friends planned a ... bday party for my 17th bday.,surprise,surprise,0.8,True,Unambiguous,the birthday teenager,a family friend who helped keep the party secret,"The birthday teen experiences the party as a genuine unanticipated surprise; the friend who helped plan and conceal it would feel more satisfaction/relief that the secret held, not surprise.",surprise,surprise,False,Unambiguous
199,41671,I felt ... when I had won the first woman's greco roman style wrestling match in my countries province. I was not told before hand that the tournament I was wrestling at was going to be the first to offer this style of wrestling to women. I was just the first match that was up and I won.,surprise,surprise,0.6,True,Author-Relevant Ambiguous,the wrestler who won the historic match,a sports journalist reporting on the tournament afterward,"For the wrestler, unknowingly making history in her sport is a striking personal surprise; for a journalist covering the event after the fact, it's simply a notable fact to report, without personal emotional involvement.",surprise,no-emotion,True,Author-Relevant Ambiguous
200,41744,I read that someone prominent in my workplace announced he was leaving.,surprise,surprise,0.6,True,Author-Relevant Ambiguous,a close colleague who worked with him daily,someone in a different department who barely knew him,the departure feels personally significant to a close colleague but is mere passing news to someone barely acquainted,sadness,surprise,True,Author-Relevant Ambiguous
201,41722,"I felt ... when I was able to hold hands with and kiss my girlfriend in public and not feel any shame, despite growing up in an extremely homophobic environment.",surprise,relief,0.6,False,Author-Relevant Ambiguous,"the narrator, raised in a homophobic environment",a passerby who witnesses a couple holding hands in public,"For the narrator, being able to be affectionate in public without shame is an emotionally significant, surprising personal milestone; a passerby witnessing the same public display would see nothing noteworthy at all.",relief,no-emotion,True,Author-Relevant Ambiguous
202,52434,when I built my first computer,surprise,pride,1.0,False,Author-Relevant Ambiguous,a complete beginner unsure they could do it,someone confident and experienced with electronics,"finishing is a proud, surprising achievement for a doubtful beginner, but simple expected satisfaction for someone experienced",pride,joy,True,Author-Relevant Ambiguous
203,52441,When my sister shared she was pregnant,surprise,joy,0.6,False,Author-Relevant Ambiguous,a sister who has been longing to be an aunt,a sister uninvested in the news either way,"the news brings deep joy to a sister who's been longing for the role, but is simple pleasant news to one uninvested",joy,surprise,True,Author-Relevant Ambiguous
204,52448,my friend from a different state came to my birthday party without me knowing,surprise,surprise,0.8,True,Unambiguous,someone who feels their friendships have drifted with distance,someone who stays in constant close contact with this friend,"the visit feels like a deeply moving surprise for someone who fears the friendship faded, but a fun expected treat for the other",joy,surprise,True,Unambiguous
205,52458,"I felt ... when I received a job offer immediately after graduating college, especially because I had gone through nearly forty interviews and a hundred applications without positive results.",surprise,relief,0.6,False,Author-Relevant Ambiguous,the narrator after nearly forty failed interviews,a recruiter who extended the job offer,"For the narrator worn down by rejection, the sudden offer is an overwhelming surprise; for the recruiter simply making a routine hiring decision, it's a standard business action with no personal emotional charge.",surprise,no-emotion,True,Author-Relevant Ambiguous
206,52501,"My partner announced she was pregnant, after many years of miscarriages this ... me because we both thought it would never happen for us.",surprise,surprise,0.8,True,Unambiguous,the narrator's partner announcing the pregnancy,a doctor confirming a difficult pregnancy after prior miscarriages,"For the partner who endured years of miscarriages, the pregnancy news is overwhelming, disbelieving surprise and joy; a doctor delivering the same clinical result professionally would feel satisfaction for the patient but not personal surprise.",surprise,surprise,False,Unambiguous
207,52596,one of my best friends came to a girlguiding meeting unexpectedly after I hadn't seen her for a couple of months,surprise,joy,0.4,False,Author-Relevant Ambiguous,someone who missed her a lot,someone who hadn't thought much about the gap,"the reunion is emotionally moving for someone who missed her, but a pleasant casual surprise for someone who hadn't dwelt on the distance",joy,surprise,True,Author-Relevant Ambiguous
208,52614,my boyfriend ... me with a handwritten note,surprise,joy,0.4,False,Author-Independent Ambiguous,the narrator receiving the note,the boyfriend who wrote and left the note,"The recipient feels touched surprise at an unexpected gesture; the boyfriend who planned and wrote the note feels more like anticipatory affection/joy in giving it, not surprise.",surprise,surprise,False,Author-Independent Ambiguous
209,52625,my uncle had an argument with my cousin,surprise,sadness,0.6,False,Author-Relevant Ambiguous,a family member close to both parties,a distant relative who heard about it secondhand,"the argument is distressing for someone close to both parties, but mere gossip for a distant relative hearing secondhand",sadness,surprise,True,Author-Relevant Ambiguous
210,52626,Patient accepted elaborated treatment plan easily,surprise,relief,0.8,False,Author-Relevant Ambiguous,a healthcare provider used to patient pushback,a new provider without much experience,"easy acceptance is a pleasant surprise for a provider used to resistance, but an unremarkable expectation for a newer provider",surprise,relief,True,Author-Relevant Ambiguous
211,52635,I got a dog for my birthday,surprise,joy,1.0,False,Author-Relevant Ambiguous,someone who had been begging for a pet,someone who hadn't asked for one at all,"the dog fulfills a long-held wish for someone who'd been asking, but is a genuine unplanned surprise for someone who hadn't",joy,surprise,True,Author-Relevant Ambiguous
212,52645,I received a letter approving a visa application to migrate to Canada which was almost impossible to get from a middle eastern country,surprise,surprise,0.4,True,Author-Relevant Ambiguous,someone who nearly gave up on the process,someone confident it would eventually come through,"approval is overwhelming relief and joy for someone who'd nearly given up given the odds, but confident satisfaction for someone who expected success",joy,relief,True,Author-Relevant Ambiguous
213,52584,my theater professor called on me to perform our exercise,surprise,surprise,0.4,True,Author-Relevant Ambiguous,a shy student who avoids the spotlight,a confident student who enjoys performing,"being called on is anxiety-inducing for a shy student avoiding attention, but a welcome opportunity for a confident performer",fear,joy,True,Author-Relevant Ambiguous
214,52591,my wife bought me a car on my birthday,surprise,joy,0.8,False,Author-Relevant Ambiguous,someone whose family is financially modest,someone whose spouse regularly makes big gestures,"the gift is a stunning surprise for someone from a modest financial situation, but a big but not unusual gesture for someone used to grand gifts",surprise,joy,True,Author-Relevant Ambiguous
215,52550,someone named their kid after me,surprise,pride,0.6,False,Author-Relevant Ambiguous,a close friend of the parents,an acquaintance who barely knows the parents,"being honored this way feels deeply moving from close friends, but startling and a little confusing from people who barely know them",pride,surprise,True,Author-Relevant Ambiguous
216,7200,Last night I was ... I could smell smoke in my basement,surprise,fear,0.6,False,Author-Relevant Ambiguous,the narrator smelling smoke in their basement,a firefighter responding to a routine smoke-smell call,"For the homeowner at home at night, smelling smoke unexpectedly triggers alarm/fear; for a firefighter responding professionally to such calls routinely, it's simply part of the job with no personal fear attached.",fear,no-emotion,True,Author-Relevant Ambiguous
217,2228,"Approaching a large jump on a horse, I ... the horse to safely get us over it.",trust,fear,0.4,False,Author-Independent Ambiguous,an experienced rider approaching a familiar jump,a first-time spectator watching the jump from the sidelines,"The rider, relying on trained instinct and connection with the horse, feels active trust in the horse's ability; a spectator merely watching would feel more suspense or anxious anticipation, not the rider's grounded trust.",trust,trust,False,Author-Independent Ambiguous
218,2211,I asked my partner to do a task for me,trust,trust,0.8,True,Unambiguous,someone whose partner often forgets tasks,someone whose partner reliably follows through,"asking carries an undertone of anxious hope for someone whose partner often forgets, but simple confidence for one who reliably follows through",fear,trust,True,Unambiguous
219,2212,I felt ... when my cat sleeps by me,trust,trust,0.6,True,Author-Relevant Ambiguous,a pet owner whose cat sleeps beside them,a veterinarian discussing normal cat sleeping behavior,"For the owner, a cat choosing to sleep nearby is a small, warm signal of bonding and trust; for a vet describing typical feline behavior clinically, it carries no personal emotional significance.",trust,no-emotion,True,Author-Relevant Ambiguous
220,2213,My manager asked me to take voluntary pay reduction due to COVID. He promised that my pay would return to normal after 3 months and that I would be rewarded for my sacrifice. I ... him and it all worked out well.,trust,trust,0.4,True,Author-Relevant Ambiguous,the narrator who took the pay cut,an HR representative processing a temporary pay reduction,"The narrator, personally relying on their manager's promise, feels a real sense of trust being tested and rewarded; an HR rep processing the same policy change would view it as a routine administrative matter with no personal trust involved.",trust,no-emotion,True,Author-Relevant Ambiguous
221,2218,I told my husband a secret.,trust,relief,0.4,False,Author-Relevant Ambiguous,someone who has kept this secret for years out of fear,someone who has always been fully open with their husband,"sharing feels like a vulnerable act of trust after years of fear, but is simply routine openness for someone who's always been transparent",trust,no-emotion,True,Author-Relevant Ambiguous
222,31398,my friends had my back during a certain situation when I felt like they would turn their back on me. We had deferring opinions and I thought they wouldn't want to see me because of it.,trust,relief,0.6,False,Author-Relevant Ambiguous,someone who genuinely feared losing the friendship over the disagreement,someone confident the friendship could weather disagreements,"the loyalty is a huge relief for someone who genuinely feared losing the friendship, but a comfortable confirmation for someone confident it could weather it",relief,trust,True,Author-Relevant Ambiguous
223,31313,when my friend stayed with me during a hard time,trust,sadness,0.6,False,Author-Relevant Ambiguous,someone who felt very alone before the friend showed up,someone with a strong existing support network,"the support is a profound relief for someone who felt alone, but simply expected care for someone with an already strong support network",relief,trust,True,Author-Relevant Ambiguous
224,31346,I locked the shop myself for the first time,trust,pride,0.8,False,Author-Relevant Ambiguous,a new employee just given the responsibility,an owner who has always locked up themselves,"being trusted with the key for the first time is a meaningful milestone for a new employee, but an unremarkable routine for an owner",pride,no-emotion,True,Author-Relevant Ambiguous
225,31378,My co-worker confided in me about a personal life issue,trust,trust,0.6,True,Author-Relevant Ambiguous,a co-worker not usually close with this colleague,a co-worker who is already close friends with them,"being confided in is a striking mark of trust for a co-worker not usually close with them, but simply routine for an already close friend",trust,no-emotion,True,Author-Relevant Ambiguous
226,41840,"I felt ... when I could open up about my feelings to my significant other. Growing up, I would bottle up my feelings. As an adult, I am working toward not doing that so often.",trust,relief,0.6,False,Author-Independent Ambiguous,the narrator working through a habit of bottling up feelings,a therapist helping a client learn to open up,The narrator describes personal growth in learning to trust a partner with feelings; a therapist guiding a client through the same process would view it with professional satisfaction/pride in the client's progress rather than trust themselves.,trust,trust,False,Author-Independent Ambiguous
227,41789,"4 years ago i had open heart surgery done.  I was new to the hospital and knew none of the doctors or nurses, even though I did not know the surgeon I implicitly ... him and his decisions.",trust,trust,1.0,True,Unambiguous,the patient before open heart surgery,the surgeon performing the operation,"The patient, unfamiliar with the hospital staff, must place blind trust in a stranger's expertise before a life-threatening procedure; the surgeon performing routine professional duties would feel confidence in their own skill rather than trust.",trust,pride,True,Unambiguous
228,41795,I felt ... when I was voted class president,trust,pride,0.4,False,Author-Independent Ambiguous,the narrator elected class president,a classmate who voted for them,"The narrator, chosen by peers, feels a validating sense of being trusted with responsibility; a classmate who simply cast a vote would feel little personal emotion about the outcome.",trust,trust,False,Author-Independent Ambiguous
229,41857,I felt ... when I was applying for a promotion in work. I looked to my line manager who I ... and gave me great advice and support through the process,trust,trust,0.2,True,Author-Independent Ambiguous,the narrator seeking a promotion,the line manager giving advice and support,"The narrator, relying on their manager's guidance during a stressful process, feels trust in that support; the manager providing advice would more likely feel a sense of duty or quiet pride in mentoring, not trust themselves.",trust,trust,False,Author-Independent Ambiguous
230,41862,When i had to get in a strangers car because mine was stuck in the snow in the midde of the lanes.,trust,fear,0.8,False,Author-Relevant Ambiguous,someone generally wary of strangers,someone who has done this kind of thing before without issue,"getting in requires a real leap of nervous trust for someone wary of strangers, but is a low-stakes decision for someone who's done it before",fear,trust,True,Author-Relevant Ambiguous
231,52768,when I dyed my hair blonde with highlights,trust,pride,0.6,False,Author-Relevant Ambiguous,someone anxious the color would turn out badly,someone confident and experienced with dyeing their hair,"the result is a relieving surprise for someone anxious it would go wrong, but a routine expected outcome for someone experienced",relief,no-emotion,True,Author-Relevant Ambiguous
232,52679,"I gave my son some rubbish to put in the bin. I was able to ... him to do this by himself, he is 3 years old .",trust,pride,0.8,False,Author-Independent Ambiguous,a parent teaching their toddler responsibility,the 3-year-old being asked to do the task,"The parent, watching their child succeed at a small independent task, feels proud trust in the child's growing capability; the toddler simply doing as asked would not experience this framing of trust at all, more likely simple compliance or no strong emotion.",trust,trust,False,Author-Independent Ambiguous
233,52859,My manager told me during performance reviews that I was selling myself short and she would be advocating harder on my behalf.,trust,pride,0.6,False,Author-Relevant Ambiguous,someone who has felt overlooked and undervalued at work,someone who already feels well-supported by management,"the manager's words are a moving, validating relief for someone who's felt overlooked, but simple confirmation for someone already feeling supported",relief,trust,True,Author-Relevant Ambiguous
234,52860,when being told a piece of deeply personal information because it was not something shared with just anyone,trust,trust,1.0,True,Unambiguous,someone who rarely gets confided in like this,someone who is regularly told deeply personal things,"being trusted with such information feels especially significant for someone who rarely gets confided in, but is more familiar for the other",trust,no-emotion,True,Unambiguous
235,52895,"a client of mine paid me upfront for a project which i never ask clients to do that, but he did it and i had a big massive ... that made my day.",trust,surprise,0.4,False,Author-Relevant Ambiguous,a freelancer who received unusual upfront payment,the client who chose to pay upfront,"The freelancer, receiving unexpected upfront trust from a client, feels touched and validated; the client making the payment decision would more likely feel simple confidence in the freelancer's reliability, not the freelancer's emotional reaction.",surprise,trust,True,Author-Relevant Ambiguous
236,52822,"I was diagnosed with a rare blood disease and had to see a specialist. His knowledge and expertise in a field that most doctors I had encountered before knew nothing about, made me ... him greatly.",trust,trust,1.0,True,Unambiguous,a patient with a rare disease seeing a specialist,the specialist treating a rare case,"The patient, relying on rare expertise most doctors lack, feels a strong sense of trust in the specialist; the specialist handling a case within their expertise would feel more professional confidence than the patient's dependent trust.",trust,trust,False,Unambiguous
237,52823,My baby was born and I felt a ... for my husband I had never felt before when he first held her whilst I was still beingClosed up where I knew he would always keep her and the rest of our family safe,trust,joy,0.6,False,Author-Independent Ambiguous,a new mother watching her husband hold their baby,the husband holding his newborn child for the first time,"The mother, watching her husband hold their child right after birth, feels a surge of trust in his role as protector; the husband himself in that moment would more likely feel overwhelming joy or love rather than the mother's externally-observed trust in him.",trust,trust,False,Author-Independent Ambiguous
238,52828,I felt ... when the gym staff were actively checking for covid vax documents and proper ID.,trust,relief,0.6,False,Author-Relevant Ambiguous,a gym member noticing strict covid protocols,gym staff enforcing routine vaccine and ID checks,A member noticing careful protocol enforcement might feel reassured trust in the gym's safety standards; staff performing a routine required check would feel no personal emotional content about it.,trust,no-emotion,True,Author-Relevant Ambiguous
239,52829,I got too drunk and my friend brought me home in an uber and fed me and put me to bed,trust,trust,0.4,True,Author-Relevant Ambiguous,someone who rarely lets loose or loses control,someone used to relying on this friend after nights out,"being cared for feels like a moving, meaningful trust for someone who rarely loses control like this, but is a routine, familiar kindness for the other",trust,no-emotion,True,Author-Relevant Ambiguous
240,52833,I was playing in a team game and had to ... my team mates.,trust,trust,0.8,True,Unambiguous,a team player relying on teammates during a game,a teammate being relied upon during the game,"The narrator, needing to depend on others mid-game, feels active trust in the team; a teammate simply being relied upon would feel more like responsibility or focus, not trust themselves.",trust,trust,False,Unambiguous
241,52777,"An example of ... for me was in related to my education. Prior to undergrad, I had been severely behind and informed my teacher that I would need a tutor. I wanted to get one as I had an opportunity to secure one before school began, and it would be very hard for me to find one after school begun. I also knew this would be a financial investment. My teacher told me that she assured me that I would not need a tutor and she would provide all the extra help I needed. I was hesitant at first, considering she had hundreds of other students to help, but in the end, I took her advice and did not get a tutor. That class was amazing. She managed to catch me up completely wherever I needed it and dedicated lots of time for me after school. This was a time where I took a risk and ... my teacher, and this ... payed off.",trust,trust,0.4,True,Author-Independent Ambiguous,a student who took a risk skipping tutoring,the teacher who assured the student she didn't need one,"The student, taking a financial and academic risk based on her teacher's word, feels vindicated trust when it pays off; the teacher who made the promise would more likely feel satisfaction or pride in delivering on it, not the student's anxious trust.",trust,trust,False,Author-Independent Ambiguous
242,52784,I was confused about how my partner was treating me and so I went to a friend who I thought could help and she really listened to me and provided me with good advice.,trust,relief,0.6,False,Author-Relevant Ambiguous,someone who doesn't normally turn to others for advice,someone who regularly relies on this friend for advice,"turning to the friend feels like a significant, vulnerable act of trust for someone who doesn't normally seek advice, but is routine for the other",trust,no-emotion,True,Author-Relevant Ambiguous
243,61031,my husband is always there for me and i can ... that no matter what he will be there for our child and do what ittakes to provide for us as a family,trust,trust,1.0,True,Unambiguous,a wife relying on her husband's steady support,the husband providing for his family,"The narrator, as the wife, feels a deep sense of trust in her husband's reliability; the husband himself, focused on the act of providing, would more likely feel a sense of duty or quiet resolve, not trust.",trust,trust,False,Unambiguous
244,61055,When I went to a teacher about a problem I had,trust,fear,0.4,False,Author-Relevant Ambiguous,a student who doesn't usually approach teachers,a student who regularly turns to this teacher for help,"approaching the teacher takes a nervous leap of trust for a student who doesn't usually do this, but is routine for a student who regularly turns to them",fear,trust,True,Author-Relevant Ambiguous
245,61094,I felt ... when I moved to a new country with my partner.,trust,fear,0.6,False,Author-Independent Ambiguous,the narrator moving to a new country with their partner,a friend back home hearing about the move,"The narrator, relying on their partner during a major life change, feels a personal sense of trust and security; a friend simply hearing about the move from afar would feel no particular emotion about it.",trust,trust,False,Author-Independent Ambiguous
246,61101,My mother helped me bake bread. I'd know idea what I was doing,trust,relief,0.4,False,Author-Relevant Ambiguous,someone anxious about failing in the kitchen,someone who enjoys learning new things casually,"the uncertainty provokes real anxiety for someone worried about failing in the kitchen, but is simply a fun, casual learning experience for the other",fear,joy,True,Author-Relevant Ambiguous
247,922,"I got married to my husband. When we said our vows, I ... that they meant them and that I was safe.",trust,anger,0.4,False,Author-Independent Ambiguous,the narrator on her wedding day,a guest attending the wedding ceremony,"The narrator, exchanging vows with her husband, feels a deep personal sense of trust and safety in the commitment; a guest simply witnessing the ceremony would feel happiness for the couple (joy) rather than the narrator's personal trust.",trust,trust,False,Author-Independent Ambiguous
248,3493,I felt ... when I slept with someone I shouldn’t of,guilt,shame,0.6,False,Author-Independent Ambiguous,someone who was in a committed relationship at the time,someone who broke a personal promise to a friend not to pursue their sibling,"Sleeping with someone while committed reads as romantic-infidelity guilt, while breaking a friend's trust in a different way reads more as social shame.",guilt,guilt,False,Author-Independent Ambiguous
249,3936,I felt ... when I got into university,relief,pride,0.6,False,Author-Independent Ambiguous,a first-generation applicant who feared rejection,a legacy applicant whose family has attended for generations,"Acceptance feels like a hard-won relief for a first-gen applicant who feared rejection, but an almost foregone conclusion for a legacy applicant.",relief,relief,False,Author-Independent Ambiguous
250,588,when i was cheated on,anger,anger,0.6,True,Author-Independent Ambiguous,a young dater,a married spouse,casual dating versus marriage changes the weight of being cheated on,anger,anger,False,Author-Independent Ambiguous
251,6403,My daughter was being naughty and i smacked her.,guilt,anger,0.6,False,Author-Independent Ambiguous,a strict parent,a first-time parent,"strict parent reads as routine discipline, first-time parent reads as more remorseful",guilt,guilt,False,Author-Independent Ambiguous
252,4671,I broke the vase and lied against my sister which was scolded afterwards.,guilt,guilt,0.6,True,Author-Independent Ambiguous,a younger sibling,an older sibling,power dynamic in blaming a sister changes how the lie reads,guilt,guilt,False,Author-Independent Ambiguous
253,51285,I found out that we really are going to be together forever.,joy,joy,0.6,True,Author-Independent Ambiguous,a newly engaged person,a reunited partner,"a new commitment vs a restored relationship changes what ""together forever"" means",joy,joy,False,Author-Independent Ambiguous
254,6804,I got home from a flight that we were almost refused on as we didn't have the right documentation,relief,relief,0.6,True,Author-Independent Ambiguous,a tourist,an immigrant,an immigrant's documentation trouble carries legal/residency stakes a tourist's does not,relief,relief,False,Author-Independent Ambiguous
255,3649,when I completed my first 10k race,joy,pride,1.0,False,Author-Independent Ambiguous,a beginner runner,a competitive athlete,"beginner's finish reads as a milestone, athlete's reads as routine",pride,pride,False,Author-Independent Ambiguous
256,657,A colleague was always off work.,anger,anger,0.4,True,Author-Independent Ambiguous,a coworker,a manager,"a coworker's complaint reads as resentment over extra workload, a manager's reads as a performance-management issue",anger,anger,False,Author-Independent Ambiguous
257,5609,"I felt ... when I had to have a blood test and the nurse had trouble finding a suitable vein to draw the sample from. I usually do not feel nervous or ... before having a test done but this particular time I did because she had the tourniquet on my arm for a very long time and was pushing and pulling around to try and get a vein. She did get a vein but she did not give me anything to rest my arm on while having my blood drawn so it was a bit of an awkward and uncomfortable angle and I could feel the needle moving around in my arm. Due to this, I felt quite sick and ... and I actually ended up feeling quite hot and I was really anxious that I might faint! Each time I thought about it afterwards, I felt queasy and my arm bruised quite badly afterwards.",disgust,fear,0.6,False,Author-Relevant Ambiguous,someone with a diagnosed needle phobia,a frequent blood donor used to needle sticks,"Someone with a diagnosed needle phobia experiences the prolonged, fumbling search for a vein as frightening, while a frequent blood donor used to needles experiences the same fumbling as queasy disgust rather than fear.",fear,disgust,True,Author-Relevant Ambiguous
258,51023,I pulled my girlfriends arm and accidentally hurt her.,guilt,guilt,0.6,True,Author-Independent Ambiguous,a boyfriend,a husband,commitment level changes severity of accidentally hurting her,guilt,guilt,False,Author-Independent Ambiguous
259,3370,when I was almost run over by a drunk driver,fear,fear,0.4,True,Author-Independent Ambiguous,a pedestrian,a cyclist,differing physical exposure to a drunk driver,fear,fear,False,Author-Independent Ambiguous
260,276,when I began working in the acute care unit of a hospital because I thought people would be dying and I wouldn't know how to handle it,fear,fear,0.4,True,Author-Independent Ambiguous,a new nurse,a hospital volunteer,professional performance worry vs personal unease in an unfamiliar setting,fear,fear,False,Author-Independent Ambiguous
261,41208,"I felt ... when I was at a track and field meet in 5th grade. I was running the 100m, and all of the girls I was competing against were much taller than me. They all said to me ""you're not going to win. You're too short. Short people are not fast."" Anyway, I ended up absolutely SMOKING all of them and getting first place. They all looked at me in such disbelief. It was awesome.",pride,pride,0.6,True,Author-Independent Ambiguous,a young athlete who has been mocked for her height her whole life,a naturally elite sprinter who expects to win every race,"Beating taller trash-talkers is vindicating pride for someone used to being underestimated, but just another expected win for a sprinter who always wins.",pride,pride,False,Author-Independent Ambiguous
262,51962,I finally saw my long distance partner in person after waiting 9 months.,relief,joy,0.8,False,Author-Relevant Ambiguous,a military spouse,a college student,deployment-driven separation vs a lighter long-distance relationship reunion,relief,joy,True,Author-Relevant Ambiguous
263,41791,"I felt complete ... when I learnt that a colleague of mine defended my reputation in my absence. While some people were trying to defame me, my colleague in a question, took it upon himself to defend my honor and reputation. I was elated when I got wind of it and knew then that this was someone I could really ....",trust,joy,0.4,False,Author-Independent Ambiguous,the narrator whose reputation was defended,the colleague who stood up for them,"The narrator, targeted by defamation, feels moved trust and gratitude toward the colleague who defended them; the colleague who took the action would more likely feel a sense of loyalty or conviction in doing the right thing, not trust.",trust,trust,False,Author-Independent Ambiguous
264,6997,When I met my niece at how small she was.,surprise,surprise,1.0,True,Unambiguous,a first-time aunt or uncle meeting a newborn,someone who has met many newborns before,"a newborn's smallness is a striking surprise for someone meeting one for the first time, but simply sweet and familiar for someone experienced with babies",surprise,joy,True,Unambiguous
265,31292,I felt ... when I went to a restaurant for dinner with a friend. On the evening we went to the restaurant they were running a random competition for diners to win a free meal. We heard an announcement being made and a waitress then appeared at our table and told us that our meal would be free. I felt joy and ... when this happened because it was so unexpected.,surprise,surprise,1.0,True,Unambiguous,the narrator who got the free meal,the waitress who delivered the news,The diner's account centers on personal shock and delight at unexpected good fortune; the waitress performing a scripted promotional announcement would feel little to no personal emotion about it.,surprise,no-emotion,True,Unambiguous
266,52373,failed my piano exam,shame,shame,0.6,True,Author-Relevant Ambiguous,a young student learning casually,a serious music conservatory applicant,failure is a minor setback for a casual learner but threatens a conservatory applicant's larger ambitions,sadness,shame,True,Author-Relevant Ambiguous
267,61099,"I was on a zip-line and it malfunctioned just as I stepped off the platform, and I was hanging for a couple of moments 20ft above very shallow water. My sister reached across and pulled me back, and I had to ... that she'd be able to hold my weight and not drop me.",trust,trust,0.8,True,Unambiguous,the narrator dangling above shallow water after a zip-line malfunction,the sister reaching to catch her,"The narrator, hanging in a life-threatening situation, must place urgent trust in her sister's physical ability to save her; the sister doing the pulling would more likely feel adrenaline-fueled fear or determination in the moment, not trust.",trust,trust,False,Unambiguous
268,41600,my family told me I was sinning and going against God's will by dating someone outside of the church.,shame,shame,0.4,True,Author-Relevant Ambiguous,someone who still shares their family's faith,someone who has already left the religion,the accusation cuts deep for a believer but lands as unwelcome interference for someone who's already left,guilt,anger,True,Author-Relevant Ambiguous
269,52658,first time me and a friend were permitted to climb alone after weeks of practice,trust,pride,0.6,False,Author-Relevant Ambiguous,a novice climber who doubted they were ready,an instructor confident in the trainee's readiness,"being permitted to climb alone is a proud, validating milestone for a novice who doubted themselves, but simple confirmation of a confident assessment",pride,trust,True,Author-Relevant Ambiguous
270,4594,"I felt ... when a man I had feelings for was not responding to my text messages. I have an iPhone and so I use iMessage with others who also have iPhones. When you use iMessage, the chat bubbles are blue, but I noticed one day that the chat bubbles with him were green. That indicates that the recipient does not have an iPhone, or that they are in an area without internet and therefore are getting the messages sent as text messages rather than iMessage. The problem was that he had not been responding and I started wondering if he was seeing my texts at all - then I had a suspicion he had blocked me this entire time. I messaged a mutual friend to ask if he had told them he was angry with me, and I then checked to see if I could still see his profile on social media platforms. I could not. I started getting anxious at the indication that he had blocked me on everything, and that anxiety skyrocketed with each profile I wasn't seeing. My friend told me she could still access his profiles, and it was then I realized he had blocked me on everything.",fear,fear,0.6,True,Author-Independent Ambiguous,an ex-partner who has been obsessively checking her former boyfriend's social media,someone who recently escaped a controlling relationship and stays alert to warning signs,"Framing the blocked-message detective work as obsessive jealousy reads as anger, while framing it as trauma-informed vigilance reads as genuine fear.",fear,fear,False,Author-Independent Ambiguous
271,41759,I got stood up on a date,surprise,anger,0.4,False,Author-Relevant Ambiguous,someone who was really looking forward to this date,someone who was lukewarm about it and half expected it to fall through,"being stood up stings sharply for someone excited about the date, but barely registers for someone who wasn't invested",sadness,no-emotion,True,Author-Relevant Ambiguous
272,61071,My friend needed support to manage her money so she gave me control of her bank accounts,trust,trust,0.8,True,Unambiguous,someone entrusted for the first time with this level of financial responsibility,someone who regularly manages finances for others professionally,"being given control feels like an especially weighty, significant trust for someone entrusted for the first time, but a routine professional responsibility for the other",trust,no-emotion,True,Unambiguous
273,31317,I told a friend that I was having trouble with my relationship.,trust,sadness,0.6,False,Author-Relevant Ambiguous,someone who rarely opens up about personal struggles,someone who regularly confides in this friend,"confiding feels like a significant act of trust for someone who rarely opens up, but is simply routine for someone who confides in this friend regularly",trust,no-emotion,True,Author-Relevant Ambiguous
274,31234,I received a refund cheque through the post from a previous electrical company due to being overcharged.,surprise,relief,0.6,False,Author-Relevant Ambiguous,someone who never expected to see the money again,someone who had been actively disputing the charge,"the refund is a pleasant surprise for someone who'd given up, but a satisfying vindication for someone who fought for it",surprise,pride,True,Author-Relevant Ambiguous
275,3641,i recently got  a new job,joy,relief,0.6,False,Author-Relevant Ambiguous,a recent graduate,a laid-off worker,"graduate reading skews toward excitement, laid-off worker skews toward relief",joy,relief,True,Author-Relevant Ambiguous
276,2224,I knew I could rely on a friend on holiday as I have had previous bad experiences with holidays with friends,trust,trust,0.6,True,Author-Relevant Ambiguous,someone who has been let down by travel companions before,someone who has always had good experiences traveling with friends,"the reliability feels like a relieving contrast to past bad experiences, but is simply expected consistency for someone who's always traveled well with friends",relief,trust,True,Author-Relevant Ambiguous
277,52598,I got pregnant with my son,surprise,joy,0.6,False,Author-Relevant Ambiguous,someone who had been trying to conceive,someone for whom it was unplanned,"the pregnancy is joyful fulfillment for someone who'd been trying, but a startling shock for someone unplanned",joy,surprise,True,Author-Relevant Ambiguous
278,61021,found out I didn't get a promotion,surprise,sadness,0.6,False,Author-Relevant Ambiguous,someone who felt they clearly deserved it,someone who applied without much expectation,"the rejection stings as unfair for someone who felt clearly deserving, but is an anticipated letdown for someone who applied without high hopes",anger,sadness,True,Author-Relevant Ambiguous
279,2172,I was diagnosed with fibromyalgia,sadness,sadness,0.6,True,Author-Relevant Ambiguous,a young adult,an elderly person,a chronic diagnosis disrupts a young adult's expected path more than an older person's,sadness,fear,True,Author-Relevant Ambiguous
280,41629,My football team won,surprise,joy,0.6,False,Author-Relevant Ambiguous,a fan of a struggling underdog team,a fan of a team expected to win easily,a win is a thrilling surprise for an underdog's fan but simple expected satisfaction for a favorite's fan,surprise,joy,True,Author-Relevant Ambiguous
281,51054,"I felt ... when as a young adult I wore braces on my teeth and I hated them, even though it was my choice to get them. I was visiting my younger sister who was working overseas and we had a brilliant time together. She took lots of photos of us, had them developed (it was the 1990s!) and sent them to my family. In one picture in particular, all I could see were these awful braces. I couldn't see anything else - the fabulous place we were in, the gorgeous outfits we were wearing, how lovely our hair was as we'd treated ourselves to getting blowdries, and I wrote her the most horrible letter saying that the only reason she'd sent that photo was to prove how gorgeous she was compared to me, she knew how ugly I was and that I was sorry I'd ever visited her in the first place. To this day I still feel so awful for writing that letter. She could only see the fun time we were having - I was the one with the complex about my teeth.",guilt,shame,0.6,False,Author-Relevant Ambiguous,a teenager insecure about her appearance after years of being bullied about her teeth,"an adult looking back with hindsight at how she hurt a loving, innocent sister",The braces story centers the teenager's own self-loathing (shame) versus the adult's remorse over harming someone else (guilt).,shame,guilt,True,Author-Relevant Ambiguous
282,52866,I heard my mom giving my aunt hell for treating me crappy. I knew i could ... my mom to stand up for me,trust,trust,0.6,True,Author-Relevant Ambiguous,the narrator whose mother defended her,the aunt being confronted about her treatment of the narrator,"The narrator, hearing her mother stand up for her, feels a warm, validating trust that her mother has her back; the aunt being confronted would more likely feel defensiveness or shame, not the narrator's trust.",trust,shame,True,Author-Relevant Ambiguous
283,3975,I felt ... when I got a job at my current position permanently.,relief,relief,0.4,True,Author-Relevant Ambiguous,someone who had worked years of insecure temp and contract jobs,someone converting into a role they were always guaranteed to get,"Permanent status ends years of insecurity for a longtime temp worker, but is just a formality for someone who was always going to be made permanent.",relief,no-emotion,True,Author-Relevant Ambiguous
284,41660,my friends asked me to be maid of honour,surprise,pride,0.6,False,Author-Relevant Ambiguous,the bride's closest lifelong friend,a newer friend surprised to be chosen over older ones,"the request confirms an expected role for a lifelong best friend, but is a genuine touching surprise for a newer friend",joy,surprise,True,Author-Relevant Ambiguous
285,31387,"I felt ... when we went to a restaurant in London, and asked for steak done to a particular level, the waiter came out and advised that the steak had not been cooked to his satisfaction, so asked for the steak to be redone, it was at this point that we realised we could fully ... that we were going to get exactly what we had asked for.",trust,relief,0.6,False,Author-Relevant Ambiguous,the diner who ordered the steak,the waiter who caught and corrected the cooking mistake,"The diners, seeing the restaurant proactively fix an error, feel reassured trust that they'll get what they asked for; the waiter performing quality control as part of the job would feel more professional diligence than personal trust.",trust,no-emotion,True,Author-Relevant Ambiguous
286,4571,"In elementary school one of my male classmates starting to sexually harass me everyday, touching me inappropriately in all different places multiple times a day, I was too ... to tell anyone or tell him off.",fear,fear,0.6,True,Author-Relevant Ambiguous,a child too intimidated by her harasser's social standing in class to speak up,a child who blamed herself for what was happening and thought she'd caused it,"One persona centers fear of the harasser's power, the other centers self-blame, shifting the reading from fear to shame.",fear,shame,True,Author-Relevant Ambiguous
287,2198,England scored in the 2n minute of the Euros final,surprise,joy,1.0,False,Author-Relevant Ambiguous,a devoted England fan,a neutral fan watching for the spectacle,"an early goal thrills a devoted fan personally invested in the outcome, while a neutral viewer registers mild excitement",joy,surprise,True,Author-Relevant Ambiguous
288,5642,My husband had an affair,disgust,anger,0.6,False,Author-Relevant Ambiguous,a wife,a girlfriend,the affair reads as a marriage-shattering betrayal for a wife vs an early relationship-ending shock for a girlfriend,anger,sadness,True,Author-Relevant Ambiguous
289,41581,aborted my baby,shame,sadness,0.4,False,Author-Relevant Ambiguous,someone who terminated for medical necessity,someone who terminated under social and family pressure,the emotional weight differs by whether the decision was medically necessary or made under stigma,sadness,shame,True,Author-Relevant Ambiguous
290,3528,"I felt ... whenever I think about how my life could be with another man. I love my boyfriend of two years very much but I still think about my ex a lot because it just felt unresolved (though I'm not entirely sure resolving it would change much). It's mostly because my ex was extremely wealthy and although my current bf and I are well off for our age, it's tough when I consider that I could be flown around in a private jet instead. I feel extremely ... thinking about this and typing it out because I don't want to sound greedy. I just grew up in the lowest income bracket and I can't help but be enticed by money as it was such a barrier growing up. I'm trying really hard to develop a healthier relationship with it as I grow older.",guilt,sadness,0.6,False,Author-Relevant Ambiguous,someone raised in real poverty who still carries anxiety about financial security,someone comfortably well-off who just enjoys fantasizing about a lavish lifestyle,"Fantasizing about wealth reads as understandable guilt rooted in real hardship for one persona, and as shallow, embarrassing materialism for the other.",guilt,shame,True,Author-Relevant Ambiguous
291,2105,I felt ... when I passed my exams.,joy,relief,0.6,False,Author-Relevant Ambiguous,a student who barely scraped by after struggling academically all year,a top student who expected to pass easily,"Passing after a hard struggle reads as strong relief, while passing as an expected outcome for a strong student reads as quiet pride rather than relief.",relief,no-emotion,True,Author-Relevant Ambiguous
292,7198,I got promoted.,surprise,pride,0.6,False,Author-Relevant Ambiguous,someone who worked hard and expected it,someone who didn't think they were in the running,"the promotion confirms a hard worker's expectations, but is a genuine surprise for someone who didn't think they were in the running",pride,surprise,True,Author-Relevant Ambiguous
293,52520,when i won a £500 john lewis voucher,surprise,joy,0.4,False,Author-Relevant Ambiguous,someone who rarely enters competitions,someone who enters raffles regularly,"winning is a stunning surprise for someone who rarely enters, but a satisfying but expected payoff for a regular entrant",surprise,joy,True,Author-Relevant Ambiguous
294,52709,Someone told me a secret,trust,trust,0.6,True,Author-Relevant Ambiguous,someone not usually trusted with secrets,someone who is everyone's confidant,"being told a secret feels like a meaningful mark of trust for someone not usually confided in, but is routine for someone who's everyone's confidant",trust,no-emotion,True,Author-Relevant Ambiguous
295,6218,I felt ... because I lied about something,disgust,guilt,0.8,False,Author-Relevant Ambiguous,someone who lied to protect a loved one from a painful truth,someone who lied purely for personal gain and got away with it,"Someone who lied to protect a loved one feels a manageable guilt over the necessary deception, while someone who lied purely for personal gain feels a deeper shame at their own character.",guilt,shame,True,Author-Relevant Ambiguous
296,52369,I DIDNT DO WELL AT WORK WHICH CAUSED A TEAM MEMBER TO BE ANNOYED,shame,shame,0.4,True,Author-Relevant Ambiguous,a new employee still on probation,a senior employee with a strong track record,a mistake threatens a new hire's standing far more than it dents a senior employee's established reputation,fear,guilt,True,Author-Relevant Ambiguous
297,4592,I felt ... when I went to a haunted house amusement park.,fear,fear,0.6,True,Author-Relevant Ambiguous,someone who hates horror and was dragged there by friends,a horror enthusiast who seeks out haunted houses for the thrill,"For someone who hates horror and was dragged along, the haunted house is genuinely frightening, while for a horror enthusiast who seeks out these experiences for fun, the same fright translates into thrilled joy.",fear,joy,True,Author-Relevant Ambiguous
298,5575,I saw someone shouting at their wife very aggressively outside my window,disgust,anger,0.4,False,Author-Relevant Ambiguous,a neighbour,a passerby,a neighbour's account carries ongoing worry while a passerby's reads as a brief shocked glimpse,anger,fear,True,Author-Relevant Ambiguous
299,3290,I felt ... when I found a bug that was over six inches long in my bathroom when I was home alone and knew I had to handle it myself.,disgust,fear,0.6,False,Author-Relevant Ambiguous,someone with a pronounced fear of insects living alone,someone who dislikes bugs but has dealt with many before,"Someone with a pronounced fear of insects living alone experiences the encounter as frightening, while someone who has handled many bugs before experiences it as ordinary disgust.",fear,disgust,True,Author-Relevant Ambiguous
