,source,text_id,category,tv_raw,tv_standardised,entropy_raw,entropy_standardised
0,Human,21,author_relevant,0.6666666666666666,0.6666666666666665,0.0,0.0
1,Human,21,author_relevant,0.6666666666666666,0.6666666666666665,0.0,0.0
2,Human,99,author_relevant,0.6666666666666666,0.6666666666666665,0.0,0.0
3,Human,99,author_relevant,0.6666666666666666,0.6666666666666665,0.0,0.0
4,Human,249,author_independent,0.75,0.7533333333333333,0.7497801928250778,0.4620981203732966
5,Human,249,author_independent,0.3333333333333333,0.33333333333333326,0.0,0.0
6,Human,253,author_relevant,0.6666666666666666,0.6666666666666665,0.4620981203732968,0.4620981203732966
7,Human,253,author_relevant,0.9999999999999999,0.9999999999999999,0.7497801928250778,0.4620981203732966
8,Human,272,author_independent,0.33333333333333337,0.3333333333333334,0.6365141682948128,0.6365141682948128
9,Human,272,author_independent,0.0,0.0,0.0,0.0
10,Human,276,author_independent,0.19999999999999998,0.22666666666666668,0.3137563709384219,0.08914671301066292
11,Human,276,author_independent,0.3333333333333333,0.33333333333333326,0.0,0.0
12,Human,281,author_independent,0.33333333333333337,0.3333333333333334,0.6365141682948128,0.6365141682948128
13,Human,281,author_independent,0.6666666666666667,0.6666666666666669,0.6365141682948128,0.6365141682948128
14,Human,287,unambiguous,0.33333333333333337,0.3333333333333334,-0.6365141682948128,-0.6365141682948128
15,Human,287,unambiguous,0.9999999999999999,0.9999999999999999,0.4620981203732968,0.4620981203732966
16,Human,315,unambiguous,0.3333333333333333,0.33333333333333326,0.4620981203732968,0.4620981203732966
17,Human,315,unambiguous,0.6666666666666666,0.6666666666666665,0.4620981203732968,0.4620981203732966
18,Human,340,unambiguous,0.33333333333333337,0.3333333333333334,0.6365141682948128,0.6365141682948128
19,Human,340,unambiguous,0.3333333333333333,0.3283333333333333,0.8675632284814612,0.5929553264256949
20,Human,378,author_relevant,0.3333333333333333,0.33333333333333326,0.0,0.0
21,Human,378,author_relevant,0.3333333333333333,0.33333333333333326,0.4620981203732968,0.4620981203732966
22,Human,387,unambiguous,0.5,0.5033333333333333,0.7497801928250778,0.4620981203732966
23,Human,387,unambiguous,1.0,1.0,0.0,0.0
24,Human,414,author_independent,0.6666666666666667,0.6666666666666669,-0.6365141682948128,-0.6365141682948128
25,Human,414,author_independent,0.6666666666666667,0.6666666666666669,-0.6365141682948128,-0.6365141682948128
26,Human,437,unambiguous,0.0,0.0,0.0,0.0
27,Human,437,unambiguous,0.5,0.4966666666666667,1.0397207708399179,0.8629422472777282
28,Human,441,author_relevant,1.0,1.0,0.6365141682948128,0.6365141682948128
29,Human,441,author_relevant,1.0,1.0,1.0397207708399179,0.8791156814907934
30,Human,458,unambiguous,0.6666666666666666,0.6666666666666665,0.0,0.0
31,Human,458,unambiguous,0.5,0.4816666666666667,0.7497801928250778,0.4620981203732966
32,Human,476,author_independent,0.9999999999999999,0.9999999999999999,0.0,0.0
33,Human,476,author_independent,0.3333333333333333,0.33333333333333326,0.0,0.0
34,Human,481,unambiguous,0.33333333333333337,0.3333333333333334,0.6365141682948128,0.6365141682948128
35,Human,481,unambiguous,0.0,0.0,0.0,0.0
36,Human,494,author_independent,0.33333333333333337,0.3333333333333334,-0.6365141682948128,-0.6365141682948128
37,Human,494,author_independent,0.6666666666666666,0.6666666666666665,0.4620981203732968,0.4620981203732966
38,Human,521,author_independent,0.33333333333333337,0.3333333333333334,-0.6365141682948128,-0.6365141682948128
39,Human,521,author_independent,0.13333333333333336,0.12500000000000003,-0.1361117447566249,-0.23869281311055482
40,Human,525,author_independent,0.6666666666666666,0.6666666666666665,1.0986122886681096,1.0986122886681093
41,Human,525,author_independent,0.33333333333333337,0.3333333333333334,0.6365141682948128,0.6365141682948128
42,Human,553,author_independent,0.6666666666666666,0.6666666666666665,0.4620981203732968,0.4620981203732966
43,Human,553,author_independent,0.0,0.0,0.0,0.0
44,Human,588,author_independent,0.19999999999999998,0.235,0.3137563709384219,0.09232928385213698
45,Human,588,author_independent,0.3333333333333333,0.33333333333333326,0.0,0.0
46,Human,594,author_independent,0.75,0.7633333333333334,1.3862943611198906,1.0986122886681093
47,Human,594,author_independent,0.33333333333333337,0.3333333333333334,0.6365141682948128,0.6365141682948128
48,Human,612,unambiguous,1.0,1.0,0.0,0.0
49,Human,612,unambiguous,0.9999999999999999,0.9999999999999999,0.6365141682948128,0.6365141682948128
50,Human,623,author_independent,0.6666666666666666,0.6666666666666665,0.4620981203732968,0.4620981203732966
51,Human,623,author_independent,0.6666666666666666,0.6666666666666665,0.05663301226513251,0.0
52,Human,641,unambiguous,0.6666666666666666,0.6666666666666665,1.0986122886681096,1.0986122886681093
53,Human,641,unambiguous,0.33333333333333337,0.3333333333333334,0.6365141682948128,0.6365141682948128
54,Human,657,author_independent,0.33333333333333337,0.3333333333333334,0.6365141682948128,0.6365141682948128
55,Human,657,author_independent,0.19999999999999998,0.21500000000000008,0.5004024235381879,0.4105516385501542
56,Human,762,unambiguous,0.3333333333333333,0.33333333333333326,0.0,0.0
57,Human,762,unambiguous,0.33333333333333337,0.3333333333333334,-0.6365141682948128,-0.6365141682948128
58,Human,783,unambiguous,0.3333333333333333,0.33333333333333326,0.0,0.0
59,Human,783,unambiguous,0.3333333333333333,0.33333333333333326,0.4620981203732968,0.4620981203732966
60,Human,825,author_relevant,0.6666666666666667,0.6666666666666669,0.6365141682948128,0.6365141682948128
61,Human,825,author_relevant,0.8,0.805,0.9502705392332347,0.7013781449302471
62,Human,922,author_independent,0.33333333333333337,0.3333333333333334,0.6365141682948128,0.6365141682948128
63,Human,922,author_independent,0.33333333333333337,0.3333333333333334,0.6365141682948128,0.6365141682948128
64,Human,2105,author_relevant,1.0,1.0,-0.07417902367600449,-0.16231111291517727
65,Human,2105,author_relevant,0.0,0.0,0.0,0.0
66,Human,2142,author_independent,0.3333333333333333,0.33333333333333326,0.0,0.0
67,Human,2142,author_independent,0.33333333333333337,0.3333333333333334,-0.6365141682948128,-0.6365141682948128
68,Human,2143,unambiguous,0.5,0.48333333333333334,0.4032066025451051,0.2541539662053133
69,Human,2143,unambiguous,0.0,0.0,0.0,0.0
70,Human,2161,author_independent,0.6666666666666666,0.7,0.4184059996913314,0.19870219176051762
71,Human,2161,author_independent,0.49999999999999994,0.5183333333333333,0.4032066025451051,0.2056336635661171
72,Human,2163,unambiguous,0.33333333333333337,0.3333333333333334,-0.6365141682948128,-0.6365141682948128
73,Human,2163,unambiguous,0.33333333333333337,0.3333333333333334,-0.6365141682948128,-0.6365141682948128
74,Human,2168,author_relevant,0.6666666666666666,0.6666666666666665,1.0986122886681096,1.0986122886681093
75,Human,2168,author_relevant,0.33333333333333337,0.3333333333333334,0.6365141682948128,0.6365141682948128
76,Human,2172,author_relevant,0.6666666666666666,0.6666666666666665,0.4620981203732968,0.4620981203732966
77,Human,2172,author_relevant,0.33333333333333337,0.3333333333333334,-0.6365141682948128,-0.6365141682948128
78,Human,2182,author_relevant,0.6666666666666666,0.6666666666666665,0.0,0.0
79,Human,2182,author_relevant,0.6666666666666666,0.6666666666666665,-0.4620981203732968,-0.4620981203732966
80,Human,2187,author_relevant,0.6666666666666666,0.6666666666666667,-0.07417902367600449,-0.19095425048844383
81,Human,2187,author_relevant,0.6666666666666666,0.6666666666666665,0.4620981203732968,0.4620981203732966
82,Human,2198,author_relevant,0.3333333333333333,0.33333333333333326,0.4620981203732968,0.4620981203732966
83,Human,2198,author_relevant,0.6666666666666666,0.6666666666666665,0.4620981203732968,0.4620981203732966
84,Human,2211,unambiguous,1.0,1.0,-0.6365141682948128,-0.6365141682948128
85,Human,2211,unambiguous,0.3333333333333333,0.33333333333333326,0.4620981203732968,0.4620981203732966
86,Human,2212,author_relevant,0.6666666666666667,0.6666666666666669,-0.6365141682948128,-0.6365141682948128
87,Human,2212,author_relevant,0.6666666666666666,0.6666666666666665,0.4620981203732968,0.4620981203732966
88,Human,2213,author_relevant,0.6666666666666667,0.6666666666666669,-0.6365141682948128,-0.6365141682948128
89,Human,2213,author_relevant,0.41666666666666663,0.39666666666666656,0.4032066025451051,0.2264280789829154
90,Human,2218,author_relevant,1.0,1.0,1.0986122886681096,1.0986122886681093
91,Human,2218,author_relevant,0.6666666666666667,0.6666666666666669,1.0986122886681096,1.0986122886681093
92,Human,2224,author_relevant,1.0,1.0,0.0,0.0
93,Human,2224,author_relevant,0.3333333333333333,0.33333333333333326,0.4620981203732968,0.4620981203732966
94,Human,2228,author_independent,0.6666666666666666,0.6666666666666665,0.0,0.0
95,Human,2228,author_independent,0.6666666666666666,0.6666666666666665,0.0,0.0
96,Human,3107,author_independent,0.6666666666666666,0.6666666666666665,0.0,0.0
97,Human,3107,author_independent,0.3333333333333333,0.33333333333333326,0.0,0.0
98,Human,3117,author_relevant,0.6666666666666667,0.6666666666666665,0.05663301226513251,0.0
99,Human,3117,author_relevant,1.0,1.0,-0.6365141682948128,-0.6365141682948128
100,Human,3118,unambiguous,0.3333333333333333,0.33333333333333326,0.4620981203732968,0.4620981203732966
101,Human,3118,unambiguous,0.33333333333333337,0.3333333333333334,-0.6365141682948128,-0.6365141682948128
102,Human,3267,author_independent,1.0,1.0,0.0,0.0
103,Human,3267,author_independent,0.9999999999999999,0.9999999999999999,1.0986122886681096,1.0986122886681093
104,Human,3283,author_independent,0.9999999999999999,0.9999999999999999,0.4620981203732968,0.4620981203732966
105,Human,3283,author_independent,1.0,1.0,0.4620981203732968,0.4620981203732966
106,Human,3290,author_relevant,0.33333333333333337,0.33333333333333337,-0.07417902367600449,-0.13685054618338474
107,Human,3290,author_relevant,0.6666666666666666,0.6666666666666665,0.4620981203732968,0.4620981203732966
108,Human,3292,unambiguous,0.0,0.0,0.0,0.0
109,Human,3292,unambiguous,0.4,0.43,0.3137563709384219,0.07672217976172291
110,Human,3319,author_independent,0.6666666666666666,0.6666666666666665,1.0986122886681096,1.0986122886681093
111,Human,3319,author_independent,0.0,0.0,0.0,0.0
112,Human,3328,unambiguous,0.6666666666666666,0.6666666666666665,0.4620981203732968,0.4620981203732966
113,Human,3328,unambiguous,0.9999999999999999,0.9999999999999999,-0.6365141682948128,-0.6365141682948128
114,Human,3338,author_independent,0.6666666666666666,0.6666666666666665,-0.4620981203732968,-0.4620981203732966
115,Human,3338,author_independent,0.6666666666666666,0.6666666666666665,-0.4620981203732968,-0.4620981203732966
116,Human,3339,author_independent,0.6666666666666666,0.6666666666666665,0.0,0.0
117,Human,3339,author_independent,0.3333333333333333,0.33333333333333326,0.4620981203732968,0.4620981203732966
118,Human,3344,unambiguous,0.33333333333333337,0.3333333333333334,-0.6365141682948128,-0.6365141682948128
119,Human,3344,unambiguous,0.6666666666666666,0.6666666666666665,0.0,0.0
120,Human,3348,author_relevant,0.6666666666666666,0.6666666666666665,0.4620981203732968,0.4620981203732966
121,Human,3348,author_relevant,0.9999999999999999,0.9999999999999999,0.0,0.0
122,Human,3370,author_independent,0.7999999999999999,0.8133333333333331,0.6956648719153096,0.3119162312519753
123,Human,3370,author_independent,0.6666666666666666,0.6666666666666665,0.0,0.0
124,Human,3426,unambiguous,0.6666666666666666,0.6666666666666665,1.0986122886681096,1.0986122886681093
125,Human,3426,unambiguous,1.0,0.9999999999999999,1.0397207708399179,0.8421478318609299
126,Human,3431,unambiguous,0.25,0.25000000000000006,0.5623351446188083,0.4773856262211095
127,Human,3431,unambiguous,0.0,0.0,0.0,0.0
128,Human,3443,unambiguous,0.33333333333333337,0.3333333333333334,-0.6365141682948128,-0.6365141682948128
129,Human,3443,unambiguous,0.0,0.0,0.0,0.0
130,Human,3469,unambiguous,0.0,0.0,0.0,0.0
131,Human,3469,unambiguous,0.0,0.0,0.0,0.0
132,Human,3481,author_independent,0.3333333333333333,0.33333333333333326,0.4620981203732968,0.4620981203732966
133,Human,3481,author_independent,0.3333333333333333,0.33333333333333326,0.0,0.0
134,Human,3493,author_independent,0.33333333333333337,0.33333333333333337,-0.07417902367600449,-0.16231111291517727
135,Human,3493,author_independent,0.6666666666666666,0.6666666666666665,0.0,0.0
136,Human,3514,author_independent,1.0,1.0,0.0,0.0
137,Human,3514,author_independent,1.0,1.0,0.4620981203732968,0.4620981203732966
138,Human,3528,author_relevant,0.6666666666666666,0.6666666666666665,0.0,0.0
139,Human,3528,author_relevant,0.3333333333333333,0.33333333333333326,0.4620981203732968,0.4620981203732966
140,Human,3538,author_relevant,0.33333333333333337,0.3333333333333334,0.6365141682948128,0.6365141682948128
141,Human,3538,author_relevant,0.75,0.76,0.5623351446188083,0.4582902011722652
142,Human,3579,author_relevant,0.33333333333333337,0.3333333333333334,-0.6365141682948128,-0.6365141682948128
143,Human,3579,author_relevant,0.6666666666666666,0.6666666666666665,0.0,0.0
144,Human,3618,author_relevant,0.16666666666666663,0.17333333333333337,0.45056120886630463,0.33098736751330265
145,Human,3618,author_relevant,0.75,0.7483333333333333,1.0397207708399179,0.8744947002870606
146,Human,3620,unambiguous,0.3333333333333333,0.33333333333333326,0.0,0.0
147,Human,3620,unambiguous,0.75,0.7466666666666666,0.4032066025451051,0.23798053199224786
148,Human,3639,author_independent,0.3333333333333333,0.39,0.2310490601866484,-0.061476436561398354
149,Human,3639,author_independent,0.33333333333333337,0.3333333333333334,-0.6365141682948128,-0.6365141682948128
150,Human,3641,author_relevant,0.7999999999999999,0.8083333333333332,-0.5982098651299217,-0.732616641898592
151,Human,3641,author_relevant,0.6666666666666666,0.6666666666666665,-0.4620981203732968,-0.4620981203732966
152,Human,3645,author_independent,0.9999999999999999,0.9999999999999999,0.4620981203732968,0.4620981203732966
153,Human,3645,author_independent,0.3333333333333333,0.33333333333333326,0.0,0.0
154,Human,3649,author_independent,0.4,0.3866666666666667,0.6730116670092565,0.5696801806238574
155,Human,3649,author_independent,0.6666666666666667,0.6666666666666669,0.6365141682948128,0.6365141682948128
156,Human,3833,author_independent,0.33333333333333337,0.3333333333333334,0.6365141682948128,0.6365141682948128
157,Human,3833,author_independent,0.33333333333333337,0.3333333333333334,0.6365141682948128,0.6365141682948128
158,Human,3857,unambiguous,0.6666666666666666,0.6666666666666665,0.0,0.0
159,Human,3857,unambiguous,0.3333333333333333,0.33333333333333326,0.0,0.0
160,Human,3864,author_independent,0.6666666666666666,0.6666666666666667,-0.5362771440493013,-0.6339569458128961
161,Human,3864,author_independent,0.3333333333333333,0.33333333333333326,-0.4620981203732968,-0.4620981203732966
162,Human,3936,author_independent,0.3333333333333333,0.33333333333333326,0.0,0.0
163,Human,3936,author_independent,1.0,1.0,0.0,0.0
164,Human,3937,unambiguous,0.3333333333333333,0.33333333333333326,0.4620981203732968,0.4620981203732966
165,Human,3937,unambiguous,0.41666666666666663,0.41833333333333333,0.4032066025451051,0.21718611657544948
166,Human,3942,unambiguous,0.33333333333333337,0.3333333333333334,0.6365141682948128,0.6365141682948128
167,Human,3942,unambiguous,0.75,0.7483333333333334,1.3862943611198906,1.0986122886681093
168,Human,3964,author_independent,0.0,0.0,0.0,0.0
169,Human,3964,author_independent,0.6,0.6216666666666667,1.3321790402101223,0.9784667773710523
170,Human,3966,unambiguous,0.6666666666666666,0.6666666666666665,0.4620981203732968,0.4620981203732966
171,Human,3966,unambiguous,0.26666666666666666,0.2833333333333334,0.4184059996913314,0.1871497387511852
172,Human,3975,author_relevant,0.6666666666666666,0.6666666666666665,-0.5362771440493013,-0.6180440916055258
173,Human,3975,author_relevant,0.6666666666666666,0.6666666666666665,0.0,0.0
174,Human,4117,author_independent,0.0,0.0,0.0,0.0
175,Human,4117,author_independent,0.33333333333333337,0.3333333333333334,-0.6365141682948128,-0.6365141682948128
176,Human,4146,unambiguous,0.16666666666666666,0.16333333333333333,0.05663301226513251,0.0
177,Human,4146,unambiguous,0.3333333333333333,0.33333333333333326,0.4620981203732968,0.4620981203732966
178,Human,4150,unambiguous,0.6666666666666666,0.6666666666666665,-0.4620981203732968,-0.4620981203732966
179,Human,4150,unambiguous,0.6666666666666666,0.6666666666666665,-1.0986122886681096,-1.0986122886681093
180,Human,4387,author_independent,0.6666666666666666,0.6666666666666665,0.0,0.0
181,Human,4387,author_independent,0.6666666666666666,0.6666666666666665,0.4620981203732968,0.4620981203732966
182,Human,4410,author_independent,1.0,1.0,0.0,0.0
183,Human,4410,author_independent,0.9999999999999999,0.9999999999999999,0.6365141682948128,0.6365141682948128
184,Human,4431,unambiguous,0.25,0.26000000000000006,0.5623351446188083,0.49648105126995395
185,Human,4431,unambiguous,0.0,0.0,0.0,0.0
186,Human,4454,unambiguous,0.6666666666666666,0.6666666666666665,1.0986122886681096,1.0986122886681093
187,Human,4454,unambiguous,0.19999999999999998,0.18166666666666673,0.5004024235381879,0.3469002217206729
188,Human,4490,unambiguous,0.6666666666666666,0.6666666666666665,0.0,0.0
189,Human,4490,unambiguous,0.6666666666666666,0.6666666666666665,0.4620981203732968,0.4620981203732966
190,Human,4497,unambiguous,0.6666666666666666,0.6666666666666665,0.05663301226513251,0.0
191,Human,4497,unambiguous,0.6666666666666666,0.6666666666666665,0.0,0.0
192,Human,4510,author_independent,0.7499999999999999,0.7383333333333333,0.4032066025451051,0.23567004139038136
193,Human,4510,author_independent,0.9999999999999999,0.9999999999999999,0.0,0.0
194,Human,4519,unambiguous,0.75,0.7416666666666666,1.0397207708399179,0.9160835311206571
195,Human,4519,unambiguous,0.25,0.2583333333333334,0.5623351446188083,0.49329848042847985
196,Human,4571,author_relevant,0.6666666666666666,0.6666666666666665,0.0,0.0
197,Human,4571,author_relevant,1.0,1.0,0.4620981203732968,0.4620981203732966
198,Human,4573,author_relevant,0.6666666666666666,0.6666666666666665,0.4620981203732968,0.4620981203732966
199,Human,4573,author_relevant,1.0,1.0,-0.6365141682948128,-0.6365141682948128
200,Human,4592,author_relevant,1.0,1.0,1.0986122886681096,1.0986122886681093
201,Human,4592,author_relevant,0.33333333333333337,0.3333333333333334,0.6365141682948128,0.6365141682948128
202,Human,4594,author_independent,0.6666666666666666,0.6666666666666665,0.0,0.0
203,Human,4594,author_independent,0.3333333333333333,0.33333333333333326,0.0,0.0
204,Human,4609,author_independent,0.6666666666666666,0.6666666666666665,1.0986122886681096,1.0986122886681093
205,Human,4609,author_independent,0.75,0.7466666666666667,1.3862943611198906,1.0986122886681093
206,Human,4636,author_independent,0.5238095238095237,0.5433333333333333,0.838562142759882,0.283578843795665
207,Human,4636,author_independent,0.6666666666666666,0.6666666666666665,0.4620981203732968,0.4620981203732966
208,Human,4671,author_independent,0.3333333333333333,0.33333333333333326,0.0,0.0
209,Human,4671,author_independent,0.4666666666666667,0.46,-0.14834174943487488,-0.3657141854400781
210,Human,4817,author_independent,0.33333333333333337,0.3333333333333334,-0.6365141682948128,-0.6365141682948128
211,Human,4817,author_independent,0.24999999999999997,0.24166666666666667,0.4032066025451051,0.22642807898291545
212,Human,4868,author_independent,0.24999999999999997,0.245,0.4032066025451051,0.2402910225941143
213,Human,4868,author_independent,0.3333333333333333,0.33333333333333326,0.4620981203732968,0.4620981203732966
214,Human,4874,unambiguous,0.6666666666666666,0.6666666666666665,1.0986122886681096,1.0986122886681093
215,Human,4874,unambiguous,0.33333333333333337,0.3333333333333334,0.6365141682948128,0.6365141682948128
216,Human,5105,author_relevant,0.6666666666666666,0.6666666666666665,0.4620981203732968,0.4620981203732966
217,Human,5105,author_relevant,0.6666666666666666,0.6666666666666665,0.4620981203732968,0.4620981203732966
218,Human,5130,author_independent,0.0,0.0,0.0,0.0
219,Human,5130,author_independent,0.3333333333333333,0.33333333333333326,0.0,0.0
220,Human,5166,unambiguous,0.3333333333333333,0.33333333333333326,0.0,0.0
221,Human,5166,unambiguous,0.6666666666666666,0.6666666666666665,-0.4620981203732968,-0.4620981203732966
222,Human,5206,author_independent,0.6666666666666666,0.6666666666666665,0.4620981203732968,0.4620981203732966
223,Human,5206,author_independent,0.33333333333333337,0.3333333333333334,-0.6365141682948128,-0.6365141682948128
224,Human,5225,author_independent,0.6666666666666666,0.6666666666666665,0.4620981203732968,0.4620981203732966
225,Human,5225,author_independent,0.3333333333333333,0.33333333333333326,0.0,0.0
226,Human,5502,unambiguous,0.4,0.4483333333333333,0.3137563709384219,0.09577243469930612
227,Human,5502,unambiguous,0.7499999999999999,0.7316666666666667,0.7497801928250778,0.4620981203732966
228,Human,5575,author_relevant,0.6666666666666666,0.6666666666666665,0.0,0.0
229,Human,5575,author_relevant,0.6666666666666666,0.6666666666666665,-0.4620981203732968,-0.4620981203732966
230,Human,5580,unambiguous,0.0,0.0,0.0,0.0
231,Human,5580,unambiguous,0.33333333333333337,0.3333333333333334,0.6365141682948128,0.6365141682948128
232,Human,5600,author_independent,0.0,0.0,0.0,0.0
233,Human,5600,author_independent,0.25,0.2666666666666667,0.5623351446188083,0.5092113346358502
234,Human,5609,author_relevant,0.3333333333333333,0.33333333333333326,0.0,0.0
235,Human,5609,author_relevant,0.3333333333333333,0.33333333333333326,0.0,0.0
236,Human,5639,author_relevant,0.6666666666666666,0.6666666666666665,0.4620981203732968,0.4620981203732966
237,Human,5639,author_relevant,0.33333333333333337,0.3333333333333334,-0.6365141682948128,-0.6365141682948128
238,Human,5641,author_independent,0.0,0.0,0.0,0.0
239,Human,5641,author_independent,0.0,0.0,0.0,0.0
240,Human,5642,author_relevant,0.6666666666666666,0.6666666666666665,0.4620981203732968,0.4620981203732966
241,Human,5642,author_relevant,0.6666666666666666,0.6666666666666665,0.4620981203732968,0.4620981203732966
242,Human,5680,unambiguous,0.9999999999999999,0.9999999999999999,0.6365141682948128,0.6365141682948128
243,Human,5680,unambiguous,0.6666666666666666,0.6666666666666665,1.0986122886681096,1.0986122886681093
244,Human,5688,author_independent,0.33333333333333337,0.3333333333333334,0.6365141682948128,0.6365141682948128
245,Human,5688,author_independent,0.9999999999999999,0.9999999999999999,1.0986122886681096,1.0986122886681093
246,Human,5691,author_independent,0.6666666666666666,0.6666666666666665,-0.4620981203732968,-0.4620981203732966
247,Human,5691,author_independent,0.6666666666666666,0.6666666666666665,0.0,0.0
248,Human,5704,unambiguous,0.0,0.0,0.0,0.0
249,Human,5704,unambiguous,0.6666666666666666,0.6666666666666665,0.4620981203732968,0.4620981203732966
250,Human,5720,author_independent,0.3333333333333333,0.33333333333333326,0.0,0.0
251,Human,5720,author_independent,0.33333333333333337,0.3333333333333334,-0.6365141682948128,-0.6365141682948128
252,Human,5725,author_independent,0.8,0.7816666666666666,0.6956648719153096,0.3257791748631742
253,Human,5725,author_independent,0.16666666666666666,0.15666666666666665,0.05663301226513251,0.0
254,Human,5730,unambiguous,0.6666666666666666,0.6666666666666665,-0.4620981203732968,-0.4620981203732966
255,Human,5730,unambiguous,0.3333333333333333,0.33333333333333326,-0.4620981203732968,-0.4620981203732966
256,Human,5802,author_independent,0.6666666666666667,0.6666666666666667,-0.07417902367600449,-0.18777167964696978
257,Human,5802,author_independent,0.6666666666666667,0.6666666666666667,-0.1361117447566249,-0.25142309647645106
258,Human,5830,unambiguous,0.3333333333333333,0.33333333333333326,0.0,0.0
259,Human,5830,unambiguous,0.0,0.0,0.0,0.0
260,Human,5856,unambiguous,0.6666666666666666,0.6666666666666665,0.0,0.0
261,Human,5856,unambiguous,0.6666666666666666,0.6666666666666665,-0.5362771440493013,-0.6244092332884739
262,Human,5880,unambiguous,0.33333333333333337,0.3333333333333334,-0.6365141682948128,-0.6365141682948128
263,Human,5880,unambiguous,0.33333333333333337,0.3333333333333334,-0.6365141682948128,-0.6365141682948128
264,Human,5914,unambiguous,0.6666666666666667,0.6666666666666669,-0.6365141682948128,-0.6365141682948128
265,Human,5914,unambiguous,0.6666666666666666,0.6666666666666665,0.0,0.0
266,Human,5951,author_independent,0.5,0.4749999999999999,0.287682072451781,0.0
267,Human,5951,author_independent,0.6666666666666666,0.6666666666666665,0.0,0.0
268,Human,5986,unambiguous,0.33333333333333337,0.3333333333333334,0.6365141682948128,0.6365141682948128
269,Human,5986,unambiguous,0.5,0.495,1.0397207708399179,0.8606317566758617
270,Human,6218,author_relevant,0.6666666666666666,0.6666666666666665,0.0,0.0
271,Human,6218,author_relevant,1.0,1.0,0.0,0.0
272,Human,6221,author_independent,0.6666666666666666,0.6666666666666665,1.0986122886681096,1.0986122886681093
273,Human,6221,author_independent,0.33333333333333337,0.3333333333333334,0.6365141682948128,0.6365141682948128
274,Human,6228,unambiguous,0.3333333333333333,0.33333333333333326,0.0,0.0
275,Human,6228,unambiguous,0.3333333333333333,0.33333333333333326,0.0,0.0
276,Human,6288,unambiguous,0.3333333333333333,0.33333333333333326,0.0,0.0
277,Human,6288,unambiguous,0.33333333333333337,0.3333333333333334,-0.6365141682948128,-0.6365141682948128
278,Human,6304,author_independent,0.75,0.7533333333333334,0.7497801928250778,0.4620981203732966
279,Human,6304,author_independent,0.3333333333333333,0.33333333333333326,0.4620981203732968,0.4620981203732966
280,Human,6306,author_independent,0.3333333333333333,0.33333333333333326,-0.4620981203732968,-0.4620981203732966
281,Human,6306,author_independent,0.6666666666666666,0.6666666666666665,-0.4620981203732968,-0.4620981203732966
282,Human,6337,author_relevant,0.33333333333333337,0.3333333333333334,0.6365141682948128,0.6365141682948128
283,Human,6337,author_relevant,0.9999999999999999,0.9999999999999999,0.6365141682948128,0.6365141682948128
284,Human,6403,author_independent,0.6666666666666666,0.6666666666666665,0.4620981203732968,0.4620981203732966
285,Human,6403,author_independent,0.4666666666666667,0.5033333333333334,0.6956648719153096,0.33271064666877365
286,Human,6407,author_relevant,0.3333333333333333,0.33333333333333326,-0.4620981203732968,-0.4620981203732966
287,Human,6407,author_relevant,0.6666666666666666,0.6666666666666665,0.0,0.0
288,Human,6440,unambiguous,0.49999999999999994,0.5,0.4032066025451051,0.2310490601866484
289,Human,6440,unambiguous,0.33333333333333337,0.3333333333333334,-0.6365141682948128,-0.6365141682948128
290,Human,6450,author_independent,0.3333333333333333,0.33333333333333326,0.0,0.0
291,Human,6450,author_independent,0.75,0.7383333333333333,0.4032066025451051,0.26339592861277916
292,Human,6499,author_independent,0.9999999999999999,0.9999999999999999,-0.6365141682948128,-0.6365141682948128
293,Human,6499,author_independent,0.3333333333333333,0.33333333333333326,0.0,0.0
294,Human,6524,unambiguous,0.33333333333333337,0.3333333333333334,0.6365141682948128,0.6365141682948128
295,Human,6524,unambiguous,0.0,0.0,0.0,0.0
296,Human,6649,author_independent,0.75,0.75,0.5623351446188083,0.47738562622110964
297,Human,6649,author_independent,0.6666666666666666,0.6666666666666665,1.0986122886681096,1.0986122886681093
298,Human,6696,author_independent,0.33333333333333337,0.33333333333333337,-0.07417902367600449,-0.1591285420737032
299,Human,6696,author_independent,0.0,0.0,0.0,0.0
300,Human,6732,unambiguous,0.33333333333333337,0.3333333333333334,-0.6365141682948128,-0.6365141682948128
301,Human,6732,unambiguous,0.3333333333333333,0.33333333333333326,0.4620981203732968,0.4620981203732966
302,Human,6761,unambiguous,0.33333333333333337,0.3333333333333334,0.6365141682948128,0.6365141682948128
303,Human,6761,unambiguous,0.33333333333333337,0.3333333333333334,0.6365141682948128,0.6365141682948128
304,Human,6768,unambiguous,0.4666666666666667,0.45833333333333326,0.3137563709384219,0.10505956721803322
305,Human,6768,unambiguous,0.3333333333333333,0.33333333333333326,0.0,0.0
306,Human,6789,unambiguous,0.6666666666666666,0.6666666666666665,0.4620981203732968,0.4620981203732966
307,Human,6789,unambiguous,0.6666666666666666,0.6666666666666665,0.4620981203732968,0.4620981203732966
308,Human,6804,author_independent,0.6,0.61,0.9729237441392877,0.4620981203732966
309,Human,6804,author_independent,0.0,0.0,0.0,0.0
310,Human,6829,unambiguous,0.3333333333333333,0.33333333333333326,-0.4620981203732968,-0.4620981203732966
311,Human,6829,unambiguous,0.3333333333333333,0.33333333333333326,-0.4620981203732968,-0.4620981203732966
312,Human,6848,unambiguous,0.75,0.7483333333333333,1.3862943611198906,1.0986122886681093
313,Human,6848,unambiguous,0.0,0.0,0.0,0.0
314,Human,6869,author_independent,1.0,1.0,0.6365141682948128,0.6365141682948128
315,Human,6869,author_independent,0.25,0.2616666666666667,0.5623351446188083,0.499663622111428
316,Human,6938,author_relevant,0.6666666666666666,0.6666666666666665,0.4620981203732968,0.4620981203732966
317,Human,6938,author_relevant,0.9999999999999999,1.0,0.3137563709384219,0.07846634024093807
318,Human,6957,author_independent,1.0,1.0,-0.6365141682948128,-0.6365141682948128
319,Human,6957,author_independent,1.0,1.0,0.4032066025451051,0.20332317296425056
320,Human,6997,unambiguous,0.3333333333333333,0.33333333333333326,0.0,0.0
321,Human,6997,unambiguous,0.26666666666666666,0.305,0.4184059996913314,0.19639170115865112
322,Human,7134,unambiguous,0.3333333333333333,0.33333333333333326,-0.4620981203732968,-0.4620981203732966
323,Human,7134,unambiguous,0.3333333333333333,0.33333333333333326,0.0,0.0
324,Human,7147,author_independent,0.6666666666666666,0.6666666666666665,0.0,0.0
325,Human,7147,author_independent,1.0,1.0,0.4620981203732968,0.4620981203732966
326,Human,7160,author_relevant,0.5,0.51,0.4032066025451051,0.24491200379784728
327,Human,7160,author_relevant,0.6666666666666666,0.6666666666666665,0.0,0.0
328,Human,7164,unambiguous,0.6666666666666666,0.6666666666666665,-0.4620981203732968,-0.4620981203732966
329,Human,7164,unambiguous,0.6666666666666666,0.6666666666666665,-1.0986122886681096,-1.0986122886681093
330,Human,7179,author_independent,0.6666666666666666,0.6666666666666665,0.4620981203732968,0.4620981203732966
331,Human,7179,author_independent,0.9999999999999999,0.9999999999999999,0.4620981203732968,0.4620981203732966
332,Human,7180,author_independent,1.0,1.0,0.0,0.0
333,Human,7180,author_independent,0.5,0.4783333333333333,0.4032066025451051,0.20101268236238412
334,Human,7193,unambiguous,0.75,0.7416666666666666,1.3862943611198906,1.0986122886681093
335,Human,7193,unambiguous,0.75,0.7383333333333334,1.0397207708399179,0.8744947002870606
336,Human,7198,author_relevant,0.0,0.0,0.0,0.0
337,Human,7198,author_relevant,1.0,1.0,0.6365141682948128,0.6365141682948128
338,Human,7200,author_relevant,0.3333333333333333,0.33333333333333326,0.0,0.0
339,Human,7200,author_relevant,0.3333333333333333,0.33333333333333326,0.0,0.0
340,Human,31015,unambiguous,1.0,1.0,-0.07417902367600449,-0.16867625459812538
341,Human,31015,unambiguous,0.6666666666666666,0.6666666666666665,0.4620981203732968,0.4620981203732966
342,Human,31060,unambiguous,0.6666666666666666,0.6666666666666665,0.4620981203732968,0.4620981203732966
343,Human,31060,unambiguous,0.3333333333333333,0.33333333333333326,0.0,0.0
344,Human,31077,unambiguous,0.33333333333333337,0.3333333333333334,0.6365141682948128,0.6365141682948128
345,Human,31077,unambiguous,0.33333333333333337,0.3333333333333334,0.6365141682948128,0.6365141682948128
346,Human,31089,unambiguous,0.5,0.5216666666666667,0.6931471805599453,0.6365141682948128
347,Human,31089,unambiguous,0.9999999999999999,0.9999999999999999,0.6365141682948128,0.6365141682948128
348,Human,31147,author_relevant,0.6666666666666666,0.6666666666666665,-1.0986122886681096,-1.0986122886681093
349,Human,31147,author_relevant,0.33333333333333337,0.33333333333333326,-0.4054651081081643,-0.4620981203732966
350,Human,31154,author_relevant,0.3333333333333333,0.33333333333333326,0.0,0.0
351,Human,31154,author_relevant,0.6666666666666666,0.6666666666666665,-0.058891517828191686,-0.23567004139038136
352,Human,31177,author_independent,0.6666666666666666,0.6666666666666665,-0.4620981203732968,-0.4620981203732966
353,Human,31177,author_independent,0.6666666666666666,0.6666666666666665,-0.4620981203732968,-0.4620981203732966
354,Human,31179,author_independent,0.3333333333333333,0.33333333333333326,0.4620981203732968,0.4620981203732966
355,Human,31179,author_independent,1.0,1.0,0.0,0.0
356,Human,31181,author_relevant,0.8,0.7966666666666667,1.6094379124341005,1.0986122886681093
357,Human,31181,author_relevant,0.6666666666666667,0.6666666666666669,1.0986122886681096,1.0986122886681093
358,Human,31207,author_relevant,0.6666666666666666,0.6666666666666665,1.0986122886681096,1.0986122886681093
359,Human,31207,author_relevant,0.6666666666666667,0.6666666666666669,0.6365141682948128,0.6365141682948128
360,Human,31234,author_relevant,0.7999999999999999,0.7883333333333333,0.6956648719153096,0.3211581936594412
361,Human,31234,author_relevant,0.3333333333333333,0.33333333333333326,0.0,0.0
362,Human,31292,unambiguous,1.0,1.0,0.0,0.0
363,Human,31292,unambiguous,0.6666666666666666,0.6666666666666665,0.4620981203732968,0.4620981203732966
364,Human,31313,author_relevant,0.49999999999999994,0.5016666666666666,0.4032066025451051,0.23335955078851484
365,Human,31313,author_relevant,0.3333333333333333,0.33333333333333326,0.0,0.0
366,Human,31317,author_relevant,0.3333333333333333,0.33333333333333326,0.4620981203732968,0.4620981203732966
367,Human,31317,author_relevant,0.3999999999999999,0.445,0.6956648719153096,0.33964211847437314
368,Human,31346,author_relevant,0.3333333333333333,0.33333333333333326,0.4620981203732968,0.4620981203732966
369,Human,31346,author_relevant,0.33333333333333337,0.3333333333333334,-0.6365141682948128,-0.6365141682948128
370,Human,31378,author_relevant,0.3333333333333333,0.33333333333333326,0.0,0.0
371,Human,31378,author_relevant,0.3333333333333333,0.33333333333333326,0.0,0.0
372,Human,31387,author_relevant,0.9999999999999999,0.9999999999999999,0.4620981203732968,0.4620981203732966
373,Human,31387,author_relevant,0.6666666666666666,0.6666666666666665,0.4620981203732968,0.4620981203732966
374,Human,31398,author_relevant,1.0,1.0,0.4620981203732968,0.4620981203732966
375,Human,31398,author_relevant,1.0,1.0,0.838562142759882,0.2645285888580818
376,Human,41082,unambiguous,1.0,1.0,0.4620981203732968,0.4620981203732966
377,Human,41082,unambiguous,0.6666666666666666,0.6666666666666665,0.4620981203732968,0.4620981203732966
378,Human,41208,author_independent,0.33333333333333337,0.3333333333333334,-0.6365141682948128,-0.6365141682948128
379,Human,41208,author_independent,0.3333333333333333,0.33333333333333326,0.4620981203732968,0.4620981203732966
380,Human,41228,unambiguous,0.6666666666666666,0.6666666666666665,0.0,0.0
381,Human,41228,unambiguous,0.3333333333333333,0.33333333333333326,-0.4620981203732968,-0.4620981203732966
382,Human,41239,unambiguous,0.0,0.0,0.0,0.0
383,Human,41239,unambiguous,0.0,0.0,0.0,0.0
384,Human,41260,author_independent,0.9999999999999999,0.9999999999999999,0.0,0.0
385,Human,41260,author_independent,0.3333333333333333,0.33333333333333326,0.0,0.0
386,Human,41311,author_independent,0.6666666666666666,0.6666666666666665,0.4620981203732968,0.4620981203732966
387,Human,41311,author_independent,0.0,0.0,0.0,0.0
388,Human,41378,unambiguous,0.33333333333333337,0.3333333333333334,0.6365141682948128,0.6365141682948128
389,Human,41378,unambiguous,1.0,1.0,1.0986122886681096,1.0986122886681093
390,Human,41415,author_independent,0.5,0.5,0.4032066025451051,0.2310490601866484
391,Human,41415,author_independent,0.33333333333333337,0.3333333333333334,-0.6365141682948128,-0.6365141682948128
392,Human,41548,author_relevant,0.6666666666666666,0.6666666666666665,-0.4620981203732968,-0.4620981203732966
393,Human,41548,author_relevant,0.3333333333333333,0.33333333333333326,-0.4620981203732968,-0.4620981203732966
394,Human,41581,author_relevant,0.3333333333333333,0.33333333333333326,0.4620981203732968,0.4620981203732966
395,Human,41581,author_relevant,0.6666666666666666,0.6666666666666665,0.4620981203732968,0.4620981203732966
396,Human,41600,author_relevant,0.3333333333333333,0.33333333333333326,0.4620981203732968,0.4620981203732966
397,Human,41600,author_relevant,0.4666666666666667,0.4816666666666667,0.6956648719153096,0.31653721245570826
398,Human,41606,author_relevant,0.3333333333333333,0.33333333333333326,0.0,0.0
399,Human,41606,author_relevant,0.08333333333333334,0.07500000000000001,-0.07417902367600449,-0.14321568786633287
400,Human,41629,author_relevant,0.33333333333333337,0.3333333333333334,-0.6365141682948128,-0.6365141682948128
401,Human,41629,author_relevant,0.3333333333333333,0.33333333333333326,0.4620981203732968,0.4620981203732966
402,Human,41641,unambiguous,0.6666666666666666,0.6666666666666665,0.0,0.0
403,Human,41641,unambiguous,0.0,0.0,0.0,0.0
404,Human,41660,author_relevant,0.9999999999999999,0.9999999999999999,0.4620981203732968,0.4620981203732966
405,Human,41660,author_relevant,0.9999999999999999,0.9999999999999999,0.4620981203732968,0.4620981203732966
406,Human,41671,author_relevant,0.3333333333333333,0.33333333333333326,0.4620981203732968,0.4620981203732966
407,Human,41671,author_relevant,0.7499999999999999,0.7416666666666666,0.4032066025451051,0.24953298500158028
408,Human,41688,unambiguous,0.6666666666666666,0.6666666666666665,0.0,0.0
409,Human,41688,unambiguous,0.9999999999999999,0.9999999999999999,-0.4620981203732968,-0.4620981203732966
410,Human,41722,author_relevant,0.6666666666666666,0.6666666666666665,-1.0986122886681096,-1.0986122886681093
411,Human,41722,author_relevant,0.3333333333333333,0.33333333333333326,-0.4620981203732968,-0.4620981203732966
412,Human,41744,author_relevant,0.3333333333333333,0.33333333333333326,0.0,0.0
413,Human,41744,author_relevant,1.0,1.0,0.0,0.0
414,Human,41759,author_relevant,0.8,0.7916666666666665,0.9729237441392877,0.4620981203732966
415,Human,41759,author_relevant,0.6666666666666666,0.6666666666666665,0.4620981203732968,0.4620981203732966
416,Human,41789,unambiguous,0.33333333333333337,0.3333333333333334,0.6365141682948128,0.6365141682948128
417,Human,41789,unambiguous,0.33333333333333337,0.3333333333333334,0.6365141682948128,0.6365141682948128
418,Human,41791,author_independent,0.3333333333333333,0.33333333333333326,0.0,0.0
419,Human,41791,author_independent,1.0,1.0,0.4620981203732968,0.4620981203732966
420,Human,41795,author_independent,0.3333333333333333,0.33333333333333326,0.0,0.0
421,Human,41795,author_independent,0.41666666666666663,0.41666666666666663,-0.5362771440493013,-0.6212266624469999
422,Human,41840,author_independent,0.6666666666666666,0.6666666666666665,-1.0986122886681096,-1.0986122886681093
423,Human,41840,author_independent,0.6666666666666666,0.6666666666666665,-1.0986122886681096,-1.0986122886681093
424,Human,41857,author_independent,0.6666666666666666,0.6666666666666665,-0.4620981203732968,-0.4620981203732966
425,Human,41857,author_independent,0.6666666666666666,0.6666666666666665,0.0,0.0
426,Human,41862,author_relevant,0.41666666666666663,0.41,-0.5362771440493013,-0.6084963790811035
427,Human,41862,author_relevant,0.6666666666666666,0.6666666666666665,0.0,0.0
428,Human,51023,author_independent,0.4666666666666667,0.475,-0.14834174943487488,-0.4067818562622847
429,Human,51023,author_independent,0.6666666666666666,0.6666666666666665,-0.4620981203732968,-0.4620981203732966
430,Human,51054,author_relevant,0.6666666666666666,0.6666666666666665,0.4620981203732968,0.4620981203732966
431,Human,51054,author_relevant,0.9999999999999999,1.0,0.7497801928250778,0.4620981203732966
432,Human,51081,author_relevant,0.3333333333333333,0.33333333333333326,0.0,0.0
433,Human,51081,author_relevant,1.0,1.0,0.0,0.0
434,Human,51082,author_independent,1.0,1.0,-0.1361117447566249,-0.25778823815939916
435,Human,51082,author_independent,0.9999999999999999,0.9999999999999999,0.4620981203732968,0.4620981203732966
436,Human,51236,unambiguous,0.0,0.0,0.0,0.0
437,Human,51236,unambiguous,0.0,0.0,0.0,0.0
438,Human,51249,unambiguous,0.33333333333333337,0.3333333333333334,0.6365141682948128,0.6365141682948128
439,Human,51249,unambiguous,0.5,0.5183333333333334,0.6931471805599453,0.6365141682948128
440,Human,51258,unambiguous,0.0,0.0,0.0,0.0
441,Human,51258,unambiguous,0.0,0.0,0.0,0.0
442,Human,51263,author_independent,0.6666666666666666,0.6666666666666665,0.4620981203732968,0.4620981203732966
443,Human,51263,author_independent,0.3333333333333333,0.33333333333333326,0.4620981203732968,0.4620981203732966
444,Human,51275,author_relevant,1.0,1.0,-0.6365141682948128,-0.6365141682948128
445,Human,51275,author_relevant,0.75,0.7466666666666666,-0.07417902367600449,-0.15276340039075506
446,Human,51285,author_independent,0.6666666666666666,0.6666666666666665,-0.14834174943487488,-0.35472806255339706
447,Human,51285,author_independent,0.3333333333333333,0.33333333333333326,0.0,0.0
448,Human,51329,author_relevant,0.33333333333333337,0.3333333333333334,0.6365141682948128,0.6365141682948128
449,Human,51329,author_relevant,0.0,0.0,0.0,0.0
450,Human,51577,author_independent,0.6666666666666666,0.6666666666666665,0.0,0.0
451,Human,51577,author_independent,0.75,0.7616666666666666,0.4032066025451051,0.21949660717731598
452,Human,51593,unambiguous,0.3333333333333333,0.33333333333333326,0.0,0.0
453,Human,51593,unambiguous,0.75,0.775,0.7497801928250778,0.4620981203732966
454,Human,51598,author_relevant,0.9999999999999999,0.9999999999999999,-0.6365141682948128,-0.6365141682948128
455,Human,51598,author_relevant,0.3333333333333333,0.33333333333333326,0.0,0.0
456,Human,51632,unambiguous,0.4,0.4466666666666667,0.3137563709384219,0.06800137736564711
457,Human,51632,unambiguous,0.33333333333333337,0.3333333333333334,-0.6365141682948128,-0.6365141682948128
458,Human,51653,author_relevant,0.0,0.0,0.0,0.0
459,Human,51653,author_relevant,0.0,0.0,0.0,0.0
460,Human,51688,unambiguous,0.3333333333333333,0.33333333333333326,0.4620981203732968,0.4620981203732966
461,Human,51688,unambiguous,0.0,0.0,0.0,0.0
462,Human,51705,author_independent,0.6666666666666666,0.7366666666666666,0.0,-0.1336679753419107
463,Human,51705,author_independent,1.0,1.0,-0.6365141682948128,-0.6365141682948128
464,Human,51710,unambiguous,0.3333333333333333,0.33333333333333326,0.0,0.0
465,Human,51710,unambiguous,0.6666666666666666,0.6666666666666665,0.0,0.0
466,Human,51713,author_independent,0.3333333333333333,0.33333333333333326,0.4620981203732968,0.4620981203732966
467,Human,51713,author_independent,0.41666666666666663,0.41666666666666674,0.4032066025451051,0.2125651353717165
468,Human,51792,unambiguous,0.0,0.0,0.0,0.0
469,Human,51792,unambiguous,0.3333333333333333,0.33333333333333326,0.0,0.0
470,Human,51835,author_independent,0.6666666666666666,0.6666666666666665,1.0986122886681096,1.0986122886681093
471,Human,51835,author_independent,1.0,1.0,0.6365141682948128,0.6365141682948128
472,Human,51837,unambiguous,0.33333333333333337,0.3333333333333334,0.6365141682948128,0.6365141682948128
473,Human,51837,unambiguous,0.6666666666666667,0.6666666666666669,0.6365141682948128,0.6365141682948128
474,Human,51882,author_independent,0.6666666666666666,0.6666666666666665,0.0,0.0
475,Human,51882,author_independent,0.3333333333333333,0.33333333333333326,-0.4620981203732968,-0.4620981203732966
476,Human,51929,author_independent,0.3333333333333333,0.33333333333333326,0.0,0.0
477,Human,51929,author_independent,0.3333333333333333,0.33333333333333326,0.0,0.0
478,Human,51945,author_independent,0.3333333333333333,0.33333333333333326,0.0,0.0
479,Human,51945,author_independent,0.6666666666666666,0.6666666666666665,0.4620981203732968,0.4620981203732966
480,Human,51946,author_independent,0.0,0.0,0.0,0.0
481,Human,51946,author_independent,0.3333333333333333,0.33333333333333326,0.4620981203732968,0.4620981203732966
482,Human,51953,unambiguous,0.6666666666666666,0.6666666666666665,0.0,0.0
483,Human,51953,unambiguous,0.3333333333333333,0.33333333333333326,0.0,0.0
484,Human,51962,author_relevant,0.3333333333333333,0.33333333333333326,0.0,0.0
485,Human,51962,author_relevant,0.6666666666666667,0.6666666666666667,-0.1361117447566249,-0.29279651741561386
486,Human,52029,unambiguous,0.3333333333333333,0.33333333333333326,0.4620981203732968,0.4620981203732966
487,Human,52029,unambiguous,0.3333333333333333,0.33333333333333326,0.0,0.0
488,Human,52046,author_independent,0.33333333333333337,0.3333333333333334,0.6365141682948128,0.6365141682948128
489,Human,52046,author_independent,0.33333333333333337,0.3333333333333334,0.6365141682948128,0.6365141682948128
490,Human,52050,unambiguous,0.0,0.0,0.0,0.0
491,Human,52050,unambiguous,0.0,0.0,0.0,0.0
492,Human,52051,unambiguous,0.0,0.0,0.0,0.0
493,Human,52051,unambiguous,0.33333333333333337,0.3333333333333334,0.6365141682948128,0.6365141682948128
494,Human,52077,unambiguous,0.33333333333333337,0.3333333333333334,-0.6365141682948128,-0.6365141682948128
495,Human,52077,unambiguous,0.33333333333333337,0.3333333333333334,-0.6365141682948128,-0.6365141682948128
496,Human,52102,unambiguous,0.9999999999999999,0.9999999999999999,0.4620981203732968,0.4620981203732966
497,Human,52102,unambiguous,0.33333333333333337,0.33333333333333337,-0.07417902367600449,-0.16231111291517727
498,Human,52157,unambiguous,0.33333333333333337,0.3333333333333334,0.6365141682948128,0.6365141682948128
499,Human,52157,unambiguous,0.33333333333333337,0.3333333333333334,0.6365141682948128,0.6365141682948128
500,Human,52176,author_independent,0.9999999999999999,0.9999999999999999,0.6365141682948128,0.6365141682948128
501,Human,52176,author_independent,0.75,0.7633333333333334,0.5623351446188083,0.4519250594893171
502,Human,52184,unambiguous,1.0,1.0,0.4620981203732968,0.4620981203732966
503,Human,52184,unambiguous,0.0,0.0,0.0,0.0
504,Human,52217,unambiguous,0.33333333333333337,0.3333333333333334,0.6365141682948128,0.6365141682948128
505,Human,52217,unambiguous,0.0,0.0,0.0,0.0
506,Human,52225,unambiguous,1.0,1.0,0.6365141682948128,0.6365141682948128
507,Human,52225,unambiguous,0.8,0.7966666666666667,1.3321790402101223,0.9669143243617198
508,Human,52289,author_independent,0.6666666666666666,0.6666666666666665,0.0,0.0
509,Human,52289,author_independent,0.6,0.6083333333333333,0.5108256237659909,0.0
510,Human,52316,author_relevant,0.3333333333333333,0.33333333333333326,-0.4620981203732968,-0.4620981203732966
511,Human,52316,author_relevant,0.6666666666666666,0.6666666666666665,0.0,0.0
512,Human,52338,author_relevant,0.75,0.75,0.287682072451781,0.0
513,Human,52338,author_relevant,0.9999999999999999,0.9999999999999999,-0.4620981203732968,-0.4620981203732966
514,Human,52365,author_relevant,0.6666666666666666,0.6666666666666665,-0.4620981203732968,-0.4620981203732966
515,Human,52365,author_relevant,0.7499999999999999,0.755,-0.058891517828191686,-0.2379805319922478
516,Human,52369,author_relevant,0.6666666666666666,0.6666666666666665,-0.5362771440493013,-0.6626000833861626
517,Human,52369,author_relevant,0.6666666666666666,0.6666666666666665,-0.4620981203732968,-0.4620981203732966
518,Human,52371,author_relevant,0.9999999999999999,0.9999999999999999,1.0986122886681096,1.0986122886681093
519,Human,52371,author_relevant,0.9999999999999999,0.9999999999999999,1.0986122886681096,1.0986122886681093
520,Human,52373,author_relevant,0.0,0.0,0.0,0.0
521,Human,52373,author_relevant,0.19999999999999998,0.22,0.3137563709384219,0.06774079735995205
522,Human,52398,unambiguous,0.6666666666666666,0.6666666666666665,0.4620981203732968,0.4620981203732966
523,Human,52398,unambiguous,0.0,0.0,0.0,0.0
524,Human,52434,author_relevant,0.4,0.4366666666666667,0.036497498714443743,-0.0795642710368516
525,Human,52434,author_relevant,0.0,0.0,0.0,0.0
526,Human,52441,author_relevant,0.3333333333333333,0.33333333333333326,0.0,0.0
527,Human,52441,author_relevant,0.6666666666666666,0.6666666666666665,0.0,0.0
528,Human,52448,unambiguous,1.0,1.0,0.6365141682948128,0.6365141682948128
529,Human,52448,unambiguous,0.6666666666666666,0.6666666666666665,1.0986122886681096,1.0986122886681093
530,Human,52458,author_relevant,0.75,0.755,-0.058891517828191686,-0.21487562597358298
531,Human,52458,author_relevant,1.0,1.0,-0.4620981203732968,-0.4620981203732966
532,Human,52501,unambiguous,0.6666666666666666,0.6666666666666665,0.4620981203732968,0.4620981203732966
533,Human,52501,unambiguous,0.0,0.0,0.0,0.0
534,Human,52520,author_relevant,0.6666666666666666,0.6666666666666665,-0.4620981203732968,-0.4620981203732966
535,Human,52520,author_relevant,0.6666666666666666,0.6666666666666665,-0.4620981203732968,-0.4620981203732966
536,Human,52550,author_relevant,0.3333333333333333,0.33333333333333326,0.4620981203732968,0.4620981203732966
537,Human,52550,author_relevant,0.6666666666666666,0.6666666666666667,-0.07417902367600449,-0.17185882543959946
538,Human,52584,author_relevant,0.6666666666666666,0.6666666666666665,-1.0986122886681096,-1.0986122886681093
539,Human,52584,author_relevant,0.9999999999999999,0.9999999999999999,-0.4620981203732968,-0.4620981203732966
540,Human,52591,author_relevant,0.6666666666666666,0.6666666666666665,0.0,0.0
541,Human,52591,author_relevant,0.3333333333333333,0.33333333333333326,-0.4620981203732968,-0.4620981203732966
542,Human,52596,author_relevant,0.5,0.515,0.4032066025451051,0.2518434756034467
543,Human,52596,author_relevant,0.6666666666666666,0.6666666666666665,0.0,0.0
544,Human,52598,author_relevant,0.6666666666666666,0.6666666666666665,-0.5362771440493013,-0.6403220874958442
545,Human,52598,author_relevant,0.6666666666666666,0.6666666666666665,-0.4620981203732968,-0.4620981203732966
546,Human,52614,author_independent,0.6666666666666666,0.6666666666666665,-0.4620981203732968,-0.4620981203732966
547,Human,52614,author_independent,0.6666666666666666,0.6666666666666665,0.0,0.0
548,Human,52625,author_relevant,1.0,1.0,0.0,0.0
549,Human,52625,author_relevant,0.6666666666666666,0.6666666666666665,0.4620981203732968,0.4620981203732966
550,Human,52626,author_relevant,0.6666666666666666,0.6666666666666665,1.0986122886681096,1.0986122886681093
551,Human,52626,author_relevant,0.33333333333333337,0.3333333333333334,0.6365141682948128,0.6365141682948128
552,Human,52635,author_relevant,0.6666666666666667,0.6666666666666669,1.0986122886681096,1.0986122886681093
553,Human,52635,author_relevant,0.9999999999999999,0.9999999999999999,0.6365141682948128,0.6365141682948128
554,Human,52645,author_relevant,1.0,1.0,0.6365141682948128,0.6365141682948128
555,Human,52645,author_relevant,0.75,0.7433333333333334,1.3862943611198906,1.0986122886681093
556,Human,52658,author_relevant,0.3333333333333333,0.33333333333333326,0.0,0.0
557,Human,52658,author_relevant,0.6,0.575,0.6956648719153096,0.2980532876407764
558,Human,52679,author_independent,0.6666666666666666,0.6666666666666665,0.4620981203732968,0.4620981203732966
559,Human,52679,author_independent,1.0,1.0,0.0,0.0
560,Human,52709,author_relevant,0.33333333333333337,0.3333333333333334,0.6365141682948128,0.6365141682948128
561,Human,52709,author_relevant,0.0,0.0,0.0,0.0
562,Human,52768,author_relevant,0.9999999999999999,0.9999999999999999,0.0,0.0
563,Human,52768,author_relevant,0.33333333333333337,0.3333333333333334,-0.6365141682948128,-0.6365141682948128
564,Human,52777,author_independent,0.9999999999999999,0.9999999999999999,0.0,0.0
565,Human,52777,author_independent,0.6666666666666667,0.6666666666666669,-0.6365141682948128,-0.6365141682948128
566,Human,52784,author_relevant,0.5,0.5216666666666667,0.6931471805599453,0.6365141682948128
567,Human,52784,author_relevant,1.0,1.0,0.0,0.0
568,Human,52822,unambiguous,0.6666666666666666,0.6666666666666665,0.4620981203732968,0.4620981203732966
569,Human,52822,unambiguous,0.9999999999999999,0.9999999999999999,0.0,0.0
570,Human,52823,author_independent,0.6666666666666666,0.6666666666666665,0.0,0.0
571,Human,52823,author_independent,0.3333333333333333,0.33333333333333326,0.4620981203732968,0.4620981203732966
572,Human,52828,author_relevant,0.6666666666666666,0.6666666666666665,-0.4620981203732968,-0.4620981203732966
573,Human,52828,author_relevant,0.3333333333333333,0.33333333333333326,-0.4620981203732968,-0.4620981203732966
574,Human,52829,author_relevant,1.0,1.0,0.0,0.0
575,Human,52829,author_relevant,0.6666666666666666,0.6666666666666665,0.4620981203732968,0.4620981203732966
576,Human,52833,unambiguous,0.33333333333333337,0.3333333333333334,-0.6365141682948128,-0.6365141682948128
577,Human,52833,unambiguous,1.0,1.0,0.4620981203732968,0.4620981203732966
578,Human,52859,author_relevant,1.0,1.0,0.4620981203732968,0.4620981203732966
579,Human,52859,author_relevant,0.24999999999999997,0.235,0.4032066025451051,0.214875625973583
580,Human,52860,unambiguous,0.33333333333333337,0.3333333333333334,-0.6365141682948128,-0.6365141682948128
581,Human,52860,unambiguous,0.3333333333333333,0.33333333333333326,0.0,0.0
582,Human,52866,author_relevant,1.0,1.0,-0.07417902367600449,-0.149580829549281
583,Human,52866,author_relevant,0.3333333333333333,0.33333333333333326,0.4620981203732968,0.4620981203732966
584,Human,52895,author_relevant,0.6666666666666667,0.6666666666666667,-0.07417902367600449,-0.16867625459812538
585,Human,52895,author_relevant,0.3333333333333333,0.33333333333333326,0.4620981203732968,0.4620981203732966
586,Human,61021,author_relevant,0.08333333333333334,0.09500000000000001,-0.07417902367600449,-0.18140653796402162
587,Human,61021,author_relevant,1.0,1.0,0.4620981203732968,0.4620981203732966
588,Human,61031,unambiguous,0.3333333333333333,0.33333333333333326,0.4620981203732968,0.4620981203732966
589,Human,61031,unambiguous,0.33333333333333337,0.3333333333333334,-0.6365141682948128,-0.6365141682948128
590,Human,61055,author_relevant,0.6666666666666666,0.6666666666666665,0.0,0.0
591,Human,61055,author_relevant,0.3333333333333333,0.33333333333333326,0.4620981203732968,0.4620981203732966
592,Human,61071,unambiguous,0.6000000000000001,0.6233333333333334,1.3321790402101223,0.9830877585747853
593,Human,61071,unambiguous,0.33333333333333337,0.3333333333333334,0.6365141682948128,0.6365141682948128
594,Human,61094,author_independent,0.3333333333333333,0.33333333333333326,0.0,0.0
595,Human,61094,author_independent,0.6666666666666666,0.6666666666666665,0.0,0.0
596,Human,61099,unambiguous,0.9999999999999999,0.9999999999999999,-0.5362771440493013,-0.6021312373981553
597,Human,61099,unambiguous,0.6666666666666667,0.6666666666666669,-1.0986122886681096,-1.0986122886681093
598,Human,61101,author_relevant,0.75,0.7516666666666666,-0.058891517828191686,-0.23567004139038134
599,Human,61101,author_relevant,0.6666666666666666,0.6666666666666665,0.0,0.0
600,LLM,21,author_relevant,0.16666666666666669,0.15666666666666665,-0.08720802396075777,-0.05519119443910055
601,LLM,21,author_relevant,0.2857142857142857,0.2833333333333334,-0.20793083288026348,-0.18716017941305726
602,LLM,21,author_relevant,0.2,0.31333333333333335,0.27725887222397816,0.14756564840249872
603,LLM,21,author_relevant,0.2857142857142857,0.2833333333333333,0.555472354115833,0.2965349777178672
604,LLM,21,author_relevant,0.14285714285714282,0.1516666666666667,-0.38619532188540395,-0.26606778010473514
605,LLM,21,author_relevant,0.14285714285714285,0.1416666666666667,0.04854258194154215,0.029209467695917903
606,LLM,21,author_relevant,0.16666666666666669,0.18333333333333332,-0.08720802396075777,-0.09307629441983306
607,LLM,21,author_relevant,0.14285714285714285,0.15166666666666667,0.07474973482350689,0.0635610766069589
608,LLM,21,author_relevant,0.2,0.30000000000000004,0.27725887222397816,0.11835618070658083
609,LLM,21,author_relevant,0.2857142857142857,0.32333333333333336,0.4059728844688192,0.23245274109951816
610,LLM,21,author_relevant,0.5714285714285714,0.5666666666666668,0.15938825093872133,0.13998794691359762
611,LLM,21,author_relevant,0.2857142857142857,0.3583333333333333,0.3960841031771116,0.1658793334342579
612,LLM,99,author_relevant,0.0,0.0,0.0,0.0
613,LLM,99,author_relevant,0.2857142857142857,0.3483333333333334,-0.12329231676504904,-0.11016697898376719
614,LLM,99,author_relevant,0.0,0.0,0.0,0.0
615,LLM,99,author_relevant,0.14285714285714285,0.13333333333333333,-0.07474973482350689,-0.050264463118411325
616,LLM,99,author_relevant,0.2857142857142857,0.30833333333333335,0.12329231676504904,0.1182311110346693
617,LLM,99,author_relevant,0.14285714285714285,0.1433333333333333,-0.12329231676504904,-0.10436816742347041
618,LLM,99,author_relevant,0.4285714285714285,0.6583333333333333,0.2727917864120626,0.13662469562707882
619,LLM,99,author_relevant,0.4285714285714285,0.5166666666666666,0.1980420515885557,0.09067546359544419
620,LLM,99,author_relevant,0.5714285714285714,0.635,0.1980420515885557,0.05632385468440319
621,LLM,99,author_relevant,0.5714285714285714,0.6283333333333334,-0.07474973482350689,-0.02947004770161297
622,LLM,99,author_relevant,0.4285714285714285,0.595,0.5193764199421604,0.25250014594862047
623,LLM,99,author_relevant,0.2857142857142857,0.35166666666666674,0.3960841031771114,0.13200371442334582
624,LLM,249,author_independent,0.0,0.0,0.0,0.0
625,LLM,249,author_independent,0.0,0.0,0.0,0.0
626,LLM,249,author_independent,0.0,0.0,0.0,0.0
627,LLM,249,author_independent,0.0,0.0,0.0,0.0
628,LLM,249,author_independent,0.0,0.0,0.0,0.0
629,LLM,249,author_independent,0.0,0.0,0.0,0.0
630,LLM,249,author_independent,0.0,0.0,0.0,0.0
631,LLM,249,author_independent,0.0,0.0,0.0,0.0
632,LLM,249,author_independent,0.0,0.0,0.0,0.0
633,LLM,249,author_independent,0.0,0.0,0.0,0.0
634,LLM,249,author_independent,0.0,0.0,0.0,0.0
635,LLM,249,author_independent,0.0,0.0,0.0,0.0
636,LLM,253,author_relevant,0.6666666666666666,0.6383333333333333,0.6931471805599452,0.36148929457582385
637,LLM,253,author_relevant,0.6666666666666667,0.6783333333333332,0.3182570841474064,0.15633162090983568
638,LLM,253,author_relevant,0.8333333333333333,0.8283333333333333,0.1438410362258904,0.16828016425864675
639,LLM,253,author_relevant,0.7142857142857142,0.75,0.32133436835360474,0.1708060647549471
640,LLM,253,author_relevant,0.5714285714285714,0.565,0.5941261547656674,0.4641689122932124
641,LLM,253,author_relevant,0.7142857142857142,0.73,1.1397097275897927,0.6966563828421195
642,LLM,253,author_relevant,0.7142857142857142,0.73,-0.38619532188540395,-0.23223733120508427
643,LLM,253,author_relevant,0.5,0.6183333333333333,-0.5608430558410471,-0.44297840653693527
644,LLM,253,author_relevant,0.7142857142857142,0.7016666666666667,-0.1980420515885557,-0.09215904406896427
645,LLM,253,author_relevant,0.42857142857142855,0.465,0.0,0.017045514452672966
646,LLM,253,author_relevant,0.7142857142857142,0.7033333333333335,0.5455835728241253,0.3539567631981839
647,LLM,253,author_relevant,0.7142857142857142,0.7116666666666666,0.5455835728241253,0.44245724652554513
648,LLM,272,author_independent,0.14285714285714288,0.13833333333333334,0.35743030252727703,0.21248523581106618
649,LLM,272,author_independent,0.0,0.0,0.0,0.0
650,LLM,272,author_independent,0.14285714285714288,0.135,-0.35743030252727703,-0.20494226377155425
651,LLM,272,author_independent,0.14285714285714285,0.17,-0.32133436835360474,-0.22250893823561732
652,LLM,272,author_independent,0.14285714285714288,0.15,0.35743030252727703,0.21361789605636886
653,LLM,272,author_independent,0.14285714285714285,0.14833333333333332,-0.12329231676504904,-0.08496699225766978
654,LLM,272,author_independent,0.0,0.0,0.0,0.0
655,LLM,272,author_independent,0.14285714285714288,0.15166666666666667,-0.35743030252727703,-0.2440051941088506
656,LLM,272,author_independent,0.14285714285714288,0.16,-0.35743030252727703,-0.22948558015247797
657,LLM,272,author_independent,0.2857142857142857,0.30333333333333334,-0.4059728844688192,-0.25756238760309325
658,LLM,272,author_independent,0.14285714285714282,0.13166666666666668,-0.18815327029684825,-0.17185882543959946
659,LLM,272,author_independent,0.14285714285714285,0.16,-0.12329231676504904,-0.13327188500243206
660,LLM,276,author_independent,0.0,0.0,0.0,0.0
661,LLM,276,author_independent,0.0,0.0,0.0,0.0
662,LLM,276,author_independent,0.0,0.0,0.0,0.0
663,LLM,276,author_independent,0.0,0.0,0.0,0.0
664,LLM,276,author_independent,0.0,0.0,0.0,0.0
665,LLM,276,author_independent,0.0,0.0,0.0,0.0
666,LLM,276,author_independent,0.0,0.0,0.0,0.0
667,LLM,276,author_independent,0.0,0.0,0.0,0.0
668,LLM,276,author_independent,0.0,0.0,0.0,0.0
669,LLM,276,author_independent,0.0,0.0,0.0,0.0
670,LLM,276,author_independent,0.0,0.0,0.0,0.0
671,LLM,276,author_independent,0.0,0.0,0.0,0.0
672,LLM,281,author_independent,0.0,0.16,0.0,0.006365141682948128
673,LLM,281,author_independent,0.14285714285714288,0.25333333333333335,0.08463851611521445,0.08274684187832566
674,LLM,281,author_independent,0.16666666666666666,0.16166666666666668,-0.05663301226513251,-0.06683398767095534
675,LLM,281,author_independent,0.2857142857142857,0.2733333333333334,0.2727917864120627,0.2546056673179251
676,LLM,281,author_independent,0.0,0.19333333333333336,0.0,0.012730283365896256
677,LLM,281,author_independent,0.0,0.175,0.0,0.022277995890318446
678,LLM,281,author_independent,0.0,0.18166666666666664,0.0,0.019095425048844383
679,LLM,281,author_independent,0.0,0.18000000000000005,0.0,-0.006365141682948128
680,LLM,281,author_independent,0.2857142857142857,0.2866666666666667,-0.08463851611521445,-0.09865969608569598
681,LLM,281,author_independent,0.2857142857142857,0.29333333333333333,0.2727917864120627,0.28324880489119164
682,LLM,281,author_independent,0.0,0.0,0.0,0.0
683,LLM,281,author_independent,0.0,0.19833333333333336,0.0,0.009547712524422191
684,LLM,287,unambiguous,0.0,0.0,0.0,0.0
685,LLM,287,unambiguous,0.0,0.0,0.0,0.0
686,LLM,287,unambiguous,0.0,0.0,0.0,0.0
687,LLM,287,unambiguous,0.0,0.0,0.0,0.0
688,LLM,287,unambiguous,0.0,0.0,0.0,0.0
689,LLM,287,unambiguous,0.0,0.0,0.0,0.0
690,LLM,287,unambiguous,0.0,0.0,0.0,0.0
691,LLM,287,unambiguous,0.0,0.0,0.0,0.0
692,LLM,287,unambiguous,0.0,0.0,0.0,0.0
693,LLM,287,unambiguous,0.0,0.0,0.0,0.0
694,LLM,287,unambiguous,0.0,0.0,0.0,0.0
695,LLM,287,unambiguous,0.0,0.0,0.0,0.0
696,LLM,315,unambiguous,0.14285714285714288,0.14000000000000004,0.410116318288409,0.2673359506838214
697,LLM,315,unambiguous,0.0,0.0,0.0,0.0
698,LLM,315,unambiguous,0.0,0.0,0.0,0.0
699,LLM,315,unambiguous,0.2857142857142857,0.3033333333333334,0.5982695885852573,0.46147277201373926
700,LLM,315,unambiguous,0.14285714285714288,0.1466666666666667,0.410116318288409,0.28006623404971764
701,LLM,315,unambiguous,0.14285714285714285,0.14,0.0,0.0
702,LLM,315,unambiguous,0.0,0.0,0.0,0.0
703,LLM,315,unambiguous,0.0,0.0,0.0,0.0
704,LLM,315,unambiguous,0.0,0.0,0.0,0.0
705,LLM,315,unambiguous,0.0,0.0,0.0,0.0
706,LLM,315,unambiguous,0.14285714285714288,0.12333333333333335,0.410116318288409,0.23551024226908074
707,LLM,315,unambiguous,0.14285714285714288,0.1516666666666667,-0.410116318288409,-0.28961394657413986
708,LLM,340,unambiguous,0.0,0.0,0.0,0.0
709,LLM,340,unambiguous,0.0,0.0,0.0,0.0
710,LLM,340,unambiguous,0.0,0.0,0.0,0.0
711,LLM,340,unambiguous,0.0,0.0,0.0,0.0
712,LLM,340,unambiguous,0.0,0.0,0.0,0.0
713,LLM,340,unambiguous,0.0,0.0,0.0,0.0
714,LLM,340,unambiguous,0.0,0.0,0.0,0.0
715,LLM,340,unambiguous,0.0,0.0,0.0,0.0
716,LLM,340,unambiguous,0.0,0.0,0.0,0.0
717,LLM,340,unambiguous,0.0,0.0,0.0,0.0
718,LLM,340,unambiguous,0.0,0.0,0.0,0.0
719,LLM,340,unambiguous,0.0,0.0,0.0,0.0
720,LLM,378,author_relevant,0.0,0.0,0.0,0.0
721,LLM,378,author_relevant,0.0,0.0,0.0,0.0
722,LLM,378,author_relevant,0.0,0.0,0.0,0.0
723,LLM,378,author_relevant,0.0,0.0,0.0,0.0
724,LLM,378,author_relevant,0.2857142857142857,0.2966666666666667,0.5982695885852573,0.4582902011722652
725,LLM,378,author_relevant,0.0,0.0,0.0,0.0
726,LLM,378,author_relevant,0.0,0.0,0.0,0.0
727,LLM,378,author_relevant,0.14285714285714288,0.14333333333333337,0.410116318288409,0.2737010923667695
728,LLM,378,author_relevant,0.0,0.0,0.0,0.0
729,LLM,378,author_relevant,0.14285714285714288,0.1366666666666667,0.410116318288409,0.2609708090008732
730,LLM,378,author_relevant,0.2857142857142857,0.2666666666666667,0.5982695885852573,0.4328296344404727
731,LLM,378,author_relevant,0.0,0.0,0.0,0.0
732,LLM,387,unambiguous,0.5,0.48666666666666664,0.3465735902799726,0.24953298500158028
733,LLM,387,unambiguous,0.20000000000000004,0.29833333333333334,0.4498681156950468,0.3240906251570923
734,LLM,387,unambiguous,0.0,0.0,0.0,0.0
735,LLM,387,unambiguous,0.0,0.0,0.0,0.0
736,LLM,387,unambiguous,0.16666666666666666,0.1733333333333333,-0.2310490601866486,-0.11090354888959122
737,LLM,387,unambiguous,0.33333333333333337,0.3233333333333333,0.08720802396075777,0.09856935586317359
738,LLM,387,unambiguous,0.6,0.6433333333333334,0.27725887222397816,0.1045384072066431
739,LLM,387,unambiguous,0.6000000000000001,0.7116666666666666,0.4498681156950468,0.27029267096898946
740,LLM,387,unambiguous,0.6000000000000001,0.6566666666666667,0.4498681156950468,0.4012992354808162
741,LLM,387,unambiguous,0.6000000000000001,0.5766666666666667,0.4498681156950468,0.34519079069084696
742,LLM,387,unambiguous,0.6,0.595,-0.38190850097688767,-0.24818491486184371
743,LLM,387,unambiguous,0.5,0.6033333333333333,0.23104906018664817,0.07424144937668375
744,LLM,414,author_independent,0.16666666666666663,0.18166666666666673,-0.45056120886630463,-0.34690022172067303
745,LLM,414,author_independent,0.2857142857142857,0.28833333333333333,-0.7963116401738131,-0.5252944286263932
746,LLM,414,author_independent,0.14285714285714285,0.12666666666666665,0.0,0.0
747,LLM,414,author_independent,0.0,0.0,0.0,0.0
748,LLM,414,author_independent,0.14285714285714288,0.1616666666666667,-0.410116318288409,-0.3087093716229842
749,LLM,414,author_independent,0.0,0.0,0.0,0.0
750,LLM,414,author_independent,0.0,0.0,0.0,0.0
751,LLM,414,author_independent,0.14285714285714282,0.14666666666666667,-0.38619532188540406,-0.26000838853874325
752,LLM,414,author_independent,0.0,0.0,0.0,0.0
753,LLM,414,author_independent,0.0,0.0,0.0,0.0
754,LLM,414,author_independent,0.0,0.0,0.0,0.0
755,LLM,414,author_independent,0.0,0.0,0.0,0.0
756,LLM,437,unambiguous,0.0,0.0,0.0,0.0
757,LLM,437,unambiguous,0.14285714285714288,0.1466666666666667,0.410116318288409,0.28006623404971764
758,LLM,437,unambiguous,0.16666666666666663,0.18333333333333335,-0.45056120886630463,-0.3500827925621471
759,LLM,437,unambiguous,0.0,0.0,0.0,0.0
760,LLM,437,unambiguous,0.14285714285714288,0.14500000000000005,0.410116318288409,0.2768836632082436
761,LLM,437,unambiguous,0.0,0.1833333333333334,0.0,-0.07001655851242941
762,LLM,437,unambiguous,0.0,0.0,0.0,0.0
763,LLM,437,unambiguous,0.0,0.0,0.0,0.0
764,LLM,437,unambiguous,0.14285714285714288,0.12166666666666667,-0.410116318288409,-0.23232767142760666
765,LLM,437,unambiguous,0.0,0.0,0.0,0.0
766,LLM,437,unambiguous,0.0,0.0,0.0,0.0
767,LLM,437,unambiguous,0.14285714285714288,0.14500000000000005,-0.410116318288409,-0.2768836632082436
768,LLM,441,author_relevant,0.14285714285714282,0.15666666666666668,0.38619532188540406,0.2695109309519043
769,LLM,441,author_relevant,0.14285714285714285,0.23666666666666672,0.2727917864120626,0.09673485516143605
770,LLM,441,author_relevant,0.5714285714285714,0.5683333333333332,1.0789922078775833,0.7667285521276821
771,LLM,441,author_relevant,0.4285714285714286,0.475,0.4059728844688192,0.2520693261597527
772,LLM,441,author_relevant,0.4285714285714286,0.46,0.6829081047004717,0.5824104639897537
773,LLM,441,author_relevant,0.4285714285714286,0.41666666666666674,0.6829081047004717,0.5410370430505909
774,LLM,441,author_relevant,0.2857142857142857,0.3933333333333333,0.5455835728241253,0.3811614904091916
775,LLM,441,author_relevant,0.2857142857142857,0.39666666666666667,0.3960841031771116,0.25926137797104715
776,LLM,441,author_relevant,0.14285714285714288,0.13000000000000003,0.410116318288409,0.24824052563497698
777,LLM,441,author_relevant,0.2857142857142857,0.38833333333333336,0.35743030252727703,0.22691450954491643
778,LLM,441,author_relevant,0.4285714285714286,0.43333333333333335,0.6829081047004717,0.5633150389409093
779,LLM,441,author_relevant,0.4285714285714286,0.45333333333333337,0.6829081047004717,0.5664976097823834
780,LLM,458,unambiguous,0.14285714285714285,0.16166666666666665,0.1980420515885558,0.06469373685226155
781,LLM,458,unambiguous,0.14285714285714285,0.15999999999999998,0.1980420515885558,0.071625208657861
782,LLM,458,unambiguous,0.14285714285714282,0.15833333333333335,-0.38619532188540406,-0.27443766227259353
783,LLM,458,unambiguous,0.0,0.1966666666666667,0.0,-0.019095425048844383
784,LLM,458,unambiguous,0.0,0.19333333333333338,0.0,0.006365141682948128
785,LLM,458,unambiguous,0.0,0.0,0.0,0.0
786,LLM,458,unambiguous,0.14285714285714285,0.15,0.1980420515885558,0.06469373685226155
787,LLM,458,unambiguous,0.2857142857142857,0.2783333333333333,0.0,0.0
788,LLM,458,unambiguous,0.14285714285714282,0.12833333333333335,-0.38619532188540406,-0.21627930688645278
789,LLM,458,unambiguous,0.2857142857142857,0.25833333333333336,0.18815327029684825,0.17822396712254757
790,LLM,458,unambiguous,0.14285714285714285,0.2133333333333334,0.0,0.03182570841474064
791,LLM,458,unambiguous,0.2857142857142857,0.26,-0.18815327029684825,-0.18777167964696978
792,LLM,476,author_independent,0.0,0.0,0.0,0.0
793,LLM,476,author_independent,0.0,0.0,0.0,0.0
794,LLM,476,author_independent,0.0,0.0,0.0,0.0
795,LLM,476,author_independent,0.14285714285714288,0.14000000000000004,0.410116318288409,0.2673359506838214
796,LLM,476,author_independent,0.14285714285714288,0.1416666666666667,-0.410116318288409,-0.27051852152529543
797,LLM,476,author_independent,0.0,0.0,0.0,0.0
798,LLM,476,author_independent,0.0,0.0,0.0,0.0
799,LLM,476,author_independent,0.14285714285714288,0.14500000000000005,0.410116318288409,0.2768836632082436
800,LLM,476,author_independent,0.0,0.0,0.0,0.0
801,LLM,476,author_independent,0.14285714285714288,0.14333333333333337,0.410116318288409,0.2737010923667695
802,LLM,476,author_independent,0.14285714285714288,0.13333333333333336,-0.410116318288409,-0.2546056673179251
803,LLM,476,author_independent,0.0,0.0,0.0,0.0
804,LLM,481,unambiguous,0.0,0.0,0.0,0.0
805,LLM,481,unambiguous,0.0,0.0,0.0,0.0
806,LLM,481,unambiguous,0.0,0.0,0.0,0.0
807,LLM,481,unambiguous,0.0,0.0,0.0,0.0
808,LLM,481,unambiguous,0.0,0.0,0.0,0.0
809,LLM,481,unambiguous,0.0,0.0,0.0,0.0
810,LLM,481,unambiguous,0.0,0.0,0.0,0.0
811,LLM,481,unambiguous,0.0,0.0,0.0,0.0
812,LLM,481,unambiguous,0.0,0.0,0.0,0.0
813,LLM,481,unambiguous,0.0,0.0,0.0,0.0
814,LLM,481,unambiguous,0.0,0.0,0.0,0.0
815,LLM,481,unambiguous,0.0,0.0,0.0,0.0
816,LLM,494,author_independent,0.14285714285714282,0.1416666666666667,0.38619532188540406,0.24784443529549832
817,LLM,494,author_independent,0.14285714285714288,0.15500000000000003,-0.410116318288409,-0.2959790882570879
818,LLM,494,author_independent,0.16666666666666663,0.17666666666666672,0.45056120886630463,0.33735250919625076
819,LLM,494,author_independent,0.2857142857142857,0.3066666666666667,0.7963116401738131,0.5568143869241776
820,LLM,494,author_independent,0.2857142857142857,0.29000000000000004,0.5941261547656673,0.32508777506861136
821,LLM,494,author_independent,0.14285714285714285,0.235,0.0,-0.000917250350868768
822,LLM,494,author_independent,0.0,0.0,0.0,0.0
823,LLM,494,author_independent,0.14285714285714288,0.14333333333333337,-0.410116318288409,-0.2737010923667695
824,LLM,494,author_independent,0.16666666666666663,0.17666666666666672,0.45056120886630463,0.33735250919625076
825,LLM,494,author_independent,0.14285714285714288,0.1566666666666667,0.410116318288409,0.299161659098562
826,LLM,494,author_independent,0.14285714285714285,0.15666666666666665,0.2727917864120626,0.13348729489686595
827,LLM,494,author_independent,0.2857142857142857,0.4283333333333333,0.15938825093872122,0.14343109776076676
828,LLM,521,author_independent,0.0,0.0,0.0,0.0
829,LLM,521,author_independent,0.16666666666666663,0.18166666666666673,-0.45056120886630463,-0.3469002217206729
830,LLM,521,author_independent,0.0,0.0,0.0,0.0
831,LLM,521,author_independent,0.16666666666666663,0.18000000000000005,0.45056120886630463,0.3437176508791989
832,LLM,521,author_independent,0.0,0.0,0.0,0.0
833,LLM,521,author_independent,0.0,0.0,0.0,0.0
834,LLM,521,author_independent,0.19999999999999998,0.1983333333333334,0.5004024235381879,0.3787259301354136
835,LLM,521,author_independent,0.16666666666666666,0.14833333333333332,0.0,0.0
836,LLM,521,author_independent,0.25,0.25,0.0,0.0
837,LLM,521,author_independent,0.16666666666666663,0.18000000000000005,0.45056120886630463,0.3437176508791989
838,LLM,521,author_independent,0.2,0.21,0.27725887222397816,0.15249237972318794
839,LLM,521,author_independent,0.2,0.21666666666666665,0.27725887222397816,0.11321403949145772
840,LLM,525,author_independent,0.0,0.0,0.0,0.0
841,LLM,525,author_independent,0.0,0.0,0.0,0.0
842,LLM,525,author_independent,0.0,0.0,0.0,0.0
843,LLM,525,author_independent,0.0,0.0,0.0,0.0
844,LLM,525,author_independent,0.0,0.0,0.0,0.0
845,LLM,525,author_independent,0.0,0.0,0.0,0.0
846,LLM,525,author_independent,0.0,0.0,0.0,0.0
847,LLM,525,author_independent,0.0,0.0,0.0,0.0
848,LLM,525,author_independent,0.0,0.0,0.0,0.0
849,LLM,525,author_independent,0.0,0.0,0.0,0.0
850,LLM,525,author_independent,0.0,0.0,0.0,0.0
851,LLM,525,author_independent,0.0,0.0,0.0,0.0
852,LLM,553,author_independent,0.0,0.0,0.0,0.0
853,LLM,553,author_independent,0.0,0.0,0.0,0.0
854,LLM,553,author_independent,0.0,0.0,0.0,0.0
855,LLM,553,author_independent,0.0,0.0,0.0,0.0
856,LLM,553,author_independent,0.14285714285714285,0.24166666666666672,-0.1980420515885558,-0.08461607202945232
857,LLM,553,author_independent,0.14285714285714282,0.14833333333333334,-0.38619532188540406,-0.2640630396198249
858,LLM,553,author_independent,0.0,0.0,0.0,0.0
859,LLM,553,author_independent,0.0,0.0,0.0,0.0
860,LLM,553,author_independent,0.0,0.0,0.0,0.0
861,LLM,553,author_independent,0.0,0.0,0.0,0.0
862,LLM,553,author_independent,0.14285714285714285,0.22,-0.1980420515885558,-0.0424157409619431
863,LLM,553,author_independent,0.14285714285714282,0.14833333333333334,-0.38619532188540406,-0.2527259965049264
864,LLM,588,author_independent,0.14285714285714282,0.15000000000000002,0.18815327029684825,0.20686710469581412
865,LLM,588,author_independent,0.14285714285714282,0.165,-0.18815327029684825,-0.21641481722023634
866,LLM,588,author_independent,0.0,0.0,0.0,0.0
867,LLM,588,author_independent,0.2857142857142857,0.28,0.08463851611521445,0.09865969608569598
868,LLM,588,author_independent,0.14285714285714288,0.14833333333333334,0.410116318288409,0.28324880489119164
869,LLM,588,author_independent,0.14285714285714288,0.1566666666666667,0.410116318288409,0.299161659098562
870,LLM,588,author_independent,0.0,0.0,0.0,0.0
871,LLM,588,author_independent,0.0,0.18166666666666667,0.0,0.006365141682948128
872,LLM,588,author_independent,0.0,0.18833333333333338,0.0,0.009547712524422191
873,LLM,588,author_independent,0.0,0.0,0.0,0.0
874,LLM,588,author_independent,0.0,0.0,0.0,0.0
875,LLM,588,author_independent,0.14285714285714288,0.1416666666666667,0.410116318288409,0.27051852152529543
876,LLM,594,author_independent,0.0,0.0,0.0,0.0
877,LLM,594,author_independent,0.0,0.0,0.0,0.0
878,LLM,594,author_independent,0.0,0.0,0.0,0.0
879,LLM,594,author_independent,0.0,0.0,0.0,0.0
880,LLM,594,author_independent,0.0,0.0,0.0,0.0
881,LLM,594,author_independent,0.0,0.0,0.0,0.0
882,LLM,594,author_independent,0.0,0.0,0.0,0.0
883,LLM,594,author_independent,0.0,0.0,0.0,0.0
884,LLM,594,author_independent,0.0,0.0,0.0,0.0
885,LLM,594,author_independent,0.14285714285714288,0.15833333333333338,0.410116318288409,0.30234422994003607
886,LLM,594,author_independent,0.0,0.0,0.0,0.0
887,LLM,594,author_independent,0.0,0.0,0.0,0.0
888,LLM,612,unambiguous,0.2857142857142857,0.24833333333333335,0.32133436835360474,0.1505779794608001
889,LLM,612,unambiguous,0.0,0.0,0.0,0.0
890,LLM,612,unambiguous,0.14285714285714285,0.16166666666666665,-0.32133436835360474,-0.19473788090195834
891,LLM,612,unambiguous,0.14285714285714285,0.2316666666666667,0.0,0.02310490601866484
892,LLM,612,unambiguous,0.2857142857142857,0.3483333333333333,0.07474973482350689,0.05606327467870813
893,LLM,612,unambiguous,0.2857142857142857,0.3366666666666667,0.2727917864120626,0.12219542189322859
894,LLM,612,unambiguous,0.2857142857142857,0.2766666666666666,0.32133436835360474,0.18148643752467195
895,LLM,612,unambiguous,0.0,0.0,0.0,0.0
896,LLM,612,unambiguous,0.14285714285714285,0.16166666666666665,0.0,-0.03234686842613077
897,LLM,612,unambiguous,0.14285714285714285,0.1383333333333333,-0.2727917864120626,-0.11351978960841397
898,LLM,612,unambiguous,0.2857142857142857,0.33833333333333326,-0.04854258194154215,-0.09076580381796656
899,LLM,612,unambiguous,0.2857142857142857,0.4383333333333333,-0.12329231676504904,-0.13671503584960118
900,LLM,623,author_independent,0.2857142857142857,0.26,0.5982695885852573,0.42328192191605046
901,LLM,623,author_independent,0.2857142857142857,0.33833333333333326,0.5455835728241253,0.35544034367170396
902,LLM,623,author_independent,0.16666666666666669,0.19833333333333336,-0.18595295942850815,-0.22277995890318447
903,LLM,623,author_independent,0.0,0.0,0.0,0.0
904,LLM,623,author_independent,0.14285714285714288,0.16,0.08463851611521445,0.11138997945159224
905,LLM,623,author_independent,0.14285714285714288,0.13,0.15938825093872122,0.17612888641511495
906,LLM,623,author_independent,0.0,0.0,0.0,0.0
907,LLM,623,author_independent,0.14285714285714288,0.13833333333333336,-0.410116318288409,-0.2641533798423473
908,LLM,623,author_independent,0.2857142857142857,0.30500000000000005,-0.5982695885852573,-0.49329848042847985
909,LLM,623,author_independent,0.0,0.0,0.0,0.0
910,LLM,623,author_independent,0.14285714285714282,0.1366666666666667,-0.18815327029684825,-0.16867625459812538
911,LLM,623,author_independent,0.14285714285714282,0.3033333333333334,-0.38619532188540406,-0.2093478350808533
912,LLM,641,unambiguous,0.0,0.0,0.0,0.0
913,LLM,641,unambiguous,0.0,0.0,0.0,0.0
914,LLM,641,unambiguous,0.0,0.0,0.0,0.0
915,LLM,641,unambiguous,0.0,0.0,0.0,0.0
916,LLM,641,unambiguous,0.14285714285714288,0.12166666666666667,0.410116318288409,0.23232767142760666
917,LLM,641,unambiguous,0.0,0.0,0.0,0.0
918,LLM,641,unambiguous,0.0,0.0,0.0,0.0
919,LLM,641,unambiguous,0.0,0.0,0.0,0.0
920,LLM,641,unambiguous,0.0,0.0,0.0,0.0
921,LLM,641,unambiguous,0.0,0.0,0.0,0.0
922,LLM,641,unambiguous,0.0,0.0,0.0,0.0
923,LLM,641,unambiguous,0.0,0.0,0.0,0.0
924,LLM,657,author_independent,0.33333333333333326,0.3433333333333334,-0.1438410362258904,-0.13937644667968513
925,LLM,657,author_independent,0.16666666666666666,0.165,-0.23104906018664817,-0.09704060527839233
926,LLM,657,author_independent,0.0,0.0,0.0,0.0
927,LLM,657,author_independent,0.14285714285714285,0.14,0.0,0.014168693728155157
928,LLM,657,author_independent,0.14285714285714285,0.14,-0.04854258194154215,-0.03269778865434822
929,LLM,657,author_independent,0.14285714285714285,0.15166666666666664,0.04854258194154215,0.013862943611198903
930,LLM,657,author_independent,0.4,0.3883333333333334,-0.6730116670092565,-0.5664976097823833
931,LLM,657,author_independent,0.3333333333333333,0.415,-0.7918921160276953,-0.5238455776022622
932,LLM,657,author_independent,0.5,0.525,-0.6931471805599453,-0.6365141682948128
933,LLM,657,author_independent,0.4,0.4533333333333333,-0.17260924347106865,-0.2100496755372882
934,LLM,657,author_independent,0.16666666666666669,0.1733333333333333,0.0,-0.032652618543087035
935,LLM,657,author_independent,0.0,0.0,0.0,0.0
936,LLM,762,unambiguous,0.0,0.0,0.0,0.0
937,LLM,762,unambiguous,0.0,0.0,0.0,0.0
938,LLM,762,unambiguous,0.0,0.0,0.0,0.0
939,LLM,762,unambiguous,0.0,0.0,0.0,0.0
940,LLM,762,unambiguous,0.0,0.0,0.0,0.0
941,LLM,762,unambiguous,0.0,0.0,0.0,0.0
942,LLM,762,unambiguous,0.0,0.0,0.0,0.0
943,LLM,762,unambiguous,0.0,0.0,0.0,0.0
944,LLM,762,unambiguous,0.0,0.0,0.0,0.0
945,LLM,762,unambiguous,0.0,0.0,0.0,0.0
946,LLM,762,unambiguous,0.0,0.0,0.0,0.0
947,LLM,762,unambiguous,0.0,0.0,0.0,0.0
948,LLM,783,unambiguous,0.0,0.0,0.0,0.0
949,LLM,783,unambiguous,0.0,0.0,0.0,0.0
950,LLM,783,unambiguous,0.0,0.0,0.0,0.0
951,LLM,783,unambiguous,0.14285714285714288,0.13333333333333336,0.410116318288409,0.2546056673179251
952,LLM,783,unambiguous,0.14285714285714288,0.13,0.410116318288409,0.24824052563497698
953,LLM,783,unambiguous,0.14285714285714288,0.14,0.410116318288409,0.2673359506838214
954,LLM,783,unambiguous,0.14285714285714288,0.12166666666666667,0.410116318288409,0.23232767142760666
955,LLM,783,unambiguous,0.0,0.0,0.0,0.0
956,LLM,783,unambiguous,0.0,0.0,0.0,0.0
957,LLM,783,unambiguous,0.14285714285714288,0.15500000000000003,0.410116318288409,0.2959790882570879
958,LLM,783,unambiguous,0.14285714285714288,0.14666666666666672,0.410116318288409,0.28006623404971764
959,LLM,783,unambiguous,0.14285714285714288,0.15166666666666673,0.410116318288409,0.28961394657413986
960,LLM,825,author_relevant,0.8333333333333334,0.8433333333333334,-0.24258597169364066,-0.2737010923667695
961,LLM,825,author_relevant,0.8333333333333334,0.845,-0.24258597169364066,-0.2768836632082436
962,LLM,825,author_relevant,0.8571428571428571,0.8433333333333334,-0.2727917864120627,-0.24824052563497698
963,LLM,825,author_relevant,1.0,1.0,-0.6931471805599453,-0.5792278931482797
964,LLM,825,author_relevant,0.8571428571428571,0.8633333333333334,-0.2727917864120627,-0.2546056673179251
965,LLM,825,author_relevant,1.0,1.0,-0.9556998911125343,-0.6860767909567892
966,LLM,825,author_relevant,0.14285714285714285,0.275,0.0,0.04455599178063689
967,LLM,825,author_relevant,0.14285714285714285,0.26,0.0,0.028643137573266576
968,LLM,825,author_relevant,0.0,0.19166666666666668,0.0,-0.01591285420737032
969,LLM,825,author_relevant,0.2857142857142857,0.29833333333333334,-0.08463851611521445,-0.08911198356127378
970,LLM,825,author_relevant,0.14285714285714288,0.24166666666666667,-0.08463851611521445,-0.1050248377686441
971,LLM,825,author_relevant,0.14285714285714288,0.2966666666666667,-0.35743030252727703,-0.18671891896231746
972,LLM,922,author_independent,0.2857142857142857,0.295,-0.12329231676504904,-0.04969813299576001
973,LLM,922,author_independent,0.14285714285714285,0.2366666666666667,0.07474973482350689,0.07485294961059626
974,LLM,922,author_independent,0.14285714285714288,0.14,0.35743030252727703,0.21915612761097059
975,LLM,922,author_independent,0.2857142857142857,0.2766666666666667,-0.12329231676504904,-0.14050910692498778
976,LLM,922,author_independent,0.0,0.0,0.0,0.0
977,LLM,922,author_independent,0.2857142857142857,0.2833333333333334,0.08463851611521445,0.1145725502930663
978,LLM,922,author_independent,0.42857142857142855,0.42166666666666663,-0.3960841031771116,-0.25171840593153527
979,LLM,922,author_independent,0.2857142857142857,0.3116666666666667,-0.20793083288026348,-0.18162194785845553
980,LLM,922,author_independent,0.14285714285714288,0.28833333333333333,0.35743030252727703,0.23415173146747215
981,LLM,922,author_independent,0.2857142857142857,0.3,-0.12329231676504904,-0.08732265297079744
982,LLM,922,author_independent,0.0,0.18833333333333335,0.0,-0.028643137573266576
983,LLM,922,author_independent,0.14285714285714288,0.14,0.08463851611521445,0.07638170019537753
984,LLM,2105,author_relevant,0.8571428571428572,0.9166666666666665,-0.18815327029684825,-0.2195973880617104
985,LLM,2105,author_relevant,0.7142857142857142,0.7366666666666666,-0.5941261547656674,-0.473105124583722
986,LLM,2105,author_relevant,0.5714285714285714,0.5883333333333334,-0.6688758895891743,-0.4996983515608171
987,LLM,2105,author_relevant,0.42857142857142855,0.46,-0.5941261547656674,-0.44106400627454745
988,LLM,2105,author_relevant,0.7142857142857142,0.695,-1.0789922078775833,-0.7837740665803551
989,LLM,2105,author_relevant,1.0,1.0,-0.6829081047004717,-0.547402184733539
990,LLM,2105,author_relevant,0.5714285714285714,0.585,0.5554723541158327,0.29335240687639313
991,LLM,2105,author_relevant,0.2857142857142857,0.43,0.14949946964701355,0.04529256168646091
992,LLM,2105,author_relevant,0.4285714285714285,0.6133333333333333,-0.12329231676504904,-0.036140939501517345
993,LLM,2105,author_relevant,0.2857142857142857,0.34,0.3475415212355695,0.1863228286228388
994,LLM,2105,author_relevant,0.14285714285714285,0.4233333333333333,0.1980420515885557,0.025981726743182644
995,LLM,2105,author_relevant,0.4285714285714285,0.54,0.5941261547656673,0.26318051871834525
996,LLM,2142,author_independent,0.0,0.0,0.0,0.0
997,LLM,2142,author_independent,0.0,0.0,0.0,0.0
998,LLM,2142,author_independent,0.0,0.0,0.0,0.0
999,LLM,2142,author_independent,0.0,0.0,0.0,0.0
1000,LLM,2142,author_independent,0.0,0.0,0.0,0.0
1001,LLM,2142,author_independent,0.0,0.0,0.0,0.0
1002,LLM,2142,author_independent,0.0,0.0,0.0,0.0
1003,LLM,2142,author_independent,0.0,0.0,0.0,0.0
1004,LLM,2142,author_independent,0.0,0.0,0.0,0.0
1005,LLM,2142,author_independent,0.0,0.0,0.0,0.0
1006,LLM,2142,author_independent,0.2857142857142857,0.26833333333333337,0.5982695885852573,0.4296470635989986
1007,LLM,2142,author_independent,0.14285714285714288,0.1166666666666667,0.410116318288409,0.22277995890318447
1008,LLM,2143,unambiguous,0.2857142857142857,0.265,0.2727917864120627,0.2546056673179251
1009,LLM,2143,unambiguous,0.42857142857142855,0.43833333333333335,0.2727917864120627,0.25778823815939916
1010,LLM,2143,unambiguous,0.2857142857142857,0.2833333333333334,0.08463851611521445,0.08911198356127378
1011,LLM,2143,unambiguous,0.42857142857142855,0.42333333333333334,0.2727917864120627,0.2291451005861326
1012,LLM,2143,unambiguous,0.14285714285714288,0.165,-0.08463851611521445,-0.09229455440274785
1013,LLM,2143,unambiguous,0.0,0.0,0.0,0.0
1014,LLM,2143,unambiguous,0.5714285714285714,0.5950000000000001,0.18815327029684825,0.13685054618338474
1015,LLM,2143,unambiguous,0.5714285714285714,0.585,0.18815327029684825,0.1591285420737032
1016,LLM,2143,unambiguous,0.4285714285714286,0.46,0.0,0.022277995890318446
1017,LLM,2143,unambiguous,0.42857142857142855,0.4466666666666667,0.2727917864120627,0.2864313757326658
1018,LLM,2143,unambiguous,0.2857142857142857,0.29333333333333333,-0.2727917864120627,-0.3182570841474064
1019,LLM,2143,unambiguous,0.2857142857142857,0.28166666666666673,-0.2727917864120627,-0.2959790882570879
1020,LLM,2161,author_independent,0.2857142857142857,0.2966666666666667,-0.2727917864120627,-0.2291451005861326
1021,LLM,2161,author_independent,0.42857142857142855,0.4,0.2727917864120627,0.23869281311055482
1022,LLM,2161,author_independent,0.42857142857142855,0.4466666666666667,-0.2727917864120627,-0.33098736751330265
1023,LLM,2161,author_independent,0.4285714285714286,0.4616666666666667,0.0,-0.006365141682948128
1024,LLM,2161,author_independent,0.14285714285714282,0.2733333333333334,0.18815327029684825,0.1304854045004366
1025,LLM,2161,author_independent,0.5714285714285714,0.5966666666666667,-0.6829081047004717,-0.5314893305261686
1026,LLM,2161,author_independent,0.4285714285714286,0.41333333333333344,-0.6829081047004717,-0.49329848042847985
1027,LLM,2161,author_independent,0.14285714285714282,0.26166666666666666,0.18815327029684825,0.17185882543959946
1028,LLM,2161,author_independent,0.14285714285714285,0.135,0.0,-0.003182570841474064
1029,LLM,2161,author_independent,0.2857142857142857,0.2566666666666667,0.08463851611521445,0.07001655851242941
1030,LLM,2161,author_independent,0.14285714285714282,0.25000000000000006,0.18815327029684825,0.15594597123222914
1031,LLM,2161,author_independent,0.2857142857142857,0.28833333333333333,-0.08463851611521445,-0.0795642710368516
1032,LLM,2163,unambiguous,0.0,0.0,0.0,0.0
1033,LLM,2163,unambiguous,0.0,0.0,0.0,0.0
1034,LLM,2163,unambiguous,0.0,0.0,0.0,0.0
1035,LLM,2163,unambiguous,0.0,0.0,0.0,0.0
1036,LLM,2163,unambiguous,0.0,0.0,0.0,0.0
1037,LLM,2163,unambiguous,0.0,0.0,0.0,0.0
1038,LLM,2163,unambiguous,0.0,0.0,0.0,0.0
1039,LLM,2163,unambiguous,0.0,0.0,0.0,0.0
1040,LLM,2163,unambiguous,0.0,0.0,0.0,0.0
1041,LLM,2163,unambiguous,0.0,0.0,0.0,0.0
1042,LLM,2163,unambiguous,0.0,0.0,0.0,0.0
1043,LLM,2163,unambiguous,0.0,0.0,0.0,0.0
1044,LLM,2168,author_relevant,0.8571428571428572,0.8733333333333334,-0.410116318288409,-0.24187538395202884
1045,LLM,2168,author_relevant,1.0,1.0,0.0,0.0
1046,LLM,2168,author_relevant,1.0,1.0,0.0,0.0
1047,LLM,2168,author_relevant,1.0,1.0,0.0,0.0
1048,LLM,2168,author_relevant,0.8571428571428572,0.8416666666666666,-0.410116318288409,-0.30234422994003607
1049,LLM,2168,author_relevant,1.0,1.0,0.0,0.0
1050,LLM,2168,author_relevant,0.14285714285714288,0.15166666666666673,-0.410116318288409,-0.28961394657413986
1051,LLM,2168,author_relevant,0.0,0.0,0.0,0.0
1052,LLM,2168,author_relevant,0.0,0.0,0.0,0.0
1053,LLM,2168,author_relevant,0.0,0.0,0.0,0.0
1054,LLM,2168,author_relevant,0.14285714285714288,0.15333333333333335,-0.410116318288409,-0.29279651741561386
1055,LLM,2168,author_relevant,0.0,0.0,0.0,0.0
1056,LLM,2172,author_relevant,0.2857142857142857,0.295,0.18815327029684825,0.1845891088054957
1057,LLM,2172,author_relevant,0.14285714285714285,0.24000000000000005,0.0,-0.019095425048844383
1058,LLM,2172,author_relevant,0.14285714285714288,0.14833333333333332,-0.35743030252727703,-0.22604242930530888
1059,LLM,2172,author_relevant,0.14285714285714285,0.13333333333333333,-0.2727917864120626,-0.11382553972537023
1060,LLM,2172,author_relevant,0.0,0.0,0.0,0.0
1061,LLM,2172,author_relevant,0.0,0.0,0.0,0.0
1062,LLM,2172,author_relevant,0.2857142857142857,0.2783333333333334,0.18815327029684825,0.18777167964696978
1063,LLM,2172,author_relevant,0.0,0.0,0.0,0.0
1064,LLM,2172,author_relevant,0.2857142857142857,0.2833333333333333,-0.15938825093872122,-0.13998794691359762
1065,LLM,2172,author_relevant,0.2857142857142857,0.26166666666666666,-0.5455835728241253,-0.3785452496903688
1066,LLM,2172,author_relevant,0.2857142857142857,0.2800000000000001,-0.5982695885852573,-0.4646553428552133
1067,LLM,2172,author_relevant,0.0,0.0,0.0,0.0
1068,LLM,2182,author_relevant,0.14285714285714285,0.13666666666666666,0.0,-0.01591285420737032
1069,LLM,2182,author_relevant,0.14285714285714288,0.14833333333333332,0.08463851611521445,0.08274684187832566
1070,LLM,2182,author_relevant,0.14285714285714288,0.1416666666666667,-0.08463851611521445,-0.10184226692717005
1071,LLM,2182,author_relevant,0.14285714285714285,0.14833333333333332,0.0,0.01591285420737032
1072,LLM,2182,author_relevant,0.14285714285714288,0.24500000000000002,-0.08463851611521445,-0.022277995890318446
1073,LLM,2182,author_relevant,0.2857142857142857,0.29833333333333334,-0.08463851611521445,-0.050921133463585025
1074,LLM,2182,author_relevant,0.14285714285714285,0.12333333333333334,0.0,0.03182570841474064
1075,LLM,2182,author_relevant,0.2857142857142857,0.31666666666666665,0.08463851611521445,0.050921133463585025
1076,LLM,2182,author_relevant,0.14285714285714285,0.135,0.0,-0.035008279256214705
1077,LLM,2182,author_relevant,0.0,0.0,0.0,0.0
1078,LLM,2182,author_relevant,0.14285714285714285,0.15166666666666667,0.0,0.003182570841474064
1079,LLM,2182,author_relevant,0.14285714285714285,0.145,0.0,0.01591285420737032
1080,LLM,2187,author_relevant,0.2857142857142857,0.28,-0.07474973482350689,-0.040456170588294066
1081,LLM,2187,author_relevant,0.2857142857142857,0.26166666666666666,0.3960841031771116,0.2279568295676967
1082,LLM,2187,author_relevant,0.14285714285714285,0.2783333333333333,0.0,0.03321894866573835
1083,LLM,2187,author_relevant,0.2857142857142857,0.3833333333333333,0.2727917864120626,0.12912689369882804
1084,LLM,2187,author_relevant,0.14285714285714285,0.345,-0.2727917864120626,-0.08805922287662145
1085,LLM,2187,author_relevant,0.14285714285714285,0.23666666666666672,-0.1980420515885558,-0.0826113315445421
1086,LLM,2187,author_relevant,0.2857142857142857,0.37666666666666665,-0.12329231676504904,-0.10144617658769142
1087,LLM,2187,author_relevant,0.0,0.0,0.0,0.0
1088,LLM,2187,author_relevant,0.14285714285714285,0.13333333333333333,-0.12329231676504904,-0.10375666718955788
1089,LLM,2187,author_relevant,0.14285714285714285,0.29833333333333334,0.32133436835360474,0.1557652907871844
1090,LLM,2187,author_relevant,0.14285714285714288,0.2916666666666667,-0.35743030252727703,-0.20175969293008017
1091,LLM,2187,author_relevant,0.14285714285714285,0.23333333333333336,-0.1980420515885558,-0.001914400262387852
1092,LLM,2198,author_relevant,0.2857142857142857,0.29833333333333345,-0.5982695885852573,-0.45510763033079116
1093,LLM,2198,author_relevant,0.42857142857142855,0.44333333333333336,-0.9556998911125343,-0.7172909991376173
1094,LLM,2198,author_relevant,0.42857142857142855,0.4483333333333333,-0.9556998911125343,-0.7045607157717211
1095,LLM,2198,author_relevant,0.2857142857142857,0.2933333333333334,-0.5982695885852573,-0.4519250594893171
1096,LLM,2198,author_relevant,0.42857142857142855,0.42,-0.9556998911125343,-0.6568673232608713
1097,LLM,2198,author_relevant,0.4285714285714286,0.4516666666666667,-0.6829081047004717,-0.5410370430505909
1098,LLM,2198,author_relevant,0.2857142857142857,0.2733333333333334,0.08463851611521445,0.14321568786633287
1099,LLM,2198,author_relevant,0.4285714285714286,0.44166666666666665,-0.35743030252727703,-0.22634817942226512
1100,LLM,2198,author_relevant,0.2857142857142857,0.28833333333333333,-0.2727917864120626,-0.14360133754393944
1101,LLM,2198,author_relevant,0.2857142857142857,0.26166666666666666,0.08463851611521445,0.06365141682948128
1102,LLM,2198,author_relevant,0.4285714285714286,0.4216666666666667,-0.35743030252727703,-0.15955936186257094
1103,LLM,2198,author_relevant,0.42857142857142855,0.445,-0.2727917864120627,-0.28006623404971764
1104,LLM,2211,unambiguous,1.0,1.0,0.17260924347106865,0.1304854045004366
1105,LLM,2211,unambiguous,0.8333333333333333,0.835,0.14384103622589062,0.17059065486051325
1106,LLM,2211,unambiguous,0.8,0.7883333333333333,0.8317766166719345,0.5725812901358922
1107,LLM,2211,unambiguous,0.8333333333333333,0.8266666666666665,0.3748900964125388,0.2199378676280558
1108,LLM,2211,unambiguous,0.8333333333333333,0.815,0.462098120373297,0.3150189025327991
1109,LLM,2211,unambiguous,0.8571428571428572,0.855,0.15938825093872133,0.1804441175018917
1110,LLM,2211,unambiguous,0.2857142857142857,0.3016666666666667,-0.796311640173813,-0.5490108348789706
1111,LLM,2211,unambiguous,0.2857142857142857,0.3066666666666667,-0.796311640173813,-0.5541981462053548
1112,LLM,2211,unambiguous,0.33333333333333337,0.3183333333333334,-0.8675632284814612,-0.5782203025748884
1113,LLM,2211,unambiguous,0.2857142857142857,0.3066666666666667,-0.796311640173813,-0.5594306276430003
1114,LLM,2211,unambiguous,0.2857142857142857,0.3383333333333334,-0.38619532188540395,-0.24496761457098054
1115,LLM,2211,unambiguous,0.2857142857142857,0.2800000000000001,-0.796311640173813,-0.5102536546586305
1116,LLM,2212,author_relevant,0.14285714285714288,0.1366666666666667,-0.410116318288409,-0.2609708090008732
1117,LLM,2212,author_relevant,0.14285714285714288,0.1616666666666667,-0.410116318288409,-0.3087093716229842
1118,LLM,2212,author_relevant,0.14285714285714288,0.13833333333333336,-0.410116318288409,-0.2641533798423473
1119,LLM,2212,author_relevant,0.0,0.0,0.0,0.0
1120,LLM,2212,author_relevant,0.0,0.0,0.0,0.0
1121,LLM,2212,author_relevant,0.14285714285714288,0.14833333333333337,-0.410116318288409,-0.28324880489119164
1122,LLM,2212,author_relevant,0.2857142857142857,0.29333333333333333,0.2727917864120627,0.2864313757326658
1123,LLM,2212,author_relevant,0.0,0.17500000000000004,0.0,-0.04137342093916283
1124,LLM,2212,author_relevant,0.14285714285714282,0.2283333333333334,0.18815327029684825,0.16867625459812538
1125,LLM,2212,author_relevant,0.2857142857142857,0.3116666666666667,0.7963116401738131,0.5672341796882074
1126,LLM,2212,author_relevant,0.14285714285714288,0.1416666666666667,0.410116318288409,0.27051852152529543
1127,LLM,2212,author_relevant,0.14285714285714288,0.14333333333333337,-0.410116318288409,-0.2737010923667695
1128,LLM,2213,author_relevant,0.0,0.0,0.0,0.0
1129,LLM,2213,author_relevant,0.0,0.0,0.0,0.0
1130,LLM,2213,author_relevant,0.14285714285714288,0.15166666666666664,0.35743030252727703,0.22085511797892457
1131,LLM,2213,author_relevant,0.14285714285714285,0.29000000000000004,0.32133436835360474,0.19596088136978337
1132,LLM,2213,author_relevant,0.0,0.0,0.0,0.0
1133,LLM,2213,author_relevant,0.2857142857142857,0.27,0.0,-0.03984467035438155
1134,LLM,2213,author_relevant,0.0,0.0,0.0,0.0
1135,LLM,2213,author_relevant,0.14285714285714285,0.125,0.0,-0.0069314718055994515
1136,LLM,2213,author_relevant,0.14285714285714288,0.15833333333333333,0.35743030252727703,0.23092399051473692
1137,LLM,2213,author_relevant,0.14285714285714285,0.22500000000000003,0.2727917864120626,0.09560219491613342
1138,LLM,2213,author_relevant,0.14285714285714285,0.12666666666666668,0.04854258194154215,0.07345970935959853
1139,LLM,2213,author_relevant,0.2857142857142857,0.29,0.0,-0.03003637782426429
1140,LLM,2218,author_relevant,0.7142857142857142,0.7283333333333333,-0.7436256244126812,-0.46612848266686135
1141,LLM,2218,author_relevant,0.8571428571428572,0.8483333333333333,0.0,0.020794415416798356
1142,LLM,2218,author_relevant,0.8571428571428572,0.8583333333333333,-0.1980420515885557,-0.09704060527839233
1143,LLM,2218,author_relevant,0.8571428571428571,0.8566666666666666,-0.35743030252727703,-0.18872365944722766
1144,LLM,2218,author_relevant,0.857142857142857,0.865,1.1102230246251565e-16,0.006670891799904386
1145,LLM,2218,author_relevant,0.7142857142857142,0.6966666666666668,-0.35743030252727725,-0.20289235317538284
1146,LLM,2218,author_relevant,0.4285714285714286,0.4100000000000001,-1.1537419427010902,-0.7045155456604598
1147,LLM,2218,author_relevant,0.2857142857142857,0.415,-0.1980420515885557,-0.05226920360332155
1148,LLM,2218,author_relevant,0.14285714285714285,0.23833333333333337,0.0,-0.01683010455823909
1149,LLM,2218,author_relevant,0.14285714285714288,0.13166666666666668,-0.15938825093872133,-0.14430317800037434
1150,LLM,2218,author_relevant,0.2857142857142857,0.28833333333333333,0.20793083288026348,0.2050777741053378
1151,LLM,2218,author_relevant,0.14285714285714285,0.23833333333333337,-0.19804205158855592,0.000917250350868768
1152,LLM,2224,author_relevant,0.14285714285714288,0.13833333333333336,0.410116318288409,0.2641533798423473
1153,LLM,2224,author_relevant,0.14285714285714288,0.13,0.35743030252727703,0.1867189189623174
1154,LLM,2224,author_relevant,0.14285714285714282,0.1366666666666667,0.38619532188540395,0.24091296348989888
1155,LLM,2224,author_relevant,0.0,0.20666666666666672,0.0,-0.038190850097688765
1156,LLM,2224,author_relevant,0.2857142857142857,0.295,0.48072261929232607,0.32086288420435705
1157,LLM,2224,author_relevant,0.2857142857142857,0.2733333333333334,0.5455835728241253,0.3452811309133693
1158,LLM,2224,author_relevant,0.0,0.0,0.0,0.0
1159,LLM,2224,author_relevant,0.14285714285714282,0.13,-0.18815327029684825,-0.17504139628107354
1160,LLM,2224,author_relevant,0.0,0.0,0.0,0.0
1161,LLM,2224,author_relevant,0.0,0.0,0.0,0.0
1162,LLM,2224,author_relevant,0.14285714285714285,0.135,0.0,0.0
1163,LLM,2224,author_relevant,0.14285714285714282,0.145,0.18815327029684825,0.18140653796402162
1164,LLM,2228,author_independent,0.42857142857142855,0.4333333333333333,-0.555472354115833,-0.3008502088046439
1165,LLM,2228,author_independent,0.4285714285714286,0.4316666666666667,0.20793083288026348,0.17207423533403332
1166,LLM,2228,author_independent,0.33333333333333337,0.35333333333333333,-0.5608430558410471,-0.4433293267651527
1167,LLM,2228,author_independent,0.4285714285714285,0.43,0.12329231676504904,0.10231825682729898
1168,LLM,2228,author_independent,0.2857142857142857,0.26,-0.18815327029684825,-0.15594597123222914
1169,LLM,2228,author_independent,0.2857142857142857,0.5083333333333333,0.0,-0.02310490601866484
1170,LLM,2228,author_independent,0.4285714285714285,0.4733333333333334,-0.14949946964701377,-0.021054995422493422
1171,LLM,2228,author_independent,0.5714285714285714,0.5633333333333332,0.7535144057043887,0.4034742157488991
1172,LLM,2228,author_independent,0.14285714285714285,0.42999999999999994,-0.2727917864120626,-0.15746428115513836
1173,LLM,2228,author_independent,0.14285714285714285,0.275,0.04854258194154215,0.04220033106750923
1174,LLM,2228,author_independent,0.2857142857142857,0.29333333333333333,0.48072261929232607,0.3281001061269127
1175,LLM,2228,author_independent,0.2857142857142857,0.34666666666666673,0.12329231676504904,0.1095554787498547
1176,LLM,3107,author_independent,0.14285714285714288,0.135,0.15938825093872133,0.15236731005127646
1177,LLM,3107,author_independent,0.14285714285714288,0.285,-0.35743030252727703,-0.23995054302776894
1178,LLM,3107,author_independent,0.14285714285714285,0.23,0.2727917864120626,0.11905802116301568
1179,LLM,3107,author_independent,0.14285714285714285,0.25833333333333336,0.1980420515885557,0.06438798673530528
1180,LLM,3107,author_independent,0.14285714285714288,0.26333333333333336,-0.08463851611521445,-0.09865969608569598
1181,LLM,3107,author_independent,0.14285714285714282,0.15500000000000003,0.18815327029684825,0.18777167964696978
1182,LLM,3107,author_independent,0.14285714285714285,0.3166666666666667,-0.1980420515885557,-0.0826565016558033
1183,LLM,3107,author_independent,0.14285714285714285,0.34666666666666673,-0.2727917864120626,-0.10166158648212528
1184,LLM,3107,author_independent,0.14285714285714288,0.13833333333333334,-0.08463851611521445,-0.07319912935390346
1185,LLM,3107,author_independent,0.2857142857142857,0.275,0.48072261929232607,0.30468944999129166
1186,LLM,3107,author_independent,0.14285714285714285,0.24,0.32133436835360474,0.17337713536250868
1187,LLM,3107,author_independent,0.5714285714285714,0.5533333333333335,0.5455835728241253,0.42998754316534393
1188,LLM,3117,author_relevant,0.14285714285714282,0.145,0.18815327029684825,0.17822396712254757
1189,LLM,3117,author_relevant,0.0,0.0,0.0,0.0
1190,LLM,3117,author_relevant,0.14285714285714288,0.14833333333333332,-0.08463851611521445,-0.07638170019537753
1191,LLM,3117,author_relevant,0.2857142857142857,0.2566666666666667,0.08463851611521445,0.07638170019537753
1192,LLM,3117,author_relevant,0.14285714285714288,0.13166666666666668,0.410116318288409,0.25142309647645106
1193,LLM,3117,author_relevant,0.14285714285714282,0.135,0.18815327029684825,0.1845891088054957
1194,LLM,3117,author_relevant,0.14285714285714282,0.14833333333333334,0.18815327029684825,0.18777167964696978
1195,LLM,3117,author_relevant,0.0,0.0,0.0,0.0
1196,LLM,3117,author_relevant,0.14285714285714288,0.14333333333333334,-0.08463851611521445,-0.1050248377686441
1197,LLM,3117,author_relevant,0.14285714285714288,0.13333333333333333,0.08463851611521445,0.09547712524422192
1198,LLM,3117,author_relevant,0.0,0.0,0.0,0.0
1199,LLM,3117,author_relevant,0.14285714285714282,0.13333333333333336,0.18815327029684825,0.16231111291517727
1200,LLM,3118,unambiguous,0.0,0.0,0.0,0.0
1201,LLM,3118,unambiguous,0.0,0.0,0.0,0.0
1202,LLM,3118,unambiguous,0.0,0.0,0.0,0.0
1203,LLM,3118,unambiguous,0.0,0.0,0.0,0.0
1204,LLM,3118,unambiguous,0.0,0.0,0.0,0.0
1205,LLM,3118,unambiguous,0.0,0.0,0.0,0.0
1206,LLM,3118,unambiguous,0.0,0.0,0.0,0.0
1207,LLM,3118,unambiguous,0.14285714285714288,0.15000000000000002,0.410116318288409,0.28643137573266575
1208,LLM,3118,unambiguous,0.14285714285714288,0.15833333333333338,0.410116318288409,0.30234422994003607
1209,LLM,3118,unambiguous,0.14285714285714288,0.15333333333333335,0.410116318288409,0.29279651741561386
1210,LLM,3118,unambiguous,0.0,0.0,0.0,0.0
1211,LLM,3118,unambiguous,0.0,0.0,0.0,0.0
1212,LLM,3267,author_independent,0.0,0.0,0.0,0.0
1213,LLM,3267,author_independent,0.0,0.0,0.0,0.0
1214,LLM,3267,author_independent,0.0,0.0,0.0,0.0
1215,LLM,3267,author_independent,0.0,0.0,0.0,0.0
1216,LLM,3267,author_independent,0.0,0.0,0.0,0.0
1217,LLM,3267,author_independent,0.14285714285714282,0.15000000000000002,0.18815327029684825,0.19731939217139197
1218,LLM,3267,author_independent,0.0,0.0,0.0,0.0
1219,LLM,3267,author_independent,0.0,0.0,0.0,0.0
1220,LLM,3267,author_independent,0.0,0.0,0.0,0.0
1221,LLM,3267,author_independent,0.0,0.0,0.0,0.0
1222,LLM,3267,author_independent,0.0,0.0,0.0,0.0
1223,LLM,3267,author_independent,0.0,0.0,0.0,0.0
1224,LLM,3283,author_independent,0.42857142857142855,0.445,0.5941261547656674,0.42654439231817487
1225,LLM,3283,author_independent,0.4285714285714286,0.4200000000000001,0.6829081047004717,0.5601324680994353
1226,LLM,3283,author_independent,0.2857142857142857,0.26833333333333337,0.5455835728241253,0.3788058296960639
1227,LLM,3283,author_independent,0.2857142857142857,0.30000000000000004,0.5982695885852573,0.4646553428552133
1228,LLM,3283,author_independent,0.0,0.0,0.0,0.0
1229,LLM,3283,author_independent,0.14285714285714285,0.2516666666666667,-0.2727917864120626,-0.1351862852648199
1230,LLM,3283,author_independent,0.14285714285714285,0.23666666666666672,0.0,-0.019095425048844383
1231,LLM,3283,author_independent,0.0,0.0,0.0,0.0
1232,LLM,3283,author_independent,0.0,0.0,0.0,0.0
1233,LLM,3283,author_independent,0.0,0.0,0.0,0.0
1234,LLM,3283,author_independent,0.14285714285714285,0.135,-0.04854258194154215,-0.05148746358623635
1235,LLM,3283,author_independent,0.2857142857142857,0.28166666666666673,-0.5455835728241253,-0.38839871233174733
1236,LLM,3290,author_relevant,0.14285714285714288,0.1416666666666667,-0.410116318288409,-0.27051852152529543
1237,LLM,3290,author_relevant,0.2857142857142857,0.2700000000000001,-0.5982695885852573,-0.43601220528194673
1238,LLM,3290,author_relevant,0.0,0.0,0.0,0.0
1239,LLM,3290,author_relevant,0.0,0.0,0.0,0.0
1240,LLM,3290,author_relevant,0.0,0.0,0.0,0.0
1241,LLM,3290,author_relevant,0.2857142857142857,0.2666666666666667,-0.5982695885852573,-0.4328296344404727
1242,LLM,3290,author_relevant,0.4285714285714285,0.4233333333333333,0.5941261547656674,0.4322980337672105
1243,LLM,3290,author_relevant,0.14285714285714288,0.1383333333333333,0.35743030252727703,0.21043532521489478
1244,LLM,3290,author_relevant,0.0,0.0,0.0,0.0
1245,LLM,3290,author_relevant,0.14285714285714288,0.15333333333333335,0.410116318288409,0.29279651741561386
1246,LLM,3290,author_relevant,0.4285714285714286,0.455,0.9556998911125343,0.6834605502379665
1247,LLM,3290,author_relevant,0.14285714285714288,0.13833333333333334,0.08463851611521445,0.09229455440274785
1248,LLM,3292,unambiguous,0.0,0.0,0.0,0.0
1249,LLM,3292,unambiguous,0.0,0.0,0.0,0.0
1250,LLM,3292,unambiguous,0.0,0.0,0.0,0.0
1251,LLM,3292,unambiguous,0.0,0.0,0.0,0.0
1252,LLM,3292,unambiguous,0.14285714285714288,0.16333333333333336,0.410116318288409,0.3118919424644583
1253,LLM,3292,unambiguous,0.2857142857142857,0.26500000000000007,0.5982695885852573,0.42646449275752457
1254,LLM,3292,unambiguous,0.0,0.0,0.0,0.0
1255,LLM,3292,unambiguous,0.0,0.0,0.0,0.0
1256,LLM,3292,unambiguous,0.0,0.0,0.0,0.0
1257,LLM,3292,unambiguous,0.14285714285714288,0.17666666666666672,0.410116318288409,0.3373525091962508
1258,LLM,3292,unambiguous,0.0,0.0,0.0,0.0
1259,LLM,3292,unambiguous,0.14285714285714288,0.15333333333333335,0.410116318288409,0.29279651741561386
1260,LLM,3319,author_independent,0.0,0.0,0.0,0.0
1261,LLM,3319,author_independent,0.16666666666666663,0.15833333333333338,0.45056120886630463,0.30234422994003607
1262,LLM,3319,author_independent,0.0,0.0,0.0,0.0
1263,LLM,3319,author_independent,0.14285714285714282,0.13333333333333333,0.18815327029684825,0.15276340039075506
1264,LLM,3319,author_independent,0.14285714285714282,0.1366666666666667,0.18815327029684825,0.17504139628107354
1265,LLM,3319,author_independent,0.2857142857142857,0.29000000000000004,0.2727917864120627,0.2737010923667695
1266,LLM,3319,author_independent,0.14285714285714282,0.15333333333333335,0.38619532188540406,0.26140162878974105
1267,LLM,3319,author_independent,0.14285714285714285,0.23166666666666672,0.0,-0.03182570841474064
1268,LLM,3319,author_independent,0.14285714285714282,0.14,-0.18815327029684825,-0.18777167964696978
1269,LLM,3319,author_independent,0.14285714285714285,0.23666666666666672,0.0,0.04137342093916283
1270,LLM,3319,author_independent,0.14285714285714285,0.2333333333333334,0.0,0.01591285420737032
1271,LLM,3319,author_independent,0.14285714285714285,0.125,0.0,0.0
1272,LLM,3328,unambiguous,0.0,0.0,0.0,0.0
1273,LLM,3328,unambiguous,0.0,0.0,0.0,0.0
1274,LLM,3328,unambiguous,0.0,0.0,0.0,0.0
1275,LLM,3328,unambiguous,0.0,0.0,0.0,0.0
1276,LLM,3328,unambiguous,0.0,0.0,0.0,0.0
1277,LLM,3328,unambiguous,0.0,0.0,0.0,0.0
1278,LLM,3328,unambiguous,0.0,0.0,0.0,0.0
1279,LLM,3328,unambiguous,0.0,0.0,0.0,0.0
1280,LLM,3328,unambiguous,0.0,0.0,0.0,0.0
1281,LLM,3328,unambiguous,0.0,0.0,0.0,0.0
1282,LLM,3328,unambiguous,0.0,0.0,0.0,0.0
1283,LLM,3328,unambiguous,0.0,0.0,0.0,0.0
1284,LLM,3338,author_independent,0.2857142857142857,0.265,-0.18815327029684825,-0.16867625459812538
1285,LLM,3338,author_independent,0.14285714285714288,0.1566666666666667,-0.410116318288409,-0.29916165909856196
1286,LLM,3338,author_independent,0.14285714285714285,0.24333333333333335,0.1980420515885558,0.11997527151388447
1287,LLM,3338,author_independent,0.14285714285714285,0.24500000000000008,0.0,0.0
1288,LLM,3338,author_independent,0.4285714285714285,0.4466666666666667,-0.5455835728241253,-0.3756232588545899
1289,LLM,3338,author_independent,0.4285714285714286,0.44,-0.9556998911125343,-0.6953187533642552
1290,LLM,3338,author_independent,0.2857142857142857,0.405,0.6787646708808818,0.37518199840385
1291,LLM,3338,author_independent,0.14285714285714282,0.23833333333333337,0.38619532188540406,0.25708639770296426
1292,LLM,3338,author_independent,0.4285714285714286,0.445,0.6787646708808818,0.36938318684355326
1293,LLM,3338,author_independent,0.2857142857142857,0.30833333333333335,0.743625624412681,0.5103335542192808
1294,LLM,3338,author_independent,0.5714285714285714,0.5816666666666667,0.04854258194154215,0.03644668961847361
1295,LLM,3338,author_independent,0.42857142857142855,0.4433333333333333,0.5941261547656673,0.3143622321876254
1296,LLM,3339,author_independent,0.0,0.0,0.0,0.0
1297,LLM,3339,author_independent,0.14285714285714288,0.12833333333333333,-0.08463851611521445,-0.08592941271979973
1298,LLM,3339,author_independent,0.14285714285714282,0.15666666666666668,-0.18815327029684825,-0.20050196301286605
1299,LLM,3339,author_independent,0.0,0.19833333333333336,0.0,0.012730283365896256
1300,LLM,3339,author_independent,0.14285714285714288,0.13833333333333336,-0.08463851611521445,-0.09229455440274785
1301,LLM,3339,author_independent,0.14285714285714288,0.1416666666666667,-0.08463851611521445,-0.0795642710368516
1302,LLM,3339,author_independent,0.2857142857142857,0.29333333333333333,0.4059728844688192,0.3075662707158095
1303,LLM,3339,author_independent,0.14285714285714285,0.24666666666666665,0.32133436835360474,0.15981994186826604
1304,LLM,3339,author_independent,0.2857142857142857,0.27666666666666667,0.35743030252727703,0.19452247100752448
1305,LLM,3339,author_independent,0.14285714285714285,0.31,0.2727917864120626,0.15920844163435352
1306,LLM,3339,author_independent,0.14285714285714285,0.22666666666666668,0.2727917864120626,0.12075701153096968
1307,LLM,3339,author_independent,0.4285714285714285,0.4766666666666666,0.32133436835360474,0.2002761124565601
1308,LLM,3344,unambiguous,0.0,0.0,0.0,0.0
1309,LLM,3344,unambiguous,0.14285714285714288,0.1366666666666667,0.410116318288409,0.2609708090008732
1310,LLM,3344,unambiguous,0.0,0.0,0.0,0.0
1311,LLM,3344,unambiguous,0.0,0.0,0.0,0.0
1312,LLM,3344,unambiguous,0.0,0.0,0.0,0.0
1313,LLM,3344,unambiguous,0.0,0.0,0.0,0.0
1314,LLM,3344,unambiguous,0.0,0.0,0.0,0.0
1315,LLM,3344,unambiguous,0.0,0.0,0.0,0.0
1316,LLM,3344,unambiguous,0.0,0.0,0.0,0.0
1317,LLM,3344,unambiguous,0.0,0.0,0.0,0.0
1318,LLM,3344,unambiguous,0.14285714285714288,0.1366666666666667,-0.410116318288409,-0.2609708090008732
1319,LLM,3344,unambiguous,0.14285714285714282,0.14,0.38619532188540406,0.241173543495594
1320,LLM,3348,author_relevant,0.14285714285714288,0.1516666666666667,0.410116318288409,0.28961394657413986
1321,LLM,3348,author_relevant,0.0,0.0,0.0,0.0
1322,LLM,3348,author_relevant,0.0,0.0,0.0,0.0
1323,LLM,3348,author_relevant,0.0,0.0,0.0,0.0
1324,LLM,3348,author_relevant,0.0,0.0,0.0,0.0
1325,LLM,3348,author_relevant,0.2857142857142857,0.295,-0.18815327029684825,-0.17822396712254757
1326,LLM,3348,author_relevant,0.2857142857142857,0.29333333333333333,0.796311640173813,0.5330979806716002
1327,LLM,3348,author_relevant,0.14285714285714282,0.17333333333333337,0.38619532188540395,0.3022087196062525
1328,LLM,3348,author_relevant,0.0,0.0,0.0,0.0
1329,LLM,3348,author_relevant,0.2857142857142857,0.2783333333333334,0.796311640173813,0.5053269233379412
1330,LLM,3348,author_relevant,0.2857142857142857,0.2950000000000001,0.5982695885852573,0.4646553428552133
1331,LLM,3348,author_relevant,0.2857142857142857,0.38,0.0,0.01591285420737032
1332,LLM,3370,author_independent,0.0,0.0,0.0,0.0
1333,LLM,3370,author_independent,0.0,0.0,0.0,0.0
1334,LLM,3370,author_independent,0.0,0.0,0.0,0.0
1335,LLM,3370,author_independent,0.0,0.0,0.0,0.0
1336,LLM,3370,author_independent,0.0,0.0,0.0,0.0
1337,LLM,3370,author_independent,0.0,0.0,0.0,0.0
1338,LLM,3370,author_independent,0.0,0.0,0.0,0.0
1339,LLM,3370,author_independent,0.0,0.0,0.0,0.0
1340,LLM,3370,author_independent,0.0,0.0,0.0,0.0
1341,LLM,3370,author_independent,0.0,0.0,0.0,0.0
1342,LLM,3370,author_independent,0.0,0.0,0.0,0.0
1343,LLM,3370,author_independent,0.0,0.0,0.0,0.0
1344,LLM,3426,unambiguous,0.0,0.0,0.0,0.0
1345,LLM,3426,unambiguous,0.0,0.0,0.0,0.0
1346,LLM,3426,unambiguous,0.0,0.0,0.0,0.0
1347,LLM,3426,unambiguous,0.0,0.0,0.0,0.0
1348,LLM,3426,unambiguous,0.0,0.0,0.0,0.0
1349,LLM,3426,unambiguous,0.0,0.0,0.0,0.0
1350,LLM,3426,unambiguous,0.0,0.0,0.0,0.0
1351,LLM,3426,unambiguous,0.0,0.0,0.0,0.0
1352,LLM,3426,unambiguous,0.0,0.0,0.0,0.0
1353,LLM,3426,unambiguous,0.0,0.0,0.0,0.0
1354,LLM,3426,unambiguous,0.14285714285714288,0.13,0.410116318288409,0.24824052563497698
1355,LLM,3426,unambiguous,0.14285714285714288,0.12666666666666668,0.410116318288409,0.24187538395202884
1356,LLM,3431,unambiguous,0.0,0.0,0.0,0.0
1357,LLM,3431,unambiguous,0.0,0.0,0.0,0.0
1358,LLM,3431,unambiguous,0.0,0.0,0.0,0.0
1359,LLM,3431,unambiguous,0.0,0.0,0.0,0.0
1360,LLM,3431,unambiguous,0.0,0.0,0.0,0.0
1361,LLM,3431,unambiguous,0.0,0.0,0.0,0.0
1362,LLM,3431,unambiguous,0.0,0.0,0.0,0.0
1363,LLM,3431,unambiguous,0.14285714285714288,0.13833333333333336,0.410116318288409,0.2641533798423473
1364,LLM,3431,unambiguous,0.0,0.0,0.0,0.0
1365,LLM,3431,unambiguous,0.0,0.0,0.0,0.0
1366,LLM,3431,unambiguous,0.0,0.0,0.0,0.0
1367,LLM,3431,unambiguous,0.0,0.0,0.0,0.0
1368,LLM,3443,unambiguous,0.14285714285714288,0.14000000000000004,0.410116318288409,0.2673359506838214
1369,LLM,3443,unambiguous,0.0,0.0,0.0,0.0
1370,LLM,3443,unambiguous,0.0,0.0,0.0,0.0
1371,LLM,3443,unambiguous,0.0,0.0,0.0,0.0
1372,LLM,3443,unambiguous,0.0,0.0,0.0,0.0
1373,LLM,3443,unambiguous,0.0,0.0,0.0,0.0
1374,LLM,3443,unambiguous,0.4285714285714286,0.45,0.6829081047004717,0.5664976097823834
1375,LLM,3443,unambiguous,0.2857142857142857,0.27666666666666667,0.2727917864120627,0.27051852152529543
1376,LLM,3443,unambiguous,0.2857142857142857,0.2766666666666667,0.5982695885852573,0.4391947761234208
1377,LLM,3443,unambiguous,0.2857142857142857,0.25500000000000006,0.5982695885852573,0.4264644927575245
1378,LLM,3443,unambiguous,0.4285714285714286,0.45500000000000007,0.6829081047004717,0.547402184733539
1379,LLM,3443,unambiguous,0.7142857142857143,0.74,0.5982695885852573,0.4328296344404727
1380,LLM,3469,unambiguous,0.0,0.0,0.0,0.0
1381,LLM,3469,unambiguous,0.0,0.0,0.0,0.0
1382,LLM,3469,unambiguous,0.0,0.0,0.0,0.0
1383,LLM,3469,unambiguous,0.0,0.0,0.0,0.0
1384,LLM,3469,unambiguous,0.0,0.0,0.0,0.0
1385,LLM,3469,unambiguous,0.0,0.0,0.0,0.0
1386,LLM,3469,unambiguous,0.0,0.0,0.0,0.0
1387,LLM,3469,unambiguous,0.0,0.0,0.0,0.0
1388,LLM,3469,unambiguous,0.0,0.0,0.0,0.0
1389,LLM,3469,unambiguous,0.0,0.0,0.0,0.0
1390,LLM,3469,unambiguous,0.0,0.0,0.0,0.0
1391,LLM,3469,unambiguous,0.0,0.0,0.0,0.0
1392,LLM,3481,author_independent,0.0,0.0,0.0,0.0
1393,LLM,3481,author_independent,0.0,0.0,0.0,0.0
1394,LLM,3481,author_independent,0.14285714285714288,0.15000000000000002,-0.410116318288409,-0.28643137573266575
1395,LLM,3481,author_independent,0.0,0.0,0.0,0.0
1396,LLM,3481,author_independent,0.14285714285714288,0.16333333333333336,0.410116318288409,0.3118919424644583
1397,LLM,3481,author_independent,0.0,0.0,0.0,0.0
1398,LLM,3481,author_independent,0.0,0.0,0.0,0.0
1399,LLM,3481,author_independent,0.0,0.0,0.0,0.0
1400,LLM,3481,author_independent,0.14285714285714288,0.14333333333333337,-0.410116318288409,-0.2737010923667695
1401,LLM,3481,author_independent,0.0,0.0,0.0,0.0
1402,LLM,3481,author_independent,0.0,0.0,0.0,0.0
1403,LLM,3481,author_independent,0.0,0.0,0.0,0.0
1404,LLM,3493,author_independent,0.14285714285714288,0.13500000000000004,0.410116318288409,0.25778823815939916
1405,LLM,3493,author_independent,0.0,0.0,0.0,0.0
1406,LLM,3493,author_independent,0.14285714285714288,0.1366666666666667,-0.410116318288409,-0.2609708090008732
1407,LLM,3493,author_independent,0.14285714285714288,0.13833333333333336,-0.410116318288409,-0.2641533798423473
1408,LLM,3493,author_independent,0.0,0.0,0.0,0.0
1409,LLM,3493,author_independent,0.0,0.0,0.0,0.0
1410,LLM,3493,author_independent,0.14285714285714288,0.15500000000000003,0.410116318288409,0.2959790882570879
1411,LLM,3493,author_independent,0.0,0.0,0.0,0.0
1412,LLM,3493,author_independent,0.14285714285714288,0.14333333333333337,-0.410116318288409,-0.2737010923667695
1413,LLM,3493,author_independent,0.14285714285714288,0.11500000000000002,-0.410116318288409,-0.2195973880617104
1414,LLM,3493,author_independent,0.14285714285714288,0.15333333333333338,0.410116318288409,0.29279651741561386
1415,LLM,3493,author_independent,0.14285714285714288,0.14333333333333337,-0.410116318288409,-0.2737010923667695
1416,LLM,3514,author_independent,0.42857142857142855,0.5116666666666667,-0.6688758895891743,-0.5028357522910301
1417,LLM,3514,author_independent,0.4285714285714286,0.4316666666666667,0.11340353547334137,-0.004190161414865208
1418,LLM,3514,author_independent,0.0,0.0,0.0,0.0
1419,LLM,3514,author_independent,0.14285714285714285,0.2366666666666667,-0.04854258194154215,-0.04337816142407305
1420,LLM,3514,author_independent,0.2857142857142857,0.285,-0.35743030252727703,-0.18933515968114015
1421,LLM,3514,author_independent,0.14285714285714282,0.14333333333333334,-0.38619532188540406,-0.25102700613697243
1422,LLM,3514,author_independent,0.14285714285714285,0.27,-0.12329231676504904,-0.12398475248370494
1423,LLM,3514,author_independent,0.2857142857142857,0.275,0.2727917864120626,0.10946513852733233
1424,LLM,3514,author_independent,0.4285714285714286,0.3933333333333333,0.35743030252727703,0.19657238160369586
1425,LLM,3514,author_independent,0.14285714285714285,0.1433333333333333,-0.04854258194154215,-0.04712706238819844
1426,LLM,3514,author_independent,0.0,0.35666666666666663,0.0,0.001177830356563836
1427,LLM,3514,author_independent,0.0,0.0,0.0,0.0
1428,LLM,3528,author_relevant,0.42857142857142855,0.4266666666666667,0.9556998911125343,0.6533790023024408
1429,LLM,3528,author_relevant,0.2857142857142857,0.2633333333333334,0.7963116401738131,0.48540458816075044
1430,LLM,3528,author_relevant,0.3333333333333333,0.3216666666666667,0.8675632284814612,0.5802250430597986
1431,LLM,3528,author_relevant,0.3333333333333333,0.385,0.18595295942850815,0.20686710469581412
1432,LLM,3528,author_relevant,0.0,0.0,0.0,0.0
1433,LLM,3528,author_relevant,0.14285714285714285,0.2516666666666667,0.1980420515885558,0.09882993586886867
1434,LLM,3528,author_relevant,0.0,0.0,0.0,0.0
1435,LLM,3528,author_relevant,0.0,0.0,0.0,0.0
1436,LLM,3528,author_relevant,0.0,0.0,0.0,0.0
1437,LLM,3528,author_relevant,0.16666666666666663,0.16333333333333336,-0.45056120886630463,-0.3118919424644583
1438,LLM,3528,author_relevant,0.0,0.0,0.0,0.0
1439,LLM,3528,author_relevant,0.14285714285714282,0.13333333333333333,-0.18815327029684825,-0.15594597123222914
1440,LLM,3538,author_relevant,0.14285714285714282,0.14833333333333334,0.38619532188540406,0.2553422372237491
1441,LLM,3538,author_relevant,0.14285714285714288,0.13833333333333336,0.410116318288409,0.2641533798423473
1442,LLM,3538,author_relevant,0.4285714285714285,0.4016666666666667,0.2727917864120627,0.3214396549888805
1443,LLM,3538,author_relevant,0.0,0.0,0.0,0.0
1444,LLM,3538,author_relevant,0.2857142857142857,0.295,0.5455835728241253,0.4138141089522786
1445,LLM,3538,author_relevant,0.14285714285714288,0.13833333333333336,0.410116318288409,0.2641533798423473
1446,LLM,3538,author_relevant,0.14285714285714282,0.15333333333333335,0.18815327029684825,0.17822396712254757
1447,LLM,3538,author_relevant,0.14285714285714288,0.1316666666666667,0.410116318288409,0.25142309647645106
1448,LLM,3538,author_relevant,0.14285714285714282,0.145,0.38619532188540406,0.25595373745766165
1449,LLM,3538,author_relevant,0.2857142857142857,0.4,0.5455835728241253,0.4074489672693305
1450,LLM,3538,author_relevant,0.5714285714285714,0.5666666666666668,0.2727917864120627,0.299161659098562
1451,LLM,3538,author_relevant,0.5714285714285714,0.5666666666666668,0.6829081047004717,0.5060287637943762
1452,LLM,3579,author_relevant,0.5,0.5016666666666667,-0.5608430558410471,-0.4637728219537337
1453,LLM,3579,author_relevant,0.42857142857142855,0.505,0.0,0.0
1454,LLM,3579,author_relevant,0.5714285714285714,0.71,-0.32133436835360474,-0.15894786162865843
1455,LLM,3579,author_relevant,0.49999999999999994,0.6,-0.3182570841474063,-0.15659220091553078
1456,LLM,3579,author_relevant,0.4285714285714286,0.41666666666666674,-0.11340353547334137,0.07703837054055124
1457,LLM,3579,author_relevant,0.4285714285714285,0.45333333333333337,0.2727917864120627,0.24824052563497698
1458,LLM,3579,author_relevant,0.16666666666666669,0.30333333333333334,0.0,0.020228085294147033
1459,LLM,3579,author_relevant,0.49999999999999994,0.4933333333333333,0.2310490601866484,0.0534018638486242
1460,LLM,3579,author_relevant,0.16666666666666666,0.145,0.2310490601866484,0.06469373685226155
1461,LLM,3579,author_relevant,0.33333333333333337,0.31666666666666665,0.2310490601866484,0.07737885010689662
1462,LLM,3579,author_relevant,0.5714285714285714,0.6,0.48072261929232596,0.35125018225683874
1463,LLM,3579,author_relevant,0.5714285714285714,0.55,0.86691794117773,0.6112134006843208
1464,LLM,3618,author_relevant,0.14285714285714288,0.12833333333333335,0.410116318288409,0.2450579547935029
1465,LLM,3618,author_relevant,0.0,0.0,0.0,0.0
1466,LLM,3618,author_relevant,0.0,0.0,0.0,0.0
1467,LLM,3618,author_relevant,0.0,0.0,0.0,0.0
1468,LLM,3618,author_relevant,0.14285714285714288,0.13166666666666668,0.410116318288409,0.25142309647645106
1469,LLM,3618,author_relevant,0.14285714285714288,0.15833333333333338,-0.410116318288409,-0.30234422994003607
1470,LLM,3618,author_relevant,0.7142857142857143,0.7166666666666667,0.5982695885852573,0.4519250594893171
1471,LLM,3618,author_relevant,0.7142857142857143,0.71,0.5982695885852573,0.4582902011722652
1472,LLM,3618,author_relevant,0.7142857142857143,0.7116666666666667,0.5982695885852573,0.44555991780636894
1473,LLM,3618,author_relevant,0.4285714285714286,0.46333333333333343,0.6829081047004717,0.5569498972579612
1474,LLM,3618,author_relevant,0.8571428571428572,0.85,0.410116318288409,0.28643137573266575
1475,LLM,3618,author_relevant,0.5714285714285714,0.5933333333333334,0.18815327029684825,0.20686710469581412
1476,LLM,3620,unambiguous,0.2857142857142857,0.2850000000000001,0.5982695885852573,0.4710204845381615
1477,LLM,3620,unambiguous,0.14285714285714288,0.12833333333333335,0.410116318288409,0.2450579547935029
1478,LLM,3620,unambiguous,0.14285714285714282,0.1616666666666667,0.18815327029684825,0.19731939217139197
1479,LLM,3620,unambiguous,0.0,0.18833333333333338,0.0,0.035008279256214705
1480,LLM,3620,unambiguous,0.2857142857142857,0.31000000000000005,0.08463851611521445,0.0795642710368516
1481,LLM,3620,unambiguous,0.2857142857142857,0.3066666666666667,0.5982695885852573,0.4742030553796356
1482,LLM,3620,unambiguous,0.7142857142857142,0.6966666666666668,0.9556998911125343,0.6742185878305006
1483,LLM,3620,unambiguous,0.7142857142857143,0.6950000000000002,0.5982695885852573,0.4901159095870058
1484,LLM,3620,unambiguous,0.857142857142857,0.8516666666666666,0.0,0.01591285420737032
1485,LLM,3620,unambiguous,0.42857142857142855,0.425,0.5941261547656674,0.4578037706102641
1486,LLM,3620,unambiguous,0.8571428571428571,0.86,-0.18815327029684825,-0.1845891088054957
1487,LLM,3620,unambiguous,0.7142857142857143,0.7083333333333333,0.9556998911125343,0.66872552638716
1488,LLM,3639,author_independent,0.0,0.0,0.0,0.0
1489,LLM,3639,author_independent,0.0,0.0,0.0,0.0
1490,LLM,3639,author_independent,0.2,0.20666666666666664,-0.27725887222397816,-0.15942385152878738
1491,LLM,3639,author_independent,0.49999999999999994,0.49,-0.2310490601866484,-0.10366632696703551
1492,LLM,3639,author_independent,0.19999999999999998,0.2966666666666667,-0.38190850097688767,-0.28663634496522755
1493,LLM,3639,author_independent,0.2857142857142857,0.3366666666666667,0.2727917864120626,0.12132334165362099
1494,LLM,3639,author_independent,0.16666666666666663,0.15333333333333332,0.3748900964125388,0.2110016553375461
1495,LLM,3639,author_independent,0.3333333333333333,0.35166666666666674,0.3748900964125388,0.2641429391804752
1496,LLM,3639,author_independent,0.0,0.0,0.0,0.0
1497,LLM,3639,author_independent,0.0,0.0,0.0,0.0
1498,LLM,3639,author_independent,0.4,0.4066666666666666,0.0,0.01155245300933242
1499,LLM,3639,author_independent,0.5714285714285714,0.625,0.8669179411777299,0.42875410203564684
1500,LLM,3641,author_relevant,0.0,0.0,0.0,0.0
1501,LLM,3641,author_relevant,0.2857142857142857,0.30000000000000004,0.5982695885852573,0.4582902011722652
1502,LLM,3641,author_relevant,0.14285714285714288,0.14500000000000005,0.410116318288409,0.2768836632082436
1503,LLM,3641,author_relevant,0.0,0.0,0.0,0.0
1504,LLM,3641,author_relevant,0.0,0.0,0.0,0.0
1505,LLM,3641,author_relevant,0.14285714285714288,0.15833333333333338,0.410116318288409,0.30234422994003607
1506,LLM,3641,author_relevant,0.8571428571428572,0.855,0.410116318288409,0.2768836632082436
1507,LLM,3641,author_relevant,0.5714285714285714,0.5566666666666668,0.6829081047004717,0.5346719013676428
1508,LLM,3641,author_relevant,0.7142857142857143,0.6966666666666665,0.5982695885852573,0.4710204845381615
1509,LLM,3641,author_relevant,0.7142857142857143,0.7066666666666667,0.5982695885852573,0.45510763033079116
1510,LLM,3641,author_relevant,1.0,1.0,0.0,0.0
1511,LLM,3641,author_relevant,0.5714285714285714,0.5733333333333335,1.0042424730540764,0.7592307501994315
1512,LLM,3645,author_independent,0.14285714285714285,0.1383333333333333,0.0,0.03182570841474064
1513,LLM,3645,author_independent,0.14285714285714288,0.13333333333333333,-0.08463851611521445,-0.09229455440274785
1514,LLM,3645,author_independent,0.0,0.0,0.0,0.0
1515,LLM,3645,author_independent,0.14285714285714288,0.15166666666666667,0.08463851611521445,0.11138997945159224
1516,LLM,3645,author_independent,0.14285714285714288,0.15,0.08463851611521445,0.08592941271979973
1517,LLM,3645,author_independent,0.14285714285714285,0.13333333333333333,0.0,-0.028643137573266576
1518,LLM,3645,author_independent,0.14285714285714288,0.16666666666666669,-0.08463851611521445,-0.12730283365896256
1519,LLM,3645,author_independent,0.14285714285714288,0.1366666666666667,-0.08463851611521445,-0.08274684187832566
1520,LLM,3645,author_independent,0.14285714285714288,0.14166666666666666,-0.08463851611521445,-0.10184226692717005
1521,LLM,3645,author_independent,0.0,0.0,0.0,0.0
1522,LLM,3645,author_independent,0.14285714285714288,0.15166666666666667,0.08463851611521445,0.08274684187832566
1523,LLM,3645,author_independent,0.14285714285714285,0.23,0.0,0.019095425048844383
1524,LLM,3649,author_independent,0.14285714285714288,0.12666666666666668,-0.410116318288409,-0.24187538395202884
1525,LLM,3649,author_independent,0.14285714285714282,0.14333333333333334,0.18815327029684825,0.1845891088054957
1526,LLM,3649,author_independent,0.14285714285714282,0.16333333333333336,-0.18815327029684825,-0.21641481722023634
1527,LLM,3649,author_independent,0.0,0.0,0.0,0.0
1528,LLM,3649,author_independent,0.14285714285714288,0.17500000000000004,-0.410116318288409,-0.3341699383547767
1529,LLM,3649,author_independent,0.0,0.0,0.0,0.0
1530,LLM,3649,author_independent,0.14285714285714288,0.15333333333333338,-0.410116318288409,-0.29279651741561386
1531,LLM,3649,author_independent,0.14285714285714288,0.13500000000000004,-0.410116318288409,-0.25778823815939916
1532,LLM,3649,author_independent,0.14285714285714282,0.16833333333333336,-0.18815327029684825,-0.21323224637876229
1533,LLM,3649,author_independent,0.2857142857142857,0.26833333333333337,-0.5982695885852573,-0.42646449275752457
1534,LLM,3649,author_independent,0.14285714285714288,0.16500000000000004,-0.410116318288409,-0.3150745133059323
1535,LLM,3649,author_independent,0.2857142857142857,0.2750000000000001,-0.5982695885852573,-0.4519250594893171
1536,LLM,3833,author_independent,0.0,0.0,0.0,0.0
1537,LLM,3833,author_independent,0.3333333333333333,0.30500000000000005,-0.8675632284814612,-0.5518876556034884
1538,LLM,3833,author_independent,0.0,0.20000000000000007,0.0,-0.012730283365896256
1539,LLM,3833,author_independent,0.14285714285714288,0.13333333333333336,-0.410116318288409,-0.2546056673179251
1540,LLM,3833,author_independent,0.2857142857142857,0.42833333333333334,0.743625624412681,0.5204475968663543
1541,LLM,3833,author_independent,0.2857142857142857,0.2966666666666667,-0.5982695885852573,-0.48693333874553174
1542,LLM,3833,author_independent,0.14285714285714282,0.13333333333333336,0.38619532188540406,0.23541990204655833
1543,LLM,3833,author_independent,0.16666666666666669,0.16500000000000004,-0.41700201961515654,-0.2836796246800594
1544,LLM,3833,author_independent,0.20000000000000004,0.19833333333333336,0.17260924347106865,0.2100496755372882
1545,LLM,3833,author_independent,0.14285714285714282,0.12833333333333333,0.18815327029684825,0.17185882543959946
1546,LLM,3833,author_independent,0.14285714285714282,0.275,0.18815327029684825,0.1591285420737032
1547,LLM,3833,author_independent,0.2857142857142857,0.29333333333333333,0.5554723541158327,0.3017674591555127
1548,LLM,3857,unambiguous,0.0,0.0,0.0,0.0
1549,LLM,3857,unambiguous,0.0,0.0,0.0,0.0
1550,LLM,3857,unambiguous,0.0,0.0,0.0,0.0
1551,LLM,3857,unambiguous,0.2857142857142857,0.31833333333333336,-0.15938825093872122,-0.17843937701698145
1552,LLM,3857,unambiguous,0.0,0.0,0.0,0.0
1553,LLM,3857,unambiguous,0.0,0.0,0.0,0.0
1554,LLM,3857,unambiguous,0.0,0.0,0.0,0.0
1555,LLM,3857,unambiguous,0.2857142857142857,0.2833333333333334,0.5455835728241253,0.38953137257704995
1556,LLM,3857,unambiguous,0.0,0.20333333333333337,0.0,0.014213863839416347
1557,LLM,3857,unambiguous,0.2857142857142857,0.38166666666666665,0.0,0.01242453324894
1558,LLM,3857,unambiguous,0.0,0.0,0.0,0.0
1559,LLM,3857,unambiguous,0.14285714285714282,0.12333333333333335,0.38619532188540406,0.21981279795614428
1560,LLM,3864,author_independent,0.2857142857142857,0.41833333333333333,0.1980420515885557,0.07768460022385287
1561,LLM,3864,author_independent,0.0,0.34166666666666673,0.0,0.04455599178063689
1562,LLM,3864,author_independent,0.42857142857142855,0.44666666666666666,0.12329231676504904,0.06879355804460438
1563,LLM,3864,author_independent,0.14285714285714285,0.35,0.1980420515885557,0.05170287348067022
1564,LLM,3864,author_independent,0.14285714285714285,0.33,0.1980420515885557,0.031474788186523196
1565,LLM,3864,author_independent,0.2857142857142857,0.30833333333333335,0.1980420515885557,0.06499948696921781
1566,LLM,3864,author_independent,0.14285714285714285,0.16333333333333333,-0.32133436835360474,-0.20576917389990063
1567,LLM,3864,author_independent,0.42857142857142855,0.46833333333333327,-0.07474973482350666,0.04917697298436987
1568,LLM,3864,author_independent,0.2857142857142857,0.3666666666666667,-0.07474973482350666,0.03710335996364731
1569,LLM,3864,author_independent,0.2857142857142857,0.33666666666666667,-0.32133436835360474,-0.1831854278926259
1570,LLM,3864,author_independent,0.14285714285714285,0.28,0.0,0.003748900964125388
1571,LLM,3864,author_independent,0.14285714285714285,0.14666666666666667,0.0,-0.020533835411103287
1572,LLM,3936,author_independent,0.857142857142857,0.8483333333333332,0.5455835728241253,0.4563653602480053
1573,LLM,3936,author_independent,1.0,1.0,0.18815327029684825,0.19731939217139197
1574,LLM,3936,author_independent,0.6666666666666666,0.67,0.462098120373297,0.36763902636433804
1575,LLM,3936,author_independent,0.857142857142857,0.8883333333333332,-0.15938825093872133,-0.19430706111309057
1576,LLM,3936,author_independent,0.7142857142857142,0.7133333333333334,-0.6688758895891743,-0.538410361669896
1577,LLM,3936,author_independent,1.0,1.0,0.0,0.019095425048844383
1578,LLM,3936,author_independent,0.8571428571428572,0.85,-0.410116318288409,-0.28643137573266575
1579,LLM,3936,author_independent,0.857142857142857,0.8566666666666666,0.0,-0.009547712524422191
1580,LLM,3936,author_independent,0.8333333333333334,0.8583333333333333,-0.8675632284814612,-0.6126170815971906
1581,LLM,3936,author_independent,0.7142857142857142,0.7366666666666666,-0.9556998911125343,-0.6320182567629913
1582,LLM,3936,author_independent,0.4285714285714285,0.5066666666666666,-0.6688758895891743,-0.5054971631211139
1583,LLM,3936,author_independent,0.4285714285714285,0.475,-0.2727917864120627,-0.25142309647645106
1584,LLM,3937,unambiguous,0.2857142857142857,0.275,-0.3960841031771116,-0.2175822069149281
1585,LLM,3937,unambiguous,0.2857142857142857,0.30333333333333334,-0.3960841031771116,-0.2447417640146746
1586,LLM,3937,unambiguous,0.2857142857142857,0.4133333333333333,-0.2727917864120626,-0.13867460622325023
1587,LLM,3937,unambiguous,0.3333333333333333,0.425,-0.6931471805599452,-0.4658574619992942
1588,LLM,3937,unambiguous,0.14285714285714285,0.165,0.0,-0.006365141682948128
1589,LLM,3937,unambiguous,0.0,0.0,0.0,0.0
1590,LLM,3937,unambiguous,0.2857142857142857,0.395,-0.48072261929232607,-0.2948811574611744
1591,LLM,3937,unambiguous,0.2857142857142857,0.38333333333333336,-0.3960841031771116,-0.19412638066804583
1592,LLM,3937,unambiguous,0.42857142857142855,0.5533333333333332,-0.32133436835360474,-0.1803086071681081
1593,LLM,3937,unambiguous,0.49999999999999994,0.5516666666666667,-0.4620981203732968,-0.31305933215915005
1594,LLM,3937,unambiguous,0.14285714285714285,0.15166666666666667,0.0,-0.003182570841474064
1595,LLM,3937,unambiguous,0.2857142857142857,0.2966666666666667,-0.2727917864120627,-0.2737010923667695
1596,LLM,3942,unambiguous,0.2857142857142857,0.26833333333333337,-0.7963116401738131,-0.48971981924752717
1597,LLM,3942,unambiguous,0.2857142857142857,0.3016666666666667,-0.7963116401738131,-0.5472666743997554
1598,LLM,3942,unambiguous,0.0,0.0,0.0,0.0
1599,LLM,3942,unambiguous,0.0,0.18333333333333335,0.0,0.003748900964125388
1600,LLM,3942,unambiguous,0.0,0.0,0.0,0.0
1601,LLM,3942,unambiguous,0.14285714285714282,0.14666666666666667,0.18815327029684825,0.19731939217139197
1602,LLM,3942,unambiguous,0.14285714285714282,0.2850000000000001,-0.38619532188540406,-0.20359419363181772
1603,LLM,3942,unambiguous,0.2857142857142857,0.30000000000000004,-0.7963116401738131,-0.5449561837978889
1604,LLM,3942,unambiguous,0.16666666666666666,0.16833333333333333,0.2310490601866484,0.0854881522690599
1605,LLM,3942,unambiguous,0.4285714285714285,0.43166666666666664,-0.15938825093872122,-0.1480520789644997
1606,LLM,3942,unambiguous,0.0,0.0,0.0,0.0
1607,LLM,3942,unambiguous,0.0,0.0,0.0,0.0
1608,LLM,3964,author_independent,0.14285714285714288,0.14833333333333334,0.410116318288409,0.28324880489119164
1609,LLM,3964,author_independent,0.0,0.0,0.0,0.0
1610,LLM,3964,author_independent,0.14285714285714288,0.14500000000000002,0.410116318288409,0.2768836632082436
1611,LLM,3964,author_independent,0.0,0.0,0.0,0.0
1612,LLM,3964,author_independent,0.0,0.0,0.0,0.0
1613,LLM,3964,author_independent,0.0,0.0,0.0,0.0
1614,LLM,3964,author_independent,0.14285714285714288,0.12666666666666668,0.410116318288409,0.24187538395202884
1615,LLM,3964,author_independent,0.0,0.0,0.0,0.0
1616,LLM,3964,author_independent,0.0,0.0,0.0,0.0
1617,LLM,3964,author_independent,0.0,0.0,0.0,0.0
1618,LLM,3964,author_independent,0.0,0.0,0.0,0.0
1619,LLM,3964,author_independent,0.0,0.0,0.0,0.0
1620,LLM,3966,unambiguous,0.16666666666666669,0.1716666666666667,-0.18595295942850815,-0.1591285420737032
1621,LLM,3966,unambiguous,0.0,0.0,0.0,0.0
1622,LLM,3966,unambiguous,0.0,0.2133333333333334,0.0,0.0
1623,LLM,3966,unambiguous,0.14285714285714282,0.14,-0.18815327029684825,-0.19731939217139197
1624,LLM,3966,unambiguous,0.2857142857142857,0.29,-0.08463851611521445,-0.06046884598800721
1625,LLM,3966,unambiguous,0.14285714285714285,0.12666666666666665,0.2727917864120626,0.09965684599721505
1626,LLM,3966,unambiguous,0.3333333333333333,0.33333333333333337,0.0,-0.003182570841474064
1627,LLM,3966,unambiguous,0.4285714285714286,0.4216666666666667,0.0,0.054103704305059085
1628,LLM,3966,unambiguous,0.4,0.38666666666666666,0.17260924347106865,0.21641481722023634
1629,LLM,3966,unambiguous,0.2857142857142857,0.295,0.08463851611521445,0.13685054618338474
1630,LLM,3966,unambiguous,0.0,0.0,0.0,0.0
1631,LLM,3966,unambiguous,0.4285714285714286,0.4266666666666667,0.11340353547334137,0.02563080651496521
1632,LLM,3975,author_relevant,0.7142857142857143,0.7083333333333335,-0.5982695885852573,-0.4582902011722652
1633,LLM,3975,author_relevant,0.4285714285714286,0.41166666666666674,0.0,0.04455599178063689
1634,LLM,3975,author_relevant,0.5714285714285714,0.5516666666666667,-0.5455835728241253,-0.4062711369127666
1635,LLM,3975,author_relevant,0.5714285714285714,0.5533333333333333,0.1980420515885557,0.03574484916203872
1636,LLM,3975,author_relevant,0.42857142857142855,0.4266666666666667,-0.2727917864120627,-0.3118919424644583
1637,LLM,3975,author_relevant,0.4285714285714286,0.4216666666666667,0.0,-0.035008279256214705
1638,LLM,3975,author_relevant,0.4285714285714286,0.4816666666666667,0.48072261929232607,0.36977927718303183
1639,LLM,3975,author_relevant,0.2857142857142857,0.2816666666666667,0.35743030252727703,0.23122974063169316
1640,LLM,3975,author_relevant,0.14285714285714285,0.17,0.0,0.013862943611198903
1641,LLM,3975,author_relevant,0.2857142857142857,0.37,0.48072261929232607,0.34920027166066747
1642,LLM,3975,author_relevant,0.2857142857142857,0.3783333333333333,0.2727917864120626,0.11351978960841397
1643,LLM,3975,author_relevant,0.4285714285714286,0.47,0.48072261929232607,0.29827913819708235
1644,LLM,4117,author_independent,0.0,0.0,0.0,0.0
1645,LLM,4117,author_independent,0.0,0.0,0.0,0.0
1646,LLM,4117,author_independent,0.0,0.0,0.0,0.0
1647,LLM,4117,author_independent,0.0,0.0,0.0,0.0
1648,LLM,4117,author_independent,0.0,0.0,0.0,0.0
1649,LLM,4117,author_independent,0.14285714285714288,0.1616666666666667,-0.410116318288409,-0.3087093716229842
1650,LLM,4117,author_independent,0.14285714285714288,0.15333333333333335,0.410116318288409,0.29279651741561386
1651,LLM,4117,author_independent,0.14285714285714288,0.14000000000000004,0.410116318288409,0.2673359506838214
1652,LLM,4117,author_independent,0.0,0.0,0.0,0.0
1653,LLM,4117,author_independent,0.14285714285714288,0.1466666666666667,0.410116318288409,0.28006623404971764
1654,LLM,4117,author_independent,0.2857142857142857,0.2833333333333334,0.7963116401738131,0.5166187963415786
1655,LLM,4117,author_independent,0.0,0.0,0.0,0.0
1656,LLM,4146,unambiguous,0.14285714285714285,0.14,-0.32133436835360474,-0.17281080523985737
1657,LLM,4146,unambiguous,0.2857142857142857,0.29833333333333334,-0.2727917864120626,-0.13174313441765076
1658,LLM,4146,unambiguous,0.0,0.0,0.0,0.0
1659,LLM,4146,unambiguous,0.0,0.0,0.0,0.0
1660,LLM,4146,unambiguous,0.14285714285714288,0.12166666666666666,0.08463851611521445,0.07001655851242941
1661,LLM,4146,unambiguous,0.0,0.0,0.0,0.0
1662,LLM,4146,unambiguous,0.0,0.0,0.0,0.0
1663,LLM,4146,unambiguous,0.14285714285714288,0.15333333333333335,-0.15938825093872122,-0.1555950510040117
1664,LLM,4146,unambiguous,0.14285714285714285,0.14,0.0,-0.003182570841474064
1665,LLM,4146,unambiguous,0.14285714285714285,0.13166666666666665,0.0,0.006365141682948128
1666,LLM,4146,unambiguous,0.14285714285714288,0.15166666666666667,0.08463851611521445,0.08911198356127378
1667,LLM,4146,unambiguous,0.14285714285714288,0.13666666666666666,0.08463851611521445,0.09229455440274785
1668,LLM,4150,unambiguous,0.14285714285714282,0.125,-0.18815327029684825,-0.15276340039075506
1669,LLM,4150,unambiguous,0.0,0.0,0.0,0.0
1670,LLM,4150,unambiguous,0.14285714285714285,0.135,0.1980420515885557,0.0577622650466621
1671,LLM,4150,unambiguous,0.0,0.0,0.0,0.0
1672,LLM,4150,unambiguous,0.2857142857142857,0.2900000000000001,0.5982695885852573,0.4646553428552133
1673,LLM,4150,unambiguous,0.14285714285714282,0.13833333333333334,0.18815327029684825,0.17822396712254757
1674,LLM,4150,unambiguous,0.14285714285714288,0.16166666666666668,0.08463851611521445,0.09229455440274785
1675,LLM,4150,unambiguous,0.2857142857142857,0.2666666666666667,0.2727917864120627,0.28643137573266575
1676,LLM,4150,unambiguous,0.14285714285714288,0.14500000000000002,0.08463851611521445,0.08911198356127378
1677,LLM,4150,unambiguous,0.0,0.0,0.0,0.0
1678,LLM,4150,unambiguous,0.4285714285714286,0.4366666666666667,0.6829081047004717,0.5219416180017464
1679,LLM,4150,unambiguous,0.42857142857142855,0.41833333333333345,0.2727917864120627,0.2291451005861326
1680,LLM,4387,author_independent,0.14285714285714285,0.135,0.0,0.003182570841474064
1681,LLM,4387,author_independent,0.14285714285714288,0.15166666666666667,0.08463851611521445,0.06046884598800721
1682,LLM,4387,author_independent,0.0,0.19,0.0,-0.009547712524422191
1683,LLM,4387,author_independent,0.14285714285714288,0.12833333333333333,-0.08463851611521445,-0.06365141682948128
1684,LLM,4387,author_independent,0.42857142857142855,0.425,-0.5941261547656674,-0.4476445578519295
1685,LLM,4387,author_independent,0.14285714285714285,0.16333333333333333,-0.2727917864120626,-0.1476108185137599
1686,LLM,4387,author_independent,0.2857142857142857,0.3566666666666667,-0.08463851611521445,-0.11138997945159224
1687,LLM,4387,author_independent,0.14285714285714288,0.16666666666666669,0.08463851611521445,0.10820740861011817
1688,LLM,4387,author_independent,0.14285714285714282,0.16333333333333336,-0.18815327029684825,-0.21641481722023634
1689,LLM,4387,author_independent,0.0,0.18,0.0,-0.01591285420737032
1690,LLM,4387,author_independent,0.2857142857142857,0.2766666666666667,-0.20793083288026348,-0.2067315943620306
1691,LLM,4387,author_independent,0.14285714285714285,0.2516666666666667,0.19804205158855592,0.07537410962198639
1692,LLM,4410,author_independent,0.0,0.0,0.0,0.0
1693,LLM,4410,author_independent,0.0,0.19833333333333336,0.0,0.01591285420737032
1694,LLM,4410,author_independent,0.14285714285714288,0.1516666666666667,0.410116318288409,0.28961394657413986
1695,LLM,4410,author_independent,0.14285714285714285,0.13,0.0,0.012730283365896256
1696,LLM,4410,author_independent,0.0,0.0,0.0,0.0
1697,LLM,4410,author_independent,0.0,0.0,0.0,0.0
1698,LLM,4410,author_independent,0.2857142857142857,0.26333333333333336,-0.2727917864120627,-0.2737010923667695
1699,LLM,4410,author_independent,0.14285714285714288,0.1416666666666667,0.08463851611521445,0.09865969608569598
1700,LLM,4410,author_independent,0.2857142857142857,0.30833333333333335,0.5982695885852573,0.47738562622110964
1701,LLM,4410,author_independent,0.14285714285714285,0.13833333333333334,0.0,0.028643137573266576
1702,LLM,4410,author_independent,0.2857142857142857,0.28666666666666674,0.5982695885852573,0.45510763033079116
1703,LLM,4410,author_independent,0.14285714285714288,0.13166666666666668,-0.410116318288409,-0.25142309647645106
1704,LLM,4431,unambiguous,0.0,0.0,0.0,0.0
1705,LLM,4431,unambiguous,0.0,0.0,0.0,0.0
1706,LLM,4431,unambiguous,0.14285714285714288,0.1666666666666667,0.410116318288409,0.3182570841474064
1707,LLM,4431,unambiguous,0.0,0.0,0.0,0.0
1708,LLM,4431,unambiguous,0.0,0.0,0.0,0.0
1709,LLM,4431,unambiguous,0.0,0.0,0.0,0.0
1710,LLM,4431,unambiguous,0.0,0.0,0.0,0.0
1711,LLM,4431,unambiguous,0.0,0.0,0.0,0.0
1712,LLM,4431,unambiguous,0.14285714285714288,0.16,0.410116318288409,0.3055268007815101
1713,LLM,4431,unambiguous,0.14285714285714288,0.14000000000000004,0.410116318288409,0.2673359506838214
1714,LLM,4431,unambiguous,0.0,0.0,0.0,0.0
1715,LLM,4431,unambiguous,0.0,0.0,0.0,0.0
1716,LLM,4454,unambiguous,0.0,0.0,0.0,0.0
1717,LLM,4454,unambiguous,0.0,0.0,0.0,0.0
1718,LLM,4454,unambiguous,0.0,0.0,0.0,0.0
1719,LLM,4454,unambiguous,0.0,0.0,0.0,0.0
1720,LLM,4454,unambiguous,0.0,0.0,0.0,0.0
1721,LLM,4454,unambiguous,0.0,0.0,0.0,0.0
1722,LLM,4454,unambiguous,0.0,0.0,0.0,0.0
1723,LLM,4454,unambiguous,0.0,0.0,0.0,0.0
1724,LLM,4454,unambiguous,0.0,0.0,0.0,0.0
1725,LLM,4454,unambiguous,0.0,0.0,0.0,0.0
1726,LLM,4454,unambiguous,0.0,0.0,0.0,0.0
1727,LLM,4454,unambiguous,0.0,0.0,0.0,0.0
1728,LLM,4490,unambiguous,0.0,0.0,0.0,0.0
1729,LLM,4490,unambiguous,0.0,0.0,0.0,0.0
1730,LLM,4490,unambiguous,0.0,0.0,0.0,0.0
1731,LLM,4490,unambiguous,0.0,0.0,0.0,0.0
1732,LLM,4490,unambiguous,0.0,0.0,0.0,0.0
1733,LLM,4490,unambiguous,0.0,0.0,0.0,0.0
1734,LLM,4490,unambiguous,0.14285714285714288,0.13833333333333336,0.410116318288409,0.2641533798423473
1735,LLM,4490,unambiguous,0.0,0.0,0.0,0.0
1736,LLM,4490,unambiguous,0.0,0.0,0.0,0.0
1737,LLM,4490,unambiguous,0.0,0.0,0.0,0.0
1738,LLM,4490,unambiguous,0.0,0.0,0.0,0.0
1739,LLM,4490,unambiguous,0.14285714285714288,0.1416666666666667,-0.410116318288409,-0.27051852152529543
1740,LLM,4497,unambiguous,0.2857142857142857,0.3,-0.18815327029684825,-0.19413682132991789
1741,LLM,4497,unambiguous,0.2857142857142857,0.29000000000000004,-0.7963116401738131,-0.5276049192282596
1742,LLM,4497,unambiguous,0.14285714285714288,0.13000000000000003,-0.410116318288409,-0.24824052563497698
1743,LLM,4497,unambiguous,0.14285714285714288,0.13,-0.410116318288409,-0.24824052563497698
1744,LLM,4497,unambiguous,0.14285714285714288,0.13833333333333336,-0.410116318288409,-0.2641533798423473
1745,LLM,4497,unambiguous,0.14285714285714288,0.15000000000000005,-0.410116318288409,-0.2864313757326658
1746,LLM,4497,unambiguous,0.7142857142857142,0.7733333333333334,0.1980420515885558,0.022753985790447392
1747,LLM,4497,unambiguous,0.8571428571428571,0.8583333333333333,-0.38619532188540406,-0.284551704919667
1748,LLM,4497,unambiguous,0.857142857142857,0.86,0.0,0.009547712524422191
1749,LLM,4497,unambiguous,0.857142857142857,0.8716666666666666,0.0,-0.05728627514653315
1750,LLM,4497,unambiguous,0.857142857142857,0.855,0.0,-0.025460566731792512
1751,LLM,4497,unambiguous,0.8571428571428571,0.9433333333333332,0.0,0.0
1752,LLM,4510,author_independent,0.4,0.385,0.27725887222397816,0.13169796430638958
1753,LLM,4510,author_independent,0.4285714285714285,0.5516666666666667,0.07474973482350689,0.04594923203163461
1754,LLM,4510,author_independent,0.4,0.38,-0.6591673732008658,-0.35821638351182733
1755,LLM,4510,author_independent,0.3333333333333333,0.32166666666666666,0.23104906018664817,0.10628256768585825
1756,LLM,4510,author_independent,0.0,0.2033333333333333,0.0,-0.027725887222397806
1757,LLM,4510,author_independent,0.3333333333333333,0.32,0.0,-0.009241962407465935
1758,LLM,4510,author_independent,0.6666666666666666,0.665,0.5493061443340546,0.2634410987240403
1759,LLM,4510,author_independent,0.2857142857142857,0.38,0.07474973482350689,0.10807189827633462
1760,LLM,4510,author_independent,0.0,0.0,0.0,0.0
1761,LLM,4510,author_independent,0.2857142857142857,0.285,0.0,-0.023104906018664842
1762,LLM,4510,author_independent,0.16666666666666666,0.27166666666666667,0.0,-0.023104906018664835
1763,LLM,4510,author_independent,0.2857142857142857,0.235,-0.12329231676504881,0.015346524084718996
1764,LLM,4519,unambiguous,0.5714285714285714,0.5766666666666667,0.15938825093872122,0.14979623944371487
1765,LLM,4519,unambiguous,0.6666666666666667,0.6833333333333335,0.41700201961515654,0.2700772610745556
1766,LLM,4519,unambiguous,0.6666666666666667,0.6566666666666667,0.8791001399884535,0.6489629903312698
1767,LLM,4519,unambiguous,0.5,0.5033333333333334,0.3748900964125388,0.25695088736918076
1768,LLM,4519,unambiguous,0.33333333333333337,0.32833333333333337,0.0,-0.030387298052481734
1769,LLM,4519,unambiguous,0.2857142857142857,0.30500000000000005,0.0,0.013862943611198903
1770,LLM,4519,unambiguous,0.2857142857142857,0.3616666666666667,-0.11340353547334137,0.09356272498183406
1771,LLM,4519,unambiguous,0.3333333333333333,0.37,0.18595295942850815,0.08592941271979973
1772,LLM,4519,unambiguous,0.16666666666666666,0.24166666666666672,0.0,0.003182570841474064
1773,LLM,4519,unambiguous,0.16666666666666666,0.2783333333333334,-0.2310490601866484,-0.1323094645403021
1774,LLM,4519,unambiguous,0.16666666666666663,0.145,-0.3748900964125388,-0.19709354161508602
1775,LLM,4519,unambiguous,0.2857142857142857,0.285,-0.15938825093872133,-0.1674080840190392
1776,LLM,4571,author_relevant,0.0,0.0,0.0,0.0
1777,LLM,4571,author_relevant,0.14285714285714288,0.145,-0.3574303025272769,-0.212440065699805
1778,LLM,4571,author_relevant,0.33333333333333337,0.33333333333333337,-0.24258597169364066,-0.2737010923667695
1779,LLM,4571,author_relevant,0.33333333333333337,0.33333333333333337,-0.24258597169364066,-0.24824052563497698
1780,LLM,4571,author_relevant,0.0,0.0,0.0,0.0
1781,LLM,4571,author_relevant,0.16666666666666669,0.17,-0.18595295942850815,-0.20686710469581412
1782,LLM,4571,author_relevant,0.6666666666666666,0.75,0.0,-0.022277995890318446
1783,LLM,4571,author_relevant,0.8333333333333334,0.83,-0.2310490601866484,-0.11962435128566704
1784,LLM,4571,author_relevant,0.6666666666666666,0.6683333333333334,-0.05663301226513251,-0.0795642710368516
1785,LLM,4571,author_relevant,0.5,0.605,0.0,0.04773856262211096
1786,LLM,4571,author_relevant,0.8333333333333335,0.8366666666666666,0.24258597169364066,0.27051852152529543
1787,LLM,4571,author_relevant,0.8333333333333334,0.8183333333333331,-0.18595295942850815,-0.16231111291517727
1788,LLM,4573,author_relevant,0.16666666666666669,0.26,0.3182570841474064,0.15079338935523395
1789,LLM,4573,author_relevant,0.0,0.0,0.0,0.0
1790,LLM,4573,author_relevant,0.20000000000000004,0.19500000000000003,0.4498681156950468,0.3217801345552258
1791,LLM,4573,author_relevant,0.5,0.47833333333333333,0.4773856262211096,0.3915708425113493
1792,LLM,4573,author_relevant,0.16666666666666666,0.26333333333333336,0.2310490601866484,0.11495819997067286
1793,LLM,4573,author_relevant,0.16666666666666663,0.17666666666666664,0.14384103622589062,0.15066831968332245
1794,LLM,4573,author_relevant,0.33333333333333337,0.33,0.3182570841474064,0.20511250355472693
1795,LLM,4573,author_relevant,0.6666666666666666,0.6533333333333333,0.0,-0.004620981203732968
1796,LLM,4573,author_relevant,0.25,0.23166666666666672,0.5623351446188083,0.4423773469648949
1797,LLM,4573,author_relevant,0.5,0.48833333333333334,0.4773856262211096,0.41856015982792305
1798,LLM,4573,author_relevant,0.4,0.3816666666666667,0.5545177444479563,0.42614830197869624
1799,LLM,4573,author_relevant,0.5,0.5133333333333333,0.462098120373297,0.32107829409879096
1800,LLM,4592,author_relevant,0.14285714285714288,0.1416666666666667,0.410116318288409,0.27051852152529543
1801,LLM,4592,author_relevant,0.2857142857142857,0.2783333333333334,0.796311640173813,0.5061990035775488
1802,LLM,4592,author_relevant,0.14285714285714288,0.14000000000000004,0.410116318288409,0.2673359506838214
1803,LLM,4592,author_relevant,0.2857142857142857,0.28833333333333333,0.796311640173813,0.523550268147178
1804,LLM,4592,author_relevant,0.4285714285714286,0.44,0.6829081047004717,0.5537673264164872
1805,LLM,4592,author_relevant,0.14285714285714285,0.12333333333333332,0.0,0.0
1806,LLM,4592,author_relevant,0.5,0.5150000000000001,0.6931471805599453,0.5664976097823834
1807,LLM,4592,author_relevant,0.49999999999999994,0.5166666666666666,1.0114042647073516,0.7522992783938319
1808,LLM,4592,author_relevant,0.5714285714285714,0.5416666666666667,0.6829081047004717,0.5537673264164872
1809,LLM,4592,author_relevant,0.4285714285714286,0.44,0.6829081047004717,0.5537673264164872
1810,LLM,4592,author_relevant,0.7142857142857143,0.7383333333333334,0.5982695885852573,0.4232819219160506
1811,LLM,4592,author_relevant,0.5714285714285714,0.585,0.2727917864120627,0.24187538395202884
1812,LLM,4594,author_independent,0.0,0.0,0.0,0.0
1813,LLM,4594,author_independent,0.0,0.0,0.0,0.0
1814,LLM,4594,author_independent,0.25,0.25,-0.130812035941137,-0.17504139628107354
1815,LLM,4594,author_independent,0.0,0.0,0.0,0.0
1816,LLM,4594,author_independent,0.16666666666666666,0.18166666666666667,0.05663301226513251,0.06683398767095534
1817,LLM,4594,author_independent,0.0,0.0,0.0,0.0
1818,LLM,4594,author_independent,0.19999999999999998,0.22000000000000008,-0.5004024235381879,-0.4200993510745764
1819,LLM,4594,author_independent,0.4,0.4000000000000001,-0.6730116670092565,-0.5696801806238574
1820,LLM,4594,author_independent,0.5,0.4916666666666667,-0.6931471805599453,-0.6365141682948128
1821,LLM,4594,author_independent,0.19999999999999998,0.20166666666666672,-0.5004024235381879,-0.3850910718183617
1822,LLM,4594,author_independent,0.14285714285714282,0.15000000000000002,-0.18815327029684825,-0.1845891088054957
1823,LLM,4594,author_independent,0.16666666666666663,0.1566666666666667,-0.45056120886630463,-0.299161659098562
1824,LLM,4609,author_independent,0.0,0.0,0.0,0.0
1825,LLM,4609,author_independent,0.0,0.0,0.0,0.0
1826,LLM,4609,author_independent,0.0,0.0,0.0,0.0
1827,LLM,4609,author_independent,0.0,0.0,0.0,0.0
1828,LLM,4609,author_independent,0.0,0.0,0.0,0.0
1829,LLM,4609,author_independent,0.0,0.0,0.0,0.0
1830,LLM,4609,author_independent,0.14285714285714288,0.1566666666666667,0.410116318288409,0.299161659098562
1831,LLM,4609,author_independent,0.0,0.0,0.0,0.0
1832,LLM,4609,author_independent,0.0,0.0,0.0,0.0
1833,LLM,4609,author_independent,0.0,0.0,0.0,0.0
1834,LLM,4609,author_independent,0.0,0.0,0.0,0.0
1835,LLM,4609,author_independent,0.0,0.0,0.0,0.0
1836,LLM,4636,author_independent,0.0,0.0,0.0,0.0
1837,LLM,4636,author_independent,0.0,0.0,0.0,0.0
1838,LLM,4636,author_independent,0.0,0.0,0.0,0.0
1839,LLM,4636,author_independent,0.14285714285714288,0.13833333333333336,-0.410116318288409,-0.2641533798423473
1840,LLM,4636,author_independent,0.0,0.0,0.0,0.0
1841,LLM,4636,author_independent,0.14285714285714288,0.13833333333333336,-0.410116318288409,-0.2641533798423473
1842,LLM,4636,author_independent,0.0,0.0,0.0,0.0
1843,LLM,4636,author_independent,0.14285714285714288,0.14500000000000005,0.410116318288409,0.2768836632082436
1844,LLM,4636,author_independent,0.14285714285714288,0.1316666666666667,0.410116318288409,0.25142309647645106
1845,LLM,4636,author_independent,0.0,0.0,0.0,0.0
1846,LLM,4636,author_independent,0.0,0.0,0.0,0.0
1847,LLM,4636,author_independent,0.0,0.0,0.0,0.0
1848,LLM,4671,author_independent,0.0,0.0,0.0,0.0
1849,LLM,4671,author_independent,0.0,0.0,0.0,0.0
1850,LLM,4671,author_independent,0.0,0.1983333333333334,0.0,-0.009547712524422191
1851,LLM,4671,author_independent,0.0,0.0,0.0,0.0
1852,LLM,4671,author_independent,0.14285714285714282,0.15500000000000003,0.18815327029684825,0.20050196301286605
1853,LLM,4671,author_independent,0.0,0.0,0.0,0.0
1854,LLM,4671,author_independent,0.14285714285714288,0.13833333333333336,0.410116318288409,0.2641533798423473
1855,LLM,4671,author_independent,0.0,0.0,0.0,0.0
1856,LLM,4671,author_independent,0.0,0.0,0.0,0.0
1857,LLM,4671,author_independent,0.0,0.0,0.0,0.0
1858,LLM,4671,author_independent,0.0,0.0,0.0,0.0
1859,LLM,4671,author_independent,0.2857142857142857,0.2633333333333334,0.5982695885852573,0.4296470635989986
1860,LLM,4817,author_independent,0.2857142857142857,0.3016666666666667,0.11340353547334137,-0.03134971851461169
1861,LLM,4817,author_independent,0.4285714285714286,0.45833333333333337,0.11340353547334137,0.005923881232208308
1862,LLM,4817,author_independent,0.14285714285714288,0.12166666666666666,-0.08463851611521445,-0.07638170019537753
1863,LLM,4817,author_independent,0.2857142857142857,0.28,0.11340353547334137,-0.04525783223707178
1864,LLM,4817,author_independent,0.14285714285714282,0.24000000000000005,-0.38619532188540406,-0.2542095769784465
1865,LLM,4817,author_independent,0.14285714285714288,0.14833333333333334,-0.15938825093872122,-0.13100656451182677
1866,LLM,4817,author_independent,0.4285714285714285,0.43,-0.2727917864120627,-0.30234422994003607
1867,LLM,4817,author_independent,0.4285714285714286,0.43999999999999995,0.11340353547334137,-0.025856657071271147
1868,LLM,4817,author_independent,0.0,0.0,0.0,0.0
1869,LLM,4817,author_independent,0.14285714285714285,0.24666666666666667,0.32133436835360474,0.1346199551421686
1870,LLM,4817,author_independent,0.0,0.17666666666666664,0.0,0.0
1871,LLM,4817,author_independent,0.14285714285714285,0.13,0.0,-0.02310490601866484
1872,LLM,4868,author_independent,0.14285714285714288,0.12666666666666668,0.410116318288409,0.24187538395202884
1873,LLM,4868,author_independent,0.0,0.0,0.0,0.0
1874,LLM,4868,author_independent,0.0,0.0,0.0,0.0
1875,LLM,4868,author_independent,0.0,0.0,0.0,0.0
1876,LLM,4868,author_independent,0.14285714285714282,0.14,-0.18815327029684825,-0.18140653796402162
1877,LLM,4868,author_independent,0.0,0.0,0.0,0.0
1878,LLM,4868,author_independent,0.0,0.0,0.0,0.0
1879,LLM,4868,author_independent,0.14285714285714288,0.14833333333333334,-0.410116318288409,-0.28324880489119164
1880,LLM,4868,author_independent,0.0,0.0,0.0,0.0
1881,LLM,4868,author_independent,0.0,0.0,0.0,0.0
1882,LLM,4868,author_independent,0.2857142857142857,0.3183333333333334,-0.5982695885852573,-0.499663622111428
1883,LLM,4868,author_independent,0.14285714285714282,0.13333333333333336,-0.18815327029684825,-0.16867625459812538
1884,LLM,4874,unambiguous,0.0,0.0,0.0,0.0
1885,LLM,4874,unambiguous,0.14285714285714288,0.12833333333333335,0.410116318288409,0.2450579547935029
1886,LLM,4874,unambiguous,0.14285714285714288,0.135,0.410116318288409,0.25778823815939916
1887,LLM,4874,unambiguous,0.0,0.0,0.0,0.0
1888,LLM,4874,unambiguous,0.14285714285714288,0.16333333333333336,-0.410116318288409,-0.3118919424644583
1889,LLM,4874,unambiguous,0.14285714285714288,0.14833333333333334,0.410116318288409,0.28324880489119164
1890,LLM,4874,unambiguous,0.14285714285714282,0.14666666666666667,0.18815327029684825,0.2036845338543401
1891,LLM,4874,unambiguous,0.14285714285714288,0.1616666666666667,0.410116318288409,0.3087093716229842
1892,LLM,4874,unambiguous,0.14285714285714288,0.14666666666666667,0.410116318288409,0.28006623404971764
1893,LLM,4874,unambiguous,0.14285714285714288,0.1516666666666667,0.410116318288409,0.28961394657413986
1894,LLM,4874,unambiguous,0.14285714285714282,0.15500000000000003,0.18815327029684825,0.19413682132991789
1895,LLM,4874,unambiguous,0.14285714285714288,0.10666666666666667,0.410116318288409,0.2036845338543401
1896,LLM,5105,author_relevant,0.3333333333333333,0.3183333333333333,-0.14384103622589062,-0.14805207896449973
1897,LLM,5105,author_relevant,0.14285714285714285,0.25,0.2727917864120626,0.16038627199091735
1898,LLM,5105,author_relevant,0.16666666666666669,0.18000000000000005,-0.18595295942850815,-0.22277995890318447
1899,LLM,5105,author_relevant,0.0,0.0,0.0,0.0
1900,LLM,5105,author_relevant,0.14285714285714288,0.14333333333333337,-0.410116318288409,-0.2737010923667695
1901,LLM,5105,author_relevant,0.0,0.0,0.0,0.0
1902,LLM,5105,author_relevant,0.19999999999999998,0.20666666666666667,-0.38190850097688767,-0.2837595242407097
1903,LLM,5105,author_relevant,0.0,0.205,0.0,0.009547712524422191
1904,LLM,5105,author_relevant,0.19999999999999996,0.20666666666666672,0.0,0.050921133463585025
1905,LLM,5105,author_relevant,0.0,0.0,0.0,0.0
1906,LLM,5105,author_relevant,0.0,0.0,0.0,0.0
1907,LLM,5105,author_relevant,0.0,0.0,0.0,0.0
1908,LLM,5130,author_independent,0.0,0.0,0.0,0.0
1909,LLM,5130,author_independent,0.14285714285714288,0.155,0.08463851611521445,0.10820740861011817
1910,LLM,5130,author_independent,0.14285714285714288,0.15,0.08463851611521445,0.08911198356127378
1911,LLM,5130,author_independent,0.14285714285714288,0.14333333333333337,-0.08463851611521445,-0.09547712524422192
1912,LLM,5130,author_independent,0.2857142857142857,0.2833333333333334,-0.2727917864120627,-0.25142309647645106
1913,LLM,5130,author_independent,0.14285714285714288,0.14666666666666667,-0.08463851611521445,-0.06683398767095534
1914,LLM,5130,author_independent,0.14285714285714288,0.15,-0.08463851611521445,-0.11775512113454037
1915,LLM,5130,author_independent,0.14285714285714282,0.15166666666666667,-0.18815327029684825,-0.18777167964696978
1916,LLM,5130,author_independent,0.0,0.0,0.0,0.0
1917,LLM,5130,author_independent,0.14285714285714288,0.14833333333333334,-0.08463851611521445,-0.08911198356127378
1918,LLM,5130,author_independent,0.0,0.20166666666666663,0.0,-0.009547712524422191
1919,LLM,5130,author_independent,0.14285714285714285,0.13,0.0,0.003182570841474064
1920,LLM,5166,unambiguous,0.0,0.0,0.0,0.0
1921,LLM,5166,unambiguous,0.14285714285714285,0.13333333333333333,0.0,0.012730283365896256
1922,LLM,5166,unambiguous,0.14285714285714285,0.15333333333333332,0.0,0.006365141682948128
1923,LLM,5166,unambiguous,0.0,0.27,0.0,-0.01591285420737032
1924,LLM,5166,unambiguous,0.2857142857142857,0.27666666666666667,-0.4059728844688192,-0.22953075026373917
1925,LLM,5166,unambiguous,0.16666666666666669,0.2950000000000001,0.18595295942850815,0.22596252974465855
1926,LLM,5166,unambiguous,0.0,0.0,0.0,0.0
1927,LLM,5166,unambiguous,0.0,0.0,0.0,0.0
1928,LLM,5166,unambiguous,0.0,0.0,0.0,0.0
1929,LLM,5166,unambiguous,0.14285714285714285,0.305,0.0,-0.038190850097688765
1930,LLM,5166,unambiguous,0.2857142857142857,0.295,-0.04854258194154215,-0.04887122286741361
1931,LLM,5166,unambiguous,0.16666666666666669,0.16500000000000004,0.18595295942850815,0.17822396712254757
1932,LLM,5206,author_independent,0.42857142857142855,0.4366666666666667,0.2727917864120627,0.3087093716229842
1933,LLM,5206,author_independent,0.14285714285714282,0.14333333333333337,0.18815327029684825,0.1845891088054957
1934,LLM,5206,author_independent,0.2857142857142857,0.2566666666666667,0.2727917864120627,0.2609708090008732
1935,LLM,5206,author_independent,0.4285714285714286,0.42333333333333345,0.6829081047004717,0.49966362211142806
1936,LLM,5206,author_independent,0.14285714285714285,0.1433333333333333,0.0,-0.01591285420737032
1937,LLM,5206,author_independent,0.4285714285714286,0.41833333333333345,0.0,-0.022277995890318446
1938,LLM,5206,author_independent,0.2857142857142857,0.2833333333333334,0.2727917864120627,0.27051852152529543
1939,LLM,5206,author_independent,0.0,0.0,0.0,0.0
1940,LLM,5206,author_independent,0.42857142857142855,0.45,0.5941261547656674,0.49682153083629926
1941,LLM,5206,author_independent,0.42857142857142855,0.4316666666666667,0.9556998911125343,0.6577394035004788
1942,LLM,5206,author_independent,0.5714285714285714,0.575,-0.2727917864120627,-0.2673359506838214
1943,LLM,5206,author_independent,0.7142857142857143,0.6950000000000002,-0.18815327029684825,-0.21641481722023634
1944,LLM,5225,author_independent,0.0,0.17666666666666672,0.0,-0.01591285420737032
1945,LLM,5225,author_independent,0.14285714285714288,0.15666666666666668,0.08463851611521445,0.08911198356127378
1946,LLM,5225,author_independent,0.14285714285714282,0.13333333333333333,0.18815327029684825,0.17822396712254757
1947,LLM,5225,author_independent,0.14285714285714282,0.15166666666666667,-0.18815327029684825,-0.18777167964696978
1948,LLM,5225,author_independent,0.2857142857142857,0.2666666666666667,0.5982695885852573,0.4232819219160506
1949,LLM,5225,author_independent,0.14285714285714282,0.14333333333333337,0.18815327029684825,0.19413682132991789
1950,LLM,5225,author_independent,0.14285714285714282,0.24166666666666672,-0.18815327029684825,-0.20050196301286605
1951,LLM,5225,author_independent,0.14285714285714282,0.15166666666666667,-0.18815327029684825,-0.19095425048844383
1952,LLM,5225,author_independent,0.0,0.17000000000000004,0.0,-0.025460566731792512
1953,LLM,5225,author_independent,0.14285714285714282,0.16,-0.18815327029684825,-0.21641481722023634
1954,LLM,5225,author_independent,0.0,0.0,0.0,0.0
1955,LLM,5225,author_independent,0.14285714285714288,0.15333333333333335,-0.410116318288409,-0.29279651741561386
1956,LLM,5502,unambiguous,0.0,0.0,0.0,0.0
1957,LLM,5502,unambiguous,0.0,0.0,0.0,0.0
1958,LLM,5502,unambiguous,0.16666666666666663,0.16500000000000004,0.45056120886630463,0.31507451330593234
1959,LLM,5502,unambiguous,0.16666666666666663,0.1733333333333334,0.45056120886630463,0.33098736751330265
1960,LLM,5502,unambiguous,0.0,0.0,0.0,0.0
1961,LLM,5502,unambiguous,0.16666666666666663,0.17166666666666672,0.45056120886630463,0.3278047966718286
1962,LLM,5502,unambiguous,0.0,0.0,0.0,0.0
1963,LLM,5502,unambiguous,0.0,0.0,0.0,0.0
1964,LLM,5502,unambiguous,0.14285714285714288,0.14833333333333334,0.410116318288409,0.28324880489119164
1965,LLM,5502,unambiguous,0.2857142857142857,0.3166666666666667,0.7963116401738131,0.5750377317334144
1966,LLM,5502,unambiguous,0.0,0.0,0.0,0.0
1967,LLM,5502,unambiguous,0.0,0.0,0.0,0.0
1968,LLM,5575,author_relevant,0.16666666666666669,0.16666666666666669,-0.18595295942850815,-0.18777167964696978
1969,LLM,5575,author_relevant,0.16666666666666669,0.27,0.3182570841474066,0.1687109840475145
1970,LLM,5575,author_relevant,0.0,0.0,0.0,0.0
1971,LLM,5575,author_relevant,0.0,0.18666666666666665,0.0,-0.013862943611198903
1972,LLM,5575,author_relevant,0.3333333333333333,0.3133333333333333,-0.4620981203732968,-0.29766763796316986
1973,LLM,5575,author_relevant,0.0,0.19,0.0,-0.001132660245302648
1974,LLM,5575,author_relevant,0.0,0.0,0.0,0.0
1975,LLM,5575,author_relevant,0.14285714285714285,0.13666666666666663,0.0,0.013862943611198907
1976,LLM,5575,author_relevant,0.16666666666666666,0.16333333333333333,-0.2310490601866484,-0.10397207708399177
1977,LLM,5575,author_relevant,0.14285714285714285,0.245,-0.2727917864120626,-0.14473399778924212
1978,LLM,5575,author_relevant,0.3333333333333333,0.33000000000000007,-0.4620981203732968,-0.2944850671216958
1979,LLM,5575,author_relevant,0.14285714285714285,0.15666666666666665,-0.12329231676504904,-0.13671503584960118
1980,LLM,5580,unambiguous,0.0,0.0,0.0,0.0
1981,LLM,5580,unambiguous,0.0,0.0,0.0,0.0
1982,LLM,5580,unambiguous,0.0,0.0,0.0,0.0
1983,LLM,5580,unambiguous,0.0,0.0,0.0,0.0
1984,LLM,5580,unambiguous,0.0,0.0,0.0,0.0
1985,LLM,5580,unambiguous,0.0,0.0,0.0,0.0
1986,LLM,5580,unambiguous,0.0,0.0,0.0,0.0
1987,LLM,5580,unambiguous,0.0,0.0,0.0,0.0
1988,LLM,5580,unambiguous,0.0,0.0,0.0,0.0
1989,LLM,5580,unambiguous,0.0,0.0,0.0,0.0
1990,LLM,5580,unambiguous,0.0,0.0,0.0,0.0
1991,LLM,5580,unambiguous,0.0,0.0,0.0,0.0
1992,LLM,5600,author_independent,0.16666666666666663,0.15833333333333338,0.45056120886630463,0.30234422994003607
1993,LLM,5600,author_independent,0.16666666666666663,0.16833333333333336,0.45056120886630463,0.32143965498888044
1994,LLM,5600,author_independent,0.33333333333333337,0.34666666666666673,0.6365141682948128,0.5219416180017464
1995,LLM,5600,author_independent,0.16666666666666663,0.15833333333333338,0.45056120886630463,0.30234422994003607
1996,LLM,5600,author_independent,0.2857142857142857,0.2616666666666667,0.5982695885852573,0.4169167802331023
1997,LLM,5600,author_independent,0.2857142857142857,0.2750000000000001,0.5982695885852573,0.43601220528194673
1998,LLM,5600,author_independent,0.0,0.0,0.0,0.0
1999,LLM,5600,author_independent,0.14285714285714288,0.15833333333333338,-0.410116318288409,-0.30234422994003607
2000,LLM,5600,author_independent,0.0,0.0,0.0,0.0
2001,LLM,5600,author_independent,0.0,0.0,0.0,0.0
2002,LLM,5600,author_independent,0.0,0.0,0.0,0.0
2003,LLM,5600,author_independent,0.0,0.0,0.0,0.0
2004,LLM,5609,author_relevant,0.0,0.0,0.0,0.0
2005,LLM,5609,author_relevant,0.0,0.0,0.0,0.0
2006,LLM,5609,author_relevant,0.0,0.0,0.0,0.0
2007,LLM,5609,author_relevant,0.0,0.0,0.0,0.0
2008,LLM,5609,author_relevant,0.0,0.0,0.0,0.0
2009,LLM,5609,author_relevant,0.0,0.0,0.0,0.0
2010,LLM,5609,author_relevant,0.0,0.0,0.0,0.0
2011,LLM,5609,author_relevant,0.0,0.0,0.0,0.0
2012,LLM,5609,author_relevant,0.0,0.0,0.0,0.0
2013,LLM,5609,author_relevant,0.0,0.0,0.0,0.0
2014,LLM,5609,author_relevant,0.0,0.0,0.0,0.0
2015,LLM,5609,author_relevant,0.0,0.0,0.0,0.0
2016,LLM,5639,author_relevant,0.0,0.0,0.0,0.0
2017,LLM,5639,author_relevant,0.14285714285714288,0.15000000000000002,-0.410116318288409,-0.28643137573266575
2018,LLM,5639,author_relevant,0.0,0.19333333333333336,0.0,-0.006365141682948128
2019,LLM,5639,author_relevant,0.14285714285714288,0.14500000000000005,-0.410116318288409,-0.2768836632082436
2020,LLM,5639,author_relevant,0.2857142857142857,0.28,0.08463851611521445,0.04455599178063689
2021,LLM,5639,author_relevant,0.0,0.17833333333333334,0.0,0.01591285420737032
2022,LLM,5639,author_relevant,0.2857142857142857,0.28,-0.2727917864120627,-0.27051852152529543
2023,LLM,5639,author_relevant,0.14285714285714288,0.1466666666666667,-0.410116318288409,-0.28006623404971764
2024,LLM,5639,author_relevant,0.14285714285714288,0.13166666666666668,-0.08463851611521445,-0.1050248377686441
2025,LLM,5639,author_relevant,0.14285714285714288,0.1566666666666667,-0.410116318288409,-0.299161659098562
2026,LLM,5639,author_relevant,0.4285714285714286,0.46666666666666673,0.0,-0.07319912935390346
2027,LLM,5639,author_relevant,0.42857142857142855,0.405,-0.2727917864120627,-0.3278047966718286
2028,LLM,5641,author_independent,0.0,0.0,0.0,0.0
2029,LLM,5641,author_independent,0.14285714285714282,0.15166666666666667,0.18815327029684825,0.17504139628107354
2030,LLM,5641,author_independent,0.0,0.1966666666666667,0.0,-0.038190850097688765
2031,LLM,5641,author_independent,0.0,0.0,0.0,0.0
2032,LLM,5641,author_independent,0.0,0.0,0.0,0.0
2033,LLM,5641,author_independent,0.14285714285714282,0.12333333333333334,0.18815327029684825,0.16231111291517727
2034,LLM,5641,author_independent,0.0,0.0,0.0,0.0
2035,LLM,5641,author_independent,0.14285714285714282,0.15,0.18815327029684825,0.17822396712254757
2036,LLM,5641,author_independent,0.14285714285714288,0.13666666666666666,0.35743030252727703,0.19888287220556236
2037,LLM,5641,author_independent,0.14285714285714282,0.1416666666666667,-0.18815327029684825,-0.17822396712254757
2038,LLM,5641,author_independent,0.14285714285714282,0.11833333333333335,0.18815327029684825,0.149580829549281
2039,LLM,5641,author_independent,0.14285714285714282,0.1416666666666667,0.18815327029684825,0.18777167964696978
2040,LLM,5642,author_relevant,0.2857142857142857,0.2966666666666667,0.5982695885852573,0.4742030553796356
2041,LLM,5642,author_relevant,0.0,0.0,0.0,0.0
2042,LLM,5642,author_relevant,0.14285714285714285,0.13,0.0,0.0
2043,LLM,5642,author_relevant,0.0,0.0,0.0,0.0
2044,LLM,5642,author_relevant,0.0,0.0,0.0,0.0
2045,LLM,5642,author_relevant,0.0,0.0,0.0,0.0
2046,LLM,5642,author_relevant,0.14285714285714288,0.1516666666666667,0.410116318288409,0.28961394657413986
2047,LLM,5642,author_relevant,0.0,0.0,0.0,0.0
2048,LLM,5642,author_relevant,0.2857142857142857,0.2916666666666667,0.38619532188540395,0.2512875861426675
2049,LLM,5642,author_relevant,0.2857142857142857,0.2666666666666667,0.5455835728241253,0.37135319787907434
2050,LLM,5642,author_relevant,0.0,0.0,0.0,0.0
2051,LLM,5642,author_relevant,0.0,0.0,0.0,0.0
2052,LLM,5680,unambiguous,0.14285714285714282,0.13166666666666668,-0.18815327029684825,-0.17504139628107354
2053,LLM,5680,unambiguous,0.0,0.0,0.0,0.0
2054,LLM,5680,unambiguous,0.14285714285714288,0.12333333333333334,0.08463851611521445,0.0795642710368516
2055,LLM,5680,unambiguous,0.4285714285714286,0.4466666666666667,0.35743030252727703,0.24657626471641214
2056,LLM,5680,unambiguous,0.14285714285714282,0.13833333333333336,0.18815327029684825,0.1845891088054957
2057,LLM,5680,unambiguous,0.2857142857142857,0.26833333333333337,0.2727917864120627,0.25142309647645106
2058,LLM,5680,unambiguous,0.0,0.0,0.0,0.0
2059,LLM,5680,unambiguous,0.14285714285714288,0.14666666666666667,-0.08463851611521445,-0.10184226692717005
2060,LLM,5680,unambiguous,0.14285714285714282,0.12833333333333333,-0.18815327029684825,-0.16867625459812538
2061,LLM,5680,unambiguous,0.14285714285714288,0.11666666666666665,0.08463851611521445,0.08592941271979973
2062,LLM,5680,unambiguous,0.14285714285714282,0.14666666666666667,0.18815327029684825,0.17504139628107354
2063,LLM,5680,unambiguous,0.0,0.0,0.0,0.0
2064,LLM,5688,author_independent,0.16666666666666669,0.15833333333333333,-0.18595295942850815,-0.19731939217139197
2065,LLM,5688,author_independent,0.2857142857142857,0.2583333333333333,0.5941261547656673,0.26815242015029567
2066,LLM,5688,author_independent,0.3333333333333333,0.325,0.7918921160276953,0.5177861860362704
2067,LLM,5688,author_independent,0.0,0.0,0.0,0.0
2068,LLM,5688,author_independent,0.14285714285714288,0.14833333333333334,0.410116318288409,0.28324880489119164
2069,LLM,5688,author_independent,0.14285714285714288,0.1366666666666667,0.410116318288409,0.2609708090008732
2070,LLM,5688,author_independent,0.8333333333333333,0.8366666666666667,-0.18595295942850815,-0.2195973880617104
2071,LLM,5688,author_independent,0.6666666666666667,0.6733333333333333,-0.41700201961515654,-0.2992867287704735
2072,LLM,5688,author_independent,0.6666666666666667,0.6766666666666665,0.0,-0.025460566731792512
2073,LLM,5688,author_independent,0.8333333333333333,0.8266666666666667,0.41700201961515654,0.2987203986478222
2074,LLM,5688,author_independent,0.8333333333333334,0.8166666666666668,0.45056120886630463,0.3500827925621471
2075,LLM,5688,author_independent,0.8571428571428572,0.8416666666666667,0.410116318288409,0.30234422994003607
2076,LLM,5691,author_independent,0.2857142857142857,0.2816666666666667,-0.4059728844688192,-0.2731694916935073
2077,LLM,5691,author_independent,0.0,0.0,0.0,0.0
2078,LLM,5691,author_independent,0.14285714285714285,0.14833333333333332,0.1980420515885558,0.07393569925972748
2079,LLM,5691,author_independent,0.0,0.0,0.0,0.0
2080,LLM,5691,author_independent,0.14285714285714288,0.2366666666666667,-0.08463851611521445,-0.038190850097688765
2081,LLM,5691,author_independent,0.42857142857142855,0.4616666666666667,-0.2727917864120627,-0.3118919424644583
2082,LLM,5691,author_independent,0.2857142857142857,0.2833333333333334,-0.4059728844688192,-0.2838950345744933
2083,LLM,5691,author_independent,0.14285714285714288,0.15000000000000002,0.410116318288409,0.28643137573266575
2084,LLM,5691,author_independent,0.42857142857142855,0.46,0.35743030252727703,0.22085511797892457
2085,LLM,5691,author_independent,0.0,0.0,0.0,0.0
2086,LLM,5691,author_independent,0.2857142857142857,0.28833333333333333,-0.08463851611521445,-0.08911198356127378
2087,LLM,5691,author_independent,0.42857142857142855,0.43833333333333335,-0.2727917864120627,-0.2737010923667695
2088,LLM,5704,unambiguous,0.0,0.0,0.0,0.0
2089,LLM,5704,unambiguous,0.0,0.0,0.0,0.0
2090,LLM,5704,unambiguous,0.0,0.0,0.0,0.0
2091,LLM,5704,unambiguous,0.0,0.0,0.0,0.0
2092,LLM,5704,unambiguous,0.0,0.0,0.0,0.0
2093,LLM,5704,unambiguous,0.0,0.0,0.0,0.0
2094,LLM,5704,unambiguous,0.5,0.4700000000000001,1.0114042647073518,0.7314596928657724
2095,LLM,5704,unambiguous,0.6666666666666667,0.6633333333333334,1.0114042647073518,0.7375190844317643
2096,LLM,5704,unambiguous,0.49999999999999994,0.5266666666666666,1.242453324894,0.8527830345193934
2097,LLM,5704,unambiguous,0.5714285714285714,0.5516666666666667,1.0042424730540764,0.7254003012997805
2098,LLM,5704,unambiguous,0.7142857142857142,0.7316666666666666,1.5498260458782016,0.983087758574785
2099,LLM,5704,unambiguous,0.7142857142857142,0.7133333333333334,0.86691794117773,0.5840538435845744
2100,LLM,5720,author_independent,0.0,0.0,0.0,0.0
2101,LLM,5720,author_independent,0.0,0.0,0.0,0.0
2102,LLM,5720,author_independent,0.0,0.0,0.0,0.0
2103,LLM,5720,author_independent,0.0,0.0,0.0,0.0
2104,LLM,5720,author_independent,0.0,0.0,0.0,0.0
2105,LLM,5720,author_independent,0.0,0.0,0.0,0.0
2106,LLM,5720,author_independent,0.0,0.0,0.0,0.0
2107,LLM,5720,author_independent,0.0,0.0,0.0,0.0
2108,LLM,5720,author_independent,0.0,0.0,0.0,0.0
2109,LLM,5720,author_independent,0.0,0.0,0.0,0.0
2110,LLM,5720,author_independent,0.0,0.0,0.0,0.0
2111,LLM,5720,author_independent,0.0,0.0,0.0,0.0
2112,LLM,5725,author_independent,0.0,0.0,0.0,0.0
2113,LLM,5725,author_independent,0.0,0.0,0.0,0.0
2114,LLM,5725,author_independent,0.33333333333333337,0.3316666666666667,-0.7918921160276953,-0.5264618183210849
2115,LLM,5725,author_independent,0.16666666666666669,0.17000000000000004,0.41700201961515654,0.2897390162460513
2116,LLM,5725,author_independent,0.14285714285714285,0.145,2.220446049250313e-16,0.0
2117,LLM,5725,author_independent,0.0,0.0,0.0,0.0
2118,LLM,5725,author_independent,0.0,0.0,0.0,0.0
2119,LLM,5725,author_independent,0.0,0.0,0.0,0.0
2120,LLM,5725,author_independent,0.16666666666666663,0.16833333333333333,-0.3748900964125388,-0.23554497171846986
2121,LLM,5725,author_independent,0.0,0.0,0.0,0.0
2122,LLM,5725,author_independent,0.14285714285714288,0.1366666666666667,-0.3574303025272769,-0.20694700425646445
2123,LLM,5725,author_independent,0.16666666666666669,0.18166666666666667,-0.41700201961515654,-0.30678453069872424
2124,LLM,5730,unambiguous,0.0,0.0,0.0,0.0
2125,LLM,5730,unambiguous,0.0,0.0,0.0,0.0
2126,LLM,5730,unambiguous,0.0,0.0,0.0,0.0
2127,LLM,5730,unambiguous,0.0,0.0,0.0,0.0
2128,LLM,5730,unambiguous,0.0,0.0,0.0,0.0
2129,LLM,5730,unambiguous,0.0,0.0,0.0,0.0
2130,LLM,5730,unambiguous,0.0,0.0,0.0,0.0
2131,LLM,5730,unambiguous,0.0,0.0,0.0,0.0
2132,LLM,5730,unambiguous,0.0,0.0,0.0,0.0
2133,LLM,5730,unambiguous,0.0,0.0,0.0,0.0
2134,LLM,5730,unambiguous,0.0,0.0,0.0,0.0
2135,LLM,5730,unambiguous,0.0,0.0,0.0,0.0
2136,LLM,5802,author_independent,0.14285714285714282,0.2166666666666667,-0.18815327029684825,-0.14321568786633287
2137,LLM,5802,author_independent,0.0,0.0,0.0,0.0
2138,LLM,5802,author_independent,0.0,0.0,0.0,0.0
2139,LLM,5802,author_independent,0.14285714285714288,0.15000000000000002,0.410116318288409,0.28643137573266575
2140,LLM,5802,author_independent,0.14285714285714282,0.145,-0.18815327029684825,-0.17504139628107354
2141,LLM,5802,author_independent,0.0,0.0,0.0,0.0
2142,LLM,5802,author_independent,0.14285714285714285,0.145,0.1980420515885558,0.06700422745412803
2143,LLM,5802,author_independent,0.0,0.0,0.0,0.0
2144,LLM,5802,author_independent,0.14285714285714282,0.13,0.18815327029684825,0.17185882543959946
2145,LLM,5802,author_independent,0.14285714285714288,0.16500000000000004,0.410116318288409,0.31507451330593234
2146,LLM,5802,author_independent,0.14285714285714285,0.13333333333333333,0.1980420515885558,0.06007275564852858
2147,LLM,5802,author_independent,0.14285714285714282,0.13333333333333333,0.38619532188540406,0.2240828589316598
2148,LLM,5830,unambiguous,0.0,0.0,0.0,0.0
2149,LLM,5830,unambiguous,0.0,0.0,0.0,0.0
2150,LLM,5830,unambiguous,0.0,0.0,0.0,0.0
2151,LLM,5830,unambiguous,0.0,0.0,0.0,0.0
2152,LLM,5830,unambiguous,0.0,0.0,0.0,0.0
2153,LLM,5830,unambiguous,0.0,0.0,0.0,0.0
2154,LLM,5830,unambiguous,0.0,0.0,0.0,0.0
2155,LLM,5830,unambiguous,0.0,0.0,0.0,0.0
2156,LLM,5830,unambiguous,0.0,0.0,0.0,0.0
2157,LLM,5830,unambiguous,0.0,0.0,0.0,0.0
2158,LLM,5830,unambiguous,0.0,0.0,0.0,0.0
2159,LLM,5830,unambiguous,0.0,0.0,0.0,0.0
2160,LLM,5856,unambiguous,0.0,0.0,0.0,0.0
2161,LLM,5856,unambiguous,0.14285714285714282,0.14833333333333334,-0.18815327029684825,-0.19413682132991789
2162,LLM,5856,unambiguous,0.0,0.0,0.0,0.0
2163,LLM,5856,unambiguous,0.14285714285714282,0.1416666666666667,-0.18815327029684825,-0.19413682132991789
2164,LLM,5856,unambiguous,0.0,0.0,0.0,0.0
2165,LLM,5856,unambiguous,0.14285714285714285,0.13499999999999998,0.0,0.0
2166,LLM,5856,unambiguous,0.14285714285714282,0.13,0.18815327029684825,0.17822396712254757
2167,LLM,5856,unambiguous,0.0,0.17833333333333332,0.0,-0.035008279256214705
2168,LLM,5856,unambiguous,0.2857142857142857,0.2833333333333334,0.5982695885852573,0.46465534285521337
2169,LLM,5856,unambiguous,0.0,0.19333333333333336,0.0,0.003182570841474064
2170,LLM,5856,unambiguous,0.14285714285714285,0.14,0.0,0.0
2171,LLM,5856,unambiguous,0.0,0.0,0.0,0.0
2172,LLM,5880,unambiguous,0.0,0.0,0.0,0.0
2173,LLM,5880,unambiguous,0.0,0.0,0.0,0.0
2174,LLM,5880,unambiguous,0.0,0.0,0.0,0.0
2175,LLM,5880,unambiguous,0.0,0.0,0.0,0.0
2176,LLM,5880,unambiguous,0.0,0.0,0.0,0.0
2177,LLM,5880,unambiguous,0.2857142857142857,0.3,0.18815327029684825,0.15276340039075506
2178,LLM,5880,unambiguous,0.0,0.0,0.0,0.0
2179,LLM,5880,unambiguous,0.0,0.0,0.0,0.0
2180,LLM,5880,unambiguous,0.0,0.0,0.0,0.0
2181,LLM,5880,unambiguous,0.0,0.0,0.0,0.0
2182,LLM,5880,unambiguous,0.0,0.0,0.0,0.0
2183,LLM,5880,unambiguous,0.14285714285714288,0.14500000000000002,-0.410116318288409,-0.2768836632082436
2184,LLM,5914,unambiguous,0.4285714285714286,0.41333333333333344,0.0,-0.03182570841474064
2185,LLM,5914,unambiguous,0.14285714285714285,0.115,0.0,-0.006365141682948128
2186,LLM,5914,unambiguous,0.14285714285714288,0.1366666666666667,-0.08463851611521445,-0.08911198356127378
2187,LLM,5914,unambiguous,0.14285714285714285,0.14666666666666667,0.0,-0.028643137573266576
2188,LLM,5914,unambiguous,0.14285714285714288,0.14000000000000004,0.08463851611521445,0.09229455440274785
2189,LLM,5914,unambiguous,0.14285714285714288,0.1366666666666667,-0.08463851611521445,-0.09865969608569598
2190,LLM,5914,unambiguous,0.0,0.0,0.0,0.0
2191,LLM,5914,unambiguous,0.0,0.0,0.0,0.0
2192,LLM,5914,unambiguous,0.14285714285714285,0.26333333333333336,0.0,-0.019095425048844383
2193,LLM,5914,unambiguous,0.0,0.20333333333333337,0.0,0.019095425048844383
2194,LLM,5914,unambiguous,0.14285714285714288,0.16333333333333336,0.08463851611521445,0.11775512113454037
2195,LLM,5914,unambiguous,0.14285714285714285,0.21666666666666667,0.2727917864120626,0.11962435128566704
2196,LLM,5951,author_independent,0.19999999999999998,0.18500000000000008,0.5004024235381879,0.35326536340362114
2197,LLM,5951,author_independent,0.2,0.30500000000000005,0.0,-0.07319912935390346
2198,LLM,5951,author_independent,0.20000000000000004,0.1966666666666667,0.4498681156950468,0.32234646467787714
2199,LLM,5951,author_independent,0.20000000000000004,0.20666666666666672,0.4498681156950468,0.33969772924750635
2200,LLM,5951,author_independent,0.5714285714285714,0.5583333333333333,0.15938825093872122,0.14024852691929268
2201,LLM,5951,author_independent,0.42857142857142855,0.4133333333333333,0.0,0.0
2202,LLM,5951,author_independent,0.19999999999999998,0.18166666666666673,0.5004024235381879,0.3469002217206729
2203,LLM,5951,author_independent,0.20000000000000004,0.17666666666666667,0.17260924347106865,0.14639825870780693
2204,LLM,5951,author_independent,0.20000000000000004,0.21666666666666667,0.17260924347106865,0.19413682132991789
2205,LLM,5951,author_independent,0.20000000000000004,0.19333333333333336,0.17260924347106865,0.17822396712254757
2206,LLM,5951,author_independent,0.14285714285714282,0.14666666666666667,-0.38619532188540406,-0.2530317466218826
2207,LLM,5951,author_independent,0.0,0.0,0.0,0.0
2208,LLM,5986,unambiguous,0.0,0.0,0.0,0.0
2209,LLM,5986,unambiguous,0.0,0.0,0.0,0.0
2210,LLM,5986,unambiguous,0.0,0.0,0.0,0.0
2211,LLM,5986,unambiguous,0.14285714285714288,0.14000000000000004,0.410116318288409,0.2673359506838214
2212,LLM,5986,unambiguous,0.0,0.0,0.0,0.0
2213,LLM,5986,unambiguous,0.0,0.0,0.0,0.0
2214,LLM,5986,unambiguous,0.14285714285714288,0.13333333333333336,0.410116318288409,0.2546056673179251
2215,LLM,5986,unambiguous,0.0,0.0,0.0,0.0
2216,LLM,5986,unambiguous,0.14285714285714288,0.13166666666666668,-0.410116318288409,-0.25142309647645106
2217,LLM,5986,unambiguous,0.0,0.0,0.0,0.0
2218,LLM,5986,unambiguous,0.0,0.0,0.0,0.0
2219,LLM,5986,unambiguous,0.0,0.0,0.0,0.0
2220,LLM,6218,author_relevant,0.0,0.0,0.0,0.0
2221,LLM,6218,author_relevant,0.14285714285714288,0.13166666666666668,-0.410116318288409,-0.25142309647645106
2222,LLM,6218,author_relevant,0.14285714285714288,0.14000000000000004,-0.410116318288409,-0.2673359506838214
2223,LLM,6218,author_relevant,0.0,0.0,0.0,0.0
2224,LLM,6218,author_relevant,0.0,0.0,0.0,0.0
2225,LLM,6218,author_relevant,0.14285714285714288,0.13000000000000003,-0.410116318288409,-0.24824052563497698
2226,LLM,6218,author_relevant,0.2857142857142857,0.2750000000000001,0.796311640173813,0.5059384235718538
2227,LLM,6218,author_relevant,0.14285714285714285,0.23500000000000007,0.0,0.035008279256214705
2228,LLM,6218,author_relevant,0.42857142857142855,0.51,0.5941261547656674,0.4022616559429462
2229,LLM,6218,author_relevant,0.2857142857142857,0.3616666666666667,0.18815327029684825,0.17504139628107354
2230,LLM,6218,author_relevant,0.4285714285714286,0.41166666666666674,0.9556998911125343,0.6620546345872554
2231,LLM,6218,author_relevant,0.2857142857142857,0.3483333333333334,0.38619532188540395,0.20991416520350462
2232,LLM,6221,author_independent,0.0,0.0,0.0,0.0
2233,LLM,6221,author_independent,0.0,0.0,0.0,0.0
2234,LLM,6221,author_independent,0.0,0.0,0.0,0.0
2235,LLM,6221,author_independent,0.0,0.0,0.0,0.0
2236,LLM,6221,author_independent,0.0,0.0,0.0,0.0
2237,LLM,6221,author_independent,0.0,0.0,0.0,0.0
2238,LLM,6221,author_independent,0.0,0.0,0.0,0.0
2239,LLM,6221,author_independent,0.0,0.0,0.0,0.0
2240,LLM,6221,author_independent,0.0,0.0,0.0,0.0
2241,LLM,6221,author_independent,0.0,0.0,0.0,0.0
2242,LLM,6221,author_independent,0.0,0.0,0.0,0.0
2243,LLM,6221,author_independent,0.0,0.0,0.0,0.0
2244,LLM,6228,unambiguous,0.0,0.0,0.0,0.0
2245,LLM,6228,unambiguous,0.0,0.0,0.0,0.0
2246,LLM,6228,unambiguous,0.0,0.0,0.0,0.0
2247,LLM,6228,unambiguous,0.0,0.0,0.0,0.0
2248,LLM,6228,unambiguous,0.0,0.0,0.0,0.0
2249,LLM,6228,unambiguous,0.0,0.0,0.0,0.0
2250,LLM,6228,unambiguous,0.0,0.0,0.0,0.0
2251,LLM,6228,unambiguous,0.0,0.0,0.0,0.0
2252,LLM,6228,unambiguous,0.0,0.0,0.0,0.0
2253,LLM,6228,unambiguous,0.0,0.0,0.0,0.0
2254,LLM,6228,unambiguous,0.0,0.0,0.0,0.0
2255,LLM,6228,unambiguous,0.0,0.0,0.0,0.0
2256,LLM,6288,unambiguous,0.0,0.0,0.0,0.0
2257,LLM,6288,unambiguous,0.0,0.0,0.0,0.0
2258,LLM,6288,unambiguous,0.0,0.0,0.0,0.0
2259,LLM,6288,unambiguous,0.0,0.0,0.0,0.0
2260,LLM,6288,unambiguous,0.0,0.0,0.0,0.0
2261,LLM,6288,unambiguous,0.0,0.0,0.0,0.0
2262,LLM,6288,unambiguous,0.0,0.0,0.0,0.0
2263,LLM,6288,unambiguous,0.0,0.0,0.0,0.0
2264,LLM,6288,unambiguous,0.0,0.0,0.0,0.0
2265,LLM,6288,unambiguous,0.0,0.0,0.0,0.0
2266,LLM,6288,unambiguous,0.0,0.0,0.0,0.0
2267,LLM,6288,unambiguous,0.0,0.0,0.0,0.0
2268,LLM,6304,author_independent,0.2857142857142857,0.3016666666666667,0.5982695885852573,0.4646553428552133
2269,LLM,6304,author_independent,0.33333333333333337,0.32000000000000006,0.6365141682948128,0.5060287637943762
2270,LLM,6304,author_independent,0.0,0.0,0.0,0.0
2271,LLM,6304,author_independent,0.0,0.0,0.0,0.0
2272,LLM,6304,author_independent,0.14285714285714288,0.15833333333333335,0.410116318288409,0.30234422994003607
2273,LLM,6304,author_independent,0.14285714285714288,0.1516666666666667,0.410116318288409,0.28961394657413986
2274,LLM,6304,author_independent,0.2857142857142857,0.2700000000000001,0.5982695885852573,0.4391947761234208
2275,LLM,6304,author_independent,0.14285714285714288,0.14500000000000005,0.410116318288409,0.2768836632082436
2276,LLM,6304,author_independent,0.16666666666666663,0.16000000000000003,-0.45056120886630463,-0.3055268007815101
2277,LLM,6304,author_independent,0.0,0.0,0.0,0.0
2278,LLM,6304,author_independent,0.14285714285714288,0.12333333333333335,0.410116318288409,0.23551024226908074
2279,LLM,6304,author_independent,0.0,0.0,0.0,0.0
2280,LLM,6306,author_independent,0.0,0.0,0.0,0.0
2281,LLM,6306,author_independent,0.0,0.0,0.0,0.0
2282,LLM,6306,author_independent,0.0,0.0,0.0,0.0
2283,LLM,6306,author_independent,0.14285714285714288,0.1416666666666667,0.410116318288409,0.27051852152529543
2284,LLM,6306,author_independent,0.16666666666666663,0.17166666666666672,-0.45056120886630463,-0.3278047966718286
2285,LLM,6306,author_independent,0.14285714285714285,0.26000000000000006,0.0,-0.009547712524422191
2286,LLM,6306,author_independent,0.0,0.0,0.0,0.0
2287,LLM,6306,author_independent,0.0,0.0,0.0,0.0
2288,LLM,6306,author_independent,0.0,0.0,0.0,0.0
2289,LLM,6306,author_independent,0.0,0.0,0.0,0.0
2290,LLM,6306,author_independent,0.16666666666666663,0.1616666666666667,-0.45056120886630463,-0.3087093716229842
2291,LLM,6306,author_independent,0.14285714285714288,0.13500000000000004,-0.410116318288409,-0.25778823815939916
2292,LLM,6337,author_relevant,0.49999999999999994,0.5033333333333333,-0.6480510798018049,-0.5169592759079239
2293,LLM,6337,author_relevant,0.4285714285714286,0.5666666666666668,-0.48072261929232607,-0.330104846611823
2294,LLM,6337,author_relevant,0.6666666666666666,0.7,-0.5608430558410471,-0.38168265042058175
2295,LLM,6337,author_relevant,0.4285714285714286,0.555,-0.48072261929232607,-0.3428351299777192
2296,LLM,6337,author_relevant,0.42857142857142855,0.52,-0.48072261929232607,-0.265060189531344
2297,LLM,6337,author_relevant,0.2857142857142857,0.41166666666666674,-0.4059728844688192,-0.25756238760309325
2298,LLM,6337,author_relevant,0.6666666666666666,0.665,-0.2310490601866484,-0.22665392953922137
2299,LLM,6337,author_relevant,0.7142857142857142,0.7266666666666667,-0.6688758895891743,-0.4866623180779646
2300,LLM,6337,author_relevant,0.5,0.4966666666666667,-0.14384103622589062,-0.13907069656272886
2301,LLM,6337,author_relevant,0.7142857142857142,0.7333333333333334,-0.6688758895891743,-0.48461240748179324
2302,LLM,6337,author_relevant,0.5714285714285714,0.57,0.07474973482350666,-0.03967443057120886
2303,LLM,6337,author_relevant,0.5714285714285714,0.555,-0.20793083288026337,-0.2359862321692097
2304,LLM,6403,author_independent,0.2857142857142857,0.32500000000000007,-0.18815327029684825,-0.17822396712254757
2305,LLM,6403,author_independent,0.2857142857142857,0.26333333333333336,0.7963116401738131,0.47755586600428224
2306,LLM,6403,author_independent,0.14285714285714285,0.22833333333333336,0.0,-0.054103704305059085
2307,LLM,6403,author_independent,0.14285714285714288,0.1566666666666667,-0.410116318288409,-0.299161659098562
2308,LLM,6403,author_independent,0.14285714285714285,0.24833333333333335,0.2727917864120626,0.09847901564065122
2309,LLM,6403,author_independent,0.2857142857142857,0.3433333333333334,0.2727917864120626,0.06429764651278291
2310,LLM,6403,author_independent,0.5714285714285714,0.5566666666666668,-0.18815327029684825,-0.22277995890318447
2311,LLM,6403,author_independent,0.7142857142857143,0.71,0.5982695885852573,0.44237734696489484
2312,LLM,6403,author_independent,0.5714285714285714,0.5383333333333333,0.2727917864120627,0.28643137573266575
2313,LLM,6403,author_independent,0.7142857142857142,0.7,0.0,-0.038190850097688765
2314,LLM,6403,author_independent,0.42857142857142855,0.40666666666666673,-0.5941261547656674,-0.4164303496711014
2315,LLM,6403,author_independent,0.4285714285714286,0.4266666666666667,-0.6829081047004717,-0.5378544722091168
2316,LLM,6407,author_relevant,0.0,0.0,0.0,0.0
2317,LLM,6407,author_relevant,0.0,0.0,0.0,0.0
2318,LLM,6407,author_relevant,0.0,0.0,0.0,0.0
2319,LLM,6407,author_relevant,0.0,0.0,0.0,0.0
2320,LLM,6407,author_relevant,0.0,0.0,0.0,0.0
2321,LLM,6407,author_relevant,0.0,0.0,0.0,0.0
2322,LLM,6407,author_relevant,0.0,0.0,0.0,0.0
2323,LLM,6407,author_relevant,0.0,0.0,0.0,0.0
2324,LLM,6407,author_relevant,0.14285714285714288,0.16000000000000003,-0.410116318288409,-0.3055268007815101
2325,LLM,6407,author_relevant,0.0,0.0,0.0,0.0
2326,LLM,6407,author_relevant,0.14285714285714282,0.14,0.38619532188540395,0.24204562373520155
2327,LLM,6407,author_relevant,0.14285714285714282,0.15833333333333335,0.38619532188540395,0.27705390299141625
2328,LLM,6440,unambiguous,0.0,0.0,0.0,0.0
2329,LLM,6440,unambiguous,0.0,0.0,0.0,0.0
2330,LLM,6440,unambiguous,0.0,0.0,0.0,0.0
2331,LLM,6440,unambiguous,0.0,0.0,0.0,0.0
2332,LLM,6440,unambiguous,0.0,0.0,0.0,0.0
2333,LLM,6440,unambiguous,0.0,0.0,0.0,0.0
2334,LLM,6440,unambiguous,0.0,0.0,0.0,0.0
2335,LLM,6440,unambiguous,0.0,0.0,0.0,0.0
2336,LLM,6440,unambiguous,0.0,0.0,0.0,0.0
2337,LLM,6440,unambiguous,0.0,0.0,0.0,0.0
2338,LLM,6440,unambiguous,0.0,0.0,0.0,0.0
2339,LLM,6440,unambiguous,0.0,0.0,0.0,0.0
2340,LLM,6450,author_independent,0.16666666666666663,0.16333333333333336,-0.45056120886630463,-0.3118919424644583
2341,LLM,6450,author_independent,0.14285714285714288,0.15000000000000002,-0.410116318288409,-0.28643137573266575
2342,LLM,6450,author_independent,0.2857142857142857,0.30166666666666675,-0.5982695885852573,-0.4678379136966874
2343,LLM,6450,author_independent,0.2857142857142857,0.3016666666666667,-0.5982695885852573,-0.4837507679040577
2344,LLM,6450,author_independent,0.0,0.0,0.0,0.0
2345,LLM,6450,author_independent,0.14285714285714288,0.145,-0.08463851611521445,-0.0795642710368516
2346,LLM,6450,author_independent,0.6666666666666667,0.6683333333333334,0.0,-0.04773856262211096
2347,LLM,6450,author_independent,0.6666666666666667,0.6600000000000001,0.0,0.019095425048844383
2348,LLM,6450,author_independent,0.6666666666666667,0.6866666666666669,0.0,0.019095425048844383
2349,LLM,6450,author_independent,0.5714285714285714,0.59,-0.18815327029684825,-0.16549368375665133
2350,LLM,6450,author_independent,0.2857142857142857,0.28666666666666674,0.2727917864120627,0.2673359506838214
2351,LLM,6450,author_independent,0.14285714285714285,0.2316666666666667,0.32133436835360474,0.1696282343983833
2352,LLM,6499,author_independent,0.2857142857142857,0.2733333333333334,0.08463851611521445,0.1145725502930663
2353,LLM,6499,author_independent,0.0,0.18666666666666668,0.0,0.0
2354,LLM,6499,author_independent,0.14285714285714288,0.25666666666666665,0.08463851611521445,0.0795642710368516
2355,LLM,6499,author_independent,0.2857142857142857,0.30500000000000005,0.2727917864120627,0.3087093716229842
2356,LLM,6499,author_independent,0.0,0.2,0.0,-0.006365141682948128
2357,LLM,6499,author_independent,0.0,0.2016666666666667,0.0,0.05728627514653315
2358,LLM,6499,author_independent,0.2857142857142857,0.28500000000000003,0.08463851611521445,0.08592941271979973
2359,LLM,6499,author_independent,0.14285714285714282,0.22833333333333336,-0.18815327029684825,-0.17822396712254757
2360,LLM,6499,author_independent,0.14285714285714288,0.265,0.08463851611521445,0.08911198356127378
2361,LLM,6499,author_independent,0.2857142857142857,0.3016666666666667,0.2727917864120627,0.28324880489119164
2362,LLM,6499,author_independent,0.0,0.0,0.0,0.0
2363,LLM,6499,author_independent,0.14285714285714288,0.2766666666666667,0.08463851611521445,0.09229455440274785
2364,LLM,6524,unambiguous,0.0,0.0,0.0,0.0
2365,LLM,6524,unambiguous,0.0,0.0,0.0,0.0
2366,LLM,6524,unambiguous,0.0,0.0,0.0,0.0
2367,LLM,6524,unambiguous,0.0,0.0,0.0,0.0
2368,LLM,6524,unambiguous,0.0,0.0,0.0,0.0
2369,LLM,6524,unambiguous,0.0,0.0,0.0,0.0
2370,LLM,6524,unambiguous,0.0,0.0,0.0,0.0
2371,LLM,6524,unambiguous,0.0,0.0,0.0,0.0
2372,LLM,6524,unambiguous,0.0,0.0,0.0,0.0
2373,LLM,6524,unambiguous,0.0,0.0,0.0,0.0
2374,LLM,6524,unambiguous,0.0,0.0,0.0,0.0
2375,LLM,6524,unambiguous,0.0,0.0,0.0,0.0
2376,LLM,6649,author_independent,0.14285714285714288,0.14333333333333337,0.410116318288409,0.2737010923667695
2377,LLM,6649,author_independent,0.0,0.0,0.0,0.0
2378,LLM,6649,author_independent,0.0,0.0,0.0,0.0
2379,LLM,6649,author_independent,0.14285714285714288,0.13833333333333336,-0.410116318288409,-0.2641533798423473
2380,LLM,6649,author_independent,0.14285714285714288,0.1366666666666667,0.410116318288409,0.2609708090008732
2381,LLM,6649,author_independent,0.0,0.0,0.0,0.0
2382,LLM,6649,author_independent,0.14285714285714288,0.14500000000000005,0.410116318288409,0.2768836632082436
2383,LLM,6649,author_independent,0.14285714285714288,0.135,0.410116318288409,0.25778823815939916
2384,LLM,6649,author_independent,0.14285714285714282,0.14500000000000002,0.18815327029684825,0.18140653796402162
2385,LLM,6649,author_independent,0.0,0.0,0.0,0.0
2386,LLM,6649,author_independent,0.14285714285714288,0.14333333333333337,0.410116318288409,0.2737010923667695
2387,LLM,6649,author_independent,0.14285714285714288,0.15333333333333335,0.410116318288409,0.29279651741561386
2388,LLM,6696,author_independent,0.0,0.0,0.0,0.0
2389,LLM,6696,author_independent,0.14285714285714288,0.1366666666666667,-0.410116318288409,-0.2609708090008732
2390,LLM,6696,author_independent,0.14285714285714282,0.13833333333333336,-0.18815327029684825,-0.14321568786633287
2391,LLM,6696,author_independent,0.2857142857142857,0.2783333333333334,-0.5982695885852573,-0.43601220528194673
2392,LLM,6696,author_independent,0.0,0.0,0.0,0.0
2393,LLM,6696,author_independent,0.0,0.0,0.0,0.0
2394,LLM,6696,author_independent,0.0,0.0,0.0,0.0
2395,LLM,6696,author_independent,0.14285714285714288,0.14500000000000002,-0.410116318288409,-0.2768836632082436
2396,LLM,6696,author_independent,0.14285714285714282,0.15666666666666668,-0.18815327029684825,-0.2195973880617104
2397,LLM,6696,author_independent,0.14285714285714282,0.15666666666666668,-0.18815327029684825,-0.19731939217139197
2398,LLM,6696,author_independent,0.14285714285714288,0.13166666666666668,0.410116318288409,0.25142309647645106
2399,LLM,6696,author_independent,0.0,0.0,0.0,0.0
2400,LLM,6732,unambiguous,0.0,0.0,0.0,0.0
2401,LLM,6732,unambiguous,0.0,0.0,0.0,0.0
2402,LLM,6732,unambiguous,0.0,0.0,0.0,0.0
2403,LLM,6732,unambiguous,0.0,0.0,0.0,0.0
2404,LLM,6732,unambiguous,0.0,0.0,0.0,0.0
2405,LLM,6732,unambiguous,0.0,0.0,0.0,0.0
2406,LLM,6732,unambiguous,0.0,0.0,0.0,0.0
2407,LLM,6732,unambiguous,0.0,0.0,0.0,0.0
2408,LLM,6732,unambiguous,0.0,0.0,0.0,0.0
2409,LLM,6732,unambiguous,0.0,0.0,0.0,0.0
2410,LLM,6732,unambiguous,0.0,0.0,0.0,0.0
2411,LLM,6732,unambiguous,0.0,0.0,0.0,0.0
2412,LLM,6761,unambiguous,0.14285714285714288,0.15833333333333338,-0.410116318288409,-0.30234422994003607
2413,LLM,6761,unambiguous,0.14285714285714288,0.16333333333333336,-0.410116318288409,-0.3118919424644583
2414,LLM,6761,unambiguous,0.0,0.0,0.0,0.0
2415,LLM,6761,unambiguous,0.0,0.0,0.0,0.0
2416,LLM,6761,unambiguous,0.0,0.0,0.0,0.0
2417,LLM,6761,unambiguous,0.0,0.0,0.0,0.0
2418,LLM,6761,unambiguous,0.14285714285714285,0.23666666666666672,0.0,-0.03182570841474064
2419,LLM,6761,unambiguous,0.14285714285714288,0.15000000000000002,-0.410116318288409,-0.28643137573266575
2420,LLM,6761,unambiguous,0.14285714285714282,0.15833333333333333,0.38619532188540406,0.27443766227259353
2421,LLM,6761,unambiguous,0.14285714285714285,0.1433333333333333,0.1980420515885558,0.06007275564852858
2422,LLM,6761,unambiguous,0.0,0.0,0.0,0.0
2423,LLM,6761,unambiguous,0.0,0.0,0.0,0.0
2424,LLM,6768,unambiguous,0.0,0.0,0.0,0.0
2425,LLM,6768,unambiguous,0.0,0.0,0.0,0.0
2426,LLM,6768,unambiguous,0.0,0.0,0.0,0.0
2427,LLM,6768,unambiguous,0.0,0.0,0.0,0.0
2428,LLM,6768,unambiguous,0.0,0.0,0.0,0.0
2429,LLM,6768,unambiguous,0.0,0.0,0.0,0.0
2430,LLM,6768,unambiguous,0.0,0.0,0.0,0.0
2431,LLM,6768,unambiguous,0.0,0.0,0.0,0.0
2432,LLM,6768,unambiguous,0.0,0.0,0.0,0.0
2433,LLM,6768,unambiguous,0.0,0.0,0.0,0.0
2434,LLM,6768,unambiguous,0.0,0.0,0.0,0.0
2435,LLM,6768,unambiguous,0.0,0.0,0.0,0.0
2436,LLM,6789,unambiguous,0.4285714285714286,0.4366666666666667,-0.6829081047004717,-0.5378544722091168
2437,LLM,6789,unambiguous,0.0,0.0,0.0,0.0
2438,LLM,6789,unambiguous,0.0,0.0,0.0,0.0
2439,LLM,6789,unambiguous,0.0,0.0,0.0,0.0
2440,LLM,6789,unambiguous,0.2857142857142857,0.2850000000000001,-0.5982695885852573,-0.4519250594893171
2441,LLM,6789,unambiguous,0.0,0.0,0.0,0.0
2442,LLM,6789,unambiguous,0.4285714285714286,0.4266666666666667,-0.6829081047004717,-0.5410370430505909
2443,LLM,6789,unambiguous,0.0,0.0,0.0,0.0
2444,LLM,6789,unambiguous,0.0,0.0,0.0,0.0
2445,LLM,6789,unambiguous,0.0,0.0,0.0,0.0
2446,LLM,6789,unambiguous,0.14285714285714282,0.14333333333333337,-0.18815327029684825,-0.19413682132991789
2447,LLM,6789,unambiguous,0.0,0.0,0.0,0.0
2448,LLM,6804,author_independent,0.0,0.18333333333333335,0.0,0.0
2449,LLM,6804,author_independent,0.2857142857142857,0.285,0.15938825093872122,0.14691941871919706
2450,LLM,6804,author_independent,0.4285714285714285,0.4316666666666667,0.5455835728241253,0.3351670882662958
2451,LLM,6804,author_independent,0.0,0.0,0.0,0.0
2452,LLM,6804,author_independent,0.0,0.0,0.0,0.0
2453,LLM,6804,author_independent,0.0,0.0,0.0,0.0
2454,LLM,6804,author_independent,0.14285714285714288,0.25833333333333336,0.08463851611521445,0.054103704305059085
2455,LLM,6804,author_independent,0.2857142857142857,0.255,-0.1980420515885558,-0.05545177444479561
2456,LLM,6804,author_independent,0.42857142857142855,0.4316666666666667,0.2727917864120627,0.28324880489119164
2457,LLM,6804,author_independent,0.14285714285714285,0.13166666666666665,-0.1980420515885557,-0.06469373685226154
2458,LLM,6804,author_independent,0.0,0.0,0.0,0.0
2459,LLM,6804,author_independent,0.4285714285714286,0.39833333333333326,0.20793083288026337,0.2556479873407054
2460,LLM,6829,unambiguous,0.0,0.0,0.0,0.0
2461,LLM,6829,unambiguous,0.0,0.0,0.0,0.0
2462,LLM,6829,unambiguous,0.0,0.0,0.0,0.0
2463,LLM,6829,unambiguous,0.0,0.0,0.0,0.0
2464,LLM,6829,unambiguous,0.0,0.0,0.0,0.0
2465,LLM,6829,unambiguous,0.0,0.0,0.0,0.0
2466,LLM,6829,unambiguous,0.0,0.0,0.0,0.0
2467,LLM,6829,unambiguous,0.0,0.0,0.0,0.0
2468,LLM,6829,unambiguous,0.0,0.0,0.0,0.0
2469,LLM,6829,unambiguous,0.0,0.0,0.0,0.0
2470,LLM,6829,unambiguous,0.0,0.0,0.0,0.0
2471,LLM,6829,unambiguous,0.0,0.0,0.0,0.0
2472,LLM,6848,unambiguous,0.0,0.0,0.0,0.0
2473,LLM,6848,unambiguous,0.0,0.0,0.0,0.0
2474,LLM,6848,unambiguous,0.0,0.0,0.0,0.0
2475,LLM,6848,unambiguous,0.0,0.0,0.0,0.0
2476,LLM,6848,unambiguous,0.0,0.0,0.0,0.0
2477,LLM,6848,unambiguous,0.0,0.0,0.0,0.0
2478,LLM,6848,unambiguous,0.0,0.0,0.0,0.0
2479,LLM,6848,unambiguous,0.0,0.0,0.0,0.0
2480,LLM,6848,unambiguous,0.0,0.0,0.0,0.0
2481,LLM,6848,unambiguous,0.0,0.0,0.0,0.0
2482,LLM,6848,unambiguous,0.0,0.0,0.0,0.0
2483,LLM,6848,unambiguous,0.0,0.0,0.0,0.0
2484,LLM,6869,author_independent,0.14285714285714288,0.1366666666666667,0.410116318288409,0.2609708090008732
2485,LLM,6869,author_independent,0.14285714285714288,0.11666666666666668,-0.410116318288409,-0.22277995890318447
2486,LLM,6869,author_independent,0.0,0.0,0.0,0.0
2487,LLM,6869,author_independent,0.14285714285714288,0.14500000000000002,-0.410116318288409,-0.2768836632082436
2488,LLM,6869,author_independent,0.0,0.0,0.0,0.0
2489,LLM,6869,author_independent,0.0,0.0,0.0,0.0
2490,LLM,6869,author_independent,0.4285714285714286,0.45,0.9556998911125343,0.6661092856683372
2491,LLM,6869,author_independent,0.14285714285714282,0.15333333333333335,0.38619532188540406,0.2753549126234623
2492,LLM,6869,author_independent,0.2857142857142857,0.28500000000000003,0.7963116401738131,0.5198013671830526
2493,LLM,6869,author_independent,0.14285714285714282,0.16833333333333336,0.38619532188540406,0.29091684660261513
2494,LLM,6869,author_independent,0.14285714285714288,0.15000000000000002,0.410116318288409,0.28643137573266575
2495,LLM,6869,author_independent,0.14285714285714288,0.15666666666666668,0.410116318288409,0.299161659098562
2496,LLM,6938,author_relevant,0.14285714285714282,0.29000000000000004,-0.18815327029684825,-0.2450579547935029
2497,LLM,6938,author_relevant,0.14285714285714288,0.14666666666666672,-0.410116318288409,-0.28006623404971764
2498,LLM,6938,author_relevant,0.16666666666666663,0.17000000000000004,-0.45056120886630463,-0.3246222258303545
2499,LLM,6938,author_relevant,0.2857142857142857,0.2983333333333334,-0.5982695885852573,-0.4837507679040577
2500,LLM,6938,author_relevant,0.2857142857142857,0.28666666666666674,-0.5982695885852573,-0.45510763033079116
2501,LLM,6938,author_relevant,0.14285714285714282,0.14,-0.18815327029684825,-0.17504139628107354
2502,LLM,6938,author_relevant,0.0,0.0,0.0,0.0
2503,LLM,6938,author_relevant,0.0,0.0,0.0,0.0
2504,LLM,6938,author_relevant,0.0,0.0,0.0,0.0
2505,LLM,6938,author_relevant,0.14285714285714282,0.1416666666666667,-0.18815327029684825,-0.18777167964696978
2506,LLM,6938,author_relevant,0.0,0.0,0.0,0.0
2507,LLM,6938,author_relevant,0.2857142857142857,0.25833333333333336,-0.5982695885852573,-0.4296470635989986
2508,LLM,6957,author_independent,0.0,0.0,0.0,0.0
2509,LLM,6957,author_independent,0.0,0.0,0.0,0.0
2510,LLM,6957,author_independent,0.0,0.0,0.0,0.0
2511,LLM,6957,author_independent,0.0,0.0,0.0,0.0
2512,LLM,6957,author_independent,0.0,0.0,0.0,0.0
2513,LLM,6957,author_independent,0.0,0.0,0.0,0.0
2514,LLM,6957,author_independent,0.0,0.0,0.0,0.0
2515,LLM,6957,author_independent,0.0,0.0,0.0,0.0
2516,LLM,6957,author_independent,0.0,0.0,0.0,0.0
2517,LLM,6957,author_independent,0.0,0.0,0.0,0.0
2518,LLM,6957,author_independent,0.0,0.0,0.0,0.0
2519,LLM,6957,author_independent,0.0,0.0,0.0,0.0
2520,LLM,6997,unambiguous,0.42857142857142855,0.41166666666666674,0.2727917864120627,0.2546056673179251
2521,LLM,6997,unambiguous,0.2857142857142857,0.2733333333333334,0.5982695885852573,0.45192505948931705
2522,LLM,6997,unambiguous,0.2857142857142857,0.31,-0.4708338380006185,-0.21666495656405935
2523,LLM,6997,unambiguous,0.2857142857142857,0.3,-0.11340353547334125,0.009116892735554431
2524,LLM,6997,unambiguous,0.14285714285714288,0.13,0.08463851611521445,0.07319912935390346
2525,LLM,6997,unambiguous,0.4285714285714285,0.42833333333333345,-0.2727917864120626,-0.09882993586886867
2526,LLM,6997,unambiguous,0.0,0.0,0.0,0.0
2527,LLM,6997,unambiguous,0.0,0.0,0.0,0.0
2528,LLM,6997,unambiguous,0.2857142857142857,0.3433333333333334,-0.555472354115833,-0.23611130184112117
2529,LLM,6997,unambiguous,0.14285714285714282,0.25500000000000006,-0.38619532188540395,-0.29322733720448163
2530,LLM,6997,unambiguous,0.0,0.0,0.0,0.0
2531,LLM,6997,unambiguous,0.2857142857142857,0.3783333333333333,-0.2727917864120626,-0.13749677586668638
2532,LLM,7134,unambiguous,0.0,0.0,0.0,0.0
2533,LLM,7134,unambiguous,0.0,0.0,0.0,0.0
2534,LLM,7134,unambiguous,0.0,0.0,0.0,0.0
2535,LLM,7134,unambiguous,0.0,0.0,0.0,0.0
2536,LLM,7134,unambiguous,0.14285714285714288,0.12833333333333335,0.410116318288409,0.2450579547935029
2537,LLM,7134,unambiguous,0.14285714285714285,0.24000000000000005,-0.1980420515885558,-0.09072063370670538
2538,LLM,7134,unambiguous,0.14285714285714288,0.13000000000000003,-0.410116318288409,-0.24824052563497698
2539,LLM,7134,unambiguous,0.14285714285714288,0.1416666666666667,-0.410116318288409,-0.27051852152529543
2540,LLM,7134,unambiguous,0.0,0.0,0.0,0.0
2541,LLM,7134,unambiguous,0.0,0.0,0.0,0.0
2542,LLM,7134,unambiguous,0.0,0.0,0.0,0.0
2543,LLM,7134,unambiguous,0.2857142857142857,0.2916666666666667,-0.7963116401738131,-0.5325316505489489
2544,LLM,7147,author_independent,0.42857142857142855,0.44833333333333336,0.6688758895891743,0.5384103616698961
2545,LLM,7147,author_independent,0.0,0.19666666666666668,0.0,0.026898977094051413
2546,LLM,7147,author_independent,0.14285714285714285,0.13166666666666668,-0.04854258194154215,-0.08039118116519799
2547,LLM,7147,author_independent,0.2857142857142857,0.29666666666666663,-0.04854258194154215,-0.07515869972755251
2548,LLM,7147,author_independent,0.0,0.0,0.0,0.0
2549,LLM,7147,author_independent,0.14285714285714288,0.155,0.08463851611521445,0.08592941271979973
2550,LLM,7147,author_independent,0.4285714285714285,0.495,0.86691794117773,0.5718898903413294
2551,LLM,7147,author_independent,0.14285714285714285,0.29833333333333334,0.12329231676504904,0.11966952139692821
2552,LLM,7147,author_independent,0.14285714285714285,0.135,-0.04854258194154215,-0.03557460937886603
2553,LLM,7147,author_independent,0.0,0.16333333333333336,0.0,0.011858203126288675
2554,LLM,7147,author_independent,0.14285714285714282,0.14666666666666667,0.18815327029684825,0.16549368375665133
2555,LLM,7147,author_independent,0.0,0.0,0.0,0.0
2556,LLM,7160,author_relevant,0.42857142857142855,0.41833333333333333,0.5941261547656674,0.4778164460099773
2557,LLM,7160,author_relevant,0.14285714285714288,0.15,-0.15938825093872122,-0.16047661221343973
2558,LLM,7160,author_relevant,0.14285714285714288,0.1366666666666667,-0.15938825093872122,-0.14922990932106356
2559,LLM,7160,author_relevant,0.16666666666666666,0.25666666666666665,-0.23104906018664817,-0.06787630769373561
2560,LLM,7160,author_relevant,0.16666666666666669,0.16,0.41700201961515654,0.27674815287446
2561,LLM,7160,author_relevant,0.14285714285714285,0.23333333333333336,0.1980420515885558,0.05514602432783935
2562,LLM,7160,author_relevant,0.42857142857142855,0.4416666666666667,0.5941261547656674,0.42305607135974455
2563,LLM,7160,author_relevant,0.14285714285714285,0.16333333333333336,0.04854258194154215,0.026898977094051413
2564,LLM,7160,author_relevant,0.16666666666666669,0.25333333333333335,0.0,0.005798811560296804
2565,LLM,7160,author_relevant,0.4285714285714285,0.4383333333333333,-0.1980420515885557,-0.06905413805029945
2566,LLM,7160,author_relevant,0.2857142857142857,0.28166666666666673,0.5455835728241253,0.420485000752183
2567,LLM,7160,author_relevant,0.2857142857142857,0.2816666666666666,0.48072261929232607,0.31136034179119604
2568,LLM,7164,unambiguous,0.0,0.0,0.0,0.0
2569,LLM,7164,unambiguous,0.0,0.0,0.0,0.0
2570,LLM,7164,unambiguous,0.0,0.0,0.0,0.0
2571,LLM,7164,unambiguous,0.0,0.0,0.0,0.0
2572,LLM,7164,unambiguous,0.0,0.0,0.0,0.0
2573,LLM,7164,unambiguous,0.0,0.0,0.0,0.0
2574,LLM,7164,unambiguous,0.0,0.0,0.0,0.0
2575,LLM,7164,unambiguous,0.0,0.0,0.0,0.0
2576,LLM,7164,unambiguous,0.0,0.0,0.0,0.0
2577,LLM,7164,unambiguous,0.0,0.0,0.0,0.0
2578,LLM,7164,unambiguous,0.0,0.0,0.0,0.0
2579,LLM,7164,unambiguous,0.0,0.0,0.0,0.0
2580,LLM,7179,author_independent,0.7142857142857142,0.6866666666666668,-0.9556998911125343,-0.6788395690342335
2581,LLM,7179,author_independent,0.5714285714285714,0.5766666666666667,-1.277034259466139,-0.8224860766894341
2582,LLM,7179,author_independent,0.42857142857142855,0.4,-0.5941261547656674,-0.4418909164028939
2583,LLM,7179,author_independent,0.4285714285714286,0.4266666666666667,-0.9556998911125343,-0.6525520921740946
2584,LLM,7179,author_independent,0.7142857142857142,0.6883333333333332,-1.277034259466139,-0.829983878617685
2585,LLM,7179,author_independent,0.5714285714285714,0.5866666666666667,-1.0789922078775833,-0.7915776186255623
2586,LLM,7179,author_independent,0.14285714285714285,0.12833333333333333,0.32133436835360474,0.18148643752467195
2587,LLM,7179,author_independent,0.14285714285714285,0.15166666666666667,0.07474973482350689,0.06155633612204867
2588,LLM,7179,author_independent,0.14285714285714285,0.15333333333333332,0.07474973482350689,0.04394449154672438
2589,LLM,7179,author_independent,0.2857142857142857,0.31,0.12329231676504904,0.12429050260066116
2590,LLM,7179,author_independent,0.14285714285714285,0.14833333333333332,0.0,0.009241962407465935
2591,LLM,7179,author_independent,0.14285714285714285,0.12333333333333332,0.2727917864120626,0.12825481345922046
2592,LLM,7180,author_independent,0.0,0.20166666666666672,0.0,-0.019095425048844383
2593,LLM,7180,author_independent,0.14285714285714285,0.15166666666666667,0.0,0.009547712524422191
2594,LLM,7180,author_independent,0.14285714285714288,0.145,-0.08463851611521445,-0.12093769197601442
2595,LLM,7180,author_independent,0.0,0.18833333333333335,0.0,-0.038190850097688765
2596,LLM,7180,author_independent,0.14285714285714288,0.17000000000000004,0.410116318288409,0.3246222258303545
2597,LLM,7180,author_independent,0.2857142857142857,0.2950000000000001,-0.5982695885852573,-0.4582902011722652
2598,LLM,7180,author_independent,0.4285714285714286,0.44,0.0,0.01591285420737032
2599,LLM,7180,author_independent,0.2857142857142857,0.28,-0.2727917864120627,-0.3087093716229842
2600,LLM,7180,author_independent,0.2857142857142857,0.32833333333333337,-0.08463851611521445,-0.07001655851242941
2601,LLM,7180,author_independent,0.2857142857142857,0.30500000000000005,-0.2727917864120627,-0.2673359506838214
2602,LLM,7180,author_independent,0.7142857142857143,0.7383333333333334,0.5982695885852573,0.41373420939162825
2603,LLM,7180,author_independent,0.2857142857142857,0.3083333333333334,0.08463851611521445,0.08911198356127378
2604,LLM,7193,unambiguous,0.0,0.0,0.0,0.0
2605,LLM,7193,unambiguous,0.0,0.0,0.0,0.0
2606,LLM,7193,unambiguous,0.0,0.0,0.0,0.0
2607,LLM,7193,unambiguous,0.0,0.0,0.0,0.0
2608,LLM,7193,unambiguous,0.0,0.0,0.0,0.0
2609,LLM,7193,unambiguous,0.0,0.0,0.0,0.0
2610,LLM,7193,unambiguous,0.0,0.0,0.0,0.0
2611,LLM,7193,unambiguous,0.0,0.0,0.0,0.0
2612,LLM,7193,unambiguous,0.0,0.0,0.0,0.0
2613,LLM,7193,unambiguous,0.0,0.0,0.0,0.0
2614,LLM,7193,unambiguous,0.0,0.0,0.0,0.0
2615,LLM,7193,unambiguous,0.0,0.0,0.0,0.0
2616,LLM,7198,author_relevant,0.7142857142857142,0.7,0.0,0.012730283365896256
2617,LLM,7198,author_relevant,0.5714285714285714,0.5683333333333335,0.18815327029684825,0.22596252974465855
2618,LLM,7198,author_relevant,0.42857142857142855,0.465,-0.2727917864120627,-0.3055268007815101
2619,LLM,7198,author_relevant,0.4285714285714286,0.445,0.0,-0.04137342093916283
2620,LLM,7198,author_relevant,0.5714285714285714,0.5816666666666667,-0.18815327029684825,-0.22596252974465855
2621,LLM,7198,author_relevant,0.5714285714285714,0.54,-0.18815327029684825,-0.149580829549281
2622,LLM,7198,author_relevant,0.8571428571428572,0.8966666666666667,0.18815327029684825,0.20050196301286605
2623,LLM,7198,author_relevant,0.7142857142857142,0.71,0.18815327029684825,0.17822396712254757
2624,LLM,7198,author_relevant,0.7142857142857142,0.7483333333333333,0.11340353547334125,-0.07045781896316923
2625,LLM,7198,author_relevant,0.8571428571428571,0.865,-0.18815327029684825,-0.20050196301286605
2626,LLM,7198,author_relevant,0.8571428571428571,0.8716666666666667,-0.18815327029684825,-0.20050196301286605
2627,LLM,7198,author_relevant,0.7142857142857143,0.71,0.0,-0.035008279256214705
2628,LLM,7200,author_relevant,0.0,0.0,0.0,0.0
2629,LLM,7200,author_relevant,0.0,0.0,0.0,0.0
2630,LLM,7200,author_relevant,0.0,0.0,0.0,0.0
2631,LLM,7200,author_relevant,0.0,0.0,0.0,0.0
2632,LLM,7200,author_relevant,0.0,0.0,0.0,0.0
2633,LLM,7200,author_relevant,0.0,0.0,0.0,0.0
2634,LLM,7200,author_relevant,0.42857142857142855,0.41166666666666674,0.9556998911125343,0.6366392379667242
2635,LLM,7200,author_relevant,0.2857142857142857,0.3366666666666667,0.7963116401738131,0.6045077794350273
2636,LLM,7200,author_relevant,0.16666666666666663,0.16333333333333336,0.45056120886630463,0.3118919424644583
2637,LLM,7200,author_relevant,0.4285714285714286,0.4483333333333333,0.9556998911125343,0.7016838950472032
2638,LLM,7200,author_relevant,0.5714285714285714,0.605,0.6829081047004717,0.5283067596846946
2639,LLM,7200,author_relevant,0.2857142857142857,0.29333333333333333,0.7963116401738131,0.535714221390423
2640,LLM,31015,unambiguous,0.0,0.0,0.0,0.0
2641,LLM,31015,unambiguous,0.0,0.0,0.0,0.0
2642,LLM,31015,unambiguous,0.0,0.0,0.0,0.0
2643,LLM,31015,unambiguous,0.14285714285714288,0.13333333333333336,-0.410116318288409,-0.2546056673179251
2644,LLM,31015,unambiguous,0.0,0.0,0.0,0.0
2645,LLM,31015,unambiguous,0.0,0.0,0.0,0.0
2646,LLM,31015,unambiguous,0.0,0.0,0.0,0.0
2647,LLM,31015,unambiguous,0.0,0.0,0.0,0.0
2648,LLM,31015,unambiguous,0.0,0.0,0.0,0.0
2649,LLM,31015,unambiguous,0.14285714285714288,0.14333333333333337,-0.410116318288409,-0.2737010923667695
2650,LLM,31015,unambiguous,0.0,0.0,0.0,0.0
2651,LLM,31015,unambiguous,0.0,0.0,0.0,0.0
2652,LLM,31060,unambiguous,0.0,0.0,0.0,0.0
2653,LLM,31060,unambiguous,0.0,0.0,0.0,0.0
2654,LLM,31060,unambiguous,0.0,0.0,0.0,0.0
2655,LLM,31060,unambiguous,0.0,0.0,0.0,0.0
2656,LLM,31060,unambiguous,0.0,0.0,0.0,0.0
2657,LLM,31060,unambiguous,0.0,0.0,0.0,0.0
2658,LLM,31060,unambiguous,0.0,0.0,0.0,0.0
2659,LLM,31060,unambiguous,0.0,0.0,0.0,0.0
2660,LLM,31060,unambiguous,0.0,0.0,0.0,0.0
2661,LLM,31060,unambiguous,0.0,0.0,0.0,0.0
2662,LLM,31060,unambiguous,0.0,0.0,0.0,0.0
2663,LLM,31060,unambiguous,0.0,0.0,0.0,0.0
2664,LLM,31077,unambiguous,0.0,0.0,0.0,0.0
2665,LLM,31077,unambiguous,0.0,0.0,0.0,0.0
2666,LLM,31077,unambiguous,0.0,0.0,0.0,0.0
2667,LLM,31077,unambiguous,0.0,0.0,0.0,0.0
2668,LLM,31077,unambiguous,0.0,0.0,0.0,0.0
2669,LLM,31077,unambiguous,0.0,0.0,0.0,0.0
2670,LLM,31077,unambiguous,0.0,0.0,0.0,0.0
2671,LLM,31077,unambiguous,0.0,0.0,0.0,0.0
2672,LLM,31077,unambiguous,0.0,0.0,0.0,0.0
2673,LLM,31077,unambiguous,0.0,0.0,0.0,0.0
2674,LLM,31077,unambiguous,0.0,0.0,0.0,0.0
2675,LLM,31077,unambiguous,0.0,0.0,0.0,0.0
2676,LLM,31089,unambiguous,0.2857142857142857,0.2866666666666667,0.5982695885852573,0.45192505948931705
2677,LLM,31089,unambiguous,0.2857142857142857,0.29500000000000004,0.5982695885852573,0.44555991780636894
2678,LLM,31089,unambiguous,0.14285714285714288,0.14000000000000004,0.410116318288409,0.2673359506838214
2679,LLM,31089,unambiguous,0.14285714285714288,0.12500000000000003,0.410116318288409,0.23869281311055482
2680,LLM,31089,unambiguous,0.4285714285714286,0.38333333333333336,0.9556998911125343,0.6432649596553675
2681,LLM,31089,unambiguous,0.2857142857142857,0.2666666666666667,0.5982695885852573,0.4582902011722652
2682,LLM,31089,unambiguous,0.0,0.0,0.0,0.0
2683,LLM,31089,unambiguous,0.0,0.0,0.0,0.0
2684,LLM,31089,unambiguous,0.0,0.0,0.0,0.0
2685,LLM,31089,unambiguous,0.0,0.0,0.0,0.0
2686,LLM,31089,unambiguous,0.0,0.0,0.0,0.0
2687,LLM,31089,unambiguous,0.0,0.0,0.0,0.0
2688,LLM,31147,author_relevant,0.14285714285714285,0.21833333333333335,0.0,-0.05728627514653315
2689,LLM,31147,author_relevant,0.4285714285714285,0.44166666666666665,0.5455835728241253,0.3915361130619602
2690,LLM,31147,author_relevant,0.14285714285714288,0.13166666666666665,-0.3574303025272769,-0.19164565028300665
2691,LLM,31147,author_relevant,0.2857142857142857,0.265,-0.14949946964701355,-0.052835533725972876
2692,LLM,31147,author_relevant,0.14285714285714285,0.145,0.2727917864120626,0.13980726646855288
2693,LLM,31147,author_relevant,0.14285714285714285,0.15166666666666667,0.1980420515885557,0.071625208657861
2694,LLM,31147,author_relevant,0.14285714285714285,0.24166666666666672,0.0,0.03182570841474064
2695,LLM,31147,author_relevant,0.14285714285714285,0.25166666666666676,0.0,-0.04773856262211096
2696,LLM,31147,author_relevant,0.14285714285714288,0.135,-0.3574303025272769,-0.19853195197734494
2697,LLM,31147,author_relevant,0.14285714285714285,0.15999999999999998,-0.1980420515885557,-0.06469373685226155
2698,LLM,31147,author_relevant,0.2857142857142857,0.29166666666666674,0.11340353547334137,-0.005062241654472785
2699,LLM,31147,author_relevant,0.14285714285714288,0.12666666666666665,-0.35743030252727703,-0.17948169703976175
2700,LLM,31154,author_relevant,0.2857142857142857,0.2733333333333334,0.3960841031771116,0.2147053861904103
2701,LLM,31154,author_relevant,0.14285714285714285,0.15999999999999998,0.0,0.0069314718055994515
2702,LLM,31154,author_relevant,0.3333333333333333,0.35,0.3182570841474066,0.1849295883718411
2703,LLM,31154,author_relevant,0.14285714285714285,0.155,0.32133436835360474,0.19247256041135305
2704,LLM,31154,author_relevant,0.14285714285714285,0.14166666666666666,-0.2727917864120626,-0.11814077081214693
2705,LLM,31154,author_relevant,0.0,0.0,0.0,0.0
2706,LLM,31154,author_relevant,0.0,0.0,0.0,0.0
2707,LLM,31154,author_relevant,0.2857142857142857,0.2816666666666667,-0.32133436835360474,-0.1592084416343535
2708,LLM,31154,author_relevant,0.14285714285714288,0.13833333333333334,-0.35743030252727703,-0.20699217436772563
2709,LLM,31154,author_relevant,0.0,0.0,0.0,0.0
2710,LLM,31154,author_relevant,0.14285714285714285,0.15333333333333332,-0.2727917864120626,-0.13025955394413066
2711,LLM,31154,author_relevant,0.14285714285714285,0.12,-0.32133436835360474,-0.15981994186826604
2712,LLM,31177,author_independent,0.0,0.0,0.0,0.0
2713,LLM,31177,author_independent,0.0,0.0,0.0,0.0
2714,LLM,31177,author_independent,0.0,0.0,0.0,0.0
2715,LLM,31177,author_independent,0.0,0.0,0.0,0.0
2716,LLM,31177,author_independent,0.14285714285714285,0.15666666666666665,0.2727917864120626,0.14011301658550912
2717,LLM,31177,author_independent,0.0,0.0,0.0,0.0
2718,LLM,31177,author_independent,0.0,0.0,0.0,0.0
2719,LLM,31177,author_independent,0.0,0.0,0.0,0.0
2720,LLM,31177,author_independent,0.0,0.0,0.0,0.0
2721,LLM,31177,author_independent,0.0,0.0,0.0,0.0
2722,LLM,31177,author_independent,0.14285714285714285,0.1433333333333333,0.2727917864120626,0.11120929900654747
2723,LLM,31177,author_independent,0.0,0.0,0.0,0.0
2724,LLM,31179,author_independent,0.14285714285714285,0.25500000000000006,0.0,0.01591285420737032
2725,LLM,31179,author_independent,0.2857142857142857,0.26833333333333337,-0.18815327029684825,-0.19413682132991789
2726,LLM,31179,author_independent,0.2857142857142857,0.28666666666666674,-0.7963116401738131,-0.5229839380245267
2727,LLM,31179,author_independent,0.0,0.0,0.0,0.0
2728,LLM,31179,author_independent,0.0,0.0,0.0,0.0
2729,LLM,31179,author_independent,0.0,0.19833333333333333,0.0,0.0
2730,LLM,31179,author_independent,0.0,0.1983333333333334,0.0,0.035008279256214705
2731,LLM,31179,author_independent,0.2857142857142857,0.3066666666666667,-0.18815327029684825,-0.22596252974465855
2732,LLM,31179,author_independent,0.2857142857142857,0.2766666666666667,-0.7963116401738131,-0.5038885129756824
2733,LLM,31179,author_independent,0.14285714285714285,0.16833333333333333,0.0,0.0
2734,LLM,31179,author_independent,0.14285714285714282,0.16833333333333336,0.38619532188540406,0.2926610070818303
2735,LLM,31179,author_independent,0.2857142857142857,0.2733333333333334,-0.7963116401738131,-0.5010116922511645
2736,LLM,31181,author_relevant,0.7142857142857143,0.6966666666666668,0.18815327029684825,0.22277995890318447
2737,LLM,31181,author_relevant,0.7142857142857142,0.7216666666666667,0.0,0.009547712524422191
2738,LLM,31181,author_relevant,0.4285714285714286,0.5116666666666667,0.4059728844688192,0.21479572641293265
2739,LLM,31181,author_relevant,0.7142857142857142,0.71,0.0,0.019095425048844383
2740,LLM,31181,author_relevant,0.0,0.0,0.0,0.0
2741,LLM,31181,author_relevant,0.5714285714285714,0.5783333333333335,0.18815327029684825,0.17822396712254757
2742,LLM,31181,author_relevant,0.0,0.0,0.0,0.0
2743,LLM,31181,author_relevant,0.14285714285714285,0.22833333333333336,0.0,-0.006365141682948128
2744,LLM,31181,author_relevant,0.14285714285714282,0.14333333333333334,-0.18815327029684825,-0.1845891088054957
2745,LLM,31181,author_relevant,0.14285714285714285,0.14833333333333332,0.0,0.0
2746,LLM,31181,author_relevant,0.14285714285714282,0.14333333333333337,0.38619532188540395,0.2466666049389345
2747,LLM,31181,author_relevant,0.0,0.0,0.0,0.0
2748,LLM,31207,author_relevant,0.7142857142857142,0.7133333333333334,-0.18815327029684825,-0.20050196301286605
2749,LLM,31207,author_relevant,0.7142857142857142,0.7166666666666666,0.0,0.04773856262211096
2750,LLM,31207,author_relevant,0.5714285714285714,0.635,-0.4059728844688192,-0.25555764711818296
2751,LLM,31207,author_relevant,0.857142857142857,0.865,0.18815327029684825,0.2195973880617104
2752,LLM,31207,author_relevant,0.42857142857142855,0.4766666666666666,-0.08463851611521445,-0.1145725502930663
2753,LLM,31207,author_relevant,0.4285714285714286,0.5016666666666666,0.08463851611521445,0.1304854045004366
2754,LLM,31207,author_relevant,0.14285714285714285,0.2316666666666667,0.1980420515885558,0.09416378455387452
2755,LLM,31207,author_relevant,0.14285714285714288,0.25500000000000006,0.08463851611521445,0.06683398767095534
2756,LLM,31207,author_relevant,0.2857142857142857,0.36,-0.4059728844688192,-0.282105703984017
2757,LLM,31207,author_relevant,0.2857142857142857,0.355,0.5455835728241253,0.39646284438264934
2758,LLM,31207,author_relevant,0.14285714285714285,0.295,0.32133436835360474,0.16675141367386545
2759,LLM,31207,author_relevant,0.2857142857142857,0.28500000000000003,0.08463851611521445,0.09547712524422192
2760,LLM,31234,author_relevant,0.2857142857142857,0.3733333333333333,0.5455835728241253,0.3805951602865403
2761,LLM,31234,author_relevant,0.4285714285714286,0.49,0.08463851611521445,0.1304854045004366
2762,LLM,31234,author_relevant,0.14285714285714282,0.1416666666666667,0.38619532188540406,0.2504606760143211
2763,LLM,31234,author_relevant,0.14285714285714282,0.14833333333333334,0.38619532188540406,0.2588305581821794
2764,LLM,31234,author_relevant,0.42857142857142855,0.4366666666666667,0.5941261547656674,0.48147500675158034
2765,LLM,31234,author_relevant,0.7142857142857142,0.705,0.18815327029684825,0.2036845338543401
2766,LLM,31234,author_relevant,0.14285714285714288,0.15500000000000003,-0.410116318288409,-0.2959790882570879
2767,LLM,31234,author_relevant,0.2857142857142857,0.2850000000000001,-0.5982695885852573,-0.45510763033079116
2768,LLM,31234,author_relevant,0.14285714285714288,0.1416666666666667,-0.410116318288409,-0.27051852152529543
2769,LLM,31234,author_relevant,0.14285714285714288,0.1366666666666667,-0.410116318288409,-0.2609708090008732
2770,LLM,31234,author_relevant,0.14285714285714288,0.11666666666666668,-0.410116318288409,-0.22277995890318447
2771,LLM,31234,author_relevant,0.14285714285714288,0.15000000000000002,-0.410116318288409,-0.28643137573266575
2772,LLM,31292,unambiguous,0.0,0.0,0.0,0.0
2773,LLM,31292,unambiguous,0.0,0.17,0.0,0.028643137573266576
2774,LLM,31292,unambiguous,0.2857142857142857,0.32333333333333336,0.08463851611521445,0.08274684187832566
2775,LLM,31292,unambiguous,0.0,0.0,0.0,0.0
2776,LLM,31292,unambiguous,0.14285714285714288,0.14333333333333334,-0.08463851611521445,-0.054103704305059085
2777,LLM,31292,unambiguous,0.14285714285714285,0.12166666666666667,0.0,-0.025460566731792512
2778,LLM,31292,unambiguous,0.14285714285714282,0.14666666666666667,-0.18815327029684825,-0.19731939217139197
2779,LLM,31292,unambiguous,0.0,0.0,0.0,0.0
2780,LLM,31292,unambiguous,0.0,0.17833333333333334,0.0,0.028643137573266576
2781,LLM,31292,unambiguous,0.0,0.195,0.0,0.0
2782,LLM,31292,unambiguous,0.0,0.0,0.0,0.0
2783,LLM,31292,unambiguous,0.2857142857142857,0.28166666666666673,-0.08463851611521445,-0.04137342093916283
2784,LLM,31313,author_relevant,0.7142857142857142,0.7016666666666667,-0.7436256244126812,-0.48081833640640653
2785,LLM,31313,author_relevant,0.42857142857142855,0.4116666666666666,-0.5941261547656674,-0.49193996962687125
2786,LLM,31313,author_relevant,0.4285714285714286,0.46,-0.4059728844688192,-0.2526808263936652
2787,LLM,31313,author_relevant,0.5714285714285714,0.6016666666666667,-0.35743030252727703,-0.17660487631524394
2788,LLM,31313,author_relevant,0.5714285714285714,0.545,-1.277034259466139,-0.8268013077762107
2789,LLM,31313,author_relevant,0.2857142857142857,0.43166666666666664,-0.743625624412681,-0.5227580874682207
2790,LLM,31313,author_relevant,0.2857142857142857,0.39833333333333326,-0.4708338380006185,-0.1863228286228388
2791,LLM,31313,author_relevant,0.14285714285714285,0.24833333333333335,-0.32133436835360474,-0.22543092907139634
2792,LLM,31313,author_relevant,0.2857142857142857,0.4016666666666666,0.2727917864120626,0.09965684599721505
2793,LLM,31313,author_relevant,0.14285714285714285,0.15833333333333333,0.04854258194154215,0.049743303107021186
2794,LLM,31313,author_relevant,0.14285714285714285,0.11166666666666666,-0.32133436835360474,-0.12424533248939999
2795,LLM,31313,author_relevant,0.2857142857142857,0.41833333333333333,-0.4708338380006183,-0.08596414216918885
2796,LLM,31317,author_relevant,0.42857142857142855,0.4133333333333333,0.5941261547656673,0.25568271679009447
2797,LLM,31317,author_relevant,0.4285714285714285,0.45166666666666666,0.86691794117773,0.5999215276806834
2798,LLM,31317,author_relevant,0.2857142857142857,0.39,0.6787646708808818,0.36789960637003316
2799,LLM,31317,author_relevant,0.4285714285714285,0.4516666666666667,1.0649599927662856,0.6319174758785968
2800,LLM,31317,author_relevant,0.2857142857142857,0.37,0.6787646708808818,0.36419587551716887
2801,LLM,31317,author_relevant,0.4285714285714285,0.4533333333333333,0.86691794117773,0.5840086734733131
2802,LLM,31317,author_relevant,0.2857142857142857,0.29166666666666663,0.2727917864120626,0.08025567083141442
2803,LLM,31317,author_relevant,0.42857142857142855,0.45000000000000007,0.2727917864120627,0.28006623404971764
2804,LLM,31317,author_relevant,0.42857142857142855,0.4016666666666666,0.35743030252727703,0.18815732932457635
2805,LLM,31317,author_relevant,0.42857142857142855,0.44500000000000006,0.2727917864120627,0.23869281311055482
2806,LLM,31317,author_relevant,0.14285714285714288,0.14833333333333334,0.08463851611521445,0.09229455440274785
2807,LLM,31317,author_relevant,0.2857142857142857,0.2800000000000001,0.2727917864120627,0.2673359506838214
2808,LLM,31346,author_relevant,0.0,0.0,0.0,0.0
2809,LLM,31346,author_relevant,0.14285714285714288,0.12666666666666668,-0.410116318288409,-0.24187538395202884
2810,LLM,31346,author_relevant,0.14285714285714288,0.1616666666666667,-0.410116318288409,-0.30870937162298423
2811,LLM,31346,author_relevant,0.0,0.0,0.0,0.0
2812,LLM,31346,author_relevant,0.0,0.0,0.0,0.0
2813,LLM,31346,author_relevant,0.0,0.0,0.0,0.0
2814,LLM,31346,author_relevant,0.14285714285714288,0.14666666666666667,-0.410116318288409,-0.28006623404971764
2815,LLM,31346,author_relevant,0.14285714285714288,0.16000000000000003,-0.410116318288409,-0.3055268007815101
2816,LLM,31346,author_relevant,0.14285714285714288,0.1366666666666667,-0.410116318288409,-0.2609708090008732
2817,LLM,31346,author_relevant,0.14285714285714285,0.24000000000000007,0.0,0.054103704305059085
2818,LLM,31346,author_relevant,0.0,0.0,0.0,0.0
2819,LLM,31346,author_relevant,0.14285714285714285,0.24166666666666672,0.0,0.019095425048844383
2820,LLM,31378,author_relevant,0.2857142857142857,0.3016666666666667,0.5982695885852573,0.4678379136966873
2821,LLM,31378,author_relevant,0.4285714285714286,0.4466666666666667,0.6829081047004717,0.5696801806238574
2822,LLM,31378,author_relevant,0.5714285714285714,0.5383333333333334,0.6829081047004717,0.5283067596846946
2823,LLM,31378,author_relevant,0.2857142857142857,0.2783333333333334,0.5982695885852573,0.4710204845381615
2824,LLM,31378,author_relevant,0.14285714285714282,0.125,0.38619532188540395,0.21863496759958045
2825,LLM,31378,author_relevant,0.4285714285714286,0.43000000000000005,0.6829081047004717,0.5378544722091168
2826,LLM,31378,author_relevant,0.14285714285714288,0.13833333333333336,0.410116318288409,0.2641533798423473
2827,LLM,31378,author_relevant,0.0,0.0,0.0,0.0
2828,LLM,31378,author_relevant,0.0,0.0,0.0,0.0
2829,LLM,31378,author_relevant,0.0,0.0,0.0,0.0
2830,LLM,31378,author_relevant,0.0,0.0,0.0,0.0
2831,LLM,31378,author_relevant,0.0,0.0,0.0,0.0
2832,LLM,31387,author_relevant,0.0,0.19166666666666668,0.0,0.012730283365896256
2833,LLM,31387,author_relevant,0.0,0.0,0.0,0.0
2834,LLM,31387,author_relevant,0.14285714285714288,0.12333333333333334,-0.35743030252727703,-0.1855862587170148
2835,LLM,31387,author_relevant,0.0,0.0,0.0,0.0
2836,LLM,31387,author_relevant,0.14285714285714288,0.175,-0.35743030252727703,-0.2535077365220116
2837,LLM,31387,author_relevant,0.14285714285714288,0.13666666666666666,0.15938825093872122,0.1526730601682327
2838,LLM,31387,author_relevant,0.2857142857142857,0.28,0.35743030252727703,0.2110016553375461
2839,LLM,31387,author_relevant,0.2857142857142857,0.26833333333333337,0.35743030252727703,0.22116086809588084
2840,LLM,31387,author_relevant,0.7142857142857142,0.7,-0.15938825093872122,-0.09543195513296072
2841,LLM,31387,author_relevant,0.4285714285714285,0.5183333333333333,0.12329231676504904,0.11156021923476493
2842,LLM,31387,author_relevant,0.4285714285714285,0.445,0.04854258194154215,0.017917594692280547
2843,LLM,31387,author_relevant,0.2857142857142857,0.265,0.15938825093872122,0.131312314628783
2844,LLM,31398,author_relevant,0.5714285714285714,0.5733333333333334,0.08463851611521445,0.1050248377686441
2845,LLM,31398,author_relevant,0.2857142857142857,0.37666666666666665,-0.5941261547656673,-0.27390606159933134
2846,LLM,31398,author_relevant,0.42857142857142855,0.44,-0.2727917864120626,-0.13318154477990968
2847,LLM,31398,author_relevant,0.42857142857142855,0.44666666666666666,-0.6688758895891742,-0.354252072653268
2848,LLM,31398,author_relevant,0.14285714285714285,0.12833333333333333,0.0,0.028643137573266576
2849,LLM,31398,author_relevant,0.2857142857142857,0.2800000000000001,-0.08463851611521445,-0.10184226692717005
2850,LLM,31398,author_relevant,0.5714285714285714,0.5616666666666668,0.6787646708808818,0.3991589846621224
2851,LLM,31398,author_relevant,0.14285714285714285,0.28,-0.12329231676504904,-0.0343967790223022
2852,LLM,31398,author_relevant,0.5714285714285714,0.6433333333333333,0.12329231676504904,0.07284820912568604
2853,LLM,31398,author_relevant,0.14285714285714285,0.295,-0.07474973482350689,-0.0759856098558989
2854,LLM,31398,author_relevant,0.2857142857142857,0.3583333333333333,0.3960841031771116,0.21788795703188438
2855,LLM,31398,author_relevant,0.2857142857142857,0.33333333333333326,0.3960841031771116,0.21326697582815143
2856,LLM,41082,unambiguous,0.0,0.0,0.0,0.0
2857,LLM,41082,unambiguous,0.0,0.0,0.0,0.0
2858,LLM,41082,unambiguous,0.0,0.0,0.0,0.0
2859,LLM,41082,unambiguous,0.0,0.0,0.0,0.0
2860,LLM,41082,unambiguous,0.0,0.0,0.0,0.0
2861,LLM,41082,unambiguous,0.14285714285714282,0.16666666666666669,0.18815327029684825,0.2195973880617104
2862,LLM,41082,unambiguous,0.0,0.0,0.0,0.0
2863,LLM,41082,unambiguous,0.0,0.0,0.0,0.0
2864,LLM,41082,unambiguous,0.14285714285714288,0.14333333333333337,0.410116318288409,0.2737010923667695
2865,LLM,41082,unambiguous,0.0,0.0,0.0,0.0
2866,LLM,41082,unambiguous,0.2857142857142857,0.2666666666666667,0.5982695885852573,0.43919477612342084
2867,LLM,41082,unambiguous,0.0,0.20500000000000007,0.0,0.009547712524422191
2868,LLM,41208,author_independent,0.0,0.0,0.0,0.0
2869,LLM,41208,author_independent,0.0,0.0,0.0,0.0
2870,LLM,41208,author_independent,0.14285714285714282,0.14,-0.18815327029684825,-0.19095425048844383
2871,LLM,41208,author_independent,0.0,0.0,0.0,0.0
2872,LLM,41208,author_independent,0.14285714285714288,0.13333333333333333,0.08463851611521445,0.1050248377686441
2873,LLM,41208,author_independent,0.0,0.0,0.0,0.0
2874,LLM,41208,author_independent,0.2857142857142857,0.2966666666666667,0.2727917864120627,0.25778823815939916
2875,LLM,41208,author_independent,0.0,0.0,0.0,0.0
2876,LLM,41208,author_independent,0.0,0.0,0.0,0.0
2877,LLM,41208,author_independent,0.0,0.0,0.0,0.0
2878,LLM,41208,author_independent,0.0,0.18833333333333335,0.0,0.03182570841474064
2879,LLM,41208,author_independent,0.14285714285714288,0.15333333333333335,-0.08463851611521445,-0.11138997945159224
2880,LLM,41228,unambiguous,0.42857142857142855,0.45666666666666667,0.3960841031771116,0.25921620785978605
2881,LLM,41228,unambiguous,0.5714285714285714,0.5683333333333332,0.4059728844688192,0.2613564586784798
2882,LLM,41228,unambiguous,0.5714285714285714,0.5716666666666668,0.4059728844688192,0.22953075026373917
2883,LLM,41228,unambiguous,0.5714285714285714,0.5383333333333333,0.2727917864120626,0.14242350718737562
2884,LLM,41228,unambiguous,0.4285714285714286,0.4366666666666667,0.48072261929232607,0.3116660919081523
2885,LLM,41228,unambiguous,0.7142857142857143,0.7116666666666666,0.0,0.0
2886,LLM,41228,unambiguous,0.0,0.0,0.0,0.0
2887,LLM,41228,unambiguous,0.0,0.0,0.0,0.0
2888,LLM,41228,unambiguous,0.0,0.0,0.0,0.0
2889,LLM,41228,unambiguous,0.0,0.185,0.0,0.012730283365896256
2890,LLM,41228,unambiguous,0.0,0.0,0.0,0.0
2891,LLM,41228,unambiguous,0.0,0.0,0.0,0.0
2892,LLM,41239,unambiguous,0.0,0.0,0.0,0.0
2893,LLM,41239,unambiguous,0.0,0.0,0.0,0.0
2894,LLM,41239,unambiguous,0.0,0.0,0.0,0.0
2895,LLM,41239,unambiguous,0.0,0.0,0.0,0.0
2896,LLM,41239,unambiguous,0.0,0.0,0.0,0.0
2897,LLM,41239,unambiguous,0.0,0.0,0.0,0.0
2898,LLM,41239,unambiguous,0.0,0.0,0.0,0.0
2899,LLM,41239,unambiguous,0.0,0.0,0.0,0.0
2900,LLM,41239,unambiguous,0.0,0.0,0.0,0.0
2901,LLM,41239,unambiguous,0.0,0.0,0.0,0.0
2902,LLM,41239,unambiguous,0.0,0.0,0.0,0.0
2903,LLM,41239,unambiguous,0.0,0.0,0.0,0.0
2904,LLM,41260,author_independent,0.2857142857142857,0.2766666666666667,0.2727917864120627,0.2546056673179251
2905,LLM,41260,author_independent,0.14285714285714282,0.1416666666666667,0.18815327029684825,0.18140653796402162
2906,LLM,41260,author_independent,0.14285714285714285,0.11166666666666668,0.0,-0.006365141682948128
2907,LLM,41260,author_independent,0.2857142857142857,0.28833333333333333,0.5455835728241253,0.3892256224600937
2908,LLM,41260,author_independent,0.0,0.20666666666666672,0.0,-0.006365141682948128
2909,LLM,41260,author_independent,0.0,0.0,0.0,0.0
2910,LLM,41260,author_independent,0.0,0.0,0.0,0.0
2911,LLM,41260,author_independent,0.14285714285714288,0.14000000000000004,-0.410116318288409,-0.2673359506838214
2912,LLM,41260,author_independent,0.2857142857142857,0.32833333333333337,-0.08463851611521445,-0.08911198356127378
2913,LLM,41260,author_independent,0.0,0.0,0.0,0.0
2914,LLM,41260,author_independent,0.0,0.0,0.0,0.0
2915,LLM,41260,author_independent,0.14285714285714282,0.1366666666666667,-0.18815327029684825,-0.19413682132991789
2916,LLM,41311,author_independent,0.14285714285714288,0.14666666666666667,-0.35743030252727703,-0.2176725471374505
2917,LLM,41311,author_independent,0.14285714285714285,0.235,0.0,-0.006104561677253062
2918,LLM,41311,author_independent,0.14285714285714288,0.14,-0.15938825093872122,-0.17002432473786194
2919,LLM,41311,author_independent,0.14285714285714285,0.14166666666666664,0.1980420515885558,0.04620981203732968
2920,LLM,41311,author_independent,0.14285714285714285,0.13499999999999998,-0.1980420515885557,-0.05545177444479561
2921,LLM,41311,author_independent,0.2857142857142857,0.27833333333333327,-0.15938825093872122,-0.1497962394437149
2922,LLM,41311,author_independent,0.14285714285714285,0.13166666666666665,0.19804205158855592,0.06469373685226155
2923,LLM,41311,author_independent,0.14285714285714288,0.1366666666666667,-0.35743030252727703,-0.2060749240168569
2924,LLM,41311,author_independent,0.0,0.0,0.0,0.0
2925,LLM,41311,author_independent,0.14285714285714288,0.145,0.35743030252727703,0.22953075026373917
2926,LLM,41311,author_independent,0.2857142857142857,0.3,-0.3960841031771114,-0.13169796430638958
2927,LLM,41311,author_independent,0.4285714285714285,0.4383333333333333,0.5193764199421604,0.23262298088269084
2928,LLM,41378,unambiguous,0.0,0.0,0.0,0.0
2929,LLM,41378,unambiguous,0.0,0.0,0.0,0.0
2930,LLM,41378,unambiguous,0.0,0.0,0.0,0.0
2931,LLM,41378,unambiguous,0.0,0.0,0.0,0.0
2932,LLM,41378,unambiguous,0.0,0.0,0.0,0.0
2933,LLM,41378,unambiguous,0.0,0.0,0.0,0.0
2934,LLM,41378,unambiguous,0.0,0.0,0.0,0.0
2935,LLM,41378,unambiguous,0.0,0.0,0.0,0.0
2936,LLM,41378,unambiguous,0.0,0.0,0.0,0.0
2937,LLM,41378,unambiguous,0.0,0.0,0.0,0.0
2938,LLM,41378,unambiguous,0.0,0.0,0.0,0.0
2939,LLM,41378,unambiguous,0.0,0.0,0.0,0.0
2940,LLM,41415,author_independent,0.0,0.0,0.0,0.0
2941,LLM,41415,author_independent,0.0,0.0,0.0,0.0
2942,LLM,41415,author_independent,0.0,0.0,0.0,0.0
2943,LLM,41415,author_independent,0.0,0.0,0.0,0.0
2944,LLM,41415,author_independent,0.0,0.0,0.0,0.0
2945,LLM,41415,author_independent,0.0,0.0,0.0,0.0
2946,LLM,41415,author_independent,0.2857142857142857,0.2683333333333334,0.5982695885852573,0.4582902011722652
2947,LLM,41415,author_independent,0.4285714285714286,0.4383333333333333,0.9556998911125343,0.6880815314416995
2948,LLM,41415,author_independent,0.4285714285714286,0.4266666666666667,0.6829081047004717,0.5633150389409094
2949,LLM,41415,author_independent,0.4285714285714286,0.43333333333333335,0.9556998911125343,0.6828942201153151
2950,LLM,41415,author_independent,0.42857142857142855,0.40666666666666673,0.9556998911125343,0.651680011934487
2951,LLM,41415,author_independent,0.42857142857142855,0.46166666666666667,0.9556998911125343,0.6982407442000341
2952,LLM,41548,author_relevant,0.14285714285714285,0.15333333333333335,0.0,0.003182570841474064
2953,LLM,41548,author_relevant,0.2857142857142857,0.305,-0.2727917864120626,-0.14129084694207297
2954,LLM,41548,author_relevant,0.14285714285714288,0.14500000000000002,-0.08463851611521445,-0.07319912935390346
2955,LLM,41548,author_relevant,0.14285714285714288,0.28666666666666674,-0.35743030252727703,-0.17429438571337744
2956,LLM,41548,author_relevant,0.0,0.0,0.0,0.0
2957,LLM,41548,author_relevant,0.2857142857142857,0.29,-0.4059728844688192,-0.2760914825292863
2958,LLM,41548,author_relevant,0.14285714285714285,0.14,0.0,-0.006365141682948128
2959,LLM,41548,author_relevant,0.42857142857142855,0.42,-0.35743030252727703,-0.1572037011494433
2960,LLM,41548,author_relevant,0.14285714285714285,0.155,0.0,0.03182570841474064
2961,LLM,41548,author_relevant,0.14285714285714288,0.14666666666666667,-0.35743030252727703,-0.22604242930530888
2962,LLM,41548,author_relevant,0.14285714285714288,0.13333333333333333,-0.08463851611521445,-0.09865969608569598
2963,LLM,41548,author_relevant,0.2857142857142857,0.2966666666666667,-0.4059728844688192,-0.2344574815844284
2964,LLM,41581,author_relevant,0.3333333333333333,0.405,0.3748900964125388,0.24339369387493803
2965,LLM,41581,author_relevant,0.5,0.49166666666666664,0.24258597169364066,0.3182570841474064
2966,LLM,41581,author_relevant,0.3333333333333333,0.42666666666666664,0.0,0.025460566731792512
2967,LLM,41581,author_relevant,0.16666666666666666,0.18166666666666664,0.0,0.0
2968,LLM,41581,author_relevant,0.14285714285714285,0.22333333333333336,0.1980420515885558,0.062338076139133884
2969,LLM,41581,author_relevant,0.4285714285714285,0.4216666666666667,0.2727917864120627,0.2896139465741398
2970,LLM,41581,author_relevant,0.33333333333333326,0.41666666666666674,0.374890096412539,0.20546342378294435
2971,LLM,41581,author_relevant,0.5,0.48,0.5608430558410469,0.447293637623712
2972,LLM,41581,author_relevant,0.16666666666666663,0.25666666666666665,0.3748900964125388,0.2317509006430833
2973,LLM,41581,author_relevant,0.6666666666666667,0.6866666666666668,0.41700201961515654,0.31694374345705895
2974,LLM,41581,author_relevant,0.5714285714285714,0.5783333333333333,0.1980420515885558,0.042109990844986844
2975,LLM,41581,author_relevant,0.42857142857142855,0.435,0.6688758895891743,0.5141276252946674
2976,LLM,41600,author_relevant,0.2857142857142857,0.2983333333333334,-0.2727917864120627,-0.299161659098562
2977,LLM,41600,author_relevant,0.42857142857142855,0.4316666666666667,-0.5941261547656674,-0.46586790266116623
2978,LLM,41600,author_relevant,0.2857142857142857,0.3016666666666667,-0.2727917864120627,-0.3246222258303545
2979,LLM,41600,author_relevant,0.2857142857142857,0.2833333333333334,-0.2727917864120627,-0.28324880489119164
2980,LLM,41600,author_relevant,0.42857142857142855,0.44000000000000006,-0.2727917864120627,-0.28006623404971764
2981,LLM,41600,author_relevant,0.42857142857142855,0.4383333333333333,-0.2727917864120627,-0.23551024226908074
2982,LLM,41600,author_relevant,0.5714285714285714,0.6133333333333334,0.5941261547656673,0.27534447196159023
2983,LLM,41600,author_relevant,0.42857142857142855,0.6116666666666667,0.2727917864120626,0.12712215321391782
2984,LLM,41600,author_relevant,0.4285714285714285,0.4983333333333333,0.6688758895891742,0.37160333722289735
2985,LLM,41600,author_relevant,0.42857142857142855,0.5133333333333333,0.5941261547656673,0.381762549981232
2986,LLM,41600,author_relevant,0.42857142857142855,0.39666666666666667,0.8669179411777299,0.41837947938287834
2987,LLM,41600,author_relevant,0.4285714285714285,0.5016666666666666,0.6688758895891742,0.36780926614751075
2988,LLM,41606,author_relevant,0.0,0.0,0.0,0.0
2989,LLM,41606,author_relevant,0.0,0.0,0.0,0.0
2990,LLM,41606,author_relevant,0.0,0.0,0.0,0.0
2991,LLM,41606,author_relevant,0.14285714285714288,0.15166666666666667,0.410116318288409,0.28961394657413986
2992,LLM,41606,author_relevant,0.14285714285714288,0.13166666666666668,0.410116318288409,0.25142309647645106
2993,LLM,41606,author_relevant,0.0,0.0,0.0,0.0
2994,LLM,41606,author_relevant,0.0,0.0,0.0,0.0
2995,LLM,41606,author_relevant,0.14285714285714288,0.13000000000000003,0.410116318288409,0.24824052563497698
2996,LLM,41606,author_relevant,0.0,0.0,0.0,0.0
2997,LLM,41606,author_relevant,0.0,0.0,0.0,0.0
2998,LLM,41606,author_relevant,0.14285714285714288,0.1466666666666667,0.410116318288409,0.28006623404971764
2999,LLM,41606,author_relevant,0.14285714285714288,0.14500000000000005,0.410116318288409,0.2768836632082436
3000,LLM,41629,author_relevant,0.2857142857142857,0.3483333333333334,-0.18815327029684825,-0.19413682132991789
3001,LLM,41629,author_relevant,0.14285714285714285,0.2533333333333334,0.0,0.03182570841474064
3002,LLM,41629,author_relevant,0.14285714285714285,0.21833333333333335,0.1980420515885558,0.05863434528626968
3003,LLM,41629,author_relevant,0.14285714285714288,0.1516666666666667,0.410116318288409,0.28961394657413986
3004,LLM,41629,author_relevant,0.14285714285714285,0.2466666666666667,0.0,-0.025460566731792512
3005,LLM,41629,author_relevant,0.14285714285714285,0.24833333333333343,0.0,0.038190850097688765
3006,LLM,41629,author_relevant,0.14285714285714288,0.38166666666666665,0.35743030252727703,0.24949825555219113
3007,LLM,41629,author_relevant,0.14285714285714282,0.2433333333333334,0.18815327029684825,0.1591285420737032
3008,LLM,41629,author_relevant,0.2857142857142857,0.36,-0.18815327029684825,-0.18777167964696978
3009,LLM,41629,author_relevant,0.2857142857142857,0.2733333333333334,0.5982695885852573,0.4423773469648949
3010,LLM,41629,author_relevant,0.14285714285714282,0.30000000000000004,0.38619532188540406,0.29209467695917896
3011,LLM,41629,author_relevant,0.42857142857142855,0.4333333333333333,0.6688758895891743,0.5260309985322172
3012,LLM,41641,unambiguous,0.0,0.0,0.0,0.0
3013,LLM,41641,unambiguous,0.14285714285714288,0.12333333333333335,-0.410116318288409,-0.23551024226908074
3014,LLM,41641,unambiguous,0.14285714285714282,0.13333333333333336,0.18815327029684825,0.17185882543959946
3015,LLM,41641,unambiguous,0.0,0.1983333333333334,0.0,0.0795642710368516
3016,LLM,41641,unambiguous,0.14285714285714288,0.15000000000000002,0.410116318288409,0.28643137573266575
3017,LLM,41641,unambiguous,0.14285714285714288,0.14833333333333334,0.410116318288409,0.28324880489119164
3018,LLM,41641,unambiguous,0.14285714285714282,0.135,0.38619532188540406,0.2377303926484248
3019,LLM,41641,unambiguous,0.14285714285714282,0.1666666666666667,0.38619532188540406,0.29296675719878656
3020,LLM,41641,unambiguous,0.2857142857142857,0.29000000000000004,0.5455835728241253,0.37706166921684875
3021,LLM,41641,unambiguous,0.4285714285714285,0.4616666666666667,1.0649599927662856,0.7025003645136775
3022,LLM,41641,unambiguous,0.2857142857142857,0.29333333333333333,0.7963116401738131,0.5313538201923851
3023,LLM,41641,unambiguous,0.42857142857142855,0.4183333333333333,0.9556998911125343,0.664365125189122
3024,LLM,41660,author_relevant,0.0,0.0,0.0,0.0
3025,LLM,41660,author_relevant,0.0,0.1916666666666667,0.0,0.006365141682948128
3026,LLM,41660,author_relevant,0.0,0.0,0.0,0.0
3027,LLM,41660,author_relevant,0.14285714285714288,0.14166666666666666,0.08463851611521445,0.0795642710368516
3028,LLM,41660,author_relevant,0.14285714285714288,0.31333333333333335,-0.35743030252727703,-0.23040283050334676
3029,LLM,41660,author_relevant,0.14285714285714288,0.15,-0.35743030252727703,-0.22403768882039862
3030,LLM,41660,author_relevant,1.0,1.0,-0.5982695885852573,-0.46147277201373926
3031,LLM,41660,author_relevant,1.0,1.0,-0.5982695885852573,-0.44237734696489484
3032,LLM,41660,author_relevant,1.0,1.0,-0.6829081047004717,-0.544219613892065
3033,LLM,41660,author_relevant,1.0,1.0,-0.5982695885852573,-0.4742030553796356
3034,LLM,41660,author_relevant,0.8571428571428572,0.8483333333333333,-0.9556998911125343,-0.6699033567437239
3035,LLM,41660,author_relevant,0.8571428571428572,0.85,-0.9556998911125343,-0.6418265492931085
3036,LLM,41671,author_relevant,0.14285714285714288,0.13000000000000003,-0.410116318288409,-0.24824052563497698
3037,LLM,41671,author_relevant,0.0,0.0,0.0,0.0
3038,LLM,41671,author_relevant,0.14285714285714282,0.11833333333333335,-0.38619532188540406,-0.20677676447329177
3039,LLM,41671,author_relevant,0.14285714285714288,0.14833333333333332,0.35743030252727703,0.2228598584638348
3040,LLM,41671,author_relevant,0.14285714285714288,0.15000000000000002,-0.410116318288409,-0.28643137573266575
3041,LLM,41671,author_relevant,0.2857142857142857,0.2783333333333334,0.48072261929232607,0.33939197913055014
3042,LLM,41671,author_relevant,0.14285714285714282,0.25333333333333335,0.38619532188540406,0.2501097557861036
3043,LLM,41671,author_relevant,0.0,0.0,0.0,0.0
3044,LLM,41671,author_relevant,0.2857142857142857,0.29166666666666674,-0.7963116401738131,-0.5290433295905186
3045,LLM,41671,author_relevant,0.14285714285714285,0.24500000000000002,0.1980420515885558,0.06992621828990703
3046,LLM,41671,author_relevant,0.0,0.0,0.0,0.0
3047,LLM,41671,author_relevant,0.2857142857142857,0.30500000000000005,0.48072261929232607,0.3362094082890761
3048,LLM,41688,unambiguous,0.14285714285714285,0.29833333333333334,-0.04854258194154215,-0.07110404864647085
3049,LLM,41688,unambiguous,0.4285714285714286,0.4966666666666667,-0.48072261929232607,-0.2714253312142921
3050,LLM,41688,unambiguous,0.5714285714285714,0.5766666666666667,-0.04854258194154215,-0.042506081184465486
3051,LLM,41688,unambiguous,0.2857142857142857,0.2833333333333334,-0.20793083288026348,-0.19116966038287772
3052,LLM,41688,unambiguous,0.4285714285714286,0.39166666666666666,-0.4059728844688192,-0.2607449584445673
3053,LLM,41688,unambiguous,0.4285714285714286,0.45833333333333337,-0.20793083288026348,-0.19814630229973837
3054,LLM,41688,unambiguous,0.2857142857142857,0.2733333333333334,-0.4059728844688192,-0.2636669492803463
3055,LLM,41688,unambiguous,0.2857142857142857,0.4016666666666667,-0.6787646708808818,-0.3864287012962261
3056,LLM,41688,unambiguous,0.5714285714285714,0.5933333333333334,-1.0042424730540764,-0.7337701834676389
3057,LLM,41688,unambiguous,0.5714285714285714,0.545,-1.0042424730540764,-0.7207793200960476
3058,LLM,41688,unambiguous,0.42857142857142855,0.4183333333333333,-0.5941261547656674,-0.4456398173670192
3059,LLM,41688,unambiguous,0.42857142857142855,0.41166666666666674,-0.5941261547656674,-0.46329683205360467
3060,LLM,41722,author_relevant,0.14285714285714285,0.2966666666666667,-0.2727917864120626,-0.13928610645716274
3061,LLM,41722,author_relevant,0.0,0.15833333333333335,0.0,0.003182570841474064
3062,LLM,41722,author_relevant,0.42857142857142855,0.5166666666666666,0.0,0.032131458531696896
3063,LLM,41722,author_relevant,0.2857142857142857,0.255,0.04854258194154215,0.02315007612992603
3064,LLM,41722,author_relevant,0.14285714285714288,0.25333333333333335,-0.15938825093872122,-0.16313802304352365
3065,LLM,41722,author_relevant,0.42857142857142855,0.46166666666666667,0.6688758895891743,0.5285568990285175
3066,LLM,41722,author_relevant,0.14285714285714285,0.2783333333333334,-0.2727917864120626,-0.10397207708399177
3067,LLM,41722,author_relevant,0.14285714285714282,0.15333333333333338,0.18815327029684825,0.20050196301286605
3068,LLM,41722,author_relevant,0.14285714285714288,0.22500000000000003,-0.15938825093872122,-0.1532845604021452
3069,LLM,41722,author_relevant,0.2857142857142857,0.36,0.04854258194154215,0.08414008212932338
3070,LLM,41722,author_relevant,0.2857142857142857,0.36166666666666664,-0.2727917864120626,-0.10719981803672703
3071,LLM,41722,author_relevant,0.5714285714285714,0.625,0.6688758895891743,0.4965157807193431
3072,LLM,41744,author_relevant,0.7142857142857142,0.74,0.0,0.0
3073,LLM,41744,author_relevant,0.7142857142857142,0.7183333333333334,0.0,0.022277995890318446
3074,LLM,41744,author_relevant,0.5714285714285714,0.535,-0.18815327029684825,-0.1304854045004366
3075,LLM,41744,author_relevant,0.5714285714285714,0.535,-0.18815327029684825,-0.20686710469581412
3076,LLM,41744,author_relevant,0.2857142857142857,0.28833333333333333,-0.08463851611521445,-0.09547712524422192
3077,LLM,41744,author_relevant,0.5714285714285714,0.5466666666666667,-0.18815327029684825,-0.17185882543959946
3078,LLM,41744,author_relevant,0.14285714285714282,0.13333333333333333,0.18815327029684825,0.16867625459812538
3079,LLM,41744,author_relevant,0.0,0.1833333333333334,0.0,-0.019095425048844383
3080,LLM,41744,author_relevant,0.0,0.0,0.0,0.0
3081,LLM,41744,author_relevant,0.0,0.0,0.0,0.0
3082,LLM,41744,author_relevant,0.14285714285714288,0.14666666666666667,-0.08463851611521445,-0.06365141682948128
3083,LLM,41744,author_relevant,0.0,0.0,0.0,0.0
3084,LLM,41759,author_relevant,0.0,0.0,0.0,0.0
3085,LLM,41759,author_relevant,0.0,0.0,0.0,0.0
3086,LLM,41759,author_relevant,0.0,0.0,0.0,0.0
3087,LLM,41759,author_relevant,0.0,0.0,0.0,0.0
3088,LLM,41759,author_relevant,0.0,0.0,0.0,0.0
3089,LLM,41759,author_relevant,0.0,0.0,0.0,0.0
3090,LLM,41759,author_relevant,0.4285714285714286,0.4583333333333334,0.6829081047004717,0.5410370430505909
3091,LLM,41759,author_relevant,0.5714285714285714,0.5666666666666668,0.6829081047004717,0.5378544722091168
3092,LLM,41759,author_relevant,0.2857142857142857,0.2516666666666667,0.5982695885852573,0.41373420939162836
3093,LLM,41759,author_relevant,0.5714285714285714,0.5900000000000001,0.6829081047004717,0.5187590471602723
3094,LLM,41759,author_relevant,0.4285714285714286,0.41833333333333333,0.6829081047004717,0.5314893305261686
3095,LLM,41759,author_relevant,0.5714285714285714,0.5650000000000001,1.0042424730540764,0.7207793200960475
3096,LLM,41789,unambiguous,0.14285714285714288,0.14000000000000004,-0.410116318288409,-0.2673359506838214
3097,LLM,41789,unambiguous,0.14285714285714288,0.14000000000000004,0.410116318288409,0.2673359506838214
3098,LLM,41789,unambiguous,0.14285714285714288,0.14833333333333334,-0.410116318288409,-0.28324880489119164
3099,LLM,41789,unambiguous,0.0,0.0,0.0,0.0
3100,LLM,41789,unambiguous,0.0,0.0,0.0,0.0
3101,LLM,41789,unambiguous,0.0,0.0,0.0,0.0
3102,LLM,41789,unambiguous,0.14285714285714288,0.14833333333333334,-0.410116318288409,-0.28324880489119164
3103,LLM,41789,unambiguous,0.14285714285714288,0.13166666666666668,0.410116318288409,0.25142309647645106
3104,LLM,41789,unambiguous,0.14285714285714288,0.14833333333333334,-0.410116318288409,-0.28324880489119164
3105,LLM,41789,unambiguous,0.0,0.0,0.0,0.0
3106,LLM,41789,unambiguous,0.0,0.0,0.0,0.0
3107,LLM,41789,unambiguous,0.0,0.0,0.0,0.0
3108,LLM,41791,author_independent,0.0,0.0,0.0,0.0
3109,LLM,41791,author_independent,0.14285714285714282,0.1616666666666667,0.38619532188540406,0.28080280395554164
3110,LLM,41791,author_independent,0.14285714285714282,0.15333333333333335,-0.18815327029684825,-0.2036845338543401
3111,LLM,41791,author_independent,0.0,0.0,0.0,0.0
3112,LLM,41791,author_independent,0.14285714285714288,0.14833333333333334,0.410116318288409,0.28324880489119164
3113,LLM,41791,author_independent,0.0,0.0,0.0,0.0
3114,LLM,41791,author_independent,0.14285714285714288,0.13833333333333336,0.15938825093872122,0.16828016425864675
3115,LLM,41791,author_independent,0.14285714285714288,0.15000000000000002,-0.410116318288409,-0.2864313757326657
3116,LLM,41791,author_independent,0.14285714285714282,0.14333333333333337,-0.18815327029684825,-0.18777167964696978
3117,LLM,41791,author_independent,0.14285714285714288,0.12166666666666667,0.410116318288409,0.23232767142760666
3118,LLM,41791,author_independent,0.14285714285714288,0.1366666666666667,0.410116318288409,0.2609708090008732
3119,LLM,41791,author_independent,0.14285714285714288,0.13166666666666668,0.410116318288409,0.25142309647645106
3120,LLM,41795,author_independent,0.0,0.18833333333333335,0.0,0.003182570841474064
3121,LLM,41795,author_independent,0.14285714285714288,0.3,-0.35743030252727703,-0.202937523286644
3122,LLM,41795,author_independent,0.14285714285714282,0.28833333333333333,-0.38619532188540406,-0.18593717894523223
3123,LLM,41795,author_independent,0.2857142857142857,0.365,0.0,-0.006365141682948128
3124,LLM,41795,author_independent,0.14285714285714282,0.13,-0.38619532188540406,-0.22818268012400264
3125,LLM,41795,author_independent,0.14285714285714282,0.13333333333333333,-0.38619532188540406,-0.22582701941087496
3126,LLM,41795,author_independent,0.2857142857142857,0.30333333333333334,0.743625624412681,0.48430665736483697
3127,LLM,41795,author_independent,0.2857142857142857,0.445,0.32133436835360474,0.1959157112585222
3128,LLM,41795,author_independent,0.14285714285714285,0.3416666666666666,0.0,0.007237221922555706
3129,LLM,41795,author_independent,0.42857142857142855,0.4433333333333333,0.35743030252727703,0.23066341050904185
3130,LLM,41795,author_independent,0.2857142857142857,0.34,-0.11340353547334137,0.0319612187485242
3131,LLM,41795,author_independent,0.5714285714285714,0.5716666666666668,0.15938825093872122,0.08967831368392512
3132,LLM,41840,author_independent,0.14285714285714285,0.13,0.0,0.0
3133,LLM,41840,author_independent,0.4285714285714285,0.46166666666666667,-0.5455835728241253,-0.4311653735219078
3134,LLM,41840,author_independent,0.14285714285714285,0.23333333333333336,0.0,0.0
3135,LLM,41840,author_independent,0.2857142857142857,0.29000000000000004,-0.7963116401738131,-0.5267328389886521
3136,LLM,41840,author_independent,0.14285714285714282,0.145,0.38619532188540406,0.2446166943427631
3137,LLM,41840,author_independent,0.0,0.0,0.0,0.0
3138,LLM,41840,author_independent,0.2857142857142857,0.385,0.15938825093872122,0.09691553560648082
3139,LLM,41840,author_independent,0.4285714285714286,0.405,-0.35743030252727703,-0.18035377727936933
3140,LLM,41840,author_independent,0.14285714285714282,0.16833333333333336,0.18815327029684825,0.2100496755372882
3141,LLM,41840,author_independent,0.14285714285714282,0.15500000000000003,-0.38619532188540406,-0.2724329217876833
3142,LLM,41840,author_independent,0.14285714285714282,0.14833333333333334,0.38619532188540406,0.2614467989010022
3143,LLM,41840,author_independent,0.14285714285714282,0.135,-0.38619532188540406,-0.23336999145038692
3144,LLM,41857,author_independent,0.0,0.0,0.0,0.0
3145,LLM,41857,author_independent,0.0,0.0,0.0,0.0
3146,LLM,41857,author_independent,0.14285714285714288,0.14500000000000005,0.410116318288409,0.2768836632082436
3147,LLM,41857,author_independent,0.14285714285714282,0.24166666666666672,-0.38619532188540395,-0.2527259965049264
3148,LLM,41857,author_independent,0.0,0.0,0.0,0.0
3149,LLM,41857,author_independent,0.14285714285714282,0.29166666666666674,0.38619532188540395,0.25713156781422547
3150,LLM,41857,author_independent,0.14285714285714282,0.1366666666666667,0.38619532188540395,0.23480840181264584
3151,LLM,41857,author_independent,0.14285714285714282,0.225,0.38619532188540395,0.23136525096547672
3152,LLM,41857,author_independent,0.2857142857142857,0.28666666666666674,0.796311640173813,0.5221118577849192
3153,LLM,41857,author_independent,0.14285714285714282,0.12833333333333333,-0.38619532188540395,-0.21976762784488307
3154,LLM,41857,author_independent,0.14285714285714288,0.23500000000000004,-0.35743030252727703,-0.20293752328664405
3155,LLM,41857,author_independent,0.0,0.18833333333333335,0.0,0.035008279256214705
3156,LLM,41862,author_relevant,0.0,0.0,0.0,0.0
3157,LLM,41862,author_relevant,0.0,0.0,0.0,0.0
3158,LLM,41862,author_relevant,0.2857142857142857,0.29333333333333333,-0.7963116401738131,-0.5313538201923851
3159,LLM,41862,author_relevant,0.0,0.0,0.0,0.0
3160,LLM,41862,author_relevant,0.0,0.0,0.0,0.0
3161,LLM,41862,author_relevant,0.14285714285714288,0.12000000000000002,-0.410116318288409,-0.2291451005861326
3162,LLM,41862,author_relevant,0.5714285714285714,0.5583333333333333,1.277034259466139,0.8276733880158182
3163,LLM,41862,author_relevant,0.7142857142857142,0.6883333333333335,1.277034259466139,0.8441525723458401
3164,LLM,41862,author_relevant,0.2857142857142857,0.3933333333333333,0.48072261929232596,0.35787590394548197
3165,LLM,41862,author_relevant,0.7142857142857142,0.7233333333333333,1.277034259466139,0.8646412376456821
3166,LLM,41862,author_relevant,0.8571428571428571,0.865,1.15374194270109,0.7345970935959854
3167,LLM,41862,author_relevant,0.5714285714285714,0.5483333333333333,0.86691794117773,0.5547992057773952
3168,LLM,51023,author_independent,0.0,0.0,0.0,0.0
3169,LLM,51023,author_independent,0.0,0.0,0.0,0.0
3170,LLM,51023,author_independent,0.0,0.0,0.0,0.0
3171,LLM,51023,author_independent,0.0,0.0,0.0,0.0
3172,LLM,51023,author_independent,0.0,0.0,0.0,0.0
3173,LLM,51023,author_independent,0.0,0.0,0.0,0.0
3174,LLM,51023,author_independent,0.0,0.0,0.0,0.0
3175,LLM,51023,author_independent,0.0,0.0,0.0,0.0
3176,LLM,51023,author_independent,0.0,0.0,0.0,0.0
3177,LLM,51023,author_independent,0.0,0.0,0.0,0.0
3178,LLM,51023,author_independent,0.0,0.0,0.0,0.0
3179,LLM,51023,author_independent,0.0,0.0,0.0,0.0
3180,LLM,51054,author_relevant,0.0,0.19,0.0,-0.009547712524422191
3181,LLM,51054,author_relevant,0.0,0.0,0.0,0.0
3182,LLM,51054,author_relevant,0.14285714285714285,0.14166666666666666,0.0,-0.009547712524422191
3183,LLM,51054,author_relevant,0.14285714285714288,0.15500000000000003,0.08463851611521445,0.1050248377686441
3184,LLM,51054,author_relevant,0.14285714285714285,0.12666666666666668,0.0,0.009547712524422191
3185,LLM,51054,author_relevant,0.2857142857142857,0.28833333333333333,0.18815327029684825,0.17185882543959946
3186,LLM,51054,author_relevant,0.14285714285714288,0.14666666666666667,-0.08463851611521445,-0.08274684187832566
3187,LLM,51054,author_relevant,0.2857142857142857,0.28666666666666674,-0.2727917864120627,-0.28643137573266575
3188,LLM,51054,author_relevant,0.2857142857142857,0.2766666666666667,-0.08463851611521445,-0.06365141682948128
3189,LLM,51054,author_relevant,0.14285714285714282,0.1416666666666667,-0.18815327029684825,-0.16549368375665133
3190,LLM,51054,author_relevant,0.14285714285714288,0.14,-0.08463851611521445,-0.07001655851242941
3191,LLM,51054,author_relevant,0.2857142857142857,0.2916666666666667,0.18815327029684825,0.2195973880617104
3192,LLM,51081,author_relevant,0.5714285714285714,0.6216666666666666,-0.28268056770377026,-0.2379458025428587
3193,LLM,51081,author_relevant,0.5714285714285714,0.5683333333333332,-0.1980420515885558,-0.03461218891673608
3194,LLM,51081,author_relevant,0.5714285714285714,0.5616666666666666,-0.15938825093872122,-0.08967831368392509
3195,LLM,51081,author_relevant,0.5714285714285714,0.5533333333333333,-0.1980420515885558,-0.02332031591309872
3196,LLM,51081,author_relevant,0.857142857142857,0.8483333333333333,-0.1980420515885557,-0.07624618986159397
3197,LLM,51081,author_relevant,0.4285714285714285,0.4016666666666667,-0.20793083288026337,-0.21976762784488307
3198,LLM,51081,author_relevant,0.42857142857142855,0.415,-0.6688758895891743,-0.482868247002578
3199,LLM,51081,author_relevant,0.2857142857142857,0.2766666666666667,-0.7963116401738131,-0.5056326734548975
3200,LLM,51081,author_relevant,0.2857142857142857,0.38,-0.5455835728241253,-0.4337816142407306
3201,LLM,51081,author_relevant,0.2857142857142857,0.2800000000000001,-0.7963116401738131,-0.5119978151378456
3202,LLM,51081,author_relevant,0.7142857142857142,0.8266666666666665,-0.38619532188540395,-0.2151466466411501
3203,LLM,51081,author_relevant,0.4285714285714285,0.45666666666666667,-0.5941261547656674,-0.4239733217106133
3204,LLM,51082,author_independent,0.14285714285714285,0.14,-0.04854258194154215,-0.022844326012969773
3205,LLM,51082,author_independent,0.14285714285714285,0.31,-0.32133436835360474,-0.16444092307199898
3206,LLM,51082,author_independent,0.0,0.26333333333333336,0.0,-0.035008279256214705
3207,LLM,51082,author_independent,0.14285714285714285,0.25,-0.2727917864120626,-0.12389441226118254
3208,LLM,51082,author_independent,0.0,0.0,0.0,0.0
3209,LLM,51082,author_independent,0.14285714285714288,0.15,0.08463851611521445,0.04773856262211096
3210,LLM,51082,author_independent,0.2857142857142857,0.26,-0.04854258194154215,-0.044816571786331964
3211,LLM,51082,author_independent,0.14285714285714285,0.24,-0.32133436835360474,-0.19186106017744053
3212,LLM,51082,author_independent,0.42857142857142855,0.5816666666666667,0.32133436835360474,0.17629912619828766
3213,LLM,51082,author_independent,0.4285714285714286,0.48833333333333334,-0.35743030252727703,-0.22778658978452399
3214,LLM,51082,author_independent,0.14285714285714285,0.12999999999999998,-0.04854258194154215,-0.04394449154672438
3215,LLM,51082,author_independent,0.14285714285714285,0.24333333333333335,0.1980420515885558,0.09076580381796656
3216,LLM,51236,unambiguous,0.0,0.0,0.0,0.0
3217,LLM,51236,unambiguous,0.0,0.0,0.0,0.0
3218,LLM,51236,unambiguous,0.0,0.0,0.0,0.0
3219,LLM,51236,unambiguous,0.0,0.0,0.0,0.0
3220,LLM,51236,unambiguous,0.0,0.0,0.0,0.0
3221,LLM,51236,unambiguous,0.0,0.0,0.0,0.0
3222,LLM,51236,unambiguous,0.0,0.0,0.0,0.0
3223,LLM,51236,unambiguous,0.0,0.0,0.0,0.0
3224,LLM,51236,unambiguous,0.0,0.0,0.0,0.0
3225,LLM,51236,unambiguous,0.0,0.0,0.0,0.0
3226,LLM,51236,unambiguous,0.0,0.0,0.0,0.0
3227,LLM,51236,unambiguous,0.0,0.0,0.0,0.0
3228,LLM,51249,unambiguous,0.2857142857142857,0.29,-0.7963116401738131,-0.5319653204262975
3229,LLM,51249,unambiguous,0.14285714285714288,0.1466666666666667,-0.410116318288409,-0.28006623404971764
3230,LLM,51249,unambiguous,0.14285714285714288,0.16000000000000003,-0.410116318288409,-0.3055268007815101
3231,LLM,51249,unambiguous,0.14285714285714288,0.13833333333333336,-0.410116318288409,-0.2641533798423473
3232,LLM,51249,unambiguous,0.14285714285714288,0.1416666666666667,-0.410116318288409,-0.27051852152529543
3233,LLM,51249,unambiguous,0.14285714285714288,0.13000000000000003,-0.410116318288409,-0.24824052563497698
3234,LLM,51249,unambiguous,0.2857142857142857,0.3883333333333334,0.20793083288026337,0.2776202331140676
3235,LLM,51249,unambiguous,0.2857142857142857,0.2766666666666667,0.5455835728241253,0.37475117861498225
3236,LLM,51249,unambiguous,0.5714285714285714,0.5816666666666667,0.6688758895891743,0.5166986959022288
3237,LLM,51249,unambiguous,0.2857142857142857,0.40333333333333327,0.5455835728241253,0.39445810389773917
3238,LLM,51249,unambiguous,0.5714285714285714,0.5566666666666668,0.6688758895891743,0.45889126074430564
3239,LLM,51249,unambiguous,0.2857142857142857,0.265,0.5455835728241253,0.36668704656408013
3240,LLM,51258,unambiguous,0.0,0.0,0.0,0.0
3241,LLM,51258,unambiguous,0.0,0.0,0.0,0.0
3242,LLM,51258,unambiguous,0.2857142857142857,0.26833333333333337,0.7963116401738131,0.48884773900791956
3243,LLM,51258,unambiguous,0.0,0.0,0.0,0.0
3244,LLM,51258,unambiguous,0.0,0.0,0.0,0.0
3245,LLM,51258,unambiguous,0.0,0.0,0.0,0.0
3246,LLM,51258,unambiguous,0.4285714285714286,0.4366666666666667,0.6829081047004717,0.5633150389409093
3247,LLM,51258,unambiguous,0.2857142857142857,0.30833333333333335,0.5982695885852573,0.4678379136966874
3248,LLM,51258,unambiguous,0.5714285714285714,0.5516666666666667,0.6829081047004717,0.5728627514653315
3249,LLM,51258,unambiguous,0.4285714285714286,0.44333333333333336,0.6829081047004717,0.5664976097823834
3250,LLM,51258,unambiguous,0.5714285714285714,0.5666666666666668,1.0042424730540764,0.7066106263678925
3251,LLM,51258,unambiguous,0.4285714285714286,0.42500000000000004,0.6829081047004717,0.5633150389409093
3252,LLM,51263,author_independent,0.0,0.0,0.0,0.0
3253,LLM,51263,author_independent,0.14285714285714288,0.1666666666666667,0.410116318288409,0.3182570841474064
3254,LLM,51263,author_independent,0.14285714285714288,0.14333333333333337,0.410116318288409,0.2737010923667695
3255,LLM,51263,author_independent,0.14285714285714288,0.1416666666666667,0.410116318288409,0.27051852152529543
3256,LLM,51263,author_independent,0.0,0.0,0.0,0.0
3257,LLM,51263,author_independent,0.14285714285714282,0.12500000000000003,0.18815327029684825,0.16549368375665133
3258,LLM,51263,author_independent,0.0,0.0,0.0,0.0
3259,LLM,51263,author_independent,0.0,0.0,0.0,0.0
3260,LLM,51263,author_independent,0.0,0.0,0.0,0.0
3261,LLM,51263,author_independent,0.14285714285714288,0.1566666666666667,0.410116318288409,0.299161659098562
3262,LLM,51263,author_independent,0.0,0.0,0.0,0.0
3263,LLM,51263,author_independent,0.14285714285714288,0.16000000000000003,-0.410116318288409,-0.3055268007815101
3264,LLM,51275,author_relevant,0.14285714285714285,0.1433333333333333,0.07474973482350689,0.020839585528059545
3265,LLM,51275,author_relevant,0.4285714285714286,0.4283333333333333,0.11340353547334137,-0.044385751997464196
3266,LLM,51275,author_relevant,0.2857142857142857,0.31166666666666665,0.11340353547334137,-0.036276449835300914
3267,LLM,51275,author_relevant,0.4285714285714286,0.435,-0.20793083288026337,-0.19548489146965442
3268,LLM,51275,author_relevant,0.0,0.0,0.0,0.0
3269,LLM,51275,author_relevant,0.14285714285714282,0.13333333333333336,-0.18815327029684825,-0.18777167964696978
3270,LLM,51275,author_relevant,0.2857142857142857,0.29833333333333334,-0.4059728844688192,-0.2879045155443138
3271,LLM,51275,author_relevant,0.14285714285714285,0.13333333333333336,0.0,0.03182570841474064
3272,LLM,51275,author_relevant,0.2857142857142857,0.28833333333333333,-0.2727917864120627,-0.28324880489119164
3273,LLM,51275,author_relevant,0.14285714285714285,0.15,-0.32133436835360474,-0.18144126741341077
3274,LLM,51275,author_relevant,0.2857142857142857,0.275,-0.7963116401738131,-0.5041942630926386
3275,LLM,51275,author_relevant,0.14285714285714282,0.11166666666666668,-0.18815327029684825,-0.1591285420737032
3276,LLM,51285,author_independent,0.0,0.0,0.0,0.0
3277,LLM,51285,author_independent,0.0,0.0,0.0,0.0
3278,LLM,51285,author_independent,0.0,0.0,0.0,0.0
3279,LLM,51285,author_independent,0.0,0.0,0.0,0.0
3280,LLM,51285,author_independent,0.0,0.0,0.0,0.0
3281,LLM,51285,author_independent,0.0,0.0,0.0,0.0
3282,LLM,51285,author_independent,0.0,0.0,0.0,0.0
3283,LLM,51285,author_independent,0.0,0.0,0.0,0.0
3284,LLM,51285,author_independent,0.0,0.0,0.0,0.0
3285,LLM,51285,author_independent,0.0,0.0,0.0,0.0
3286,LLM,51285,author_independent,0.0,0.0,0.0,0.0
3287,LLM,51285,author_independent,0.0,0.0,0.0,0.0
3288,LLM,51329,author_relevant,0.2857142857142857,0.28,0.2727917864120627,0.299161659098562
3289,LLM,51329,author_relevant,0.2857142857142857,0.28500000000000003,-0.5982695885852573,-0.4391947761234208
3290,LLM,51329,author_relevant,0.14285714285714288,0.15166666666666667,0.08463851611521445,0.14003311702485882
3291,LLM,51329,author_relevant,0.14285714285714282,0.13833333333333334,0.18815327029684825,0.17185882543959946
3292,LLM,51329,author_relevant,0.2857142857142857,0.28833333333333333,0.08463851611521445,0.035008279256214705
3293,LLM,51329,author_relevant,0.14285714285714285,0.14666666666666667,0.0,0.025460566731792512
3294,LLM,51329,author_relevant,0.14285714285714282,0.125,0.18815327029684825,0.18140653796402162
3295,LLM,51329,author_relevant,0.14285714285714282,0.23166666666666672,-0.18815327029684825,-0.16549368375665133
3296,LLM,51329,author_relevant,0.2857142857142857,0.26833333333333337,-0.5982695885852573,-0.43601220528194673
3297,LLM,51329,author_relevant,0.0,0.0,0.0,0.0
3298,LLM,51329,author_relevant,0.2857142857142857,0.3016666666666667,0.08463851611521445,0.06365141682948128
3299,LLM,51329,author_relevant,0.14285714285714285,0.13499999999999998,0.0,-0.019095425048844383
3300,LLM,51577,author_independent,0.14285714285714285,0.33833333333333343,-0.1980420515885557,-0.07336936913707617
3301,LLM,51577,author_independent,0.2857142857142857,0.3483333333333333,0.1980420515885557,0.09185329395200803
3302,LLM,51577,author_independent,0.0,0.0,0.0,0.0
3303,LLM,51577,author_independent,0.14285714285714285,0.14166666666666664,-0.04854258194154215,-0.03644668961847361
3304,LLM,51577,author_independent,0.14285714285714288,0.145,-0.08463851611521445,-0.09229455440274785
3305,LLM,51577,author_independent,0.14285714285714285,0.1433333333333333,-0.32133436835360474,-0.1620852623588713
3306,LLM,51577,author_independent,0.4285714285714285,0.42,-0.792168206354223,-0.3617498745815189
3307,LLM,51577,author_independent,0.2857142857142857,0.37,0.0,0.04913180287310867
3308,LLM,51577,author_independent,0.5714285714285714,0.6166666666666667,-0.32133436835360474,-0.16818982403612437
3309,LLM,51577,author_independent,0.5714285714285714,0.6516666666666667,-0.32133436835360474,-0.17363771536820372
3310,LLM,51577,author_independent,0.42857142857142855,0.46666666666666673,-0.2727917864120627,-0.2768836632082436
3311,LLM,51577,author_independent,0.5714285714285714,0.7416666666666666,-0.32133436835360474,-0.15807578138905087
3312,LLM,51593,unambiguous,0.2857142857142857,0.2716666666666667,-0.2727917864120627,-0.2737010923667695
3313,LLM,51593,unambiguous,0.2857142857142857,0.29833333333333334,-0.2727917864120627,-0.2641533798423473
3314,LLM,51593,unambiguous,0.0,0.0,0.0,0.0
3315,LLM,51593,unambiguous,0.0,0.0,0.0,0.0
3316,LLM,51593,unambiguous,0.0,0.20000000000000004,0.0,0.006365141682948128
3317,LLM,51593,unambiguous,0.14285714285714288,0.1366666666666667,-0.08463851611521445,-0.08911198356127378
3318,LLM,51593,unambiguous,0.4285714285714286,0.43333333333333335,-0.6829081047004717,-0.547402184733539
3319,LLM,51593,unambiguous,0.2857142857142857,0.2616666666666667,-0.2727917864120627,-0.27051852152529543
3320,LLM,51593,unambiguous,0.0,0.0,0.0,0.0
3321,LLM,51593,unambiguous,0.14285714285714282,0.12666666666666668,-0.18815327029684825,-0.15276340039075506
3322,LLM,51593,unambiguous,0.14285714285714282,0.2766666666666667,-0.18815327029684825,-0.15594597123222914
3323,LLM,51593,unambiguous,0.2857142857142857,0.2966666666666667,-0.2727917864120627,-0.28961394657413986
3324,LLM,51598,author_relevant,0.2857142857142857,0.2983333333333334,-0.2727917864120627,-0.23232767142760666
3325,LLM,51598,author_relevant,0.5714285714285714,0.5650000000000001,-0.18815327029684825,-0.2100496755372882
3326,LLM,51598,author_relevant,0.5714285714285714,0.5366666666666667,-0.18815327029684825,-0.23232767142760666
3327,LLM,51598,author_relevant,0.2857142857142857,0.28166666666666673,-0.08463851611521445,-0.08592941271979973
3328,LLM,51598,author_relevant,0.0,0.0,0.0,0.0
3329,LLM,51598,author_relevant,0.5714285714285714,0.5883333333333334,-0.18815327029684825,-0.12093769197601442
3330,LLM,51598,author_relevant,0.42857142857142855,0.425,-0.2727917864120627,-0.2641533798423473
3331,LLM,51598,author_relevant,0.0,0.0,0.0,0.0
3332,LLM,51598,author_relevant,0.0,0.20333333333333337,0.0,0.022277995890318446
3333,LLM,51598,author_relevant,0.2857142857142857,0.31000000000000005,-0.2727917864120627,-0.2737010923667695
3334,LLM,51598,author_relevant,0.7142857142857142,0.71,0.38619532188540406,0.23454782180695077
3335,LLM,51598,author_relevant,0.14285714285714285,0.30500000000000005,0.1980420515885558,0.09041488358974913
3336,LLM,51632,unambiguous,0.14285714285714288,0.14333333333333337,-0.410116318288409,-0.2737010923667695
3337,LLM,51632,unambiguous,0.14285714285714288,0.16000000000000003,-0.410116318288409,-0.3055268007815101
3338,LLM,51632,unambiguous,0.14285714285714288,0.1566666666666667,0.410116318288409,0.299161659098562
3339,LLM,51632,unambiguous,0.14285714285714282,0.14833333333333334,-0.18815327029684825,-0.16549368375665133
3340,LLM,51632,unambiguous,0.0,0.0,0.0,0.0
3341,LLM,51632,unambiguous,0.14285714285714288,0.12666666666666668,-0.410116318288409,-0.24187538395202884
3342,LLM,51632,unambiguous,0.14285714285714288,0.12000000000000002,-0.410116318288409,-0.2291451005861326
3343,LLM,51632,unambiguous,0.14285714285714288,0.14833333333333334,-0.410116318288409,-0.28324880489119164
3344,LLM,51632,unambiguous,0.0,0.0,0.0,0.0
3345,LLM,51632,unambiguous,0.14285714285714282,0.135,-0.18815327029684825,-0.18777167964696978
3346,LLM,51632,unambiguous,0.0,0.0,0.0,0.0
3347,LLM,51632,unambiguous,0.0,0.0,0.0,0.0
3348,LLM,51653,author_relevant,0.14285714285714288,0.1516666666666667,-0.410116318288409,-0.28961394657413986
3349,LLM,51653,author_relevant,0.0,0.0,0.0,0.0
3350,LLM,51653,author_relevant,0.0,0.0,0.0,0.0
3351,LLM,51653,author_relevant,0.0,0.0,0.0,0.0
3352,LLM,51653,author_relevant,0.0,0.0,0.0,0.0
3353,LLM,51653,author_relevant,0.0,0.0,0.0,0.0
3354,LLM,51653,author_relevant,0.2857142857142857,0.28166666666666673,0.2727917864120627,0.28961394657413986
3355,LLM,51653,author_relevant,0.0,0.0,0.0,0.0
3356,LLM,51653,author_relevant,0.2857142857142857,0.28166666666666673,0.5982695885852573,0.46147277201373926
3357,LLM,51653,author_relevant,0.0,0.0,0.0,0.0
3358,LLM,51653,author_relevant,0.0,0.0,0.0,0.0
3359,LLM,51653,author_relevant,0.14285714285714288,0.15833333333333335,0.410116318288409,0.30234422994003607
3360,LLM,51688,unambiguous,0.0,0.0,0.0,0.0
3361,LLM,51688,unambiguous,0.0,0.0,0.0,0.0
3362,LLM,51688,unambiguous,0.0,0.0,0.0,0.0
3363,LLM,51688,unambiguous,0.0,0.0,0.0,0.0
3364,LLM,51688,unambiguous,0.14285714285714288,0.15333333333333335,-0.410116318288409,-0.29279651741561386
3365,LLM,51688,unambiguous,0.0,0.0,0.0,0.0
3366,LLM,51688,unambiguous,0.0,0.0,0.0,0.0
3367,LLM,51688,unambiguous,0.0,0.0,0.0,0.0
3368,LLM,51688,unambiguous,0.0,0.0,0.0,0.0
3369,LLM,51688,unambiguous,0.0,0.0,0.0,0.0
3370,LLM,51688,unambiguous,0.14285714285714288,0.1316666666666667,-0.410116318288409,-0.25142309647645106
3371,LLM,51688,unambiguous,0.14285714285714288,0.13333333333333336,-0.410116318288409,-0.2546056673179251
3372,LLM,51705,author_independent,0.14285714285714288,0.1366666666666667,-0.410116318288409,-0.2609708090008732
3373,LLM,51705,author_independent,0.14285714285714288,0.1466666666666667,-0.410116318288409,-0.28006623404971764
3374,LLM,51705,author_independent,0.0,0.0,0.0,0.0
3375,LLM,51705,author_independent,0.0,0.0,0.0,0.0
3376,LLM,51705,author_independent,0.0,0.0,0.0,0.0
3377,LLM,51705,author_independent,0.0,0.0,0.0,0.0
3378,LLM,51705,author_independent,0.14285714285714288,0.14500000000000005,-0.410116318288409,-0.2768836632082436
3379,LLM,51705,author_independent,0.14285714285714288,0.14833333333333334,-0.410116318288409,-0.28324880489119164
3380,LLM,51705,author_independent,0.14285714285714288,0.16333333333333336,-0.410116318288409,-0.3118919424644583
3381,LLM,51705,author_independent,0.0,0.0,0.0,0.0
3382,LLM,51705,author_independent,0.0,0.0,0.0,0.0
3383,LLM,51705,author_independent,0.0,0.0,0.0,0.0
3384,LLM,51710,unambiguous,0.0,0.0,0.0,0.0
3385,LLM,51710,unambiguous,0.0,0.0,0.0,0.0
3386,LLM,51710,unambiguous,0.0,0.0,0.0,0.0
3387,LLM,51710,unambiguous,0.14285714285714288,0.10166666666666668,-0.410116318288409,-0.19413682132991789
3388,LLM,51710,unambiguous,0.0,0.0,0.0,0.0
3389,LLM,51710,unambiguous,0.0,0.0,0.0,0.0
3390,LLM,51710,unambiguous,0.0,0.0,0.0,0.0
3391,LLM,51710,unambiguous,0.0,0.0,0.0,0.0
3392,LLM,51710,unambiguous,0.0,0.0,0.0,0.0
3393,LLM,51710,unambiguous,0.14285714285714288,0.13500000000000004,-0.410116318288409,-0.25778823815939916
3394,LLM,51710,unambiguous,0.0,0.0,0.0,0.0
3395,LLM,51710,unambiguous,0.14285714285714285,0.14666666666666664,0.0,0.0
3396,LLM,51713,author_independent,0.0,0.0,0.0,0.0
3397,LLM,51713,author_independent,0.0,0.0,0.0,0.0
3398,LLM,51713,author_independent,0.14285714285714288,0.16333333333333336,0.410116318288409,0.3118919424644583
3399,LLM,51713,author_independent,0.14285714285714288,0.16500000000000004,-0.410116318288409,-0.31507451330593234
3400,LLM,51713,author_independent,0.0,0.0,0.0,0.0
3401,LLM,51713,author_independent,0.0,0.0,0.0,0.0
3402,LLM,51713,author_independent,0.0,0.0,0.0,0.0
3403,LLM,51713,author_independent,0.0,0.0,0.0,0.0
3404,LLM,51713,author_independent,0.0,0.0,0.0,0.0
3405,LLM,51713,author_independent,0.0,0.0,0.0,0.0
3406,LLM,51713,author_independent,0.0,0.0,0.0,0.0
3407,LLM,51713,author_independent,0.0,0.0,0.0,0.0
3408,LLM,51792,unambiguous,0.0,0.0,0.0,0.0
3409,LLM,51792,unambiguous,0.2857142857142857,0.2883333333333334,-0.5982695885852573,-0.448742488647843
3410,LLM,51792,unambiguous,0.0,0.0,0.0,0.0
3411,LLM,51792,unambiguous,0.0,0.0,0.0,0.0
3412,LLM,51792,unambiguous,0.14285714285714288,0.14833333333333334,-0.410116318288409,-0.28324880489119164
3413,LLM,51792,unambiguous,0.14285714285714282,0.145,-0.18815327029684825,-0.19095425048844383
3414,LLM,51792,unambiguous,0.0,0.0,0.0,0.0
3415,LLM,51792,unambiguous,0.2857142857142857,0.29000000000000004,-0.5982695885852573,-0.4742030553796355
3416,LLM,51792,unambiguous,0.14285714285714288,0.14833333333333334,-0.410116318288409,-0.28324880489119164
3417,LLM,51792,unambiguous,0.0,0.0,0.0,0.0
3418,LLM,51792,unambiguous,0.14285714285714288,0.1616666666666667,-0.410116318288409,-0.3087093716229842
3419,LLM,51792,unambiguous,0.2857142857142857,0.28833333333333333,-0.5982695885852573,-0.44237734696489484
3420,LLM,51835,author_independent,0.0,0.0,0.0,0.0
3421,LLM,51835,author_independent,0.0,0.0,0.0,0.0
3422,LLM,51835,author_independent,0.0,0.0,0.0,0.0
3423,LLM,51835,author_independent,0.14285714285714282,0.12333333333333332,0.18815327029684825,0.15276340039075506
3424,LLM,51835,author_independent,0.0,0.0,0.0,0.0
3425,LLM,51835,author_independent,0.14285714285714282,0.15333333333333335,0.18815327029684825,0.16867625459812538
3426,LLM,51835,author_independent,0.14285714285714282,0.1416666666666667,0.18815327029684825,0.17822396712254757
3427,LLM,51835,author_independent,0.14285714285714282,0.14500000000000002,0.18815327029684825,0.18777167964696978
3428,LLM,51835,author_independent,0.0,0.0,0.0,0.0
3429,LLM,51835,author_independent,0.0,0.0,0.0,0.0
3430,LLM,51835,author_independent,0.0,0.0,0.0,0.0
3431,LLM,51835,author_independent,0.0,0.0,0.0,0.0
3432,LLM,51837,unambiguous,0.0,0.0,0.0,0.0
3433,LLM,51837,unambiguous,0.14285714285714288,0.13833333333333334,-0.08463851611521445,-0.09229455440274785
3434,LLM,51837,unambiguous,0.14285714285714288,0.26,0.08463851611521445,0.10820740861011817
3435,LLM,51837,unambiguous,0.14285714285714288,0.265,-0.08463851611521445,-0.09547712524422192
3436,LLM,51837,unambiguous,0.4285714285714286,0.41833333333333333,-0.6829081047004717,-0.5187590471602723
3437,LLM,51837,unambiguous,0.2857142857142857,0.28833333333333333,-0.5982695885852573,-0.46147277201373926
3438,LLM,51837,unambiguous,0.14285714285714285,0.125,0.0,-0.03182570841474064
3439,LLM,51837,unambiguous,0.2857142857142857,0.30500000000000005,-0.2727917864120627,-0.3087093716229842
3440,LLM,51837,unambiguous,0.14285714285714288,0.15166666666666667,0.08463851611521445,0.09865969608569598
3441,LLM,51837,unambiguous,0.14285714285714285,0.11833333333333332,0.0,-0.003182570841474064
3442,LLM,51837,unambiguous,0.4285714285714286,0.41666666666666674,-0.6829081047004717,-0.5442196138920649
3443,LLM,51837,unambiguous,0.14285714285714285,0.295,0.1980420515885558,0.06874838793334319
3444,LLM,51882,author_independent,0.16666666666666669,0.5083333333333333,-0.08720802396075822,-0.1271221532139178
3445,LLM,51882,author_independent,0.49999999999999994,0.5666666666666668,0.462098120373297,0.302333789278164
3446,LLM,51882,author_independent,0.33333333333333337,0.29833333333333334,-0.3182570841474065,-0.18257392765871341
3447,LLM,51882,author_independent,0.4285714285714286,0.4133333333333333,-0.4059728844688192,-0.27003209096329445
3448,LLM,51882,author_independent,0.2857142857142857,0.28,-0.2727917864120626,-0.1175744406894956
3449,LLM,51882,author_independent,0.14285714285714285,0.29833333333333334,0.32133436835360474,0.19478305101321955
3450,LLM,51882,author_independent,0.8333333333333334,0.845,-1.3296613488547582,-0.8929786251019923
3451,LLM,51882,author_independent,0.8333333333333334,0.8266666666666665,-0.2310490601866484,-0.11120929900654747
3452,LLM,51882,author_independent,0.8333333333333334,0.8299999999999998,-1.0114042647073518,-0.7511214480372681
3453,LLM,51882,author_independent,0.8571428571428572,0.84,-1.0042424730540764,-0.7482446273127503
3454,LLM,51882,author_independent,0.2857142857142857,0.3116666666666667,-0.5455835728241253,-0.43059904339925653
3455,LLM,51882,author_independent,0.2857142857142857,0.305,-0.5455835728241253,-0.43609210484259703
3456,LLM,51929,author_independent,0.14285714285714288,0.13166666666666668,-0.08463851611521445,-0.06683398767095534
3457,LLM,51929,author_independent,0.2857142857142857,0.3016666666666667,-0.08463851611521445,-0.07638170019537753
3458,LLM,51929,author_independent,0.14285714285714285,0.2733333333333333,0.0,-0.012730283365896256
3459,LLM,51929,author_independent,0.14285714285714285,0.17166666666666663,0.0,0.009547712524422191
3460,LLM,51929,author_independent,0.14285714285714288,0.1416666666666667,-0.08463851611521445,-0.0795642710368516
3461,LLM,51929,author_independent,0.2857142857142857,0.29833333333333334,-0.08463851611521445,-0.07319912935390346
3462,LLM,51929,author_independent,0.14285714285714285,0.145,0.0,-0.009547712524422191
3463,LLM,51929,author_independent,0.14285714285714288,0.16,-0.08463851611521445,-0.07319912935390346
3464,LLM,51929,author_independent,0.0,0.0,0.0,0.0
3465,LLM,51929,author_independent,0.0,0.0,0.0,0.0
3466,LLM,51929,author_independent,0.2857142857142857,0.2850000000000001,-0.08463851611521445,-0.09865969608569598
3467,LLM,51929,author_independent,0.14285714285714288,0.1366666666666667,-0.08463851611521445,-0.0795642710368516
3468,LLM,51945,author_independent,0.0,0.0,0.0,0.0
3469,LLM,51945,author_independent,0.14285714285714282,0.13833333333333336,0.18815327029684825,0.19413682132991789
3470,LLM,51945,author_independent,0.0,0.0,0.0,0.0
3471,LLM,51945,author_independent,0.0,0.0,0.0,0.0
3472,LLM,51945,author_independent,0.0,0.0,0.0,0.0
3473,LLM,51945,author_independent,0.14285714285714282,0.15000000000000002,0.18815327029684825,0.16867625459812538
3474,LLM,51945,author_independent,0.2857142857142857,0.265,0.5455835728241253,0.38085574029223535
3475,LLM,51945,author_independent,0.2857142857142857,0.275,0.5455835728241253,0.39912425521273337
3476,LLM,51945,author_independent,0.5714285714285714,0.57,0.9416676760012369,0.617839122372964
3477,LLM,51945,author_independent,0.2857142857142857,0.27666666666666667,0.6787646708808818,0.37256575768502725
3478,LLM,51945,author_independent,0.2857142857142857,0.36833333333333335,-0.18815327029684825,-0.16867625459812538
3479,LLM,51945,author_independent,0.2857142857142857,0.3666666666666667,0.38619532188540406,0.34039956970394125
3480,LLM,51946,author_independent,0.0,0.0,0.0,0.0
3481,LLM,51946,author_independent,0.14285714285714282,0.12666666666666668,-0.38619532188540395,-0.2235616989202697
3482,LLM,51946,author_independent,0.0,0.0,0.0,0.0
3483,LLM,51946,author_independent,0.0,0.0,0.0,0.0
3484,LLM,51946,author_independent,0.14285714285714285,0.14,0.0,0.0
3485,LLM,51946,author_independent,0.14285714285714285,0.155,0.0,0.0
3486,LLM,51946,author_independent,0.0,0.0,0.0,0.0
3487,LLM,51946,author_independent,0.14285714285714282,0.11833333333333332,-0.38619532188540395,-0.1998001225564311
3488,LLM,51946,author_independent,0.14285714285714288,0.15000000000000002,0.410116318288409,0.28643137573266575
3489,LLM,51946,author_independent,0.0,0.0,0.0,0.0
3490,LLM,51946,author_independent,0.0,0.0,0.0,0.0
3491,LLM,51946,author_independent,0.0,0.0,0.0,0.0
3492,LLM,51953,unambiguous,0.0,0.0,0.0,0.0
3493,LLM,51953,unambiguous,0.0,0.0,0.0,0.0
3494,LLM,51953,unambiguous,0.14285714285714288,0.13333333333333336,0.410116318288409,0.2546056673179251
3495,LLM,51953,unambiguous,0.14285714285714288,0.1516666666666667,0.410116318288409,0.28961394657413986
3496,LLM,51953,unambiguous,0.0,0.0,0.0,0.0
3497,LLM,51953,unambiguous,0.0,0.0,0.0,0.0
3498,LLM,51953,unambiguous,0.0,0.0,0.0,0.0
3499,LLM,51953,unambiguous,0.14285714285714288,0.15000000000000002,0.410116318288409,0.28643137573266575
3500,LLM,51953,unambiguous,0.0,0.0,0.0,0.0
3501,LLM,51953,unambiguous,0.0,0.0,0.0,0.0
3502,LLM,51953,unambiguous,0.0,0.0,0.0,0.0
3503,LLM,51953,unambiguous,0.0,0.0,0.0,0.0
3504,LLM,51962,author_relevant,0.14285714285714282,0.1416666666666667,0.18815327029684825,0.18777167964696978
3505,LLM,51962,author_relevant,0.14285714285714282,0.15166666666666667,0.18815327029684825,0.19731939217139197
3506,LLM,51962,author_relevant,0.0,0.0,0.0,0.0
3507,LLM,51962,author_relevant,0.14285714285714288,0.13833333333333336,-0.410116318288409,-0.2641533798423473
3508,LLM,51962,author_relevant,0.14285714285714288,0.13166666666666665,0.08463851611521445,0.09547712524422192
3509,LLM,51962,author_relevant,0.14285714285714288,0.15000000000000002,0.08463851611521445,0.12412026281748849
3510,LLM,51962,author_relevant,0.0,0.0,0.0,0.0
3511,LLM,51962,author_relevant,0.0,0.0,0.0,0.0
3512,LLM,51962,author_relevant,0.14285714285714282,0.13833333333333336,0.18815327029684825,0.19413682132991789
3513,LLM,51962,author_relevant,0.14285714285714288,0.16166666666666668,-0.410116318288409,-0.3087093716229842
3514,LLM,51962,author_relevant,0.0,0.0,0.0,0.0
3515,LLM,51962,author_relevant,0.14285714285714282,0.2616666666666667,-0.18815327029684825,-0.2100496755372882
3516,LLM,52029,unambiguous,0.2857142857142857,0.28833333333333333,-0.7963116401738131,-0.5252944286263933
3517,LLM,52029,unambiguous,0.14285714285714288,0.14500000000000005,-0.410116318288409,-0.2768836632082436
3518,LLM,52029,unambiguous,0.2857142857142857,0.3433333333333334,-0.11340353547334137,0.04639049248237443
3519,LLM,52029,unambiguous,0.0,0.18166666666666667,0.0,0.022277995890318446
3520,LLM,52029,unambiguous,0.14285714285714282,0.14,-0.38619532188540406,-0.24640602493323946
3521,LLM,52029,unambiguous,0.14285714285714285,0.15333333333333332,0.0,0.0
3522,LLM,52029,unambiguous,0.4285714285714286,0.40333333333333327,-0.11340353547334137,0.029911308152352784
3523,LLM,52029,unambiguous,0.0,0.0,0.0,0.0
3524,LLM,52029,unambiguous,0.4285714285714286,0.41666666666666663,-0.11340353547334137,-0.0030470605076904998
3525,LLM,52029,unambiguous,0.14285714285714288,0.14666666666666667,0.08463851611521445,0.04773856262211096
3526,LLM,52029,unambiguous,0.4285714285714285,0.49,-0.11340353547334137,0.00414499130360402
3527,LLM,52029,unambiguous,0.4285714285714285,0.445,0.2727917864120627,0.3087093716229842
3528,LLM,52046,author_independent,0.0,0.0,0.0,0.0
3529,LLM,52046,author_independent,0.0,0.0,0.0,0.0
3530,LLM,52046,author_independent,0.0,0.0,0.0,0.0
3531,LLM,52046,author_independent,0.0,0.0,0.0,0.0
3532,LLM,52046,author_independent,0.0,0.0,0.0,0.0
3533,LLM,52046,author_independent,0.0,0.0,0.0,0.0
3534,LLM,52046,author_independent,0.0,0.0,0.0,0.0
3535,LLM,52046,author_independent,0.0,0.0,0.0,0.0
3536,LLM,52046,author_independent,0.0,0.0,0.0,0.0
3537,LLM,52046,author_independent,0.0,0.0,0.0,0.0
3538,LLM,52046,author_independent,0.0,0.0,0.0,0.0
3539,LLM,52046,author_independent,0.0,0.0,0.0,0.0
3540,LLM,52050,unambiguous,0.0,0.0,0.0,0.0
3541,LLM,52050,unambiguous,0.0,0.0,0.0,0.0
3542,LLM,52050,unambiguous,0.0,0.0,0.0,0.0
3543,LLM,52050,unambiguous,0.0,0.0,0.0,0.0
3544,LLM,52050,unambiguous,0.0,0.0,0.0,0.0
3545,LLM,52050,unambiguous,0.0,0.0,0.0,0.0
3546,LLM,52050,unambiguous,0.0,0.0,0.0,0.0
3547,LLM,52050,unambiguous,0.0,0.0,0.0,0.0
3548,LLM,52050,unambiguous,0.0,0.0,0.0,0.0
3549,LLM,52050,unambiguous,0.0,0.0,0.0,0.0
3550,LLM,52050,unambiguous,0.0,0.0,0.0,0.0
3551,LLM,52050,unambiguous,0.0,0.0,0.0,0.0
3552,LLM,52051,unambiguous,0.0,0.0,0.0,0.0
3553,LLM,52051,unambiguous,0.0,0.0,0.0,0.0
3554,LLM,52051,unambiguous,0.0,0.0,0.0,0.0
3555,LLM,52051,unambiguous,0.0,0.0,0.0,0.0
3556,LLM,52051,unambiguous,0.0,0.0,0.0,0.0
3557,LLM,52051,unambiguous,0.0,0.0,0.0,0.0
3558,LLM,52051,unambiguous,0.0,0.0,0.0,0.0
3559,LLM,52051,unambiguous,0.0,0.0,0.0,0.0
3560,LLM,52051,unambiguous,0.0,0.0,0.0,0.0
3561,LLM,52051,unambiguous,0.0,0.0,0.0,0.0
3562,LLM,52051,unambiguous,0.0,0.0,0.0,0.0
3563,LLM,52051,unambiguous,0.0,0.0,0.0,0.0
3564,LLM,52077,unambiguous,0.0,0.0,0.0,0.0
3565,LLM,52077,unambiguous,0.0,0.0,0.0,0.0
3566,LLM,52077,unambiguous,0.0,0.0,0.0,0.0
3567,LLM,52077,unambiguous,0.0,0.0,0.0,0.0
3568,LLM,52077,unambiguous,0.0,0.0,0.0,0.0
3569,LLM,52077,unambiguous,0.0,0.0,0.0,0.0
3570,LLM,52077,unambiguous,0.0,0.0,0.0,0.0
3571,LLM,52077,unambiguous,0.0,0.0,0.0,0.0
3572,LLM,52077,unambiguous,0.0,0.0,0.0,0.0
3573,LLM,52077,unambiguous,0.0,0.0,0.0,0.0
3574,LLM,52077,unambiguous,0.0,0.0,0.0,0.0
3575,LLM,52077,unambiguous,0.0,0.0,0.0,0.0
3576,LLM,52102,unambiguous,0.2857142857142857,0.2733333333333334,-0.5455835728241253,-0.39301969353548033
3577,LLM,52102,unambiguous,0.14285714285714288,0.12000000000000002,0.410116318288409,0.2291451005861326
3578,LLM,52102,unambiguous,0.2857142857142857,0.31333333333333335,0.5455835728241253,0.40980462798245815
3579,LLM,52102,unambiguous,0.0,0.0,0.0,0.0
3580,LLM,52102,unambiguous,0.0,0.205,0.0,-0.035008279256214705
3581,LLM,52102,unambiguous,0.14285714285714285,0.24833333333333335,0.1980420515885557,0.06905413805029945
3582,LLM,52102,unambiguous,0.14285714285714288,0.13666666666666666,-0.15938825093872133,-0.1541114705304916
3583,LLM,52102,unambiguous,0.2857142857142857,0.2950000000000001,0.796311640173813,0.5371526317526819
3584,LLM,52102,unambiguous,0.2857142857142857,0.2966666666666667,0.5455835728241253,0.4129871988239322
3585,LLM,52102,unambiguous,0.16666666666666669,0.17833333333333334,0.18595295942850815,0.1845891088054957
3586,LLM,52102,unambiguous,0.16666666666666666,0.18166666666666664,-0.05663301226513251,-0.10184226692717005
3587,LLM,52102,unambiguous,0.16666666666666663,0.16,0.3748900964125388,0.23271332110521326
3588,LLM,52157,unambiguous,0.0,0.0,0.0,0.0
3589,LLM,52157,unambiguous,0.0,0.0,0.0,0.0
3590,LLM,52157,unambiguous,0.0,0.0,0.0,0.0
3591,LLM,52157,unambiguous,0.0,0.0,0.0,0.0
3592,LLM,52157,unambiguous,0.0,0.0,0.0,0.0
3593,LLM,52157,unambiguous,0.0,0.0,0.0,0.0
3594,LLM,52157,unambiguous,0.0,0.0,0.0,0.0
3595,LLM,52157,unambiguous,0.0,0.0,0.0,0.0
3596,LLM,52157,unambiguous,0.0,0.0,0.0,0.0
3597,LLM,52157,unambiguous,0.0,0.0,0.0,0.0
3598,LLM,52157,unambiguous,0.0,0.0,0.0,0.0
3599,LLM,52157,unambiguous,0.0,0.0,0.0,0.0
3600,LLM,52176,author_independent,0.16666666666666669,0.15000000000000002,-0.41700201961515654,-0.25678064758600805
3601,LLM,52176,author_independent,0.49999999999999994,0.5233333333333333,-0.5608430558410469,-0.38918045234883253
3602,LLM,52176,author_independent,0.33333333333333326,0.35833333333333334,0.6059391565991872,0.3675486861418157
3603,LLM,52176,author_independent,0.3333333333333333,0.42666666666666664,0.2310490601866484,0.1146976199649778
3604,LLM,52176,author_independent,0.2857142857142857,0.46,-0.1980420515885557,-0.09564736502739461
3605,LLM,52176,author_independent,0.14285714285714285,0.2266666666666667,0.0,-0.01996750528845196
3606,LLM,52176,author_independent,0.33333333333333326,0.3283333333333333,0.1438410362258904,0.12546833295722504
3607,LLM,52176,author_independent,0.0,0.0,0.0,0.0
3608,LLM,52176,author_independent,0.3333333333333333,0.33,0.4620981203732968,0.28899200567835526
3609,LLM,52176,author_independent,0.3333333333333333,0.35166666666666674,0.6931471805599454,0.43372600346759727
3610,LLM,52176,author_independent,0.42857142857142855,0.4933333333333333,-0.07474973482350666,-0.050785623129801456
3611,LLM,52176,author_independent,0.42857142857142855,0.48333333333333334,0.28268056770377026,0.21135257556576356
3612,LLM,52184,unambiguous,0.0,0.0,0.0,0.0
3613,LLM,52184,unambiguous,0.0,0.0,0.0,0.0
3614,LLM,52184,unambiguous,0.0,0.0,0.0,0.0
3615,LLM,52184,unambiguous,0.0,0.0,0.0,0.0
3616,LLM,52184,unambiguous,0.0,0.0,0.0,0.0
3617,LLM,52184,unambiguous,0.0,0.0,0.0,0.0
3618,LLM,52184,unambiguous,0.14285714285714288,0.12833333333333335,0.410116318288409,0.2450579547935029
3619,LLM,52184,unambiguous,0.14285714285714288,0.15000000000000002,0.410116318288409,0.28643137573266575
3620,LLM,52184,unambiguous,0.2857142857142857,0.30000000000000004,0.7963116401738131,0.5353633011622055
3621,LLM,52184,unambiguous,0.2857142857142857,0.2866666666666667,0.7963116401738131,0.526472258982957
3622,LLM,52184,unambiguous,0.14285714285714288,0.13833333333333336,0.410116318288409,0.2641533798423473
3623,LLM,52184,unambiguous,0.2857142857142857,0.30333333333333334,0.7963116401738131,0.5530654859600521
3624,LLM,52217,unambiguous,0.0,0.0,0.0,0.0
3625,LLM,52217,unambiguous,0.0,0.0,0.0,0.0
3626,LLM,52217,unambiguous,0.0,0.0,0.0,0.0
3627,LLM,52217,unambiguous,0.0,0.0,0.0,0.0
3628,LLM,52217,unambiguous,0.0,0.0,0.0,0.0
3629,LLM,52217,unambiguous,0.0,0.0,0.0,0.0
3630,LLM,52217,unambiguous,0.0,0.0,0.0,0.0
3631,LLM,52217,unambiguous,0.0,0.0,0.0,0.0
3632,LLM,52217,unambiguous,0.0,0.0,0.0,0.0
3633,LLM,52217,unambiguous,0.0,0.0,0.0,0.0
3634,LLM,52217,unambiguous,0.0,0.0,0.0,0.0
3635,LLM,52217,unambiguous,0.0,0.0,0.0,0.0
3636,LLM,52225,unambiguous,0.0,0.0,0.0,0.0
3637,LLM,52225,unambiguous,0.0,0.0,0.0,0.0
3638,LLM,52225,unambiguous,0.0,0.0,0.0,0.0
3639,LLM,52225,unambiguous,0.0,0.0,0.0,0.0
3640,LLM,52225,unambiguous,0.0,0.0,0.0,0.0
3641,LLM,52225,unambiguous,0.0,0.0,0.0,0.0
3642,LLM,52225,unambiguous,0.0,0.0,0.0,0.0
3643,LLM,52225,unambiguous,0.0,0.0,0.0,0.0
3644,LLM,52225,unambiguous,0.0,0.0,0.0,0.0
3645,LLM,52225,unambiguous,0.0,0.0,0.0,0.0
3646,LLM,52225,unambiguous,0.0,0.0,0.0,0.0
3647,LLM,52225,unambiguous,0.0,0.0,0.0,0.0
3648,LLM,52289,author_independent,0.0,0.0,0.0,0.0
3649,LLM,52289,author_independent,0.14285714285714288,0.11333333333333336,0.410116318288409,0.21641481722023634
3650,LLM,52289,author_independent,0.0,0.0,0.0,0.0
3651,LLM,52289,author_independent,0.0,0.0,0.0,0.0
3652,LLM,52289,author_independent,0.0,0.0,0.0,0.0
3653,LLM,52289,author_independent,0.14285714285714282,0.1416666666666667,-0.18815327029684825,-0.17185882543959946
3654,LLM,52289,author_independent,0.14285714285714288,0.13166666666666668,0.410116318288409,0.25142309647645106
3655,LLM,52289,author_independent,0.0,0.0,0.0,0.0
3656,LLM,52289,author_independent,0.0,0.0,0.0,0.0
3657,LLM,52289,author_independent,0.0,0.0,0.0,0.0
3658,LLM,52289,author_independent,0.14285714285714282,0.12333333333333335,0.18815327029684825,0.17185882543959946
3659,LLM,52289,author_independent,0.14285714285714282,0.1366666666666667,-0.18815327029684825,-0.16867625459812538
3660,LLM,52316,author_relevant,0.0,0.0,0.0,0.0
3661,LLM,52316,author_relevant,0.0,0.0,0.0,0.0
3662,LLM,52316,author_relevant,0.0,0.0,0.0,0.0
3663,LLM,52316,author_relevant,0.14285714285714285,0.2333333333333334,0.0,-0.022277995890318446
3664,LLM,52316,author_relevant,0.14285714285714288,0.13833333333333336,-0.410116318288409,-0.2641533798423473
3665,LLM,52316,author_relevant,0.14285714285714288,0.1616666666666667,-0.410116318288409,-0.3087093716229842
3666,LLM,52316,author_relevant,0.16666666666666663,0.18000000000000005,0.45056120886630463,0.3437176508791989
3667,LLM,52316,author_relevant,0.0,0.0,0.0,0.0
3668,LLM,52316,author_relevant,0.0,0.0,0.0,0.0
3669,LLM,52316,author_relevant,0.16666666666666663,0.1833333333333334,-0.45056120886630463,-0.35008279256214697
3670,LLM,52316,author_relevant,0.14285714285714288,0.1466666666666667,-0.410116318288409,-0.28006623404971764
3671,LLM,52316,author_relevant,0.14285714285714285,0.2566666666666667,0.0,0.022277995890318446
3672,LLM,52338,author_relevant,0.0,0.0,0.0,0.0
3673,LLM,52338,author_relevant,0.0,0.0,0.0,0.0
3674,LLM,52338,author_relevant,0.0,0.0,0.0,0.0
3675,LLM,52338,author_relevant,0.0,0.0,0.0,0.0
3676,LLM,52338,author_relevant,0.14285714285714285,0.16333333333333333,-0.1980420515885558,-0.05545177444479561
3677,LLM,52338,author_relevant,0.14285714285714285,0.14166666666666666,-0.1980420515885558,-0.060072755648528584
3678,LLM,52338,author_relevant,0.7142857142857143,0.6783333333333332,0.20793083288026337,0.15703346136627055
3679,LLM,52338,author_relevant,0.5714285714285714,0.57,0.04854258194154215,0.05898526551448713
3680,LLM,52338,author_relevant,0.42857142857142855,0.43666666666666665,0.32133436835360474,0.1783038666831979
3681,LLM,52338,author_relevant,0.5714285714285714,0.5816666666666667,0.0,0.035835189384561095
3682,LLM,52338,author_relevant,0.7142857142857142,0.72,0.15938825093872122,0.13532179559860347
3683,LLM,52338,author_relevant,0.7142857142857142,0.7133333333333333,0.15938825093872122,0.18624292906218848
3684,LLM,52365,author_relevant,0.16666666666666669,0.17333333333333337,0.18595295942850815,0.2195973880617104
3685,LLM,52365,author_relevant,0.14285714285714282,0.13833333333333336,0.38619532188540406,0.23450265169568957
3686,LLM,52365,author_relevant,0.16666666666666669,0.18500000000000008,-0.18595295942850815,-0.24187538395202884
3687,LLM,52365,author_relevant,0.16666666666666663,0.17666666666666672,0.45056120886630463,0.33735250919625076
3688,LLM,52365,author_relevant,0.14285714285714285,0.15833333333333333,0.1980420515885558,0.07855668046346045
3689,LLM,52365,author_relevant,0.14285714285714288,0.1416666666666667,-0.3574303025272769,-0.21536205653558402
3690,LLM,52365,author_relevant,0.0,0.0,0.0,0.0
3691,LLM,52365,author_relevant,0.14285714285714282,0.1416666666666667,0.38619532188540406,0.24086779337863773
3692,LLM,52365,author_relevant,0.16666666666666669,0.16166666666666668,-0.18595295942850815,-0.18777167964696978
3693,LLM,52365,author_relevant,0.3333333333333333,0.3316666666666667,0.8675632284814612,0.603680869306681
3694,LLM,52365,author_relevant,0.14285714285714285,0.14666666666666664,0.1980420515885558,0.07855668046346045
3695,LLM,52365,author_relevant,0.14285714285714285,0.14666666666666664,-0.1980420515885557,-0.04620981203732968
3696,LLM,52369,author_relevant,0.14285714285714282,0.15333333333333335,0.18815327029684825,0.18140653796402162
3697,LLM,52369,author_relevant,0.14285714285714288,0.24666666666666667,0.3574303025272769,0.2139236461733251
3698,LLM,52369,author_relevant,0.2857142857142857,0.3366666666666667,-0.11340353547334137,0.0012681705790862096
3699,LLM,52369,author_relevant,0.0,0.0,0.0,0.0
3700,LLM,52369,author_relevant,0.14285714285714288,0.13166666666666668,0.410116318288409,0.25142309647645106
3701,LLM,52369,author_relevant,0.14285714285714288,0.14333333333333337,0.410116318288409,0.2737010923667695
3702,LLM,52369,author_relevant,0.14285714285714282,0.12666666666666668,0.18815327029684825,0.15276340039075506
3703,LLM,52369,author_relevant,0.0,0.0,0.0,0.0
3704,LLM,52369,author_relevant,0.16666666666666669,0.1416666666666667,-0.41700201961515654,-0.23825155265981496
3705,LLM,52369,author_relevant,0.14285714285714288,0.125,0.15938825093872122,0.12987390426652412
3706,LLM,52369,author_relevant,0.14285714285714288,0.1416666666666667,0.410116318288409,0.27051852152529543
3707,LLM,52369,author_relevant,0.0,0.0,0.0,0.0
3708,LLM,52371,author_relevant,0.0,0.0,0.0,0.0
3709,LLM,52371,author_relevant,0.3333333333333333,0.345,-0.8675632284814612,-0.6256531150800432
3710,LLM,52371,author_relevant,0.3333333333333333,0.3266666666666667,-0.8675632284814612,-0.5897727555842208
3711,LLM,52371,author_relevant,0.2857142857142857,0.2766666666666667,-0.796311640173813,-0.5030164327360748
3712,LLM,52371,author_relevant,0.5714285714285714,0.5683333333333335,-1.277034259466139,-0.8507782940344832
3713,LLM,52371,author_relevant,0.5714285714285714,0.5683333333333334,-1.475076311054695,-0.9131615402848782
3714,LLM,52371,author_relevant,0.6666666666666667,0.6366666666666667,0.7918921160276953,0.4425371460861955
3715,LLM,52371,author_relevant,0.4285714285714285,0.5033333333333334,0.3213343683536045,0.20629033391129079
3716,LLM,52371,author_relevant,0.6666666666666667,0.67,0.4620981203732968,0.30634327024798447
3717,LLM,52371,author_relevant,0.7142857142857142,0.7366666666666666,1.1102230246251565e-16,-0.00174416047921516
3718,LLM,52371,author_relevant,0.857142857142857,0.8633333333333333,-0.48072261929232596,-0.3413967196154603
3719,LLM,52371,author_relevant,0.857142857142857,0.85,-1.064959992766286,-0.6322683961068143
3720,LLM,52373,author_relevant,0.0,0.0,0.0,0.0
3721,LLM,52373,author_relevant,0.0,0.0,0.0,0.0
3722,LLM,52373,author_relevant,0.0,0.0,0.0,0.0
3723,LLM,52373,author_relevant,0.14285714285714288,0.11333333333333336,-0.410116318288409,-0.21641481722023634
3724,LLM,52373,author_relevant,0.14285714285714288,0.14333333333333337,-0.410116318288409,-0.2737010923667695
3725,LLM,52373,author_relevant,0.14285714285714288,0.13333333333333336,-0.410116318288409,-0.2546056673179251
3726,LLM,52373,author_relevant,0.14285714285714288,0.13333333333333336,0.410116318288409,0.2546056673179251
3727,LLM,52373,author_relevant,0.2857142857142857,0.2833333333333334,0.5982695885852573,0.44237734696489484
3728,LLM,52373,author_relevant,0.14285714285714288,0.15833333333333335,0.410116318288409,0.30234422994003607
3729,LLM,52373,author_relevant,0.14285714285714282,0.14833333333333334,0.18815327029684825,0.18777167964696978
3730,LLM,52373,author_relevant,0.0,0.1916666666666667,0.0,-0.01591285420737032
3731,LLM,52373,author_relevant,0.0,0.1916666666666667,0.0,0.01591285420737032
3732,LLM,52398,unambiguous,0.0,0.0,0.0,0.0
3733,LLM,52398,unambiguous,0.14285714285714282,0.125,0.18815327029684825,0.16549368375665133
3734,LLM,52398,unambiguous,0.16666666666666663,0.14666666666666672,-0.45056120886630463,-0.28006623404971764
3735,LLM,52398,unambiguous,0.2857142857142857,0.28833333333333333,-0.5982695885852573,-0.44555991780636894
3736,LLM,52398,unambiguous,0.14285714285714288,0.1416666666666667,0.410116318288409,0.27051852152529543
3737,LLM,52398,unambiguous,0.14285714285714288,0.12333333333333335,0.410116318288409,0.23551024226908074
3738,LLM,52398,unambiguous,0.0,0.0,0.0,0.0
3739,LLM,52398,unambiguous,0.0,0.0,0.0,0.0
3740,LLM,52398,unambiguous,0.16666666666666663,0.18333333333333335,-0.45056120886630463,-0.3500827925621471
3741,LLM,52398,unambiguous,0.2857142857142857,0.29000000000000004,-0.5982695885852573,-0.4678379136966873
3742,LLM,52398,unambiguous,0.0,0.0,0.0,0.0
3743,LLM,52398,unambiguous,0.0,0.0,0.0,0.0
3744,LLM,52434,author_relevant,0.2857142857142857,0.3083333333333334,0.5982695885852573,0.4710204845381615
3745,LLM,52434,author_relevant,0.4285714285714286,0.3966666666666667,0.9556998911125343,0.6308404264064275
3746,LLM,52434,author_relevant,0.5714285714285714,0.575,0.5941261547656674,0.471145554210073
3747,LLM,52434,author_relevant,0.5714285714285714,0.5566666666666668,0.4059728844688192,0.26048437843887223
3748,LLM,52434,author_relevant,0.5714285714285714,0.565,1.0789922078775833,0.7704774530918077
3749,LLM,52434,author_relevant,0.7142857142857142,0.7333333333333333,0.5455835728241253,0.38953137257704995
3750,LLM,52434,author_relevant,0.0,0.0,0.0,0.0
3751,LLM,52434,author_relevant,0.0,0.0,0.0,0.0
3752,LLM,52434,author_relevant,0.14285714285714288,0.1416666666666667,-0.410116318288409,-0.27051852152529543
3753,LLM,52434,author_relevant,0.2857142857142857,0.31000000000000005,-0.5982695885852573,-0.4646553428552133
3754,LLM,52434,author_relevant,0.0,0.0,0.0,0.0
3755,LLM,52434,author_relevant,0.14285714285714288,0.1366666666666667,-0.410116318288409,-0.2609708090008732
3756,LLM,52441,author_relevant,0.2857142857142857,0.2966666666666667,-0.5982695885852573,-0.4742030553796355
3757,LLM,52441,author_relevant,0.2857142857142857,0.2900000000000001,-0.2727917864120627,-0.3182570841474064
3758,LLM,52441,author_relevant,0.2857142857142857,0.26333333333333336,-0.5982695885852573,-0.4232819219160506
3759,LLM,52441,author_relevant,0.2857142857142857,0.26833333333333337,-0.5982695885852573,-0.42646449275752457
3760,LLM,52441,author_relevant,0.2857142857142857,0.2733333333333334,-0.5982695885852573,-0.4391947761234208
3761,LLM,52441,author_relevant,0.2857142857142857,0.2783333333333334,-0.5982695885852573,-0.4519250594893171
3762,LLM,52441,author_relevant,0.7142857142857143,0.7166666666666667,-0.18815327029684825,-0.1591285420737032
3763,LLM,52441,author_relevant,0.6666666666666667,0.675,-0.6365141682948128,-0.5155764763187983
3764,LLM,52441,author_relevant,0.7142857142857143,0.7283333333333333,0.1980420515885557,0.04503198168076584
3765,LLM,52441,author_relevant,0.6666666666666667,0.6616666666666667,-0.6365141682948128,-0.5092113346358502
3766,LLM,52441,author_relevant,0.6666666666666666,0.675,-0.18595295942850815,-0.19095425048844383
3767,LLM,52441,author_relevant,0.7142857142857143,0.7233333333333333,0.1980420515885557,0.07742402021815781
3768,LLM,52448,unambiguous,0.5714285714285714,0.5916666666666667,0.6829081047004717,0.5314893305261686
3769,LLM,52448,unambiguous,0.14285714285714282,0.12666666666666668,0.38619532188540395,0.22094545820144695
3770,LLM,52448,unambiguous,0.4285714285714286,0.4416666666666667,0.6829081047004717,0.5378544722091168
3771,LLM,52448,unambiguous,0.8571428571428571,0.8533333333333334,1.277034259466139,0.8640749075230306
3772,LLM,52448,unambiguous,0.2857142857142857,0.30833333333333335,0.5982695885852573,0.4773856262211095
3773,LLM,52448,unambiguous,0.5714285714285714,0.5850000000000001,0.6829081047004717,0.5378544722091168
3774,LLM,52448,unambiguous,0.14285714285714288,0.1466666666666667,0.410116318288409,0.28006623404971764
3775,LLM,52448,unambiguous,0.14285714285714288,0.135,-0.410116318288409,-0.25778823815939916
3776,LLM,52448,unambiguous,0.0,0.0,0.0,0.0
3777,LLM,52448,unambiguous,0.14285714285714288,0.15500000000000003,0.410116318288409,0.29597908825708796
3778,LLM,52448,unambiguous,0.0,0.0,0.0,0.0
3779,LLM,52448,unambiguous,0.14285714285714288,0.1466666666666667,0.410116318288409,0.28006623404971764
3780,LLM,52458,author_relevant,0.14285714285714282,0.12333333333333334,-0.18815327029684825,-0.16231111291517727
3781,LLM,52458,author_relevant,0.0,0.0,0.0,0.0
3782,LLM,52458,author_relevant,0.0,0.0,0.0,0.0
3783,LLM,52458,author_relevant,0.14285714285714285,0.2566666666666667,-0.1980420515885558,-0.06268899636735133
3784,LLM,52458,author_relevant,0.14285714285714288,0.14666666666666672,0.410116318288409,0.28006623404971764
3785,LLM,52458,author_relevant,0.2857142857142857,0.28166666666666673,0.5455835728241253,0.36381022583956235
3786,LLM,52458,author_relevant,0.14285714285714282,0.125,-0.18815327029684825,-0.14639825870780693
3787,LLM,52458,author_relevant,0.0,0.0,0.0,0.0
3788,LLM,52458,author_relevant,0.14285714285714288,0.14500000000000005,0.410116318288409,0.2768836632082436
3789,LLM,52458,author_relevant,0.14285714285714282,0.15833333333333333,-0.38619532188540406,-0.2753097425122011
3790,LLM,52458,author_relevant,0.14285714285714288,0.1316666666666667,0.410116318288409,0.25142309647645106
3791,LLM,52458,author_relevant,0.14285714285714282,0.15666666666666668,0.38619532188540406,0.2695109309519043
3792,LLM,52501,unambiguous,0.0,0.0,0.0,0.0
3793,LLM,52501,unambiguous,0.0,0.185,0.0,0.03439677902230219
3794,LLM,52501,unambiguous,0.14285714285714285,0.1383333333333333,-0.07474973482350689,-0.040456170588294066
3795,LLM,52501,unambiguous,0.14285714285714285,0.1366666666666667,-0.07474973482350689,-0.018223344809236805
3796,LLM,52501,unambiguous,0.0,0.0,0.0,0.0
3797,LLM,52501,unambiguous,0.0,0.28166666666666673,0.0,0.03151995829778438
3798,LLM,52501,unambiguous,0.0,0.17333333333333337,0.0,0.016479184330021643
3799,LLM,52501,unambiguous,0.0,0.0,0.0,0.0
3800,LLM,52501,unambiguous,0.14285714285714285,0.22333333333333333,-0.07474973482350689,-0.08841014310483888
3801,LLM,52501,unambiguous,0.2857142857142857,0.27,-0.19804205158855592,-0.13527662548734226
3802,LLM,52501,unambiguous,0.14285714285714285,0.13999999999999999,0.0,0.0
3803,LLM,52501,unambiguous,0.14285714285714285,0.135,-0.12329231676504904,-0.11417645995358768
3804,LLM,52520,author_relevant,0.2857142857142857,0.2950000000000001,0.5982695885852573,0.4710204845381615
3805,LLM,52520,author_relevant,0.2857142857142857,0.29333333333333345,0.5982695885852573,0.46465534285521337
3806,LLM,52520,author_relevant,0.2857142857142857,0.2700000000000001,0.5982695885852573,0.4169167802331023
3807,LLM,52520,author_relevant,0.14285714285714288,0.15500000000000003,0.410116318288409,0.2959790882570879
3808,LLM,52520,author_relevant,0.4285714285714286,0.4316666666666667,0.6829081047004717,0.5728627514653315
3809,LLM,52520,author_relevant,0.14285714285714288,0.15000000000000002,0.410116318288409,0.28643137573266575
3810,LLM,52520,author_relevant,0.0,0.0,0.0,0.0
3811,LLM,52520,author_relevant,0.0,0.0,0.0,0.0
3812,LLM,52520,author_relevant,0.0,0.0,0.0,0.0
3813,LLM,52520,author_relevant,0.0,0.0,0.0,0.0
3814,LLM,52520,author_relevant,0.0,0.0,0.0,0.0
3815,LLM,52520,author_relevant,0.0,0.0,0.0,0.0
3816,LLM,52550,author_relevant,0.42857142857142855,0.41833333333333333,0.04854258194154215,0.06822722792195306
3817,LLM,52550,author_relevant,0.4285714285714285,0.43,0.32133436835360474,0.1930388905340044
3818,LLM,52550,author_relevant,0.2857142857142857,0.4416666666666667,0.6787646708808818,0.4077894468356758
3819,LLM,52550,author_relevant,0.2857142857142857,0.385,0.2727917864120626,0.11269287948006756
3820,LLM,52550,author_relevant,0.42857142857142855,0.4933333333333333,-0.04854258194154215,-0.035835189384561095
3821,LLM,52550,author_relevant,0.42857142857142855,0.42833333333333334,-0.2727917864120626,-0.10977088864428858
3822,LLM,52550,author_relevant,0.4285714285714286,0.4433333333333333,-0.15938825093872133,-0.14142635727585653
3823,LLM,52550,author_relevant,0.4285714285714286,0.4150000000000001,-0.15938825093872133,-0.14809724907576094
3824,LLM,52550,author_relevant,0.7142857142857143,0.69,-0.18815327029684825,-0.20686710469581412
3825,LLM,52550,author_relevant,0.4285714285714286,0.40833333333333327,-0.20793083288026348,-0.1853708488225809
3826,LLM,52550,author_relevant,0.4285714285714286,0.47166666666666673,-0.20793083288026348,-0.20189520326386373
3827,LLM,52550,author_relevant,0.4285714285714286,0.42,-0.48072261929232607,-0.28646610518205484
3828,LLM,52584,author_relevant,0.4,0.40666666666666673,-0.6730116670092565,-0.5728627514653315
3829,LLM,52584,author_relevant,0.5,0.4816666666666667,-1.0114042647073518,-0.7222177304583064
3830,LLM,52584,author_relevant,0.4285714285714286,0.44833333333333336,-0.6829081047004717,-0.5537673264164872
3831,LLM,52584,author_relevant,0.33333333333333337,0.3433333333333334,-0.18595295942850815,-0.22277995890318447
3832,LLM,52584,author_relevant,0.5714285714285714,0.565,-0.2727917864120627,-0.2737010923667695
3833,LLM,52584,author_relevant,0.7142857142857143,0.72,-0.5982695885852573,-0.4678379136966874
3834,LLM,52584,author_relevant,1.0,1.0,-0.24258597169364066,-0.24187538395202884
3835,LLM,52584,author_relevant,0.7142857142857142,0.6866666666666668,-0.3960841031771116,-0.24212552329585185
3836,LLM,52584,author_relevant,0.8571428571428571,0.8583333333333333,0.32133436835360474,0.1973992917320423
3837,LLM,52584,author_relevant,0.7142857142857142,0.7166666666666666,0.5941261547656673,0.30254919917259787
3838,LLM,52584,author_relevant,0.9999999999999999,1.0,0.32133436835360474,0.14216292718168055
3839,LLM,52584,author_relevant,1.0,1.0,0.0,0.04455599178063689
3840,LLM,52591,author_relevant,0.2857142857142857,0.275,0.7963116401738131,0.4998338618946007
3841,LLM,52591,author_relevant,0.14285714285714288,0.1516666666666667,0.410116318288409,0.28961394657413986
3842,LLM,52591,author_relevant,0.2857142857142857,0.2633333333333334,0.7963116401738131,0.4810441869627125
3843,LLM,52591,author_relevant,0.14285714285714288,0.14333333333333337,0.410116318288409,0.2737010923667695
3844,LLM,52591,author_relevant,0.2857142857142857,0.2666666666666667,0.5982695885852573,0.4391947761234208
3845,LLM,52591,author_relevant,0.2857142857142857,0.30000000000000004,0.5982695885852573,0.4742030553796356
3846,LLM,52591,author_relevant,0.0,0.0,0.0,0.0
3847,LLM,52591,author_relevant,0.0,0.0,0.0,0.0
3848,LLM,52591,author_relevant,0.0,0.0,0.0,0.0
3849,LLM,52591,author_relevant,0.0,0.0,0.0,0.0
3850,LLM,52591,author_relevant,0.0,0.0,0.0,0.0
3851,LLM,52591,author_relevant,0.0,0.0,0.0,0.0
3852,LLM,52596,author_relevant,0.14285714285714282,0.16333333333333336,-0.38619532188540406,-0.28311329455740813
3853,LLM,52596,author_relevant,0.42857142857142855,0.41,-0.5941261547656674,-0.46504099253281994
3854,LLM,52596,author_relevant,0.42857142857142855,0.42166666666666663,-0.5455835728241253,-0.37592900897154613
3855,LLM,52596,author_relevant,0.7142857142857142,0.6983333333333333,-0.5455835728241253,-0.397334924622257
3856,LLM,52596,author_relevant,0.8571428571428571,0.86,-0.1980420515885558,-0.05370761396558046
3857,LLM,52596,author_relevant,0.7142857142857142,0.7283333333333333,0.08463851611521445,0.04773856262211096
3858,LLM,52596,author_relevant,0.7142857142857143,0.705,-0.1980420515885558,-0.08666598262562374
3859,LLM,52596,author_relevant,0.0,0.205,0.0,0.0285527973507442
3860,LLM,52596,author_relevant,0.5714285714285714,0.5916666666666667,-0.15938825093872133,-0.21104682544880732
3861,LLM,52596,author_relevant,0.42857142857142855,0.445,-0.5455835728241253,-0.4271558925520874
3862,LLM,52596,author_relevant,0.2857142857142857,0.2816666666666667,-0.38619532188540406,-0.24753868517854208
3863,LLM,52596,author_relevant,0.2857142857142857,0.2716666666666667,-0.18815327029684825,-0.19413682132991789
3864,LLM,52598,author_relevant,0.14285714285714288,0.14,-0.410116318288409,-0.2673359506838214
3865,LLM,52598,author_relevant,0.0,0.0,0.0,0.0
3866,LLM,52598,author_relevant,0.0,0.0,0.0,0.0
3867,LLM,52598,author_relevant,0.0,0.0,0.0,0.0
3868,LLM,52598,author_relevant,0.14285714285714288,0.14833333333333334,0.410116318288409,0.28324880489119164
3869,LLM,52598,author_relevant,0.14285714285714288,0.1416666666666667,0.410116318288409,0.27051852152529543
3870,LLM,52598,author_relevant,0.9999999999999999,1.0,0.2727917864120627,0.25778823815939916
3871,LLM,52598,author_relevant,1.0,1.0,1.277034259466139,0.8441525723458401
3872,LLM,52598,author_relevant,1.0,1.0,1.0114042647073518,0.7750984342955405
3873,LLM,52598,author_relevant,1.0,1.0,1.0042424730540764,0.7372585044260692
3874,LLM,52598,author_relevant,1.0,1.0,0.6829081047004717,0.5633150389409093
3875,LLM,52598,author_relevant,0.9999999999999999,1.0,0.9556998911125343,0.6756569981927594
3876,LLM,52614,author_independent,0.14285714285714285,0.145,0.0,0.0
3877,LLM,52614,author_independent,0.14285714285714285,0.155,0.0,0.0
3878,LLM,52614,author_independent,0.16666666666666669,0.265,-0.41700201961515654,-0.28394020468575454
3879,LLM,52614,author_independent,0.3333333333333333,0.335,0.41700201961515654,0.2723877516764221
3880,LLM,52614,author_independent,0.14285714285714282,0.2266666666666667,-0.38619532188540406,-0.1934801509847442
3881,LLM,52614,author_independent,0.0,0.0,0.0,0.0
3882,LLM,52614,author_independent,0.14285714285714282,0.15833333333333335,0.38619532188540406,0.27705390299141625
3883,LLM,52614,author_independent,0.16666666666666669,0.15333333333333335,0.41700201961515654,0.26314578926895615
3884,LLM,52614,author_independent,0.16666666666666666,0.18,-0.2310490601866484,-0.0854881522690599
3885,LLM,52614,author_independent,0.16666666666666669,0.15333333333333335,0.41700201961515654,0.2605295485501334
3886,LLM,52614,author_independent,0.2857142857142857,0.34166666666666673,0.15938825093872122,0.11047272910072348
3887,LLM,52614,author_independent,0.14285714285714282,0.14833333333333334,0.38619532188540406,0.2562143174633567
3888,LLM,52625,author_relevant,0.4285714285714286,0.4016666666666667,-0.9556998911125343,-0.6233426244781767
3889,LLM,52625,author_relevant,0.4285714285714286,0.4416666666666667,-0.9556998911125343,-0.6805837295134487
3890,LLM,52625,author_relevant,0.3333333333333333,0.3316666666666667,-0.8675632284814612,-0.5975763076294279
3891,LLM,52625,author_relevant,0.4285714285714286,0.405,-0.9556998911125343,-0.6545568326590049
3892,LLM,52625,author_relevant,0.14285714285714288,0.1466666666666667,-0.410116318288409,-0.28006623404971764
3893,LLM,52625,author_relevant,0.16666666666666663,0.18000000000000005,-0.45056120886630463,-0.3437176508791989
3894,LLM,52625,author_relevant,0.2857142857142857,0.3783333333333333,-0.2727917864120626,-0.14041876670246536
3895,LLM,52625,author_relevant,0.42857142857142855,0.4733333333333333,-0.2727917864120626,-0.14041876670246536
3896,LLM,52625,author_relevant,0.3333333333333333,0.385,-0.17441604792151588,-0.059110335186398626
3897,LLM,52625,author_relevant,0.2857142857142857,0.33833333333333326,-0.35743030252727703,-0.2168004668978429
3898,LLM,52625,author_relevant,0.42857142857142855,0.4016666666666667,0.2727917864120627,0.28324880489119164
3899,LLM,52625,author_relevant,0.33333333333333337,0.325,0.24258597169364066,0.22277995890318447
3900,LLM,52626,author_relevant,0.42857142857142855,0.4,-0.5455835728241253,-0.3979464248561695
3901,LLM,52626,author_relevant,0.2857142857142857,0.2866666666666667,-0.15938825093872122,-0.12407509270622728
3902,LLM,52626,author_relevant,0.5714285714285714,0.5783333333333335,-1.277034259466139,-0.8738832000531481
3903,LLM,52626,author_relevant,0.14285714285714285,0.1433333333333333,0.0,0.0
3904,LLM,52626,author_relevant,0.0,0.0,0.0,0.0
3905,LLM,52626,author_relevant,0.0,0.0,0.0,0.0
3906,LLM,52626,author_relevant,0.2857142857142857,0.4383333333333333,0.12329231676504904,0.1133043797139801
3907,LLM,52626,author_relevant,0.2857142857142857,0.44166666666666665,0.12329231676504904,0.12228576211575096
3908,LLM,52626,author_relevant,0.2857142857142857,0.3733333333333333,-0.48072261929232596,-0.32086288420435705
3909,LLM,52626,author_relevant,0.4285714285714286,0.425,0.28268056770377026,0.2763972326462425
3910,LLM,52626,author_relevant,0.14285714285714282,0.14666666666666667,0.38619532188540406,0.24867134542384478
3911,LLM,52626,author_relevant,0.14285714285714282,0.125,0.18815327029684825,0.14321568786633287
3912,LLM,52635,author_relevant,0.0,0.0,0.0,0.0
3913,LLM,52635,author_relevant,0.0,0.0,0.0,0.0
3914,LLM,52635,author_relevant,0.0,0.0,0.0,0.0
3915,LLM,52635,author_relevant,0.0,0.0,0.0,0.0
3916,LLM,52635,author_relevant,0.0,0.0,0.0,0.0
3917,LLM,52635,author_relevant,0.0,0.0,0.0,0.0
3918,LLM,52635,author_relevant,1.0,1.0,0.410116318288409,0.2768836632082436
3919,LLM,52635,author_relevant,1.0,1.0,0.410116318288409,0.23232767142760666
3920,LLM,52635,author_relevant,0.9999999999999999,1.0,0.9556998911125343,0.6531184222967458
3921,LLM,52635,author_relevant,1.0,1.0,0.6365141682948128,0.5219416180017464
3922,LLM,52635,author_relevant,0.9999999999999999,1.0,0.9556998911125343,0.6574336533835227
3923,LLM,52635,author_relevant,0.8571428571428572,0.8666666666666666,0.796311640173813,0.49896178165499316
3924,LLM,52645,author_relevant,0.2857142857142857,0.2716666666666667,-0.2727917864120627,-0.2450579547935029
3925,LLM,52645,author_relevant,0.42857142857142855,0.4316666666666667,-0.2727917864120627,-0.2673359506838214
3926,LLM,52645,author_relevant,0.14285714285714282,0.15833333333333335,-0.18815327029684825,-0.21641481722023634
3927,LLM,52645,author_relevant,0.14285714285714288,0.14,-0.08463851611521445,-0.12412026281748849
3928,LLM,52645,author_relevant,0.4285714285714286,0.40666666666666673,-0.6829081047004717,-0.5505847555750131
3929,LLM,52645,author_relevant,0.42857142857142855,0.39833333333333343,-0.2727917864120627,-0.30234422994003607
3930,LLM,52645,author_relevant,0.14285714285714285,0.24000000000000005,0.2727917864120626,0.1161360303272367
3931,LLM,52645,author_relevant,0.2857142857142857,0.30000000000000004,0.11340353547334137,0.03600542916773379
3932,LLM,52645,author_relevant,0.14285714285714288,0.28500000000000003,0.35743030252727703,0.17834903679445907
3933,LLM,52645,author_relevant,0.14285714285714285,0.23000000000000004,0.2727917864120626,0.1051499074405556
3934,LLM,52645,author_relevant,0.14285714285714285,0.32,0.2727917864120626,0.10946513852733233
3935,LLM,52645,author_relevant,0.14285714285714285,0.13833333333333336,0.0,-0.04137342093916283
3936,LLM,52658,author_relevant,0.2857142857142857,0.29833333333333334,0.18815327029684825,0.19413682132991789
3937,LLM,52658,author_relevant,0.2857142857142857,0.3983333333333334,0.743625624412681,0.4490377981029272
3938,LLM,52658,author_relevant,0.2857142857142857,0.29833333333333334,0.743625624412681,0.47763576556493254
3939,LLM,52658,author_relevant,0.5714285714285714,0.5466666666666666,0.7535144057043887,0.46734104247281427
3940,LLM,52658,author_relevant,0.2857142857142857,0.24166666666666667,0.48072261929232607,0.26850334037851314
3941,LLM,52658,author_relevant,0.7142857142857142,0.7033333333333335,0.792168206354223,0.39440249312460596
3942,LLM,52658,author_relevant,0.14285714285714282,0.14833333333333334,0.38619532188540406,0.2553422372237491
3943,LLM,52658,author_relevant,0.14285714285714282,0.1416666666666667,0.38619532188540406,0.23825155265981496
3944,LLM,52658,author_relevant,0.14285714285714282,0.1416666666666667,0.38619532188540406,0.2504606760143211
3945,LLM,52658,author_relevant,0.2857142857142857,0.335,0.35743030252727703,0.19975495244516991
3946,LLM,52658,author_relevant,0.14285714285714285,0.33,0.1980420515885558,0.023626066030054974
3947,LLM,52658,author_relevant,0.4285714285714285,0.47666666666666674,-0.2727917864120627,-0.24187538395202884
3948,LLM,52679,author_independent,0.0,0.0,0.0,0.0
3949,LLM,52679,author_independent,0.14285714285714288,0.12166666666666667,-0.410116318288409,-0.23232767142760666
3950,LLM,52679,author_independent,0.14285714285714288,0.14000000000000004,-0.410116318288409,-0.2673359506838214
3951,LLM,52679,author_independent,0.14285714285714288,0.15000000000000002,-0.410116318288409,-0.28643137573266575
3952,LLM,52679,author_independent,0.0,0.0,0.0,0.0
3953,LLM,52679,author_independent,0.14285714285714288,0.16500000000000004,-0.410116318288409,-0.3150745133059323
3954,LLM,52679,author_independent,0.14285714285714288,0.15166666666666673,0.410116318288409,0.28961394657413986
3955,LLM,52679,author_independent,0.14285714285714282,0.135,0.38619532188540406,0.2351141519296021
3956,LLM,52679,author_independent,0.14285714285714282,0.1366666666666667,0.38619532188540406,0.24004088325029133
3957,LLM,52679,author_independent,0.14285714285714282,0.14500000000000002,0.38619532188540406,0.25682581769726925
3958,LLM,52679,author_independent,0.0,0.0,0.0,0.0
3959,LLM,52679,author_independent,0.14285714285714288,0.14666666666666667,-0.410116318288409,-0.28006623404971764
3960,LLM,52709,author_relevant,0.4,0.4183333333333333,0.4498681156950468,0.3379535687682912
3961,LLM,52709,author_relevant,0.33333333333333337,0.3983333333333334,-0.18595295942850815,-0.22277995890318447
3962,LLM,52709,author_relevant,0.33333333333333337,0.34166666666666673,-0.6365141682948128,-0.5219416180017464
3963,LLM,52709,author_relevant,0.33333333333333337,0.32333333333333336,-0.18595295942850815,-0.19731939217139197
3964,LLM,52709,author_relevant,0.2857142857142857,0.2666666666666667,-0.18815327029684825,-0.19731939217139197
3965,LLM,52709,author_relevant,0.42857142857142855,0.52,0.2727917864120626,0.0854881522690599
3966,LLM,52709,author_relevant,0.5,0.48166666666666663,0.5608430558410471,0.41002003787689206
3967,LLM,52709,author_relevant,0.4285714285714286,0.535,0.48072261929232607,0.3240454550458311
3968,LLM,52709,author_relevant,0.3333333333333333,0.335,0.0,-0.012730283365896256
3969,LLM,52709,author_relevant,0.4285714285714286,0.4466666666666667,0.0,-0.050921133463585025
3970,LLM,52709,author_relevant,0.5714285714285714,0.56,0.1980420515885557,0.020137745071624656
3971,LLM,52709,author_relevant,0.4285714285714285,0.4783333333333333,0.4708338380006185,0.1417668368422019
3972,LLM,52768,author_relevant,1.0,1.0,-0.5623351446188083,-0.49966362211142806
3973,LLM,52768,author_relevant,1.0,1.0,-0.6730116670092565,-0.5633150389409093
3974,LLM,52768,author_relevant,0.8333333333333334,0.83,-0.24258597169364066,-0.2673359506838214
3975,LLM,52768,author_relevant,1.0,1.0,-1.0114042647073516,-0.7635459812862081
3976,LLM,52768,author_relevant,1.0,1.0,-0.18815327029684825,-0.19731939217139197
3977,LLM,52768,author_relevant,1.0,1.0,-0.6829081047004717,-0.5601324680994353
3978,LLM,52768,author_relevant,0.4285714285714286,0.4333333333333334,0.0,-0.012730283365896256
3979,LLM,52768,author_relevant,0.42857142857142855,0.38,-0.2727917864120627,-0.23551024226908074
3980,LLM,52768,author_relevant,0.14285714285714288,0.29000000000000004,-0.08463851611521445,-0.05728627514653315
3981,LLM,52768,author_relevant,0.4285714285714285,0.44666666666666666,-0.5941261547656674,-0.44245724652554513
3982,LLM,52768,author_relevant,0.7142857142857143,0.6983333333333335,-0.5982695885852573,-0.47738562622110964
3983,LLM,52768,author_relevant,0.2857142857142857,0.2900000000000001,-0.2727917864120627,-0.3055268007815101
3984,LLM,52777,author_independent,0.4285714285714285,0.435,-0.32133436835360474,-0.17193872500024976
3985,LLM,52777,author_independent,0.14285714285714285,0.24666666666666667,0.0,-0.014168693728155159
3986,LLM,52777,author_independent,0.14285714285714285,0.295,-0.32133436835360474,-0.1999703623396038
3987,LLM,52777,author_independent,0.2857142857142857,0.31333333333333335,-0.4059728844688192,-0.28189029408958305
3988,LLM,52777,author_independent,0.14285714285714288,0.29333333333333333,0.3574303025272769,0.176865456320939
3989,LLM,52777,author_independent,0.14285714285714285,0.23333333333333336,0.2727917864120626,0.12912689369882802
3990,LLM,52777,author_independent,0.4285714285714285,0.4516666666666667,-0.32133436835360474,-0.13723619586099134
3991,LLM,52777,author_independent,0.14285714285714285,0.14833333333333334,0.32133436835360474,0.17917594692280545
3992,LLM,52777,author_independent,0.14285714285714285,0.24166666666666664,0.2727917864120626,0.1155697002045854
3993,LLM,52777,author_independent,0.2857142857142857,0.27166666666666667,-0.04854258194154215,-0.0670945676766504
3994,LLM,52777,author_independent,0.2857142857142857,0.4183333333333333,0.48072261929232596,0.3410909694985041
3995,LLM,52777,author_independent,0.14285714285714285,0.12833333333333333,-0.04854258194154215,-0.04281183130142173
3996,LLM,52784,author_relevant,0.0,0.19166666666666668,0.0,-0.003182570841474064
3997,LLM,52784,author_relevant,0.14285714285714288,0.125,-0.08463851611521445,-0.06046884598800721
3998,LLM,52784,author_relevant,0.0,0.17833333333333334,0.0,-0.01591285420737032
3999,LLM,52784,author_relevant,0.14285714285714285,0.15166666666666667,-0.2727917864120626,-0.14011301658550912
4000,LLM,52784,author_relevant,0.14285714285714288,0.145,-0.08463851611521445,-0.08592941271979973
4001,LLM,52784,author_relevant,0.2857142857142857,0.2750000000000001,-0.5982695885852573,-0.46147277201373926
4002,LLM,52784,author_relevant,0.0,0.19833333333333333,0.0,0.01591285420737032
4003,LLM,52784,author_relevant,0.0,0.0,0.0,0.0
4004,LLM,52784,author_relevant,0.14285714285714288,0.16333333333333336,-0.08463851611521445,-0.11138997945159224
4005,LLM,52784,author_relevant,0.2857142857142857,0.365,-0.2727917864120626,-0.12681640309696154
4006,LLM,52784,author_relevant,0.14285714285714288,0.16,-0.08463851611521445,-0.11138997945159224
4007,LLM,52784,author_relevant,0.14285714285714288,0.15666666666666668,0.08463851611521445,0.1304854045004366
4008,LLM,52822,unambiguous,0.0,0.0,0.0,0.0
4009,LLM,52822,unambiguous,0.0,0.0,0.0,0.0
4010,LLM,52822,unambiguous,0.0,0.0,0.0,0.0
4011,LLM,52822,unambiguous,0.14285714285714285,0.15999999999999998,0.0,0.0
4012,LLM,52822,unambiguous,0.14285714285714288,0.14,0.410116318288409,0.2673359506838214
4013,LLM,52822,unambiguous,0.0,0.0,0.0,0.0
4014,LLM,52822,unambiguous,0.0,0.0,0.0,0.0
4015,LLM,52822,unambiguous,0.0,0.0,0.0,0.0
4016,LLM,52822,unambiguous,0.0,0.0,0.0,0.0
4017,LLM,52822,unambiguous,0.14285714285714282,0.22833333333333336,0.38619532188540395,0.2562143174633567
4018,LLM,52822,unambiguous,0.0,0.0,0.0,0.0
4019,LLM,52822,unambiguous,0.0,0.0,0.0,0.0
4020,LLM,52823,author_independent,0.0,0.0,0.0,0.0
4021,LLM,52823,author_independent,0.0,0.0,0.0,0.0
4022,LLM,52823,author_independent,0.0,0.0,0.0,0.0
4023,LLM,52823,author_independent,0.14285714285714288,0.12666666666666668,0.35743030252727703,0.1919514003999629
4024,LLM,52823,author_independent,0.0,0.0,0.0,0.0
4025,LLM,52823,author_independent,0.0,0.0,0.0,0.0
4026,LLM,52823,author_independent,0.0,0.0,0.0,0.0
4027,LLM,52823,author_independent,0.0,0.0,0.0,0.0
4028,LLM,52823,author_independent,0.2857142857142857,0.26333333333333336,0.28268056770377037,0.24313311386924302
4029,LLM,52823,author_independent,0.14285714285714288,0.11833333333333335,0.08463851611521445,0.08911198356127378
4030,LLM,52823,author_independent,0.14285714285714288,0.23333333333333336,0.35743030252727703,0.2197224577336219
4031,LLM,52823,author_independent,0.14285714285714288,0.15166666666666667,0.08463851611521445,0.09865969608569598
4032,LLM,52828,author_relevant,0.4285714285714285,0.3883333333333333,-0.1980420515885557,-0.06007275564852858
4033,LLM,52828,author_relevant,0.14285714285714285,0.13999999999999999,0.0,-0.03465735902799726
4034,LLM,52828,author_relevant,0.2857142857142857,0.365,0.0,0.025415396620531324
4035,LLM,52828,author_relevant,0.16666666666666666,0.15666666666666665,-0.23104906018664817,-0.09704060527839233
4036,LLM,52828,author_relevant,0.2857142857142857,0.475,0.1980420515885557,0.060072755648528584
4037,LLM,52828,author_relevant,0.2857142857142857,0.29166666666666663,-0.2727917864120626,-0.14329558742698317
4038,LLM,52828,author_relevant,0.3333333333333333,0.4316666666666667,0.0,0.03927834023173023
4039,LLM,52828,author_relevant,0.4285714285714285,0.4283333333333333,0.0,0.009241962407465935
4040,LLM,52828,author_relevant,0.4285714285714285,0.47,0.0,-0.004620981203732968
4041,LLM,52828,author_relevant,0.3333333333333333,0.49833333333333335,0.0,2.220446049250313e-18
4042,LLM,52828,author_relevant,0.42857142857142855,0.495,0.07474973482350689,0.07167037876912219
4043,LLM,52828,author_relevant,0.5714285714285714,0.57,-0.5941261547656673,-0.2504954054637102
4044,LLM,52829,author_relevant,0.5,0.5016666666666667,0.3748900964125388,0.22111569798461964
4045,LLM,52829,author_relevant,0.2857142857142857,0.31666666666666665,-0.07474973482350689,-0.06417257684087142
4046,LLM,52829,author_relevant,0.5714285714285714,0.6066666666666667,0.12329231676504904,0.12516258284026877
4047,LLM,52829,author_relevant,0.2857142857142857,0.365,0.0,0.042766661190160545
4048,LLM,52829,author_relevant,0.5714285714285714,0.5533333333333332,0.5193764199421604,0.22882890980730428
4049,LLM,52829,author_relevant,0.4285714285714285,0.4466666666666667,0.2727917864120626,0.1704551445267297
4050,LLM,52829,author_relevant,0.19999999999999998,0.17833333333333332,0.10464962875290951,0.11966952139692821
4051,LLM,52829,author_relevant,0.2857142857142857,0.48,-0.2727917864120626,-0.13867460622325023
4052,LLM,52829,author_relevant,0.42857142857142855,0.41833333333333333,-0.1980420515885557,-0.05026446311841132
4053,LLM,52829,author_relevant,0.2857142857142857,0.285,-0.32133436835360474,-0.18462383825488485
4054,LLM,52829,author_relevant,0.14285714285714285,0.14,0.04854258194154215,0.05118171346928009
4055,LLM,52829,author_relevant,0.14285714285714285,0.13166666666666665,-0.2727917864120626,-0.11757444068949562
4056,LLM,52833,unambiguous,0.5714285714285714,0.5733333333333334,-0.48072261929232607,-0.333026837447602
4057,LLM,52833,unambiguous,0.5714285714285714,0.5783333333333334,0.35743030252727714,0.21104682544880732
4058,LLM,52833,unambiguous,0.2857142857142857,0.285,0.0,0.007803552045207032
4059,LLM,52833,unambiguous,0.42857142857142855,0.44,-0.12329231676504881,-0.0905052238122715
4060,LLM,52833,unambiguous,0.7142857142857143,0.715,0.15938825093872122,0.1021028469328651
4061,LLM,52833,unambiguous,0.5714285714285714,0.5533333333333333,-0.35743030252727703,-0.19112449027161652
4062,LLM,52833,unambiguous,0.6666666666666667,0.7116666666666666,-0.6059391565991872,-0.3068644302593746
4063,LLM,52833,unambiguous,1.0,1.0,0.18595295942850815,0.23232767142760666
4064,LLM,52833,unambiguous,0.33333333333333337,0.435,0.3182570841474064,0.1476108185137599
4065,LLM,52833,unambiguous,0.5714285714285714,0.6316666666666666,-0.2727917864120626,-0.0979578556292611
4066,LLM,52833,unambiguous,0.857142857142857,0.8883333333333333,-0.11340353547334137,0.037148530074908495
4067,LLM,52833,unambiguous,0.7142857142857142,0.7366666666666666,-0.4708338380006183,-0.1614285920136976
4068,LLM,52859,author_relevant,0.7142857142857142,0.7366666666666666,-0.32133436835360474,-0.20202027293577524
4069,LLM,52859,author_relevant,0.857142857142857,0.8683333333333332,-0.3960841031771116,-0.2444811840089795
4070,LLM,52859,author_relevant,0.5714285714285714,0.6183333333333333,-0.3960841031771116,-0.22656358931669898
4071,LLM,52859,author_relevant,0.5714285714285714,0.6,-0.5941261547656673,-0.31231232159145395
4072,LLM,52859,author_relevant,0.5714285714285714,0.5966666666666667,-0.4059728844688192,-0.260439208327611
4073,LLM,52859,author_relevant,0.5714285714285714,0.6016666666666667,-0.6787646708808818,-0.38355188057170836
4074,LLM,52859,author_relevant,0.42857142857142855,0.605,-0.1980420515885557,-0.08753806286523133
4075,LLM,52859,author_relevant,0.4285714285714285,0.5233333333333333,-0.5455835728241252,-0.24264668330724198
4076,LLM,52859,author_relevant,0.2857142857142857,0.3766666666666667,-0.3960841031771116,-0.20171452281881896
4077,LLM,52859,author_relevant,0.14285714285714285,0.24833333333333335,-0.2727917864120626,-0.14560607802884967
4078,LLM,52859,author_relevant,0.14285714285714285,0.24333333333333335,-0.04854258194154215,-0.04224550117877041
4079,LLM,52859,author_relevant,0.14285714285714285,0.325,-0.2727917864120626,-0.12219542189322859
4080,LLM,52860,unambiguous,0.2857142857142857,0.3016666666666667,0.0,0.0
4081,LLM,52860,unambiguous,0.42857142857142855,0.42,-0.5941261547656674,-0.5135612951720161
4082,LLM,52860,unambiguous,0.6666666666666666,0.685,-0.6931471805599454,-0.400507054801859
4083,LLM,52860,unambiguous,0.42857142857142855,0.4816666666666666,-0.1980420515885557,-0.18353634812084338
4084,LLM,52860,unambiguous,0.42857142857142855,0.4383333333333333,0.11340353547334125,-0.007939062378990593
4085,LLM,52860,unambiguous,0.2857142857142857,0.3833333333333333,0.19804205158855592,-0.004054651081081644
4086,LLM,52860,unambiguous,0.0,0.0,0.0,0.0
4087,LLM,52860,unambiguous,0.42857142857142855,0.455,-0.5941261547656674,-0.4488223882084934
4088,LLM,52860,unambiguous,0.3333333333333333,0.3233333333333333,0.0,0.0
4089,LLM,52860,unambiguous,0.4285714285714286,0.4183333333333333,-0.555472354115833,-0.4052183762281143
4090,LLM,52860,unambiguous,0.14285714285714285,0.265,0.2727917864120626,0.13431420502521232
4091,LLM,52860,unambiguous,0.2857142857142857,0.2966666666666667,-0.5455835728241253,-0.42571748218982847
4092,LLM,52866,author_relevant,0.14285714285714285,0.24166666666666664,-0.07474973482350689,-0.06674364744843296
4093,LLM,52866,author_relevant,0.42857142857142855,0.53,0.4708338380006183,0.14935497899297506
4094,LLM,52866,author_relevant,0.14285714285714285,0.12833333333333333,0.07474973482350689,0.07167037876912219
4095,LLM,52866,author_relevant,0.14285714285714285,0.3266666666666667,0.07474973482350689,0.05780743515792329
4096,LLM,52866,author_relevant,0.2857142857142857,0.29833333333333334,-0.2727917864120626,-0.1638294228380865
4097,LLM,52866,author_relevant,0.2857142857142857,0.29333333333333333,-0.2727917864120626,-0.1317431344176508
4098,LLM,52866,author_relevant,0.4285714285714285,0.425,0.12329231676504881,0.009502542413161006
4099,LLM,52866,author_relevant,0.42857142857142855,0.5333333333333333,0.4708338380006183,0.1744646254965501
4100,LLM,52866,author_relevant,0.14285714285714285,0.14666666666666667,0.2727917864120626,0.12712215321391782
4101,LLM,52866,author_relevant,0.14285714285714285,0.15,-0.1980420515885557,-0.06469373685226155
4102,LLM,52866,author_relevant,0.2857142857142857,0.31166666666666665,0.07474973482350689,0.10227308671603781
4103,LLM,52866,author_relevant,0.2857142857142857,0.2816666666666666,0.2727917864120626,0.14155142694776804
4104,LLM,52895,author_relevant,0.0,0.0,0.0,0.0
4105,LLM,52895,author_relevant,0.0,0.0,0.0,0.0
4106,LLM,52895,author_relevant,0.14285714285714288,0.15000000000000002,0.410116318288409,0.2864313757326658
4107,LLM,52895,author_relevant,0.0,0.0,0.0,0.0
4108,LLM,52895,author_relevant,0.0,0.0,0.0,0.0
4109,LLM,52895,author_relevant,0.0,0.0,0.0,0.0
4110,LLM,52895,author_relevant,0.0,0.0,0.0,0.0
4111,LLM,52895,author_relevant,0.0,0.0,0.0,0.0
4112,LLM,52895,author_relevant,0.0,0.0,0.0,0.0
4113,LLM,52895,author_relevant,0.0,0.0,0.0,0.0
4114,LLM,52895,author_relevant,0.0,0.0,0.0,0.0
4115,LLM,52895,author_relevant,0.0,0.0,0.0,0.0
4116,LLM,61021,author_relevant,0.5714285714285714,0.5933333333333334,0.6829081047004717,0.5314893305261686
4117,LLM,61021,author_relevant,0.5714285714285714,0.5733333333333335,0.6829081047004717,0.5346719013676428
4118,LLM,61021,author_relevant,0.42857142857142855,0.41166666666666674,0.9556998911125343,0.6603556442193016
4119,LLM,61021,author_relevant,0.2857142857142857,0.2800000000000001,0.5982695885852573,0.4391947761234208
4120,LLM,61021,author_relevant,0.2857142857142857,0.2733333333333334,0.5982695885852573,0.4582902011722652
4121,LLM,61021,author_relevant,0.2857142857142857,0.29833333333333334,0.5982695885852573,0.448742488647843
4122,LLM,61021,author_relevant,0.4285714285714286,0.4050000000000001,0.6829081047004717,0.5155764763187983
4123,LLM,61021,author_relevant,0.4285714285714286,0.4200000000000001,0.6829081047004717,0.5346719013676428
4124,LLM,61021,author_relevant,0.2857142857142857,0.29833333333333334,0.5982695885852573,0.4837507679040577
4125,LLM,61021,author_relevant,0.14285714285714288,0.13,0.410116318288409,0.24824052563497698
4126,LLM,61021,author_relevant,0.2857142857142857,0.3283333333333334,0.5982695885852573,0.5092113346358502
4127,LLM,61021,author_relevant,0.14285714285714288,0.16000000000000003,0.410116318288409,0.3055268007815101
4128,LLM,61031,unambiguous,0.0,0.0,0.0,0.0
4129,LLM,61031,unambiguous,0.4285714285714286,0.405,-0.9556998911125343,-0.6259588651969995
4130,LLM,61031,unambiguous,0.14285714285714288,0.14833333333333334,-0.410116318288409,-0.28324880489119164
4131,LLM,61031,unambiguous,0.0,0.0,0.0,0.0
4132,LLM,61031,unambiguous,0.14285714285714288,0.1616666666666667,-0.410116318288409,-0.3087093716229842
4133,LLM,61031,unambiguous,0.14285714285714288,0.14,0.410116318288409,0.2673359506838214
4134,LLM,61031,unambiguous,0.14285714285714285,0.2483333333333334,0.0,-0.012730283365896256
4135,LLM,61031,unambiguous,0.0,0.0,0.0,0.0
4136,LLM,61031,unambiguous,0.14285714285714285,0.15333333333333332,0.0,0.0
4137,LLM,61031,unambiguous,0.4285714285714286,0.4483333333333334,0.9556998911125343,0.7008118148075957
4138,LLM,61031,unambiguous,0.14285714285714285,0.14,0.0,0.0
4139,LLM,61031,unambiguous,0.0,0.0,0.0,0.0
4140,LLM,61055,author_relevant,0.5714285714285714,0.5566666666666666,-0.792168206354223,-0.3631431148325166
4141,LLM,61055,author_relevant,0.7142857142857143,0.7516666666666666,0.0,-0.025415396620531324
4142,LLM,61055,author_relevant,0.5714285714285713,0.5666666666666668,-0.9515564572929442,-0.47828199524823417
4143,LLM,61055,author_relevant,0.5714285714285714,0.6716666666666667,0.0,0.004620981203732968
4144,LLM,61055,author_relevant,0.2857142857142857,0.3566666666666666,-0.07474973482350689,-0.04132825082790165
4145,LLM,61055,author_relevant,0.5714285714285714,0.6733333333333335,0.0,-0.012730283365896256
4146,LLM,61055,author_relevant,0.4285714285714286,0.405,-0.9515564572929444,-0.4927564390933456
4147,LLM,61055,author_relevant,0.5714285714285714,0.56,-1.277034259466139,-0.8516503742740907
4148,LLM,61055,author_relevant,0.4285714285714286,0.4516666666666667,-0.9515564572929444,-0.5360442602948962
4149,LLM,61055,author_relevant,0.42857142857142855,0.41166666666666674,-1.0649599927662856,-0.5983927770959021
4150,LLM,61055,author_relevant,0.5714285714285714,0.5750000000000001,-0.9416676760012369,-0.6375008775444598
4151,LLM,61055,author_relevant,0.42857142857142855,0.425,-1.0649599927662856,-0.6180545322673978
4152,LLM,61071,unambiguous,0.2857142857142857,0.3383333333333334,0.18815327029684825,0.24187538395202884
4153,LLM,61071,unambiguous,0.2857142857142857,0.335,0.18815327029684825,0.2036845338543401
4154,LLM,61071,unambiguous,0.14285714285714282,0.11666666666666668,0.18815327029684825,0.1336679753419107
4155,LLM,61071,unambiguous,0.2857142857142857,0.28666666666666674,0.796311640173813,0.520367697305704
4156,LLM,61071,unambiguous,0.42857142857142855,0.445,0.2727917864120627,0.29279651741561386
4157,LLM,61071,unambiguous,0.14285714285714288,0.15333333333333338,0.410116318288409,0.29279651741561386
4158,LLM,61071,unambiguous,0.2857142857142857,0.29333333333333333,0.5455835728241253,0.39044862292791876
4159,LLM,61071,unambiguous,0.14285714285714282,0.15666666666666668,0.38619532188540395,0.27823173334798007
4160,LLM,61071,unambiguous,0.14285714285714282,0.13,0.18815327029684825,0.15276340039075506
4161,LLM,61071,unambiguous,0.14285714285714288,0.1466666666666667,0.410116318288409,0.28006623404971764
4162,LLM,61071,unambiguous,0.2857142857142857,0.27666666666666667,0.18815327029684825,0.2036845338543401
4163,LLM,61071,unambiguous,0.14285714285714288,0.15500000000000003,0.410116318288409,0.2959790882570879
4164,LLM,61094,author_independent,0.14285714285714285,0.135,0.1980420515885557,0.08317766166719341
4165,LLM,61094,author_independent,0.14285714285714285,0.14166666666666664,0.0,0.0
4166,LLM,61094,author_independent,0.16666666666666666,0.25666666666666665,-0.2310490601866484,-0.09241962407465935
4167,LLM,61094,author_independent,0.16666666666666663,0.13,-0.1438410362258904,-0.09425412477639689
4168,LLM,61094,author_independent,0.4285714285714285,0.4333333333333333,0.0,0.007803552045207032
4169,LLM,61094,author_independent,0.2857142857142857,0.2866666666666666,0.5193764199421604,0.25829895750891724
4170,LLM,61094,author_independent,0.2857142857142857,0.265,0.0,0.023410656135621096
4171,LLM,61094,author_independent,0.5714285714285714,0.6916666666666668,0.0,0.018223344809236805
4172,LLM,61094,author_independent,0.2857142857142857,0.35999999999999993,-0.6787646708808817,-0.3734378379246348
4173,LLM,61094,author_independent,0.33333333333333337,0.33333333333333337,-0.1438410362258904,-0.1520615599343202
4174,LLM,61094,author_independent,0.2857142857142857,0.39,0.2727917864120626,0.1270769831026566
4175,LLM,61094,author_independent,0.4285714285714285,0.42666666666666664,0.0,-0.06356107660695891
4176,LLM,61099,unambiguous,0.14285714285714288,0.15,-0.15938825093872122,-0.16252652280961116
4177,LLM,61099,unambiguous,0.14285714285714282,0.14833333333333334,0.38619532188540406,0.25970263842178704
4178,LLM,61099,unambiguous,0.14285714285714285,0.21833333333333335,0.0,0.0
4179,LLM,61099,unambiguous,0.2857142857142857,0.2733333333333334,0.7963116401738131,0.5010116922511645
4180,LLM,61099,unambiguous,0.14285714285714282,0.12833333333333333,0.38619532188540406,0.224128029042921
4181,LLM,61099,unambiguous,0.14285714285714288,0.12166666666666667,-0.410116318288409,-0.23232767142760666
4182,LLM,61099,unambiguous,0.14285714285714285,0.22666666666666666,0.0,0.014474443845111418
4183,LLM,61099,unambiguous,0.42857142857142855,0.45,0.5941261547656674,0.48383066746470804
4184,LLM,61099,unambiguous,0.5714285714285714,0.5583333333333332,0.6688758895891743,0.510899884341932
4185,LLM,61099,unambiguous,0.5714285714285714,0.5900000000000001,1.0789922078775833,0.7468062169504914
4186,LLM,61099,unambiguous,0.42857142857142855,0.435,0.5941261547656674,0.42079075086913925
4187,LLM,61099,unambiguous,0.2857142857142857,0.29000000000000004,0.2727917864120627,0.28643137573266575
4188,LLM,61101,author_relevant,0.8333333333333334,0.82,0.0,0.03696784962986374
4189,LLM,61101,author_relevant,0.8333333333333333,0.84,0.0,-0.021405915650710868
4190,LLM,61101,author_relevant,0.7142857142857142,0.8683333333333333,-0.5554723541158328,-0.35787590394548197
4191,LLM,61101,author_relevant,0.6666666666666666,0.7783333333333333,-0.462098120373297,-0.3236945348176137
4192,LLM,61101,author_relevant,0.8333333333333333,0.9316666666666665,-1.1101492001751017,-0.7000543635780275
4193,LLM,61101,author_relevant,0.857142857142857,0.86,-1.1397097275897927,-0.7180622984928303
4194,LLM,61101,author_relevant,0.2857142857142857,0.3833333333333333,-0.743625624412681,-0.44524372702754067
4195,LLM,61101,author_relevant,0.5714285714285714,0.565,-0.86691794117773,-0.5562376161396542
4196,LLM,61101,author_relevant,0.4285714285714285,0.435,-0.19804205158855592,-0.18410267824349472
4197,LLM,61101,author_relevant,0.2857142857142857,0.30833333333333335,-0.12329231676504904,-0.16274193270404502
4198,LLM,61101,author_relevant,0.7142857142857142,0.7,-0.792168206354223,-0.3666314357909469
4199,LLM,61101,author_relevant,0.4285714285714285,0.395,-0.3960841031771116,-0.21239489558854385
